cycle,id,query,k,before_hits,remove_hits,add_hits
0,0,0,10,9,9,9
1,8191,1,10,10,10,10
2,6382,2,10,10,10,10
3,4573,3,10,10,10,10
4,2764,4,10,10,10,10
5,955,5,10,10,10,10
6,9146,6,10,10,10,10
7,7337,7,10,10,10,10
8,5528,8,10,10,10,10
9,3719,9,10,9,9,9
10,1910,10,10,10,10,10
11,101,11,10,10,10,10
12,8292,12,10,9,9,9
13,6483,13,10,10,10,10
14,4674,14,10,10,10,10
15,2865,15,10,10,10,10
16,1056,16,10,10,10,10
17,9247,17,10,10,10,10
18,7438,18,10,10,10,10
19,5629,19,10,9,9,9
20,3820,20,10,10,10,10
21,2011,21,10,8,8,8
22,202,22,10,10,10,10
23,8393,23,10,10,10,10
24,6584,24,10,9,9,9
25,4775,25,10,9,9,9
26,2966,26,10,8,8,8
27,1157,27,10,10,10,10
28,9348,28,10,9,9,9
29,7539,29,10,10,10,10
30,5730,30,10,10,10,10
31,3921,31,10,10,10,10
32,2112,32,10,10,10,10
33,303,33,10,10,10,10
34,8494,34,10,10,10,10
35,6685,35,10,9,9,9
36,4876,36,10,10,10,10
37,3067,37,10,9,9,9
38,1258,38,10,8,8,8
39,9449,39,10,10,10,10
40,7640,40,10,10,10,10
41,5831,41,10,8,8,8
42,4022,42,10,9,9,9
43,2213,43,10,9,9,9
44,404,44,10,10,10,10
45,8595,45,10,10,10,10
46,6786,46,10,10,10,10
47,4977,47,10,9,9,9
48,3168,48,10,10,10,10
49,1359,49,10,10,10,10
50,9550,50,10,9,9,9
51,7741,51,10,10,10,10
52,5932,52,10,10,10,10
53,4123,53,10,10,10,10
54,2314,54,10,10,10,10
55,505,55,10,10,10,10
56,8696,56,10,8,8,8
57,6887,57,10,10,10,10
58,5078,58,10,10,10,10
59,3269,59,10,9,9,9
60,1460,60,10,10,10,10
61,9651,61,10,10,10,10
62,7842,62,10,10,10,10
63,6033,63,10,10,10,10
64,4224,64,10,10,10,10
65,2415,65,10,10,10,10
66,606,66,10,8,8,8
67,8797,67,10,10,10,10
68,6988,68,10,10,10,10
69,5179,69,10,7,7,7
70,3370,70,10,10,10,10
71,1561,71,10,10,10,10
72,9752,72,10,8,8,8
73,7943,73,10,10,10,10
74,6134,74,10,10,10,10
75,4325,75,10,10,10,10
76,2516,76,10,10,10,10
77,707,77,10,10,10,10
78,8898,78,10,7,7,7
79,7089,79,10,10,10,10
80,5280,80,10,10,10,10
81,3471,81,10,10,10,10
82,1662,82,10,10,10,10
83,9853,83,10,8,8,8
84,8044,84,10,9,9,9
85,6235,85,10,10,10,10
86,4426,86,10,10,10,10
87,2617,87,10,10,10,10
88,808,88,10,10,10,10
89,8999,89,10,9,9,9
90,7190,90,10,10,10,10
91,5381,91,10,10,10,10
92,3572,92,10,10,10,10
93,1763,93,10,10,10,10
94,9954,94,10,10,10,10
95,8145,95,10,10,10,10
96,6336,96,10,10,10,10
97,4527,97,10,10,10,10
98,2718,98,10,10,10,10
99,909,99,10,8,8,8
100,9100,0,10,9,9,9
101,7291,1,10,10,10,10
102,5482,2,10,10,10,10
103,3673,3,10,10,10,10
104,1864,4,10,10,10,10
105,55,5,10,10,10,10
106,8246,6,10,10,10,10
107,6437,7,10,10,10,10
108,4628,8,10,10,10,10
109,2819,9,10,9,9,9
110,1010,10,10,10,10,10
111,9201,11,10,10,10,10
112,7392,12,10,9,9,9
113,5583,13,10,10,10,10
114,3774,14,10,10,10,10
115,1965,15,10,10,10,10
116,156,16,10,10,10,10
117,8347,17,10,10,10,10
118,6538,18,10,10,10,10
119,4729,19,10,9,9,9
120,2920,20,10,10,10,10
121,1111,21,10,8,8,8
122,9302,22,10,10,10,10
123,7493,23,10,10,10,10
124,5684,24,10,9,9,9
125,3875,25,10,9,9,9
126,2066,26,10,8,8,8
127,257,27,10,10,10,10
128,8448,28,10,9,9,9
129,6639,29,10,10,10,10
130,4830,30,10,10,10,10
131,3021,31,10,10,10,10
132,1212,32,10,10,10,10
133,9403,33,10,10,10,10
134,7594,34,10,10,10,10
135,5785,35,10,9,9,9
136,3976,36,10,10,10,10
137,2167,37,10,9,9,9
138,358,38,10,8,8,8
139,8549,39,10,10,10,10
140,6740,40,10,10,10,10
141,4931,41,10,8,8,8
142,3122,42,10,9,9,9
143,1313,43,10,9,9,9
144,9504,44,10,10,10,10
145,7695,45,10,10,10,10
146,5886,46,10,10,10,10
147,4077,47,10,9,9,9
148,2268,48,10,10,10,10
149,459,49,10,10,10,10
150,8650,50,10,9,9,9
151,6841,51,10,10,10,10
152,5032,52,10,10,10,10
153,3223,53,10,10,10,10
154,1414,54,10,10,10,10
155,9605,55,10,10,10,10
156,7796,56,10,8,8,8
157,5987,57,10,10,10,10
158,4178,58,10,10,10,10
159,2369,59,10,9,9,9
160,560,60,10,10,10,10
161,8751,61,10,10,10,10
162,6942,62,10,10,10,10
163,5133,63,10,10,10,10
164,3324,64,10,10,10,10
165,1515,65,10,10,10,10
166,9706,66,10,8,8,8
167,7897,67,10,10,10,10
168,6088,68,10,10,10,10
169,4279,69,10,7,7,7
170,2470,70,10,10,10,10
171,661,71,10,10,10,10
172,8852,72,10,8,8,8
173,7043,73,10,10,10,10
174,5234,74,10,10,10,10
175,3425,75,10,10,10,10
176,1616,76,10,10,10,10
177,9807,77,10,10,10,10
178,7998,78,10,6,6,6
179,6189,79,10,10,10,10
180,4380,80,10,10,10,10
181,2571,81,10,10,10,10
182,762,82,10,10,10,10
183,8953,83,10,8,8,8
184,7144,84,10,9,9,9
185,5335,85,10,10,10,10
186,3526,86,10,10,10,10
187,1717,87,10,10,10,10
188,9908,88,10,10,10,10
189,8099,89,10,9,9,9
190,6290,90,10,10,10,10
191,4481,91,10,10,10,10
192,2672,92,10,10,10,10
193,863,93,10,10,10,10
194,9054,94,10,10,10,10
195,7245,95,10,10,10,10
196,5436,96,10,10,10,10
197,3627,97,10,10,10,10
198,1818,98,10,10,10,10
199,9,99,10,8,8,8
200,8200,0,10,9,9,9
201,6391,1,10,10,10,10
202,4582,2,10,10,10,10
203,2773,3,10,10,10,10
204,964,4,10,10,10,10
205,9155,5,10,10,10,10
206,7346,6,10,10,10,10
207,5537,7,10,10,10,10
208,3728,8,10,10,10,10
209,1919,9,10,9,9,9
210,110,10,10,10,10,10
211,8301,11,10,10,10,10
212,6492,12,10,9,9,9
213,4683,13,10,10,10,10
214,2874,14,10,10,10,10
215,1065,15,10,10,10,10
216,9256,16,10,10,10,10
217,7447,17,10,10,10,10
218,5638,18,10,10,10,10
219,3829,19,10,9,9,9
220,2020,20,10,10,10,10
221,211,21,10,8,8,8
222,8402,22,10,10,10,10
223,6593,23,10,10,10,10
224,4784,24,10,9,9,9
225,2975,25,10,9,9,9
226,1166,26,10,8,8,8
227,9357,27,10,10,10,10
228,7548,28,10,9,9,9
229,5739,29,10,10,10,10
230,3930,30,10,10,10,10
231,2121,31,10,10,10,10
232,312,32,10,10,10,10
233,8503,33,10,10,10,10
234,6694,34,10,10,10,10
235,4885,35,10,9,9,9
236,3076,36,10,10,10,10
237,1267,37,10,9,9,9
238,9458,38,10,8,8,8
239,7649,39,10,10,10,10
240,5840,40,10,10,10,10
241,4031,41,10,8,8,8
242,2222,42,10,9,9,9
243,413,43,10,9,9,9
244,8604,44,10,10,10,10
245,6795,45,10,10,10,10
246,4986,46,10,10,10,10
247,3177,47,10,9,9,9
248,1368,48,10,10,10,10
249,9559,49,10,10,10,10
250,7750,50,10,9,9,9
251,5941,51,10,10,10,10
252,4132,52,10,10,10,10
253,2323,53,10,10,10,10
254,514,54,10,10,10,10
255,8705,55,10,10,10,10
256,6896,56,10,8,8,8
257,5087,57,10,10,10,10
258,3278,58,10,10,10,10
259,1469,59,10,9,9,9
260,9660,60,10,10,10,10
261,7851,61,10,10,10,10
262,6042,62,10,10,10,10
263,4233,63,10,10,10,10
264,2424,64,10,10,10,10
265,615,65,10,10,10,10
266,8806,66,10,8,8,8
267,6997,67,10,10,10,10
268,5188,68,10,10,10,10
269,3379,69,10,7,7,7
270,1570,70,10,10,10,10
271,9761,71,10,10,10,10
272,7952,72,10,8,8,8
273,6143,73,10,10,10,10
274,4334,74,10,10,10,10
275,2525,75,10,10,10,10
276,716,76,10,10,10,10
277,8907,77,10,10,10,10
278,7098,78,10,6,6,6
279,5289,79,10,10,10,10
280,3480,80,10,10,10,10
281,1671,81,10,10,10,10
282,9862,82,10,10,10,10
283,8053,83,10,8,8,8
284,6244,84,10,9,9,9
285,4435,85,10,10,10,10
286,2626,86,10,10,10,10
287,817,87,10,10,10,10
288,9008,88,10,10,10,10
289,7199,89,10,9,9,9
290,5390,90,10,10,10,10
291,3581,91,10,10,10,10
292,1772,92,10,10,10,10
293,9963,93,10,10,10,10
294,8154,94,10,10,10,10
295,6345,95,10,10,10,10
296,4536,96,10,10,10,10
297,2727,97,10,10,10,10
298,918,98,10,10,10,10
299,9109,99,10,8,8,8
300,7300,0,10,9,9,9
301,5491,1,10,10,10,10
302,3682,2,10,10,10,10
303,1873,3,10,10,10,10
304,64,4,10,10,10,10
305,8255,5,10,10,10,10
306,6446,6,10,10,10,10
307,4637,7,10,10,10,10
308,2828,8,10,10,10,10
309,1019,9,10,9,9,9
310,9210,10,10,10,10,10
311,7401,11,10,10,10,10
312,5592,12,10,9,9,9
313,3783,13,10,10,10,10
314,1974,14,10,10,10,10
315,165,15,10,10,10,10
316,8356,16,10,10,10,10
317,6547,17,10,10,10,10
318,4738,18,10,10,10,10
319,2929,19,10,9,9,9
320,1120,20,10,10,10,10
321,9311,21,10,8,8,8
322,7502,22,10,10,10,10
323,5693,23,10,10,10,10
324,3884,24,10,8,8,8
325,2075,25,10,9,9,9
326,266,26,10,8,8,8
327,8457,27,10,10,10,10
328,6648,28,10,9,9,9
329,4839,29,10,10,10,10
330,3030,30,10,10,10,10
331,1221,31,10,10,10,10
332,9412,32,10,10,10,10
333,7603,33,10,10,10,10
334,5794,34,10,10,10,10
335,3985,35,10,10,10,10
336,2176,36,10,10,10,10
337,367,37,10,9,9,9
338,8558,38,10,8,8,8
339,6749,39,10,10,10,10
340,4940,40,10,10,10,10
341,3131,41,10,8,8,8
342,1322,42,10,9,9,9
343,9513,43,10,9,9,9
344,7704,44,10,10,10,10
345,5895,45,10,10,10,10
346,4086,46,10,10,10,10
347,2277,47,10,9,9,9
348,468,48,10,10,10,10
349,8659,49,10,10,10,10
350,6850,50,10,9,9,9
351,5041,51,10,10,10,10
352,3232,52,10,10,10,10
353,1423,53,10,10,10,10
354,9614,54,10,10,10,10
355,7805,55,10,10,10,10
356,5996,56,10,8,8,8
357,4187,57,10,10,10,10
358,2378,58,10,10,10,10
359,569,59,10,9,9,9
360,8760,60,10,10,10,10
361,6951,61,10,10,10,10
362,5142,62,10,10,10,10
363,3333,63,10,10,10,10
364,1524,64,10,10,10,10
365,9715,65,10,10,10,10
366,7906,66,10,8,8,8
367,6097,67,10,10,10,10
368,4288,68,10,10,10,10
369,2479,69,10,7,7,7
370,670,70,10,10,10,10
371,8861,71,10,10,10,10
372,7052,72,10,8,8,8
373,5243,73,10,10,10,10
374,3434,74,10,10,10,10
375,1625,75,10,10,10,10
376,9816,76,10,10,10,10
377,8007,77,10,10,10,10
378,6198,78,10,7,7,7
379,4389,79,10,10,10,10
380,2580,80,10,10,10,10
381,771,81,10,10,10,10
382,8962,82,10,10,10,10
383,7153,83,10,8,8,8
384,5344,84,10,9,9,9
385,3535,85,10,10,10,10
386,1726,86,10,10,10,10
387,9917,87,10,10,10,10
388,8108,88,10,9,9,9
389,6299,89,10,9,9,9
390,4490,90,10,10,10,10
391,2681,91,10,10,10,10
392,872,92,10,10,10,10
393,9063,93,10,10,10,10
394,7254,94,10,10,10,10
395,5445,95,10,10,10,10
396,3636,96,10,10,10,10
397,1827,97,10,10,10,10
398,18,98,10,10,10,10
399,8209,99,10,8,8,8
400,6400,0,10,9,9,9
401,4591,1,10,10,10,10
402,2782,2,10,10,10,10
403,973,3,10,10,10,10
404,9164,4,10,10,10,10
405,7355,5,10,10,10,10
406,5546,6,10,10,10,10
407,3737,7,10,10,10,10
408,1928,8,10,10,10,10
409,119,9,10,9,9,9
410,8310,10,10,10,10,10
411,6501,11,10,10,10,10
412,4692,12,10,9,9,9
413,2883,13,10,10,10,10
414,1074,14,10,10,10,10
415,9265,15,10,10,10,10
416,7456,16,10,10,10,10
417,5647,17,10,10,10,10
418,3838,18,10,10,10,10
419,2029,19,10,9,9,9
420,220,20,10,10,10,10
421,8411,21,10,8,8,8
422,6602,22,10,10,10,10
423,4793,23,10,10,10,10
424,2984,24,10,8,8,8
425,1175,25,10,9,9,9
426,9366,26,10,8,8,8
427,7557,27,10,10,10,10
428,5748,28,10,9,9,9
429,3939,29,10,10,10,10
430,2130,30,10,10,10,10
431,321,31,10,10,10,10
432,8512,32,10,10,10,10
433,6703,33,10,10,10,10
434,4894,34,10,10,10,10
435,3085,35,10,9,9,9
436,1276,36,10,10,10,10
437,9467,37,10,9,9,9
438,7658,38,10,8,8,8
439,5849,39,10,10,10,10
440,4040,40,10,10,10,10
441,2231,41,10,8,8,8
442,422,42,10,9,9,9
443,8613,43,10,9,9,9
444,6804,44,10,10,10,10
445,4995,45,10,10,10,10
446,3186,46,10,10,10,10
447,1377,47,10,9,9,9
448,9568,48,10,10,10,10
449,7759,49,10,10,10,10
450,5950,50,10,9,9,9
451,4141,51,10,10,10,10
452,2332,52,10,10,10,10
453,523,53,10,10,10,10
454,8714,54,10,10,10,10
455,6905,55,10,10,10,10
456,5096,56,10,8,8,8
457,3287,57,10,10,10,10
458,1478,58,10,10,10,10
459,9669,59,10,9,9,9
460,7860,60,10,10,10,10
461,6051,61,10,10,10,10
462,4242,62,10,10,10,10
463,2433,63,10,10,10,10
464,624,64,10,10,10,10
465,8815,65,10,10,10,10
466,7006,66,10,8,8,8
467,5197,67,10,10,10,10
468,3388,68,10,10,10,10
469,1579,69,10,7,7,7
470,9770,70,10,10,10,10
471,7961,71,10,10,10,10
472,6152,72,10,8,8,8
473,4343,73,10,10,10,10
474,2534,74,10,10,10,10
475,725,75,10,10,10,10
476,8916,76,10,10,10,10
477,7107,77,10,10,10,10
478,5298,78,10,7,7,7
479,3489,79,10,10,10,10
480,1680,80,10,10,10,10
481,9871,81,10,10,10,10
482,8062,82,10,10,10,10
483,6253,83,10,8,8,8
484,4444,84,10,9,9,9
485,2635,85,10,10,10,10
486,826,86,10,10,10,10
487,9017,87,10,10,10,10
488,7208,88,10,9,9,9
489,5399,89,10,9,9,9
490,3590,90,10,10,10,10
491,1781,91,10,10,10,10
492,9972,92,10,10,10,10
493,8163,93,10,10,10,10
494,6354,94,10,10,10,10
495,4545,95,10,10,10,10
496,2736,96,10,10,10,10
497,927,97,10,10,10,10
498,9118,98,10,10,10,10
499,7309,99,10,8,8,8
500,5500,0,10,9,9,9
501,3691,1,10,10,10,10
502,1882,2,10,10,10,10
503,73,3,10,10,10,10
504,8264,4,10,10,10,10
505,6455,5,10,10,10,10
506,4646,6,10,10,10,10
507,2837,7,10,10,10,10
508,1028,8,10,10,10,10
509,9219,9,10,9,9,9
510,7410,10,10,10,10,10
511,5601,11,10,10,10,10
512,3792,12,10,9,9,9
513,1983,13,10,10,10,10
514,174,14,10,10,10,10
515,8365,15,10,10,10,10
516,6556,16,10,10,10,10
517,4747,17,10,10,10,10
518,2938,18,10,10,10,10
519,1129,19,10,9,9,9
520,9320,20,10,10,10,10
521,7511,21,10,8,8,8
522,5702,22,10,10,10,10
523,3893,23,10,10,10,10
524,2084,24,10,8,8,8
525,275,25,10,9,9,9
526,8466,26,10,8,8,8
527,6657,27,10,10,10,10
528,4848,28,10,9,9,9
529,3039,29,10,10,10,10
530,1230,30,10,10,10,10
531,9421,31,10,10,10,10
532,7612,32,10,10,10,10
533,5803,33,10,9,9,9
534,3994,34,10,10,10,10
535,2185,35,10,9,9,9
536,376,36,10,10,10,10
537,8567,37,10,9,9,9
538,6758,38,10,8,8,8
539,4949,39,10,10,10,10
540,3140,40,10,10,10,10
541,1331,41,10,8,8,8
542,9522,42,10,9,9,9
543,7713,43,10,9,9,9
544,5904,44,10,10,10,10
545,4095,45,10,10,10,10
546,2286,46,10,10,10,10
547,477,47,10,9,9,9
548,8668,48,10,10,10,10
549,6859,49,10,10,10,10
550,5050,50,10,9,9,9
551,3241,51,10,10,10,10
552,1432,52,10,10,10,10
553,9623,53,10,10,10,10
554,7814,54,10,10,10,10
555,6005,55,10,10,10,10
556,4196,56,10,8,8,8
557,2387,57,10,10,10,10
558,578,58,10,10,10,10
559,8769,59,10,9,9,9
560,6960,60,10,10,10,10
561,5151,61,10,10,10,10
562,3342,62,10,10,10,10
563,1533,63,10,10,10,10
564,9724,64,10,10,10,10
565,7915,65,10,10,10,10
566,6106,66,10,8,8,8
567,4297,67,10,10,10,10
568,2488,68,10,10,10,10
569,679,69,10,7,7,7
570,8870,70,10,10,10,10
571,7061,71,10,10,10,10
572,5252,72,10,8,8,8
573,3443,73,10,10,10,10
574,1634,74,10,10,10,10
575,9825,75,10,10,10,10
576,8016,76,10,10,10,10
577,6207,77,10,10,10,10
578,4398,78,10,7,7,7
579,2589,79,10,10,10,10
580,780,80,10,10,10,10
581,8971,81,10,10,10,10
582,7162,82,10,10,10,10
583,5353,83,10,8,8,8
584,3544,84,10,9,9,9
585,1735,85,10,10,10,10
586,9926,86,10,10,10,10
587,8117,87,10,10,10,10
588,6308,88,10,9,9,9
589,4499,89,10,9,9,9
590,2690,90,10,10,10,10
591,881,91,10,10,10,10
592,9072,92,10,10,10,10
593,7263,93,10,10,10,10
594,5454,94,10,10,10,10
595,3645,95,10,10,10,10
596,1836,96,10,10,10,10
597,27,97,10,10,10,10
598,8218,98,10,10,10,10
599,6409,99,10,8,8,8
600,4600,0,10,9,9,9
601,2791,1,10,10,10,10
602,982,2,10,10,10,10
603,9173,3,10,10,10,10
604,7364,4,10,10,10,10
605,5555,5,10,10,10,10
606,3746,6,10,10,10,10
607,1937,7,10,10,10,10
608,128,8,10,10,10,10
609,8319,9,10,9,9,9
610,6510,10,10,10,10,10
611,4701,11,10,10,10,10
612,2892,12,10,9,9,9
613,1083,13,10,10,10,10
614,9274,14,10,10,10,10
615,7465,15,10,10,10,10
616,5656,16,10,10,10,10
617,3847,17,10,10,10,10
618,2038,18,10,10,10,10
619,229,19,10,9,9,9
620,8420,20,10,10,10,10
621,6611,21,10,8,8,8
622,4802,22,10,10,10,10
623,2993,23,10,10,10,10
624,1184,24,10,8,8,8
625,9375,25,10,9,9,9
626,7566,26,10,8,8,8
627,5757,27,10,10,10,10
628,3948,28,10,9,9,9
629,2139,29,10,10,10,10
630,330,30,10,10,10,10
631,8521,31,10,10,10,10
632,6712,32,10,10,10,10
633,4903,33,10,9,9,9
634,3094,34,10,10,10,10
635,1285,35,10,9,9,9
636,9476,36,10,10,10,10
637,7667,37,10,9,9,9
638,5858,38,10,8,8,8
639,4049,39,10,10,10,10
640,2240,40,10,10,10,10
641,431,41,10,8,8,8
642,8622,42,10,9,9,9
643,6813,43,10,9,9,9
644,5004,44,10,10,10,10
645,3195,45,10,10,10,10
646,1386,46,10,10,10,10
647,9577,47,10,9,9,9
648,7768,48,10,10,10,10
649,5959,49,10,10,10,10
650,4150,50,10,9,9,9
651,2341,51,10,10,10,10
652,532,52,10,10,10,10
653,8723,53,10,10,10,10
654,6914,54,10,10,10,10
655,5105,55,10,10,10,10
656,3296,56,10,8,8,8
657,1487,57,10,10,10,10
658,9678,58,10,10,10,10
659,7869,59,10,9,9,9
660,6060,60,10,10,10,10
661,4251,61,10,10,10,10
662,2442,62,10,10,10,10
663,633,63,10,10,10,10
664,8824,64,10,10,10,10
665,7015,65,10,10,10,10
666,5206,66,10,8,8,8
667,3397,67,10,10,10,10
668,1588,68,10,10,10,10
669,9779,69,10,7,7,7
670,7970,70,10,10,10,10
671,6161,71,10,10,10,10
672,4352,72,10,8,8,8
673,2543,73,10,10,10,10
674,734,74,10,10,10,10
675,8925,75,10,10,10,10
676,7116,76,10,10,10,10
677,5307,77,10,10,10,10
678,3498,78,10,7,7,7
679,1689,79,10,10,10,10
680,9880,80,10,10,10,10
681,8071,81,10,10,10,10
682,6262,82,10,10,10,10
683,4453,83,10,8,8,8
684,2644,84,10,9,9,9
685,835,85,10,10,10,10
686,9026,86,10,10,10,10
687,7217,87,10,10,10,10
688,5408,88,10,9,9,9
689,3599,89,10,9,9,9
690,1790,90,10,10,10,10
691,9981,91,10,10,10,10
692,8172,92,10,10,10,10
693,6363,93,10,10,10,10
694,4554,95,10,10,10,10
695,2745,95,10,10,10,10
696,936,96,10,10,10,10
697,9127,97,10,10,10,10
698,7318,98,10,10,10,10
699,5509,99,10,8,8,8
700,3700,0,10,9,9,9
701,1891,1,10,10,10,10
702,82,2,10,10,10,10
703,8273,3,10,10,10,10
704,6464,4,10,10,10,10
705,4655,5,10,10,10,10
706,2846,6,10,10,10,10
707,1037,7,10,10,10,10
708,9228,8,10,10,10,10
709,7419,9,10,9,9,9
710,5610,10,10,10,10,10
711,3801,11,10,10,10,10
712,1992,12,10,9,9,9
713,183,13,10,10,10,10
714,8374,14,10,10,10,10
715,6565,15,10,10,10,10
716,4756,16,10,10,10,10
717,2947,17,10,10,10,10
718,1138,18,10,10,10,10
719,9329,19,10,9,9,9
720,7520,20,10,10,10,10
721,5711,21,10,8,8,8
722,3902,22,10,10,10,10
723,2093,23,10,10,10,10
724,284,24,10,8,8,8
725,8475,25,10,9,9,9
726,6666,26,10,8,8,8
727,4857,27,10,10,10,10
728,3048,28,10,9,9,9
729,1239,29,10,10,10,10
730,9430,30,10,10,10,10
731,7621,31,10,10,10,10
732,5812,32,10,10,10,10
733,4003,33,10,9,9,9
734,2194,34,10,10,10,10
735,385,35,10,9,9,9
736,8576,36,10,10,10,10
737,6767,37,10,9,9,9
738,4958,38,10,8,8,8
739,3149,39,10,10,10,10
740,1340,40,10,10,10,10
741,9531,41,10,8,8,8
742,7722,42,10,9,9,9
743,5913,43,10,9,9,9
744,4104,44,10,10,10,10
745,2295,45,10,10,10,10
746,486,46,10,10,10,10
747,8677,47,10,9,9,9
748,6868,48,10,10,10,10
749,5059,49,10,10,10,10
750,3250,50,10,9,9,9
751,1441,51,10,10,10,10
752,9632,52,10,10,10,10
753,7823,53,10,10,10,10
754,6014,54,10,10,10,10
755,4205,55,10,10,10,10
756,2396,56,10,8,8,8
757,587,57,10,10,10,10
758,8778,58,10,10,10,10
759,6969,59,10,9,9,9
760,5160,60,10,10,10,10
761,3351,61,10,10,10,10
762,1542,62,10,10,10,10
763,9733,63,10,10,10,10
764,7924,64,10,10,10,10
765,6115,65,10,10,10,10
766,4306,66,10,8,8,8
767,2497,67,10,10,10,10
768,688,68,10,10,10,10
769,8879,69,10,7,7,7
770,7070,70,10,10,10,10
771,5261,71,10,10,10,10
772,3452,72,10,8,8,8
773,1643,73,10,10,10,10
774,9834,74,10,10,10,10
775,8025,75,10,10,10,10
776,6216,76,10,10,10,10
777,4407,77,10,10,10,10
778,2598,78,10,7,7,7
779,789,79,10,10,10,10
780,8980,80,10,10,10,10
781,7171,81,10,10,10,10
782,5362,82,10,10,10,10
783,3553,83,10,8,8,8
784,1744,84,10,9,9,9
785,9935,85,10,10,10,10
786,8126,86,10,10,10,10
787,6317,87,10,10,10,10
788,4508,88,10,9,9,9
789,2699,89,10,9,9,9
790,890,90,10,10,10,10
791,9081,91,10,10,10,10
792,7272,92,10,10,10,10
793,5463,93,10,10,10,10
794,3654,94,10,10,10,10
795,1845,95,10,10,10,10
796,36,96,10,10,10,10
797,8227,97,10,10,10,10
798,6418,98,10,10,10,10
799,4609,99,10,8,8,8
800,2800,0,10,9,9,9
801,991,1,10,10,10,10
802,9182,2,10,10,10,10
803,7373,3,10,10,10,10
804,5564,4,10,10,10,10
805,3755,5,10,10,10,10
806,1946,6,10,10,10,10
807,137,7,10,10,10,10
808,8328,8,10,10,10,10
809,6519,9,10,9,9,9
810,4710,10,10,10,10,10
811,2901,11,10,10,10,10
812,1092,12,10,9,9,9
813,9283,13,10,10,10,10
814,7474,14,10,10,10,10
815,5665,15,10,10,10,10
816,3856,16,10,10,10,10
817,2047,17,10,10,10,10
818,238,18,10,10,10,10
819,8429,19,10,9,9,9
820,6620,20,10,10,10,10
821,4811,21,10,8,8,8
822,3002,22,10,10,10,10
823,1193,23,10,10,10,10
824,9384,24,10,8,8,8
825,7575,25,10,9,9,9
826,5766,26,10,8,8,8
827,3957,27,10,10,10,10
828,2148,28,10,9,9,9
829,339,29,10,10,10,10
830,8530,30,10,10,10,10
831,6721,31,10,10,10,10
832,4912,32,10,10,10,10
833,3103,33,10,9,9,9
834,1294,34,10,10,10,10
835,9485,35,10,9,9,9
836,7676,36,10,10,10,10
837,5867,37,10,9,9,9
838,4058,38,10,8,8,8
839,2249,39,10,10,10,10
840,440,40,10,10,10,10
841,8631,41,10,8,8,8
842,6822,42,10,9,9,9
843,5013,43,10,9,9,9
844,3204,44,10,10,10,10
845,1395,45,10,10,10,10
846,9586,46,10,10,10,10
847,7777,47,10,9,9,9
848,5968,48,10,10,10,10
849,4159,49,10,10,10,10
850,2350,50,10,9,9,9
851,541,51,10,10,10,10
852,8732,52,10,10,10,10
853,6923,53,10,10,10,10
854,5114,54,10,10,10,10
855,3305,55,10,10,10,10
856,1496,56,10,8,8,8
857,9687,57,10,10,10,10
858,7878,58,10,10,10,10
859,6069,59,10,9,9,9
860,4260,60,10,10,10,10
861,2451,61,10,10,10,10
862,642,62,10,10,10,10
863,8833,63,10,10,10,10
864,7024,64,10,10,10,10
865,5215,65,10,10,10,10
866,3406,66,10,8,8,8
867,1597,67,10,10,10,10
868,9788,68,10,10,10,10
869,7979,69,10,7,7,7
870,6170,70,10,10,10,10
871,4361,71,10,10,10,10
872,2552,72,10,8,8,8
873,743,73,10,10,10,10
874,8934,74,10,10,10,10
875,7125,75,10,10,10,10
876,5316,76,10,10,10,10
877,3507,77,10,10,10,10
878,1698,78,10,7,7,7
879,9889,79,10,10,10,10
880,8080,80,10,10,10,10
881,6271,81,10,10,10,10
882,4462,82,10,10,10,10
883,2653,83,10,8,8,8
884,844,84,10,9,9,9
885,9035,85,10,10,10,10
886,7226,86,10,10,10,10
887,5417,87,10,10,10,10
888,3608,88,10,9,9,9
889,1799,89,10,9,9,9
890,9990,90,10,10,10,10
891,8181,91,10,10,10,10
892,6372,92,10,10,10,10
893,4563,93,10,10,10,10
894,2754,94,10,10,10,10
895,945,95,10,10,10,10
896,9136,96,10,10,10,10
897,7327,97,10,10,10,10
898,5518,98,10,10,10,10
899,3709,99,10,8,8,8
900,1900,0,10,9,9,9
901,91,1,10,10,10,10
902,8282,2,10,10,10,10
903,6473,3,10,10,10,10
904,4664,4,10,10,10,10
905,2855,5,10,10,10,10
906,1046,6,10,10,10,10
907,9237,7,10,10,10,10
908,7428,8,10,10,10,10
909,5619,9,10,9,9,9
910,3810,10,10,10,10,10
911,2001,11,10,10,10,10
912,192,12,10,9,9,9
913,8383,13,10,10,10,10
914,6574,14,10,10,10,10
915,4765,15,10,10,10,10
916,2956,16,10,10,10,10
917,1147,17,10,10,10,10
918,9338,18,10,10,10,10
919,7529,19,10,9,9,9
920,5720,20,10,10,10,10
921,3911,21,10,8,8,8
922,2102,22,10,10,10,10
923,293,23,10,10,10,10
924,8484,24,10,8,8,8
925,6675,25,10,9,9,9
926,4866,26,10,8,8,8
927,3057,27,10,10,10,10
928,1248,28,10,9,9,9
929,9439,29,10,10,10,10
930,7630,30,10,10,10,10
931,5821,31,10,10,10,10
932,4012,32,10,10,10,10
933,2203,33,10,9,9,9
934,394,34,10,10,10,10
935,8585,35,10,9,9,9
936,6776,36,10,10,10,10
937,4967,37,10,9,9,9
938,3158,38,10,8,8,8
939,1349,39,10,10,10,10
940,9540,40,10,10,10,10
941,7731,41,10,8,8,8
942,5922,42,10,9,9,9
943,4113,43,10,9,9,9
944,2304,44,10,10,10,10
945,495,45,10,10,10,10
946,8686,46,10,10,10,10
947,6877,47,10,9,9,9
948,5068,48,10,10,10,10
949,3259,49,10,10,10,10
950,1450,50,10,9,9,9
951,9641,51,10,10,10,10
952,7832,52,10,10,10,10
953,6023,53,10,10,10,10
954,4214,54,10,10,10,10
955,2405,55,10,10,10,10
956,596,56,10,8,8,8
957,8787,57,10,10,10,10
958,6978,58,10,10,10,10
959,5169,59,10,9,9,9
960,3360,60,10,10,10,10
961,1551,61,10,10,10,10
962,9742,62,10,10,10,10
963,7933,63,10,10,10,10
964,6124,64,10,10,10,10
965,4315,65,10,10,10,10
966,2506,66,10,8,8,8
967,697,67,10,10,10,10
968,8888,68,10,10,10,10
969,7079,69,10,7,7,7
970,5270,70,10,10,10,10
971,3461,71,10,10,10,10
972,1652,72,10,9,9,9
973,9843,73,10,10,10,10
974,8034,74,10,10,10,10
975,6225,75,10,10,10,10
976,4416,76,10,10,10,10
977,2607,77,10,10,10,10
978,798,78,10,7,7,7
979,8989,79,10,10,10,10
980,7180,80,10,10,10,10
981,5371,81,10,10,10,10
982,3562,82,10,10,10,10
983,1753,83,10,8,8,8
984,9944,84,10,9,9,9
985,8135,85,10,10,10,10
986,6326,86,10,10,10,10
987,4517,87,10,10,10,10
988,2708,88,10,9,9,9
989,899,89,10,9,9,9
990,9090,90,10,10,10,10
991,7281,91,10,10,10,10
992,5472,92,10,10,10,10
993,3663,93,10,10,10,10
994,1854,94,10,10,10,10
995,45,95,10,10,10,10
996,8236,96,10,10,10,10
997,6427,97,10,10,10,10
998,4618,98,10,10,10,10
999,2809,99,10,8,8,8
1000,1000,0,10,9,9,9
1001,9191,1,10,10,10,10
1002,7382,2,10,10,10,10
1003,5573,3,10,10,10,10
1004,3764,4,10,10,10,10
1005,1955,5,10,10,10,10
1006,146,6,10,10,10,10
1007,8337,7,10,10,10,10
1008,6528,8,10,10,10,10
1009,4719,9,10,9,9,9
1010,2910,10,10,10,10,10
1011,1101,11,10,10,10,10
1012,9292,12,10,9,9,9
1013,7483,13,10,10,10,10
1014,5674,14,10,10,10,10
1015,3865,15,10,10,10,10
1016,2056,16,10,10,10,10
1017,247,17,10,10,10,10
1018,8438,18,10,10,10,10
1019,6629,19,10,9,9,9
1020,4820,20,10,10,10,10
1021,3011,21,10,8,8,8
1022,1202,22,10,10,10,10
1023,9393,23,10,10,10,10
1024,7584,24,10,8,8,8
1025,5775,25,10,9,9,9
1026,3966,26,10,8,8,8
1027,2157,27,10,10,10,10
1028,348,28,10,9,9,9
1029,8539,29,10,10,10,10
1030,6730,30,10,10,10,10
1031,4921,31,10,10,10,10
1032,3112,32,10,10,10,10
1033,1303,33,10,9,9,9
1034,9494,34,10,10,10,10
1035,7685,35,10,9,9,9
1036,5876,36,10,10,10,10
1037,4067,37,10,9,9,9
1038,2258,38,10,8,8,8
1039,449,39,10,10,10,10
1040,8640,40,10,10,10,10
1041,6831,41,10,8,8,8
1042,5022,42,10,9,9,9
1043,3213,43,10,9,9,9
1044,1404,44,10,10,10,10
1045,9595,45,10,10,10,10
1046,7786,46,10,10,10,10
1047,5977,47,10,9,9,9
1048,4168,48,10,10,10,10
1049,2359,49,10,10,10,10
1050,550,50,10,9,9,9
1051,8741,51,10,10,10,10
1052,6932,52,10,10,10,10
1053,5123,53,10,10,10,10
1054,3314,54,10,10,10,10
1055,1505,55,10,10,10,10
1056,9696,56,10,8,8,8
1057,7887,57,10,9,9,9
1058,6078,58,10,10,10,10
1059,4269,59,10,9,9,9
1060,2460,60,10,10,10,10
1061,651,61,10,10,10,10
1062,8842,62,10,10,10,10
1063,7033,63,10,10,10,10
1064,5224,64,10,10,10,10
1065,3415,65,10,10,10,10
1066,1606,66,10,8,8,8
1067,9797,67,10,10,10,10
1068,7988,68,10,10,10,10
1069,6179,69,10,7,7,7
1070,4370,70,10,10,10,10
1071,2561,71,10,10,10,10
1072,752,72,10,9,9,9
1073,8943,73,10,10,10,10
1074,7134,74,10,10,10,10
1075,5325,75,10,10,10,10
1076,3516,76,10,10,10,10
1077,1707,77,10,10,10,10
1078,9898,78,10,7,7,7
1079,8089,79,10,10,10,10
1080,6280,80,10,10,10,10
1081,4471,81,10,10,10,10
1082,2662,82,10,10,10,10
1083,853,83,10,8,8,8
1084,9044,84,10,9,9,9
1085,7235,85,10,10,10,10
1086,5426,86,10,10,10,10
1087,3617,87,10,10,10,10
1088,1808,88,10,9,9,9
1089,9999,89,10,9,9,9
1090,8190,90,10,10,10,10
1091,6381,91,10,10,10,10
1092,4572,92,10,10,10,10
1093,2763,93,10,10,10,10
1094,954,94,10,10,10,10
1095,9145,95,10,10,10,10
1096,7336,96,10,10,10,10
1097,5527,97,10,10,10,10
1098,3718,98,10,10,10,10
1099,1909,99,10,8,8,8
1100,100,0,10,7,7,7
1101,8291,1,10,10,10,10
1102,6482,2,10,10,10,10
1103,4673,3,10,10,10,10
1104,2864,4,10,10,10,10
1105,1055,5,10,10,10,10
1106,9246,6,10,10,10,10
1107,7437,7,10,10,10,10
1108,5628,8,10,10,10,10
1109,3819,9,10,9,9,9
1110,2010,10,10,10,10,10
1111,201,11,10,10,10,10
1112,8392,12,10,9,10,9
1113,6583,13,10,10,10,10
1114,4774,14,10,10,10,10
1115,2965,15,10,10,10,10
1116,1156,16,10,10,10,10
1117,9347,17,10,10,10,10
1118,7538,18,10,10,10,10
1119,5729,19,10,9,9,9
1120,3920,20,10,10,10,10
1121,2111,21,10,8,8,8
1122,302,22,10,10,10,10
1123,8493,23,10,10,10,10
1124,6684,24,10,8,8,8
1125,4875,25,10,9,9,9
1126,3066,26,10,8,8,8
1127,1257,27,10,10,10,10
1128,9448,28,10,9,9,9
1129,7639,29,10,10,10,10
1130,5830,30,10,10,10,10
1131,4021,31,10,10,10,10
1132,2212,32,10,10,10,10
1133,403,33,10,9,9,9
1134,8594,34,10,10,10,10
1135,6785,35,10,9,9,9
1136,4976,36,10,10,10,10
1137,3167,37,10,9,9,9
1138,1358,38,10,8,8,8
1139,9549,39,10,10,10,10
1140,7740,40,10,10,10,10
1141,5931,41,10,8,8,8
1142,4122,42,10,9,9,9
1143,2313,43,10,9,9,9
1144,504,44,10,10,10,10
1145,8695,45,10,10,10,10
1146,6886,46,10,10,10,10
1147,5077,47,10,9,9,9
1148,3268,48,10,10,10,10
1149,1459,49,10,10,10,10
1150,9650,50,10,10,10,10
1151,7841,51,10,10,10,10
1152,6032,52,10,10,10,10
1153,4223,53,10,10,10,10
1154,2414,54,10,10,10,10
1155,605,55,10,10,10,10
1156,8796,56,10,8,8,8
1157,6987,57,10,9,9,9
1158,5178,58,10,10,10,10
1159,3369,59,10,9,9,9
1160,1560,60,10,10,10,10
1161,9751,61,10,10,10,10
1162,7942,62,10,10,10,10
1163,6133,63,10,10,10,10
1164,4324,64,10,10,10,10
1165,2515,65,10,10,10,10
1166,706,66,10,8,8,8
1167,8897,67,10,10,10,10
1168,7088,68,10,10,10,10
1169,5279,69,10,7,7,7
1170,3470,70,10,10,10,10
1171,1661,71,10,10,10,10
1172,9852,72,10,9,9,9
1173,8043,73,10,10,10,10
1174,6234,74,10,10,10,10
1175,4425,75,10,10,10,10
1176,2616,76,10,10,10,10
1177,807,77,10,10,10,10
1178,8998,78,10,7,7,7
1179,7189,79,10,10,10,10
1180,5380,80,10,10,10,10
1181,3571,81,10,10,10,10
1182,1762,82,10,10,10,10
1183,9953,83,10,8,8,8
1184,8144,84,10,9,9,9
1185,6335,85,10,10,10,10
1186,4526,86,10,10,10,10
1187,2717,87,10,10,10,10
1188,908,88,10,9,9,9
1189,9099,89,10,9,9,9
1190,7290,90,10,10,10,10
1191,5481,91,10,10,10,10
1192,3672,92,10,10,10,10
1193,1863,93,10,10,10,10
1194,54,94,10,10,10,10
1195,8245,95,10,10,10,10
1196,6436,96,10,10,10,10
1197,4627,97,10,10,10,10
1198,2818,98,10,10,10,10
1199,1009,99,10,8,8,8
1200,9200,0,10,7,7,7
1201,7391,1,10,10,10,10
1202,5582,2,10,10,10,10
1203,3773,3,10,10,10,10
1204,1964,4,10,10,10,10
1205,155,5,10,10,10,10
1206,8346,6,10,10,10,10
1207,6537,7,10,10,10,10
1208,4728,8,10,10,10,10
1209,2919,9,10,9,9,9
1210,1110,10,10,10,10,10
1211,9301,11,10,10,10,10
1212,7492,12,10,9,9,9
1213,5683,13,10,10,10,10
1214,3874,14,10,10,10,10
1215,2065,15,10,10,10,10
1216,256,16,10,10,10,10
1217,8447,17,10,10,10,10
1218,6638,18,10,10,10,10
1219,4829,19,10,9,9,9
1220,3020,20,10,10,10,10
1221,1211,21,10,8,8,8
1222,9402,22,10,10,10,10
1223,7593,23,10,10,10,10
1224,5784,24,10,8,8,8
1225,3975,25,10,9,9,9
1226,2166,26,10,8,8,8
1227,357,27,10,10,10,10
1228,8548,28,10,9,9,9
1229,6739,29,10,10,10,10
1230,4930,30,10,10,10,10
1231,3121,31,10,10,10,10
1232,1312,32,10,10,10,10
1233,9503,33,10,9,9,9
1234,7694,34,10,10,10,10
1235,5885,35,10,9,9,9
1236,4076,36,10,10,10,10
1237,2267,37,10,9,9,9
1238,458,38,10,9,9,9
1239,8649,39,10,10,10,10
1240,6840,40,10,10,10,10
1241,5031,41,10,8,8,8
1242,3222,42,10,9,9,9
1243,1413,43,10,9,9,9
1244,9604,44,10,10,10,10
1245,7795,45,10,10,10,10
1246,5986,46,10,10,10,10
1247,4177,47,10,9,9,9
1248,2368,48,10,10,10,10
1249,559,49,10,10,10,10
1250,8750,50,10,10,10,10
1251,6941,51,10,10,10,10
1252,5132,52,10,10,10,10
1253,3323,53,10,10,10,10
1254,1514,54,10,10,10,10
1255,9705,55,10,10,10,10
1256,7896,56,10,8,8,8
1257,6087,57,10,9,9,9
1258,4278,58,10,10,10,10
1259,2469,59,10,9,9,9
1260,660,60,10,10,10,10
1261,8851,61,10,10,10,10
1262,7042,62,10,10,10,10
1263,5233,63,10,10,10,10
1264,3424,64,10,10,10,10
1265,1615,65,10,10,10,10
1266,9806,66,10,8,8,8
1267,7997,67,10,10,10,10
1268,6188,68,10,10,10,10
1269,4379,69,10,7,7,7
1270,2570,70,10,10,10,10
1271,761,71,10,10,10,10
1272,8952,72,10,9,9,9
1273,7143,73,10,10,10,10
1274,5334,74,10,10,10,10
1275,3525,75,10,10,10,10
1276,1716,76,10,10,10,10
1277,9907,77,10,10,10,10
1278,8098,78,10,7,7,7
1279,6289,79,10,10,10,10
1280,4480,80,10,10,10,10
1281,2671,81,10,10,10,10
1282,862,82,10,10,10,10
1283,9053,83,10,8,8,8
1284,7244,84,10,9,9,9
1285,5435,85,10,10,10,10
1286,3626,86,10,10,10,10
1287,1817,87,10,10,10,10
1288,8,88,10,9,9,9
1289,8199,89,10,9,9,9
1290,6390,90,10,10,10,10
1291,4581,91,10,10,10,10
1292,2772,92,10,10,10,10
1293,963,93,10,10,10,10
1294,9154,94,10,10,10,10
1295,7345,95,10,10,10,10
1296,5536,96,10,10,10,10
1297,3727,97,10,10,10,10
1298,1918,98,10,10,10,10
1299,109,99,10,8,8,8
1300,8300,0,10,7,7,7
1301,6491,1,10,10,10,10
1302,4682,2,10,10,10,10
1303,2873,3,10,10,10,10
1304,1064,4,10,10,10,10
1305,9255,5,10,10,10,10
1306,7446,6,10,10,10,10
1307,5637,7,10,10,10,10
1308,3828,8,10,9,9,9
1309,2019,9,10,9,9,9
1310,210,10,10,10,10,10
1311,8401,11,10,10,10,10
1312,6592,12,10,8,8,8
1313,4783,13,10,10,10,10
1314,2974,14,10,10,10,10
1315,1165,15,10,10,10,10
1316,9356,16,10,10,10,10
1317,7547,17,10,10,10,10
1318,5738,18,10,10,10,10
1319,3929,19,10,9,9,9
1320,2120,20,10,10,10,10
1321,311,21,10,8,8,8
1322,8502,22,10,10,10,10
1323,6693,23,10,10,10,10
1324,4884,24,10,8,8,8
1325,3075,25,10,9,9,9
1326,1266,26,10,8,8,8
1327,9457,27,10,10,10,10
1328,7648,28,10,9,9,9
1329,5839,29,10,9,9,9
1330,4030,30,10,10,10,10
1331,2221,31,10,10,10,10
1332,412,32,10,10,10,10
1333,8603,33,10,9,9,9
1334,6794,34,10,10,10,10
1335,4985,35,10,9,9,9
1336,3176,36,10,10,10,10
1337,1367,37,10,9,9,9
1338,9558,38,10,9,9,9
1339,7749,39,10,10,10,10
1340,5940,40,10,10,10,10
1341,4131,41,10,8,8,8
1342,2322,42,10,9,9,9
1343,513,43,10,9,9,9
1344,8704,44,10,10,10,10
1345,6895,45,10,10,10,10
1346,5086,46,10,10,10,10
1347,3277,47,10,9,9,9
1348,1468,48,10,10,10,10
1349,9659,49,10,10,10,10
1350,7850,50,10,10,10,10
1351,6041,51,10,10,10,10
1352,4232,52,10,10,10,10
1353,2423,53,10,10,10,10
1354,614,54,10,10,10,10
1355,8805,55,10,10,10,10
1356,6996,56,10,8,8,8
1357,5187,57,10,9,9,9
1358,3378,58,10,10,10,10
1359,1569,59,10,9,9,9
1360,9760,60,10,10,10,10
1361,7951,61,10,10,10,10
1362,6142,62,10,10,10,10
1363,4333,63,10,10,10,10
1364,2524,64,10,10,10,10
1365,715,65,10,10,10,10
1366,8906,66,10,8,8,8
1367,7097,67,10,10,10,10
1368,5288,68,10,10,10,10
1369,3479,69,10,7,7,7
1370,1670,70,10,10,10,10
1371,9861,71,10,10,10,10
1372,8052,72,10,9,9,9
1373,6243,73,10,10,10,10
1374,4434,74,10,10,10,10
1375,2625,75,10,10,10,10
1376,816,76,10,10,10,10
1377,9007,77,10,10,10,10
1378,7198,78,10,7,7,7
1379,5389,79,10,10,10,10
1380,3580,80,10,10,10,10
1381,1771,81,10,10,10,10
1382,9962,82,10,10,10,10
1383,8153,83,10,8,8,8
1384,6344,84,10,9,9,9
1385,4535,85,10,10,10,10
1386,2726,86,10,10,10,10
1387,917,87,10,10,10,10
1388,9108,88,10,9,9,9
1389,7299,89,10,9,9,9
1390,5490,90,10,10,10,10
1391,3681,91,10,10,10,10
1392,1872,92,10,10,10,10
1393,63,93,10,10,10,10
1394,8254,94,10,10,10,10
1395,6445,95,10,10,10,10
1396,4636,96,10,10,10,10
1397,2827,97,10,10,10,10
1398,1018,98,10,10,10,10
1399,9209,99,10,8,8,9
1400,7400,0,10,7,7,7
1401,5591,1,10,10,10,10
1402,3782,2,10,10,10,10
1403,1973,3,10,10,10,10
1404,164,4,10,10,10,10
1405,8355,5,10,10,10,10
1406,6546,6,10,10,10,10
1407,4737,7,10,10,10,10
1408,2928,8,10,9,9,9
1409,1119,9,10,9,9,9
1410,9310,10,10,10,10,10
1411,7501,11,10,10,10,10
1412,5692,12,10,8,8,8
1413,3883,13,10,10,10,10
1414,2074,14,10,10,10,10
1415,265,15,10,10,10,10
1416,8456,16,10,10,10,10
1417,6647,17,10,10,10,10
1418,4838,18,10,10,10,10
1419,3029,19,10,9,9,9
1420,1220,20,10,10,10,10
1421,9411,21,10,8,8,8
1422,7602,22,10,10,10,10
1423,5793,23,10,10,10,10
1424,3984,24,10,9,9,9
1425,2175,25,10,9,9,9
1426,366,26,10,8,8,8
1427,8557,27,10,10,10,10
1428,6748,28,10,9,9,9
1429,4939,29,10,9,9,9
1430,3130,30,10,10,10,10
1431,1321,31,10,10,10,10
1432,9512,32,10,10,10,10
1433,7703,33,10,9,9,9
1434,5894,34,10,10,10,10
1435,4085,35,10,9,9,9
1436,2276,36,10,10,10,10
1437,467,37,10,9,9,9
1438,8658,38,10,9,9,9
1439,6849,39,10,10,10,10
1440,5040,40,10,10,10,10
1441,3231,41,10,8,8,8
1442,1422,42,10,9,9,9
1443,9613,43,10,9,9,9
1444,7804,44,10,10,10,10
1445,5995,45,10,10,10,10
1446,4186,46,10,10,10,10
1447,2377,47,10,9,9,9
1448,568,48,10,10,10,10
1449,8759,49,10,10,10,10
1450,6950,50,10,10,10,10
1451,5141,51,10,10,10,10
1452,3332,52,10,10,10,10
1453,1523,53,10,10,10,10
1454,9714,54,10,10,10,10
1455,7905,55,10,10,10,10
1456,6096,56,10,9,9,9
1457,4287,57,10,9,9,9
1458,2478,58,10,10,10,10
1459,669,59,10,9,9,9
1460,8860,60,10,10,10,10
1461,7051,61,10,10,10,10
1462,5242,62,10,10,10,10
1463,3433,63,10,10,10,10
1464,1624,64,10,10,10,10
1465,9815,65,10,10,10,10
1466,8006,66,10,9,9,9
1467,6197,67,10,10,10,10
1468,4388,68,10,10,10,10
1469,2579,69,10,7,7,7
1470,770,70,10,10,10,10
1471,8961,71,10,10,10,10
1472,7152,72,10,9,9,9
1473,5343,73,10,10,10,10
1474,3534,74,10,10,10,10
1475,1725,75,10,10,10,10
1476,9916,76,10,10,10,10
1477,8107,77,10,10,10,10
1478,6298,78,10,7,7,7
1479,4489,79,10,10,10,10
1480,2680,80,10,10,10,10
1481,871,81,10,10,10,10
1482,9062,82,10,10,10,10
1483,7253,83,10,9,9,9
1484,5444,84,10,9,9,9
1485,3635,85,10,10,10,10
1486,1826,86,10,10,10,10
1487,17,87,10,10,10,10
1488,8208,88,10,9,9,9
1489,6399,89,10,9,9,9
1490,4590,90,10,10,10,10
1491,2781,91,10,10,10,10
1492,972,92,10,10,10,10
1493,9163,93,10,10,10,10
1494,7354,94,10,10,10,10
1495,5545,95,10,10,10,10
1496,3736,96,10,10,10,10
1497,1927,97,10,10,10,10
1498,118,98,10,10,10,10
1499,8309,99,10,8,8,8
1500,6500,0,10,7,7,7
1501,4691,1,10,10,10,10
1502,2882,2,10,10,10,10
1503,1073,3,10,10,10,10
1504,9264,4,10,10,10,10
1505,7455,5,10,10,10,10
1506,5646,6,10,10,10,10
1507,3837,7,10,10,10,10
1508,2028,8,10,9,9,9
1509,219,9,10,9,9,9
1510,8410,10,10,10,10,10
1511,6601,11,10,10,10,10
1512,4792,12,10,9,9,9
1513,2983,13,10,10,10,10
1514,1174,14,10,10,10,10
1515,9365,15,10,10,10,10
1516,7556,16,10,10,10,10
1517,5747,17,10,10,10,10
1518,3938,18,10,10,10,10
1519,2129,19,10,9,9,9
1520,320,20,10,10,10,10
1521,8511,21,10,8,8,8
1522,6702,22,10,10,10,10
1523,4893,23,10,10,10,10
1524,3084,24,10,9,9,9
1525,1275,25,10,10,10,10
1526,9466,26,10,8,8,8
1527,7657,27,10,10,10,10
1528,5848,28,10,9,9,9
1529,4039,29,10,9,9,9
1530,2230,30,10,10,10,10
1531,421,31,10,10,10,10
1532,8612,32,10,10,10,10
1533,6803,33,10,9,9,9
1534,4994,34,10,10,10,10
1535,3185,35,10,9,9,9
1536,1376,36,10,10,10,10
1537,9567,37,10,9,9,9
1538,7758,38,10,9,9,9
1539,5949,39,10,10,10,10
1540,4140,40,10,10,10,10
1541,2331,41,10,8,8,8
1542,522,42,10,9,9,9
1543,8713,43,10,9,9,9
1544,6904,44,10,10,10,10
1545,5095,45,10,10,10,10
1546,3286,46,10,10,10,10
1547,1477,47,10,9,9,9
1548,9668,48,10,10,10,10
1549,7859,49,10,10,10,10
1550,6050,50,10,10,10,10
1551,4241,51,10,10,10,10
1552,2432,52,10,10,10,10
1553,623,53,10,10,10,10
1554,8814,54,10,10,10,10
1555,7005,55,10,10,10,10
1556,5196,56,10,8,8,8
1557,3387,57,10,9,9,9
1558,1578,58,10,10,10,10
1559,9769,59,10,9,9,9
1560,7960,60,10,10,10,10
1561,6151,61,10,10,10,10
1562,4342,62,10,10,10,10
1563,2533,63,10,10,10,10
1564,724,64,10,10,10,10
1565,8915,65,10,10,10,10
1566,7106,66,10,10,10,10
1567,5297,67,10,10,10,10
1568,3488,68,10,10,10,10
1569,1679,69,10,7,7,7
1570,9870,70,10,10,10,10
1571,8061,71,10,10,10,10
1572,6252,72,10,9,9,9
1573,4443,73,10,10,10,10
1574,2634,74,10,10,10,10
1575,825,75,10,10,10,10
1576,9016,76,10,10,10,10
1577,7207,77,10,10,10,10
1578,5398,78,10,7,7,7
1579,3589,79,10,10,10,10
1580,1780,80,10,10,10,10
1581,9971,81,10,10,10,10
1582,8162,82,10,10,10,10
1583,6353,83,10,9,9,9
1584,4544,84,10,9,9,9
1585,2735,85,10,10,10,10
1586,926,86,10,10,10,10
1587,9117,87,10,10,10,10
1588,7308,88,10,9,9,9
1589,5499,89,10,9,9,9
1590,3690,90,10,10,10,10
1591,1881,91,10,10,10,10
1592,72,92,10,10,10,10
1593,8263,93,10,10,10,10
1594,6454,94,10,10,10,10
1595,4645,95,10,10,10,10
1596,2836,96,10,10,10,10
1597,1027,97,10,10,10,10
1598,9218,98,10,10,10,10
1599,7409,99,10,8,8,8
1600,5600,0,10,7,7,7
1601,3791,1,10,10,10,10
1602,1982,2,10,10,10,10
1603,173,3,10,10,10,10
1604,8364,4,10,10,10,10
1605,6555,5,10,10,10,10
1606,4746,6,10,10,10,10
1607,2937,7,10,10,10,10
1608,1128,8,10,9,9,9
1609,9319,9,10,9,9,9
1610,7510,10,10,10,10,10
1611,5701,11,10,10,10,10
1612,3892,12,10,9,9,9
1613,2083,13,10,10,10,10
1614,274,14,10,10,10,10
1615,8465,15,10,10,10,10
1616,6656,16,10,10,10,10
1617,4847,17,10,10,10,10
1618,3038,18,10,10,10,10
1619,1229,19,10,9,9,9
1620,9420,20,10,10,10,10
1621,7611,21,10,8,8,8
1622,5802,22,10,10,10,10
1623,3993,23,10,10,10,10
1624,2184,24,10,9,9,9
1625,375,25,10,10,10,10
1626,8566,26,10,8,8,8
1627,6757,27,10,10,10,10
1628,4948,28,10,9,9,9
1629,3139,29,10,10,9,9
1630,1330,30,10,10,10,10
1631,9521,31,10,10,10,10
1632,7712,32,10,10,10,10
1633,5903,33,10,9,9,9
1634,4094,34,10,10,10,10
1635,2285,35,10,10,10,10
1636,476,36,10,10,10,10
1637,8667,37,10,9,9,9
1638,6858,38,10,9,9,9
1639,5049,39,10,10,10,10
1640,3240,40,10,10,10,10
1641,1431,41,10,8,8,8
1642,9622,42,10,9,9,9
1643,7813,43,10,9,9,9
1644,6004,44,10,10,10,10
1645,4195,45,10,10,10,10
1646,2386,46,10,9,9,9
1647,577,47,10,9,9,9
1648,8768,48,10,10,10,10
1649,6959,49,10,10,10,10
1650,5150,50,10,10,10,10
1651,3341,51,10,10,10,10
1652,1532,52,10,10,10,10
1653,9723,53,10,10,10,10
1654,7914,54,10,10,10,10
1655,6105,55,10,10,10,10
1656,4296,56,10,8,8,8
1657,2487,57,10,9,9,9
1658,678,58,10,10,10,10
1659,8869,59,10,9,9,9
1660,7060,60,10,10,10,10
1661,5251,61,10,10,10,10
1662,3442,62,10,10,10,10
1663,1633,63,10,10,10,10
1664,9824,64,10,10,10,10
1665,8015,65,10,10,10,10
1666,6206,66,10,10,10,10
1667,4397,67,10,10,10,10
1668,2588,68,10,10,10,10
1669,779,69,10,7,7,7
1670,8970,70,10,10,10,10
1671,7161,71,10,10,10,10
1672,5352,72,10,9,9,9
1673,3543,73,10,10,10,10
1674,1734,74,10,10,10,10
1675,9925,75,10,10,10,10
1676,8116,76,10,10,10,10
1677,6307,77,10,10,10,10
1678,4498,78,10,7,7,7
1679,2689,79,10,10,10,10
1680,880,80,10,10,10,10
1681,9071,81,10,10,10,10
1682,7262,82,10,10,10,10
1683,5453,83,10,9,9,9
1684,3644,84,10,9,9,9
1685,1835,85,10,10,10,10
1686,26,86,10,10,10,10
1687,8217,87,10,10,10,10
1688,6408,88,10,9,9,9
1689,4599,89,10,9,9,9
1690,2790,90,10,10,10,10
1691,981,91,10,10,10,10
1692,9172,92,10,10,10,10
1693,7363,93,10,10,10,10
1694,5554,94,10,10,10,10
1695,3745,95,10,10,10,10
1696,1936,96,10,10,10,10
1697,127,97,10,10,10,10
1698,8318,98,10,10,10,10
1699,6509,99,10,8,8,8
1700,4700,0,10,8,8,8
1701,2891,1,10,10,10,10
1702,1082,2,10,10,10,10
1703,9273,3,10,10,10,10
1704,7464,4,10,10,10,10
1705,5655,5,10,10,10,10
1706,3846,6,10,10,10,10
1707,2037,7,10,10,10,10
1708,228,8,10,9,9,9
1709,8419,9,10,9,9,9
1710,6610,10,10,10,10,10
1711,4801,11,10,10,10,10
1712,2992,12,10,9,9,9
1713,1183,13,10,10,10,10
1714,9374,14,10,10,10,10
1715,7565,15,10,10,10,10
1716,5756,16,10,10,10,10
1717,3947,17,10,10,10,10
1718,2138,18,10,10,10,10
1719,329,19,10,9,9,9
1720,8520,20,10,10,10,10
1721,6711,21,10,8,8,8
1722,4902,22,10,10,10,10
1723,3093,23,10,10,10,10
1724,1284,24,10,9,9,9
1725,9475,25,10,10,10,10
1726,7666,26,10,8,8,8
1727,5857,27,10,10,10,10
1728,4048,28,10,9,9,9
1729,2239,29,10,9,9,9
1730,430,30,10,10,10,10
1731,8621,31,10,10,10,10
1732,6812,32,10,10,10,10
1733,5003,33,10,9,9,9
1734,3194,34,10,10,10,10
1735,1385,35,10,10,10,10
1736,9576,36,10,10,10,10
1737,7767,37,10,9,9,9
1738,5958,38,10,9,9,9
1739,4149,39,10,10,10,10
1740,2340,40,10,10,10,10
1741,531,41,10,8,8,8
1742,8722,42,10,9,9,9
1743,6913,43,10,9,9,9
1744,5104,44,10,10,10,10
1745,3295,45,10,10,10,10
1746,1486,46,10,9,9,9
1747,9677,47,10,9,9,9
1748,7868,48,10,10,10,10
1749,6059,49,10,10,10,10
1750,4250,50,10,10,10,10
1751,2441,51,10,10,10,10
1752,632,52,10,10,10,10
1753,8823,53,10,10,10,10
1754,7014,54,10,10,10,10
1755,5205,55,10,10,10,10
1756,3396,56,10,8,8,8
1757,1587,57,10,9,9,9
1758,9778,58,10,10,10,10
1759,7969,59,10,9,9,9
1760,6160,60,10,10,10,10
1761,4351,61,10,10,10,10
1762,2542,62,10,10,10,10
1763,733,63,10,10,10,10
1764,8924,64,10,10,10,10
1765,7115,65,10,10,10,10
1766,5306,66,10,10,10,10
1767,3497,67,10,10,10,10
1768,1688,68,10,10,10,10
1769,9879,69,10,7,7,7
1770,8070,70,10,10,10,10
1771,6261,71,10,10,10,10
1772,4452,72,10,9,9,9
1773,2643,73,10,10,10,10
1774,834,74,10,10,10,10
1775,9025,75,10,10,10,10
1776,7216,76,10,10,10,10
1777,5407,77,10,10,10,10
1778,3598,78,10,7,7,7
1779,1789,79,10,10,10,10
1780,9980,80,10,10,10,10
1781,8171,81,10,10,10,10
1782,6362,82,10,10,10,10
1783,4553,83,10,9,9,9
1784,2744,84,10,9,9,9
1785,935,85,10,10,10,10
1786,9126,86,10,10,10,10
1787,7317,87,10,10,10,10
1788,5508,88,10,10,10,10
1789,3699,89,10,9,9,9
1790,1890,90,10,10,10,10
1791,81,91,10,10,10,10
1792,8272,92,10,10,10,10
1793,6463,93,10,10,10,10
1794,4654,94,10,10,10,10
1795,2845,95,10,10,10,10
1796,1036,96,10,10,10,10
1797,9227,97,10,10,10,10
1798,7418,98,10,10,10,10
1799,5609,99,10,8,8,8
1800,3800,0,10,8,8,8
1801,1991,1,10,10,10,10
1802,182,2,10,10,10,10
1803,8373,3,10,10,10,10
1804,6564,4,10,10,10,10
1805,4755,5,10,10,10,10
1806,2946,6,10,10,10,10
1807,1137,7,10,10,10,10
1808,9328,8,10,9,9,9
1809,7519,9,10,9,9,9
1810,5710,10,10,10,10,10
1811,3901,11,10,10,10,10
1812,2092,12,10,9,9,9
1813,283,13,10,10,10,10
1814,8474,14,10,10,10,10
1815,6665,15,10,10,10,10
1816,4856,16,10,10,10,10
1817,3047,17,10,10,10,10
1818,1238,18,10,10,10,10
1819,9429,19,10,9,9,9
1820,7620,20,10,10,10,10
1821,5811,21,10,8,8,8
1822,4002,22,10,9,9,9
1823,2193,23,10,10,10,10
1824,384,24,10,9,9,9
1825,8575,25,10,10,10,10
1826,6766,26,10,8,8,8
1827,4957,27,10,10,10,10
1828,3148,28,10,9,9,9
1829,1339,29,10,9,9,9
1830,9530,30,10,10,10,10
1831,7721,31,10,10,10,10
1832,5912,32,10,10,10,10
1833,4103,33,10,9,9,9
1834,2294,34,10,10,10,10
1835,485,35,10,9,9,9
1836,8676,36,10,10,10,10
1837,6867,37,10,9,9,9
1838,5058,38,10,9,9,9
1839,3249,39,10,10,10,10
1840,1440,40,10,10,10,10
1841,9631,41,10,8,8,8
1842,7822,42,10,9,9,9
1843,6013,43,10,9,9,9
1844,4204,44,10,10,10,10
1845,2395,45,10,10,10,10
1846,586,46,10,9,9,9
1847,8777,47,10,9,9,9
1848,6968,48,10,10,10,10
1849,5159,49,10,10,10,10
1850,3350,50,10,10,10,10
1851,1541,51,10,10,10,10
1852,9732,52,10,10,10,10
1853,7923,53,10,10,10,10
1854,6114,54,10,10,10,10
1855,4305,55,10,10,10,10
1856,2496,56,10,8,8,8
1857,687,57,10,9,9,9
1858,8878,58,10,10,10,10
1859,7069,59,10,9,9,9
1860,5260,60,10,10,10,10
1861,3451,61,10,10,10,10
1862,1642,62,10,10,10,10
1863,9833,63,10,10,10,10
1864,8024,64,10,10,10,10
1865,6215,65,10,10,10,10
1866,4406,66,10,10,10,10
1867,2597,67,10,10,10,10
1868,788,68,10,10,10,10
1869,8979,69,10,7,7,7
1870,7170,70,10,10,10,10
1871,5361,71,10,10,10,10
1872,3552,72,10,9,9,9
1873,1743,73,10,10,10,10
1874,9934,74,10,10,10,10
1875,8125,75,10,10,10,10
1876,6316,76,10,10,10,10
1877,4507,77,10,10,10,10
1878,2698,78,10,7,7,7
1879,889,79,10,10,10,10
1880,9080,80,10,10,10,10
1881,7271,81,10,10,10,10
1882,5462,82,10,10,10,10
1883,3653,83,10,9,9,9
1884,1844,84,10,9,9,9
1885,35,85,10,10,10,10
1886,8226,86,10,10,10,10
1887,6417,87,10,10,10,10
1888,4608,88,10,10,10,10
1889,2799,89,10,9,9,9
1890,990,90,10,10,10,10
1891,9181,91,10,10,10,10
1892,7372,92,10,10,10,10
1893,5563,93,10,10,10,10
1894,3754,94,10,10,10,10
1895,1945,95,10,10,10,10
1896,136,96,10,10,10,10
1897,8327,97,10,10,10,10
1898,6518,98,10,10,10,10
1899,4709,99,10,8,8,8
1900,2900,0,10,8,8,8
1901,1091,1,10,10,10,10
1902,9282,2,10,10,10,10
1903,7473,3,10,10,10,10
1904,5664,4,10,10,10,10
1905,3855,5,10,10,10,10
1906,2046,6,10,10,10,10
1907,237,7,10,10,10,10
1908,8428,8,10,9,9,9
1909,6619,9,10,9,9,9
1910,4810,10,10,10,10,10
1911,3001,11,10,10,10,10
1912,1192,12,10,9,9,9
1913,9383,13,10,10,10,10
1914,7574,14,10,10,10,10
1915,5765,15,10,10,10,10
1916,3956,16,10,10,10,10
1917,2147,17,10,10,10,10
1918,338,18,10,10,10,10
1919,8529,19,10,9,9,9
1920,6720,20,10,10,10,10
1921,4911,21,10,8,8,8
1922,3102,22,10,9,9,9
1923,1293,23,10,10,10,10
1924,9484,24,10,9,9,9
1925,7675,25,10,10,10,10
1926,5866,26,10,8,8,8
1927,4057,27,10,10,10,10
1928,2248,28,10,9,9,9
1929,439,29,10,9,9,9
1930,8630,30,10,10,10,10
1931,6821,31,10,10,10,10
1932,5012,32,10,10,10,10
1933,3203,33,10,8,8,8
1934,1394,34,10,10,10,10
1935,9585,35,10,9,9,9
1936,7776,36,10,10,10,10
1937,5967,37,10,9,9,9
1938,4158,38,10,9,9,9
1939,2349,39,10,10,10,10
1940,540,40,10,10,10,10
1941,8731,41,10,8,8,8
1942,6922,42,10,9,9,9
1943,5113,43,10,9,9,9
1944,3304,44,10,10,10,10
1945,1495,45,10,10,10,10
1946,9686,46,10,9,9,9
1947,7877,47,10,9,9,9
1948,6068,48,10,10,10,10
1949,4259,49,10,10,10,10
1950,2450,50,10,10,10,10
1951,641,51,10,10,10,10
1952,8832,52,10,10,10,10
1953,7023,53,10,10,10,10
1954,5214,54,10,10,10,10
1955,3405,55,10,10,10,10
1956,1596,56,10,8,8,8
1957,9787,57,10,9,9,9
1958,7978,58,10,10,10,10
1959,6169,59,10,9,9,9
1960,4360,60,10,10,10,10
1961,2551,61,10,10,10,10
1962,742,62,10,10,10,10
1963,8933,63,10,10,10,10
1964,7124,64,10,10,10,10
1965,5315,65,10,10,10,10
1966,3506,66,10,10,10,10
1967,1697,67,10,10,10,10
1968,9888,68,10,10,10,10
1969,8079,69,10,7,7,7
1970,6270,70,10,10,10,10
1971,4461,71,10,10,10,10
1972,2652,72,10,6,6,6
1973,843,73,10,10,10,10
1974,9034,74,10,10,10,10
1975,7225,75,10,10,10,10
1976,5416,76,10,10,10,10
1977,3607,77,10,10,10,10
1978,1798,78,10,8,8,8
1979,9989,79,10,10,10,10
1980,8180,80,10,10,10,10
1981,6371,81,10,10,10,10
1982,4562,82,10,10,10,10
1983,2753,83,10,9,9,9
1984,944,84,10,9,9,9
1985,9135,85,10,10,10,10
1986,7326,86,10,10,10,10
1987,5517,87,10,10,10,10
1988,3708,88,10,9,9,9
1989,1899,89,10,9,9,9
1990,90,90,10,10,10,10
1991,8281,91,10,10,10,10
1992,6472,92,10,10,10,10
1993,4663,93,10,10,10,10
1994,2854,94,10,10,10,10
1995,1045,95,10,10,10,10
1996,9236,96,10,10,10,10
1997,7427,97,10,10,10,10
1998,5618,98,10,10,10,10
1999,3809,99,10,8,8,8
2000,2000,0,10,8,8,8
2001,191,1,10,10,10,10
2002,8382,2,10,10,10,10
2003,6573,3,10,10,10,10
2004,4764,4,10,10,10,10
2005,2955,5,10,10,10,10
2006,1146,6,10,10,10,10
2007,9337,7,10,10,10,10
2008,7528,8,10,9,9,9
2009,5719,9,10,9,9,9
2010,3910,10,10,10,10,10
2011,2101,11,10,10,10,10
2012,292,12,10,9,9,9
2013,8483,13,10,10,10,10
2014,6674,14,10,10,10,10
2015,4865,15,10,10,10,10
2016,3056,16,10,10,10,10
2017,1247,17,10,10,10,10
2018,9438,18,10,10,10,10
2019,7629,19,10,9,9,9
2020,5820,20,10,10,10,10
2021,4011,21,10,8,8,8
2022,2202,22,10,9,9,9
2023,393,23,10,10,10,10
2024,8584,24,10,9,9,9
2025,6775,25,10,10,10,10
2026,4966,26,10,8,8,8
2027,3157,27,10,10,10,10
2028,1348,28,10,9,9,9
2029,9539,29,10,9,9,9
2030,7730,30,10,10,10,10
2031,5921,31,10,10,10,10
2032,4112,32,10,10,10,10
2033,2303,33,10,8,8,8
2034,494,34,10,10,10,10
2035,8685,35,10,9,9,9
2036,6876,36,10,10,10,10
2037,5067,37,10,9,9,9
2038,3258,38,10,9,9,9
2039,1449,39,10,10,10,10
2040,9640,40,10,10,10,10
2041,7831,41,10,8,8,8
2042,6022,42,10,9,9,9
2043,4213,43,10,9,9,9
2044,2404,44,10,10,10,10
2045,595,45,10,10,10,10
2046,8786,46,10,9,9,9
2047,6977,47,10,9,9,9
2048,5168,48,10,10,10,10
2049,3359,49,10,10,10,10
2050,1550,50,10,10,10,10
2051,9741,51,10,10,10,10
2052,7932,52,10,10,10,10
2053,6123,53,10,10,10,10
2054,4314,54,10,10,10,10
2055,2505,55,10,10,10,10
2056,696,56,10,8,8,8
2057,8887,57,10,9,9,9
2058,7078,58,10,10,10,10
2059,5269,59,10,9,9,9
2060,3460,60,10,10,10,10
2061,1651,61,10,10,10,10
2062,9842,62,10,10,10,10
2063,8033,63,10,10,10,10
2064,6224,64,10,10,10,10
2065,4415,65,10,10,10,10
2066,2606,66,10,10,10,10
2067,797,67,10,10,10,10
2068,8988,68,10,10,10,10
2069,7179,69,10,7,7,7
2070,5370,70,10,10,10,10
2071,3561,71,10,10,10,10
2072,1752,72,10,6,6,6
2073,9943,73,10,10,10,10
2074,8134,74,10,10,10,10
2075,6325,75,10,10,10,10
2076,4516,76,10,10,10,10
2077,2707,77,10,10,10,10
2078,898,78,10,9,9,9
2079,9089,79,10,8,8,8
2080,7280,80,10,10,10,10
2081,5471,81,10,10,10,10
2082,3662,82,10,10,10,10
2083,1853,83,10,9,9,9
2084,44,84,10,9,9,9
2085,8235,85,10,10,10,10
2086,6426,86,10,10,10,10
2087,4617,87,10,10,10,10
2088,2808,88,10,10,9,9
2089,999,89,10,9,9,9
2090,9190,90,10,10,10,10
2091,7381,91,10,10,10,10
2092,5572,92,10,10,10,10
2093,3763,93,10,10,10,10
2094,1954,94,10,10,10,10
2095,145,95,10,10,10,10
2096,8336,96,10,10,10,10
2097,6527,97,10,10,10,10
2098,4718,98,10,10,10,10
2099,2909,99,10,8,8,8
2100,1100,0,10,9,9,9
2101,9291,1,10,10,10,10
2102,7482,2,10,10,10,10
2103,5673,3,10,10,10,10
2104,3864,4,10,10,10,10
2105,2055,5,10,10,10,10
2106,246,6,10,10,10,10
2107,8437,7,10,10,10,10
2108,6628,8,10,9,9,9
2109,4819,9,10,9,9,9
2110,3010,10,10,10,10,10
2111,1201,11,10,10,10,10
2112,9392,12,10,9,9,9
2113,7583,13,10,10,10,10
2114,5774,14,10,10,10,10
2115,3965,15,10,10,10,10
2116,2156,16,10,10,10,10
2117,347,17,10,10,10,10
2118,8538,18,10,10,10,10
2119,6729,19,10,9,9,9
2120,4920,20,10,10,10,10
2121,3111,21,10,8,8,8
2122,1302,22,10,9,9,9
2123,9493,23,10,10,10,10
2124,7684,24,10,9,9,9
2125,5875,25,10,10,10,10
2126,4066,26,10,8,8,8
2127,2257,27,10,10,10,10
2128,448,28,10,9,9,9
2129,8639,29,10,9,9,9
2130,6830,30,10,10,10,10
2131,5021,31,10,10,10,10
2132,3212,32,10,10,10,10
2133,1403,33,10,8,8,8
2134,9594,34,10,10,10,10
2135,7785,35,10,9,9,9
2136,5976,36,10,10,10,10
2137,4167,37,10,9,9,9
2138,2358,38,10,9,9,9
2139,549,39,10,10,10,10
2140,8740,40,10,10,10,10
2141,6931,41,10,8,8,8
2142,5122,42,10,9,9,9
2143,3313,43,10,9,9,9
2144,1504,44,10,10,10,10
2145,9695,45,10,10,10,10
2146,7886,46,10,9,9,9
2147,6077,47,10,9,9,9
2148,4268,48,10,10,10,10
2149,2459,49,10,10,10,10
2150,650,50,10,10,10,10
2151,8841,51,10,10,10,10
2152,7032,52,10,10,10,10
2153,5223,53,10,10,10,10
2154,3414,54,10,10,10,10
2155,1605,55,10,10,10,10
2156,9796,56,10,9,9,9
2157,7987,57,10,9,9,9
2158,6178,58,10,10,10,10
2159,4369,59,10,9,9,9
2160,2560,60,10,10,10,10
2161,751,61,10,10,10,10
2162,8942,62,10,10,10,10
2163,7133,63,10,10,10,10
2164,5324,64,10,10,10,10
2165,3515,65,10,10,10,10
2166,1706,66,10,10,10,10
2167,9897,67,10,10,10,10
2168,8088,68,10,10,10,10
2169,6279,69,10,7,7,7
2170,4470,70,10,10,10,10
2171,2661,71,10,10,10,10
2172,852,72,10,6,6,6
2173,9043,73,10,10,10,10
2174,7234,74,10,10,10,10
2175,5425,75,10,10,10,10
2176,3616,76,10,10,10,10
2177,1807,77,10,10,10,10
2178,9998,78,10,8,8,8
2179,8189,79,10,8,8,8
2180,6380,80,10,10,10,10
2181,4571,81,10,10,10,10
2182,2762,82,10,10,10,10
2183,953,83,10,9,9,9
2184,9144,84,10,9,9,9
2185,7335,85,10,10,10,10
2186,5526,86,10,10,10,10
2187,3717,87,10,10,10,10
2188,1908,88,10,9,9,9
2189,99,89,10,9,9,9
2190,8290,90,10,10,10,10
2191,6481,91,10,10,10,10
2192,4672,92,10,10,10,10
2193,2863,93,10,10,10,10
2194,1054,94,10,10,10,10
2195,9245,95,10,10,10,10
2196,7436,96,10,10,10,10
2197,5627,97,10,10,10,10
2198,3818,98,10,10,10,10
2199,2009,99,10,8,8,8
2200,200,0,10,9,9,9
2201,8391,1,10,10,10,10
2202,6582,2,10,10,10,10
2203,4773,3,10,10,10,10
2204,2964,4,10,10,10,10
2205,1155,5,10,10,10,10
2206,9346,6,10,10,10,10
2207,7537,7,10,10,10,10
2208,5728,8,10,9,9,9
2209,3919,9,10,9,9,9
2210,2110,10,10,10,10,10
2211,301,11,10,10,10,10
2212,8492,12,10,9,9,9
2213,6683,13,10,10,10,10
2214,4874,14,10,10,10,10
2215,3065,15,10,10,10,10
2216,1256,16,10,10,10,10
2217,9447,17,10,10,10,10
2218,7638,18,10,10,10,10
2219,5829,19,10,9,9,9
2220,4020,20,10,10,10,10
2221,2211,21,10,8,8,8
2222,402,22,10,9,9,9
2223,8593,23,10,10,10,10
2224,6784,24,10,9,9,9
2225,4975,25,10,10,10,10
2226,3166,26,10,8,8,8
2227,1357,27,10,10,10,10
2228,9548,28,10,9,9,9
2229,7739,29,10,9,9,9
2230,5930,30,10,10,10,10
2231,4121,31,10,10,10,10
2232,2312,32,10,10,10,10
2233,503,33,10,8,8,8
2234,8694,34,10,10,10,10
2235,6885,35,10,9,9,9
2236,5076,36,10,10,10,10
2237,3267,37,10,9,9,9
2238,1458,38,10,9,9,9
2239,9649,39,10,10,10,10
2240,7840,40,10,10,10,10
2241,6031,41,10,8,8,8
2242,4222,42,10,10,10,10
2243,2413,43,10,9,9,9
2244,604,44,10,10,10,10
2245,8795,45,10,10,10,10
2246,6986,46,10,9,9,9
2247,5177,47,10,9,9,9
2248,3368,48,10,10,10,10
2249,1559,49,10,10,10,10
2250,9750,50,10,10,10,10
2251,7941,51,10,10,10,10
2252,6132,52,10,10,10,10
2253,4323,53,10,10,10,10
2254,2514,54,10,10,10,10
2255,705,55,10,10,10,10
2256,8896,56,10,8,8,8
2257,7087,57,10,9,9,9
2258,5278,58,10,10,10,10
2259,3469,59,10,9,9,9
2260,1660,60,10,10,10,10
2261,9851,61,10,10,10,10
2262,8042,62,10,10,10,10
2263,6233,63,10,10,10,10
2264,4424,64,10,10,10,10
2265,2615,65,10,10,10,10
2266,806,66,10,10,10,10
2267,8997,67,10,10,10,10
2268,7188,68,10,10,10,10
2269,5379,69,10,7,7,7
2270,3570,70,10,10,10,10
2271,1761,71,10,10,10,10
2272,9952,72,10,6,6,6
2273,8143,73,10,10,10,10
2274,6334,74,10,10,10,10
2275,4525,75,10,10,10,10
2276,2716,76,10,10,10,10
2277,907,77,10,9,9,9
2278,9098,78,10,8,8,8
2279,7289,79,10,8,8,8
2280,5480,80,10,10,10,10
2281,3671,81,10,10,10,10
2282,1862,82,10,10,10,10
2283,53,83,10,10,10,10
2284,8244,84,10,9,9,9
2285,6435,85,10,10,10,10
2286,4626,86,10,10,10,10
2287,2817,87,10,10,10,10
2288,1008,88,10,9,9,9
2289,9199,89,10,9,9,9
2290,7390,90,10,10,10,10
2291,5581,91,10,10,10,10
2292,3772,92,10,10,10,10
2293,1963,93,10,10,10,10
2294,154,94,10,10,10,10
2295,8345,95,10,10,10,10
2296,6536,96,10,10,10,10
2297,4727,97,10,10,10,10
2298,2918,98,10,10,10,10
2299,1109,99,10,8,8,8
2300,9300,0,10,9,9,9
2301,7491,1,10,10,10,10
2302,5682,2,10,10,10,10
2303,3873,3,10,10,10,10
2304,2064,4,10,10,10,10
2305,255,5,10,10,10,10
2306,8446,6,10,10,10,10
2307,6637,7,10,10,10,10
2308,4828,8,10,9,9,9
2309,3019,9,10,9,9,9
2310,1210,10,10,10,10,10
2311,9401,11,10,10,10,10
2312,7592,12,10,9,9,9
2313,5783,13,10,10,10,10
2314,3974,14,10,10,10,10
2315,2165,15,10,10,10,10
2316,356,16,10,10,10,10
2317,8547,17,10,10,10,10
2318,6738,18,10,10,10,10
2319,4929,19,10,9,9,9
2320,3120,20,10,10,10,10
2321,1311,21,10,8,8,8
2322,9502,22,10,9,9,9
2323,7693,23,10,10,10,10
2324,5884,24,10,9,9,9
2325,4075,25,10,10,10,10
2326,2266,26,10,8,8,8
2327,457,27,10,10,10,10
2328,8648,28,10,9,9,9
2329,6839,29,10,9,9,9
2330,5030,30,10,10,10,10
2331,3221,31,10,10,10,10
2332,1412,32,10,10,10,10
2333,9603,33,10,8,8,8
2334,7794,34,10,10,10,10
2335,5985,35,10,9,9,9
2336,4176,36,10,10,10,10
2337,2367,37,10,9,9,9
2338,558,38,10,9,9,9
2339,8749,39,10,10,10,10
2340,6940,40,10,10,10,10
2341,5131,41,10,8,8,8
2342,3322,42,10,10,10,10
2343,1513,43,10,9,9,9
2344,9704,44,10,10,10,10
2345,7895,45,10,10,10,10
2346,6086,46,10,9,9,9
2347,4277,47,10,9,9,9
2348,2468,48,10,10,10,10
2349,659,49,10,10,10,10
2350,8850,50,10,10,10,10
2351,7041,51,10,10,10,10
2352,5232,52,10,10,10,10
2353,3423,53,10,10,10,10
2354,1614,54,10,10,10,10
2355,9805,55,10,10,10,10
2356,7996,56,10,8,8,8
2357,6187,57,10,9,9,9
2358,4378,58,10,10,10,10
2359,2569,59,10,9,9,9
2360,760,60,10,10,10,10
2361,8951,61,10,10,10,10
2362,7142,62,10,10,10,10
2363,5333,63,10,10,10,10
2364,3524,64,10,10,10,10
2365,1715,65,10,10,10,10
2366,9906,66,10,10,10,10
2367,8097,67,10,10,10,10
2368,6288,68,10,10,10,10
2369,4479,69,10,7,7,7
2370,2670,70,10,10,10,10
2371,861,71,10,10,10,10
2372,9052,72,10,6,6,6
2373,7243,73,10,10,10,10
2374,5434,74,10,10,10,10
2375,3625,75,10,10,10,10
2376,1816,76,10,10,10,10
2377,7,77,10,9,9,9
2378,8198,78,10,8,8,8
2379,6389,79,10,8,8,8
2380,4580,80,10,10,10,10
2381,2771,81,10,10,10,10
2382,962,82,10,10,10,10
2383,9153,83,10,9,9,9
2384,7344,84,10,9,9,9
2385,5535,85,10,10,10,10
2386,3726,86,10,10,10,10
2387,1917,87,10,10,10,10
2388,108,88,10,9,9,9
2389,8299,89,10,9,9,9
2390,6490,90,10,10,10,10
2391,4681,91,10,10,10,10
2392,2872,92,10,10,10,10
2393,1063,93,10,10,10,10
2394,9254,94,10,10,10,10
2395,7445,95,10,10,10,10
2396,5636,96,10,10,10,10
2397,3827,97,10,10,10,10
2398,2018,98,10,10,10,10
2399,209,99,10,8,8,8
2400,8400,0,10,9,9,9
2401,6591,1,10,10,10,10
2402,4782,2,10,10,10,10
2403,2973,3,10,10,10,10
2404,1164,4,10,10,10,10
2405,9355,5,10,10,10,10
2406,7546,6,10,10,10,10
2407,5737,7,10,10,10,10
2408,3928,8,10,9,9,9
2409,2119,9,10,9,9,9
2410,310,10,10,10,10,10
2411,8501,11,10,10,10,10
2412,6692,12,10,9,9,9
2413,4883,13,10,10,10,10
2414,3074,14,10,10,10,10
2415,1265,15,10,10,10,10
2416,9456,16,10,10,10,10
2417,7647,17,10,10,10,10
2418,5838,18,10,10,10,10
2419,4029,19,10,9,9,9
2420,2220,20,10,10,10,10
2421,411,21,10,8,8,8
2422,8602,22,10,9,9,9
2423,6793,23,10,10,10,10
2424,4984,24,10,9,9,9
2425,3175,25,10,10,10,10
2426,1366,26,10,9,9,9
2427,9557,27,10,10,10,10
2428,7748,28,10,9,9,9
2429,5939,29,10,9,9,9
2430,4130,30,10,10,10,10
2431,2321,31,10,10,10,10
2432,512,32,10,10,10,10
2433,8703,33,10,8,8,8
2434,6894,34,10,10,10,10
2435,5085,35,10,9,9,9
2436,3276,36,10,10,10,10
2437,1467,37,10,9,9,9
2438,9658,38,10,9,9,9
2439,7849,39,10,10,10,10
2440,6040,40,10,10,10,10
2441,4231,41,10,8,8,8
2442,2422,42,10,10,10,10
2443,613,43,10,9,9,9
2444,8804,44,10,10,10,10
2445,6995,45,10,10,10,10
2446,5186,46,10,9,9,9
2447,3377,47,10,9,9,9
2448,1568,48,10,10,10,10
2449,9759,49,10,10,10,10
2450,7950,50,10,10,10,10
2451,6141,51,10,10,10,10
2452,4332,52,10,10,10,10
2453,2523,53,10,10,10,10
2454,714,54,10,10,10,10
2455,8905,55,10,10,10,10
2456,7096,56,10,8,8,8
2457,5287,57,10,9,9,9
2458,3478,58,10,10,10,10
2459,1669,59,10,10,10,10
2460,9860,60,10,10,10,10
2461,8051,61,10,10,10,10
2462,6242,62,10,10,10,10
2463,4433,63,10,10,10,10
2464,2624,64,10,10,10,10
2465,815,65,10,10,10,10
2466,9006,66,10,10,10,10
2467,7197,67,10,10,10,10
2468,5388,68,10,10,10,10
2469,3579,69,10,7,7,7
2470,1770,70,10,10,10,10
2471,9961,71,10,10,10,10
2472,8152,72,10,6,6,6
2473,6343,73,10,10,10,10
2474,4534,74,10,10,10,10
2475,2725,75,10,10,10,10
2476,916,76,10,10,10,10
2477,9107,77,10,9,9,9
2478,7298,78,10,8,8,8
2479,5489,79,10,8,8,8
2480,3680,80,10,10,10,10
2481,1871,81,10,10,10,10
2482,62,82,10,10,10,10
2483,8253,83,10,9,9,9
2484,6444,84,10,9,9,9
2485,4635,85,10,10,10,10
2486,2826,86,10,10,10,10
2487,1017,87,10,10,10,10
2488,9208,88,10,9,9,9
2489,7399,89,10,9,9,9
2490,5590,90,10,10,10,10
2491,3781,91,10,10,10,10
2492,1972,92,10,10,10,10
2493,163,93,10,10,10,10
2494,8354,94,10,10,10,10
2495,6545,95,10,10,10,10
2496,4736,96,10,10,10,10
2497,2927,97,10,10,10,10
2498,1118,98,10,10,10,10
2499,9309,99,10,8,8,8
2500,7500,0,10,9,9,9
2501,5691,1,10,10,10,10
2502,3882,2,10,10,10,10
2503,2073,3,10,10,10,10
2504,264,4,10,10,10,10
2505,8455,5,10,10,10,10
2506,6646,6,10,10,10,10
2507,4837,7,10,10,10,10
2508,3028,8,10,9,9,9
2509,1219,9,10,10,9,9
2510,9410,10,10,10,10,10
2511,7601,11,10,10,10,10
2512,5792,12,10,8,8,8
2513,3983,13,10,10,10,10
2514,2174,14,10,10,10,10
2515,365,15,10,10,10,10
2516,8556,16,10,10,10,10
2517,6747,17,10,10,10,10
2518,4938,18,10,10,10,10
2519,3129,19,10,9,9,9
2520,1320,20,10,10,10,10
2521,9511,21,10,8,8,8
2522,7702,22,10,9,9,9
2523,5893,23,10,10,10,10
2524,4084,24,10,9,9,9
2525,2275,25,10,10,10,10
2526,466,26,10,9,9,9
2527,8657,27,10,10,10,10
2528,6848,28,10,9,9,9
2529,5039,29,10,9,9,9
2530,3230,30,10,10,10,10
2531,1421,31,10,10,10,10
2532,9612,32,10,10,10,10
2533,7803,33,10,8,8,8
2534,5994,34,10,10,10,10
2535,4185,35,10,9,9,9
2536,2376,36,10,10,10,10
2537,567,37,10,9,9,9
2538,8758,38,10,9,9,9
2539,6949,39,10,10,10,10
2540,5140,40,10,10,10,10
2541,3331,41,10,8,8,8
2542,1522,42,10,10,10,10
2543,9713,43,10,9,9,9
2544,7904,44,10,10,10,10
2545,6095,45,10,10,10,10
2546,4286,46,10,9,9,9
2547,2477,47,10,9,9,9
2548,668,48,10,10,10,10
2549,8859,49,10,10,10,10
2550,7050,50,10,10,10,10
2551,5241,51,10,10,10,10
2552,3432,52,10,10,10,10
2553,1623,53,10,10,10,10
2554,9814,54,10,10,10,10
2555,8005,55,10,10,10,10
2556,6196,56,10,8,8,8
2557,4387,57,10,9,9,9
2558,2578,58,10,10,10,10
2559,769,59,10,10,10,10
2560,8960,60,10,10,10,10
2561,7151,61,10,10,10,10
2562,5342,62,10,10,10,10
2563,3533,63,10,10,10,10
2564,1724,64,10,10,10,10
2565,9915,65,10,10,10,10
2566,8106,66,10,10,10,10
2567,6297,67,10,10,10,10
2568,4488,68,10,10,10,10
2569,2679,69,10,7,7,7
2570,870,70,10,10,10,10
2571,9061,71,10,10,10,10
2572,7252,72,10,6,6,6
2573,5443,73,10,10,10,10
2574,3634,74,10,10,10,10
2575,1825,75,10,10,10,10
2576,16,76,10,10,10,10
2577,8207,77,10,9,9,9
2578,6398,78,10,8,8,8
2579,4589,79,10,8,8,8
2580,2780,80,10,10,10,10
2581,971,81,10,10,10,10
2582,9162,82,10,10,10,10
2583,7353,83,10,9,9,9
2584,5544,84,10,9,9,9
2585,3735,85,10,10,10,10
2586,1926,86,10,10,10,10
2587,117,87,10,10,10,10
2588,8308,88,10,9,9,9
2589,6499,89,10,9,9,9
2590,4690,90,10,10,10,10
2591,2881,91,10,10,10,10
2592,1072,92,10,10,10,10
2593,9263,93,10,10,10,10
2594,7454,94,10,10,10,10
2595,5645,95,10,10,10,10
2596,3836,96,10,10,10,10
2597,2027,97,10,10,10,10
2598,218,98,10,10,10,10
2599,8409,99,10,8,8,8
2600,6600,0,10,9,9,9
2601,4791,1,10,10,10,10
2602,2982,2,10,10,10,10
2603,1173,3,10,10,10,10
2604,9364,4,10,10,10,10
2605,7555,5,10,10,10,10
2606,5746,6,10,10,10,10
2607,3937,7,10,10,10,10
2608,2128,8,10,9,9,9
2609,319,9,10,9,9,9
2610,8510,10,10,10,10,10
2611,6701,11,10,10,10,10
2612,4892,12,10,8,8,8
2613,3083,13,10,10,10,10
2614,1274,14,10,10,10,10
2615,9465,15,10,10,10,10
2616,7656,16,10,10,10,10
2617,5847,17,10,10,10,10
2618,4038,18,10,10,10,10
2619,2229,19,10,9,9,9
2620,420,20,10,10,10,10
2621,8611,21,10,8,8,8
2622,6802,22,10,9,9,9
2623,4993,23,10,10,10,10
2624,3184,24,10,9,9,9
2625,1375,25,10,10,10,10
2626,9566,26,10,9,9,9
2627,7757,27,10,10,10,10
2628,5948,28,10,9,9,9
2629,4139,29,10,9,9,9
2630,2330,30,10,10,10,10
2631,521,31,10,10,10,10
2632,8712,32,10,10,10,10
2633,6903,33,10,8,8,8
2634,5094,34,10,10,10,10
2635,3285,35,10,9,9,9
2636,1476,36,10,10,10,10
2637,9667,37,10,9,9,9
2638,7858,38,10,10,10,10
2639,6049,39,10,10,10,10
2640,4240,40,10,10,10,10
2641,2431,41,10,8,8,8
2642,622,42,10,10,10,10
2643,8813,43,10,9,9,9
2644,7004,44,10,10,10,10
2645,5195,45,10,10,10,10
2646,3386,46,10,9,9,9
2647,1577,47,10,9,9,9
2648,9768,48,10,10,9,10
2649,7959,49,10,10,10,10
2650,6150,50,10,10,10,10
2651,4341,51,10,10,10,10
2652,2532,52,10,10,10,10
2653,723,53,10,10,10,10
2654,8914,54,10,10,10,10
2655,7105,55,10,10,10,10
2656,5296,56,10,8,8,8
2657,3487,57,10,9,9,9
2658,1678,58,10,10,10,10
2659,9869,59,10,10,10,10
2660,8060,60,10,10,10,10
2661,6251,61,10,10,10,10
2662,4442,62,10,10,10,10
2663,2633,63,10,10,10,10
2664,824,64,10,10,10,10
2665,9015,65,10,10,10,10
2666,7206,66,10,10,10,10
2667,5397,67,10,10,10,10
2668,3588,68,10,10,10,10
2669,1779,69,10,7,7,7
2670,9970,70,10,10,10,10
2671,8161,71,10,10,10,10
2672,6352,72,10,6,6,6
2673,4543,73,10,10,10,10
2674,2734,74,10,10,10,10
2675,925,75,10,10,10,10
2676,9116,76,10,10,10,10
2677,7307,77,10,9,9,9
2678,5498,78,10,8,8,8
2679,3689,79,10,8,8,8
2680,1880,80,10,10,10,10
2681,71,81,10,10,10,10
2682,8262,82,10,10,10,10
2683,6453,83,10,9,9,9
2684,4644,84,10,9,9,9
2685,2835,85,10,10,10,10
2686,1026,86,10,10,10,10
2687,9217,87,10,10,10,10
2688,7408,88,10,9,9,9
2689,5599,89,10,9,9,9
2690,3790,90,10,10,10,10
2691,1981,91,10,10,10,10
2692,172,92,10,10,10,10
2693,8363,93,10,10,10,10
2694,6554,94,10,10,10,10
2695,4745,95,10,10,10,10
2696,2936,96,10,10,10,10
2697,1127,97,10,10,10,10
2698,9318,98,10,10,10,10
2699,7509,99,10,8,8,8
2700,5700,0,10,8,8,8
2701,3891,1,10,10,10,10
2702,2082,2,10,10,10,10
2703,273,3,10,10,10,10
2704,8464,4,10,10,10,10
2705,6655,5,10,10,10,10
2706,4846,6,10,10,10,10
2707,3037,7,10,10,10,10
2708,1228,8,10,9,9,9
2709,9419,9,10,9,9,9
2710,7610,10,10,10,10,10
2711,5801,11,10,10,10,10
2712,3992,12,10,8,8,8
2713,2183,13,10,10,10,10
2714,374,14,10,10,10,10
2715,8565,15,10,10,10,10
2716,6756,16,10,10,10,10
2717,4947,17,10,10,10,10
2718,3138,18,10,10,10,10
2719,1329,19,10,9,9,9
2720,9520,20,10,10,10,10
2721,7711,21,10,8,8,8
2722,5902,22,10,9,9,9
2723,4093,23,10,10,10,10
2724,2284,24,10,9,9,9
2725,475,25,10,10,10,10
2726,8666,26,10,9,9,9
2727,6857,27,10,10,10,10
2728,5048,28,10,9,9,9
2729,3239,29,10,9,9,9
2730,1430,30,10,10,10,10
2731,9621,31,10,10,10,10
2732,7812,32,10,10,10,10
2733,6003,33,10,8,8,8
2734,4194,34,10,10,10,10
2735,2385,35,10,9,9,9
2736,576,36,10,10,10,10
2737,8767,37,10,9,9,9
2738,6958,38,10,10,10,10
2739,5149,39,10,10,10,10
2740,3340,40,10,10,10,10
2741,1531,41,10,8,9,8
2742,9722,42,10,10,10,10
2743,7913,43,10,9,9,9
2744,6104,44,10,10,10,10
2745,4295,45,10,10,10,10
2746,2486,46,10,9,9,9
2747,677,47,10,9,9,9
2748,8868,48,10,10,9,10
2749,7059,49,10,10,10,10
2750,5250,50,10,10,10,10
2751,3441,51,10,10,10,10
2752,1632,52,10,10,10,10
2753,9823,53,10,10,10,10
2754,8014,54,10,10,10,10
2755,6205,55,10,10,10,10
2756,4396,56,10,8,8,8
2757,2587,57,10,9,9,9
2758,778,58,10,10,10,10
2759,8969,59,10,10,10,10
2760,7160,60,10,10,10,10
2761,5351,61,10,10,10,10
2762,3542,62,10,10,10,10
2763,1733,63,10,10,10,10
2764,9924,64,10,10,10,10
2765,8115,65,10,10,10,10
2766,6306,66,10,10,10,10
2767,4497,67,10,10,10,10
2768,2688,68,10,10,10,10
2769,879,69,10,7,7,7
2770,9070,70,10,10,10,10
2771,7261,71,10,10,10,10
2772,5452,72,10,6,6,6
2773,3643,73,10,10,10,10
2774,1834,74,10,10,10,10
2775,25,75,10,10,10,10
2776,8216,76,10,10,10,10
2777,6407,77,10,10,10,10
2778,4598,78,10,7,7,7
2779,2789,79,10,8,8,8
2780,980,80,10,10,10,10
2781,9171,81,10,10,10,10
2782,7362,82,10,10,10,10
2783,5553,83,10,9,9,9
2784,3744,84,10,9,9,9
2785,1935,85,10,10,10,10
2786,126,86,10,10,10,10
2787,8317,87,10,10,10,10
2788,6508,88,10,9,9,9
2789,4699,89,10,9,9,9
2790,2890,90,10,10,10,10
2791,1081,91,10,10,10,10
2792,9272,92,10,10,10,10
2793,7463,93,10,10,10,10
2794,5654,94,10,10,10,10
2795,3845,95,10,10,10,10
2796,2036,96,10,10,10,10
2797,227,97,10,10,10,10
2798,8418,98,10,10,10,10
2799,6609,99,10,8,8,8
2800,4800,0,10,7,7,7
2801,2991,1,10,10,10,10
2802,1182,2,10,10,10,10
2803,9373,3,10,10,10,10
2804,7564,4,10,10,10,10
2805,5755,5,10,10,10,10
2806,3946,6,10,10,10,10
2807,2137,7,10,10,10,10
2808,328,8,10,9,9,9
2809,8519,9,10,9,9,9
2810,6710,10,10,10,10,10
2811,4901,11,10,10,10,10
2812,3092,12,10,8,8,8
2813,1283,13,10,10,10,10
2814,9474,14,10,10,10,10
2815,7665,15,10,10,10,10
2816,5856,16,10,10,10,10
2817,4047,17,10,10,10,10
2818,2238,18,10,10,10,10
2819,429,19,10,8,8,8
2820,8620,20,10,10,10,10
2821,6811,21,10,8,8,8
2822,5002,22,10,9,9,9
2823,3193,23,10,10,10,10
2824,1384,24,10,9,9,9
2825,9575,25,10,10,10,10
2826,7766,26,10,9,9,9
2827,5957,27,10,10,10,10
2828,4148,28,10,9,9,9
2829,2339,29,10,9,9,9
2830,530,30,10,10,10,10
2831,8721,31,10,10,10,10
2832,6912,32,10,10,10,10
2833,5103,33,10,8,8,8
2834,3294,34,10,10,10,10
2835,1485,35,10,9,9,9
2836,9676,36,10,10,10,10
2837,7867,37,10,9,9,9
2838,6058,38,10,10,10,10
2839,4249,39,10,10,10,10
2840,2440,40,10,10,10,10
2841,631,41,10,8,9,8
2842,8822,42,10,10,10,10
2843,7013,43,10,9,9,9
2844,5204,44,10,10,10,10
2845,3395,45,10,10,10,10
2846,1586,46,10,9,9,9
2847,9777,47,10,9,9,9
2848,7968,48,10,10,9,10
2849,6159,49,10,10,10,10
2850,4350,50,10,10,10,10
2851,2541,51,10,10,10,10
2852,732,52,10,10,10,10
2853,8923,53,10,10,10,10
2854,7114,54,10,10,10,10
2855,5305,55,10,10,10,10
2856,3496,56,10,8,8,8
2857,1687,57,10,9,9,9
2858,9878,58,10,10,10,10
2859,8069,59,10,10,10,10
2860,6260,60,10,10,10,10
2861,4451,61,10,10,10,10
2862,2642,62,10,10,10,10
2863,833,63,10,10,10,10
2864,9024,64,10,10,10,10
2865,7215,65,10,10,10,10
2866,5406,66,10,10,10,10
2867,3597,67,10,10,10,10
2868,1788,68,10,10,10,10
2869,9979,69,10,7,7,7
2870,8170,70,10,10,10,10
2871,6361,71,10,10,10,10
2872,4552,72,10,6,6,6
2873,2743,73,10,10,10,10
2874,934,74,10,10,10,10
2875,9125,75,10,10,10,10
2876,7316,76,10,10,10,10
2877,5507,77,10,10,10,10
2878,3698,78,10,7,7,7
2879,1889,79,10,8,8,8
2880,80,80,10,10,10,10
2881,8271,81,10,10,10,10
2882,6462,82,10,10,10,10
2883,4653,83,10,9,9,9
2884,2844,84,10,9,9,9
2885,1035,85,10,10,10,10
2886,9226,86,10,10,10,10
2887,7417,87,10,10,10,10
2888,5608,88,10,9,9,9
2889,3799,89,10,9,9,9
2890,1990,90,10,10,10,10
2891,181,91,10,10,10,10
2892,8372,92,10,10,10,10
2893,6563,93,10,10,10,10
2894,4754,94,10,10,10,10
2895,2945,95,10,10,10,10
2896,1136,96,10,10,10,10
2897,9327,97,10,10,10,10
2898,7518,98,10,10,10,10
2899,5709,99,10,8,8,8
2900,3900,0,10,7,7,7
2901,2091,1,10,10,10,10
2902,282,2,10,10,10,10
2903,8473,3,10,10,10,10
2904,6664,4,10,10,10,10
2905,4855,5,10,10,10,10
2906,3046,6,10,10,10,10
2907,1237,7,10,10,10,10
2908,9428,8,10,9,9,9
2909,7619,9,10,9,9,9
2910,5810,10,10,10,10,10
2911,4001,11,10,10,10,10
2912,2192,12,10,8,8,8
2913,383,13,10,10,10,10
2914,8574,14,10,10,10,10
2915,6765,15,10,10,10,10
2916,4956,16,10,10,10,10
2917,3147,17,10,10,10,10
2918,1338,18,10,10,10,10
2919,9529,19,10,8,8,8
2920,7720,20,10,10,10,10
2921,5911,21,10,8,8,8
2922,4102,22,10,9,9,9
2923,2293,23,10,10,10,10
2924,484,24,10,9,9,9
2925,8675,25,10,10,10,10
2926,6866,26,10,9,9,9
2927,5057,27,10,10,10,10
2928,3248,28,10,9,9,9
2929,1439,29,10,9,9,9
2930,9630,30,10,10,10,10
2931,7821,31,10,10,10,10
2932,6012,32,10,10,10,10
2933,4203,33,10,8,8,8
2934,2394,34,10,10,10,10
2935,585,35,10,9,9,9
2936,8776,36,10,10,10,10
2937,6967,37,10,9,9,9
2938,5158,38,10,10,10,10
2939,3349,39,10,10,10,10
2940,1540,40,10,10,10,10
2941,9731,41,10,8,8,8
2942,7922,42,10,10,10,10
2943,6113,43,10,9,9,9
2944,4304,44,10,10,10,10
2945,2495,45,10,10,10,10
2946,686,46,10,9,9,9
2947,8877,47,10,9,9,9
2948,7068,48,10,10,9,10
2949,5259,49,10,10,10,10
2950,3450,50,10,10,10,10
2951,1641,51,10,10,10,10
2952,9832,52,10,10,10,10
2953,8023,53,10,10,10,10
2954,6214,54,10,10,10,10
2955,4405,55,10,10,10,10
2956,2596,56,10,8,8,8
2957,787,57,10,9,9,9
2958,8978,58,10,10,10,10
2959,7169,59,10,10,10,10
2960,5360,60,10,10,10,10
2961,3551,61,10,10,10,10
2962,1742,62,10,9,9,9
2963,9933,63,10,10,10,10
2964,8124,64,10,10,10,10
2965,6315,65,10,10,10,10
2966,4506,66,10,10,10,10
2967,2697,67,10,10,10,10
2968,888,68,10,10,10,10
2969,9079,69,10,7,7,7
2970,7270,70,10,10,10,10
2971,5461,71,10,10,10,10
2972,3652,72,10,6,6,6
2973,1843,73,10,10,10,10
2974,34,74,10,10,10,10
2975,8225,75,10,10,10,10
2976,6416,76,10,10,10,10
2977,4607,77,10,10,10,10
2978,2798,78,10,7,7,7
2979,989,79,10,8,8,8
2980,9180,80,10,10,10,10
2981,7371,81,10,10,10,10
2982,5562,82,10,10,10,10
2983,3753,83,10,9,9,9
2984,1944,84,10,9,9,9
2985,135,85,10,10,10,10
2986,8326,86,10,10,10,10
2987,6517,87,10,10,10,10
2988,4708,88,10,9,9,9
2989,2899,89,10,9,9,9
2990,1090,90,10,10,10,10
2991,9281,91,10,10,10,10
2992,7472,92,10,10,10,10
2993,5663,93,10,10,10,10
2994,3854,94,10,10,10,10
2995,2045,95,10,10,10,10
2996,236,96,10,10,10,10
2997,8427,97,10,10,10,10
2998,6618,98,10,10,10,10
2999,4809,99,10,8,8,8
3000,3000,0,10,7,7,7
3001,1191,1,10,10,10,10
3002,9382,2,10,10,10,10
3003,7573,3,10,10,10,10
3004,5764,4,10,10,10,10
3005,3955,5,10,10,10,10
3006,2146,6,10,10,10,10
3007,337,7,10,10,10,10
3008,8528,8,10,9,9,9
3009,6719,9,10,9,9,9
3010,4910,10,10,10,10,10
3011,3101,11,10,10,10,10
3012,1292,12,10,8,8,8
3013,9483,13,10,10,10,10
3014,7674,14,10,10,10,10
3015,5865,15,10,10,10,10
3016,4056,16,10,10,10,10
3017,2247,17,10,10,10,10
3018,438,18,10,10,10,10
3019,8629,19,10,8,8,8
3020,6820,20,10,10,10,10
3021,5011,21,10,8,8,8
3022,3202,22,10,9,9,9
3023,1393,23,10,10,10,10
3024,9584,24,10,9,9,9
3025,7775,25,10,10,10,10
3026,5966,26,10,9,9,9
3027,4157,27,10,10,10,10
3028,2348,28,10,9,9,9
3029,539,29,10,9,9,9
3030,8730,30,10,10,10,10
3031,6921,31,10,10,10,10
3032,5112,32,10,10,10,10
3033,3303,33,10,8,8,8
3034,1494,34,10,10,10,10
3035,9685,35,10,9,9,9
3036,7876,36,10,10,10,10
3037,6067,37,10,9,9,9
3038,4258,38,10,10,10,10
3039,2449,39,10,10,10,10
3040,640,40,10,10,10,10
3041,8831,41,10,8,8,8
3042,7022,42,10,10,10,10
3043,5213,43,10,9,9,9
3044,3404,44,10,10,10,10
3045,1595,45,10,10,10,10
3046,9786,46,10,9,9,9
3047,7977,47,10,9,9,9
3048,6168,48,10,10,9,10
3049,4359,49,10,10,10,10
3050,2550,50,10,10,10,10
3051,741,51,10,10,10,10
3052,8932,52,10,10,10,10
3053,7123,53,10,10,10,10
3054,5314,54,10,10,10,10
3055,3505,55,10,10,10,10
3056,1696,56,10,8,8,8
3057,9887,57,10,9,9,9
3058,8078,58,10,10,10,10
3059,6269,59,10,10,10,10
3060,4460,60,10,10,10,10
3061,2651,61,10,10,10,10
3062,842,62,10,9,9,9
3063,9033,63,10,10,10,10
3064,7224,64,10,10,10,10
3065,5415,65,10,10,10,10
3066,3606,66,10,10,10,10
3067,1797,67,10,10,10,10
3068,9988,68,10,10,10,10
3069,8179,69,10,7,7,7
3070,6370,70,10,10,10,10
3071,4561,71,10,10,10,10
3072,2752,72,10,6,6,6
3073,943,73,10,10,10,10
3074,9134,74,10,10,10,10
3075,7325,75,10,10,10,10
3076,5516,76,10,10,10,10
3077,3707,77,10,10,10,10
3078,1898,78,10,7,7,7
3079,89,79,10,8,8,8
3080,8280,80,10,10,10,10
3081,6471,81,10,10,10,10
3082,4662,82,10,10,10,10
3083,2853,83,10,9,9,9
3084,1044,84,10,9,9,9
3085,9235,85,10,10,10,10
3086,7426,86,10,10,10,10
3087,5617,87,10,10,10,10
3088,3808,88,10,9,9,9
3089,1999,89,10,9,9,9
3090,190,90,10,10,10,10
3091,8381,91,10,10,10,10
3092,6572,92,10,10,10,10
3093,4763,93,10,10,10,10
3094,2954,94,10,10,10,10
3095,1145,95,10,10,10,10
3096,9336,96,10,10,10,10
3097,7527,97,10,10,10,10
3098,5718,98,10,10,10,10
3099,3909,99,10,8,8,8
3100,2100,0,10,7,7,7
3101,291,1,10,10,10,10
3102,8482,2,10,10,10,10
3103,6673,3,10,10,10,10
3104,4864,4,10,10,10,10
3105,3055,5,10,10,10,10
3106,1246,6,10,10,10,10
3107,9437,7,10,10,10,10
3108,7628,8,10,9,9,9
3109,5819,9,10,9,9,9
3110,4010,10,10,10,10,10
3111,2201,11,10,10,10,10
3112,392,12,10,8,8,8
3113,8583,13,10,10,10,10
3114,6774,14,10,10,10,10
3115,4965,15,10,10,10,10
3116,3156,16,10,10,10,10
3117,1347,17,10,10,10,10
3118,9538,18,10,10,10,10
3119,7729,19,10,8,8,8
3120,5920,20,10,10,10,10
3121,4111,21,10,8,8,8
3122,2302,22,10,9,9,9
3123,493,23,10,10,10,10
3124,8684,24,10,9,9,9
3125,6875,25,10,10,10,10
3126,5066,26,10,9,9,9
3127,3257,27,10,10,10,10
3128,1448,28,10,9,9,9
3129,9639,29,10,9,9,9
3130,7830,30,10,10,10,10
3131,6021,31,10,9,9,9
3132,4212,32,10,10,10,10
3133,2403,33,10,8,8,8
3134,594,34,10,10,10,10
3135,8785,35,10,9,9,9
3136,6976,36,10,10,10,10
3137,5167,37,10,9,9,9
3138,3358,38,10,10,10,10
3139,1549,39,10,10,10,10
3140,9740,40,10,10,10,10
3141,7931,41,10,8,8,8
3142,6122,42,10,10,10,10
3143,4313,43,10,9,9,9
3144,2504,44,10,10,10,10
3145,695,45,10,10,10,10
3146,8886,46,10,9,9,9
3147,7077,47,10,9,9,9
3148,5268,48,10,10,9,10
3149,3459,49,10,10,10,10
3150,1650,50,10,10,10,10
3151,9841,51,10,10,10,10
3152,8032,52,10,10,10,10
3153,6223,53,10,10,10,10
3154,4414,54,10,10,10,10
3155,2605,55,10,10,10,10
3156,796,56,10,8,8,8
3157,8987,57,10,9,9,9
3158,7178,58,10,10,10,10
3159,5369,59,10,10,10,10
3160,3560,60,10,10,10,10
3161,1751,61,10,10,10,10
3162,9942,62,10,9,9,9
3163,8133,63,10,10,10,10
3164,6324,64,10,10,10,10
3165,4515,65,10,10,10,10
3166,2706,66,10,10,10,10
3167,897,67,10,10,10,10
3168,9088,68,10,10,10,10
3169,7279,69,10,7,7,7
3170,5470,70,10,10,10,10
3171,3661,71,10,10,10,10
3172,1852,72,10,8,8,8
3173,43,73,10,10,10,10
3174,8234,74,10,10,10,10
3175,6425,75,10,10,10,10
3176,4616,76,10,10,10,10
3177,2807,77,10,10,10,10
3178,998,78,10,7,7,7
3179,9189,79,10,8,8,8
3180,7380,80,10,10,10,10
3181,5571,81,10,10,10,10
3182,3762,82,10,10,10,10
3183,1953,83,10,9,9,9
3184,144,84,10,9,9,9
3185,8335,85,10,10,10,10
3186,6526,86,10,10,10,10
3187,4717,87,10,10,10,10
3188,2908,88,10,9,9,9
3189,1099,89,10,9,9,9
3190,9290,90,10,10,10,10
3191,7481,91,10,10,10,10
3192,5672,92,10,10,10,10
3193,3863,93,10,10,10,10
3194,2054,94,10,10,10,10
3195,245,95,10,10,10,10
3196,8436,96,10,10,10,10
3197,6627,97,10,10,10,10
3198,4818,98,10,10,10,10
3199,3009,99,10,8,8,8
3200,1200,0,10,7,7,7
3201,9391,1,10,10,10,10
3202,7582,2,10,10,10,10
3203,5773,3,10,10,10,10
3204,3964,4,10,10,10,10
3205,2155,5,10,10,10,10
3206,346,6,10,10,10,10
3207,8537,7,10,10,10,10
3208,6728,8,10,9,9,9
3209,4919,9,10,9,9,9
3210,3110,10,10,10,10,10
3211,1301,11,10,10,10,10
3212,9492,12,10,8,8,8
3213,7683,13,10,10,10,10
3214,5874,14,10,10,10,10
3215,4065,15,10,10,10,10
3216,2256,16,10,10,10,10
3217,447,17,10,10,10,10
3218,8638,18,10,10,10,10
3219,6829,19,10,8,8,8
3220,5020,20,10,10,10,10
3221,3211,21,10,8,8,8
3222,1402,22,10,9,9,9
3223,9593,23,10,10,10,10
3224,7784,24,10,9,9,9
3225,5975,25,10,10,10,10
3226,4166,26,10,9,9,9
3227,2357,27,10,10,10,10
3228,548,28,10,9,9,9
3229,8739,29,10,10,10,10
3230,6930,30,10,10,10,10
3231,5121,31,10,9,9,9
3232,3312,32,10,10,10,10
3233,1503,33,10,9,8,9
3234,9694,34,10,10,10,10
3235,7885,35,10,9,9,9
3236,6076,36,10,10,10,10
3237,4267,37,10,9,9,9
3238,2458,38,10,10,10,10
3239,649,39,10,10,10,10
3240,8840,40,10,10,10,10
3241,7031,41,10,8,8,8
3242,5222,42,10,10,10,10
3243,3413,43,10,9,9,9
3244,1604,44,10,10,10,10
3245,9795,45,10,10,10,10
3246,7986,46,10,9,9,9
3247,6177,47,10,9,9,9
3248,4368,48,10,10,9,10
3249,2559,49,10,10,10,10
3250,750,50,10,10,10,10
3251,8941,51,10,10,10,10
3252,7132,52,10,10,10,10
3253,5323,53,10,10,10,10
3254,3514,54,10,10,10,10
3255,1705,55,10,10,10,10
3256,9896,56,10,8,8,8
3257,8087,57,10,9,9,9
3258,6278,58,10,10,10,10
3259,4469,59,10,10,10,10
3260,2660,60,10,10,10,10
3261,851,61,10,10,10,10
3262,9042,62,10,10,10,10
3263,7233,63,10,9,9,9
3264,5424,64,10,10,10,10
3265,3615,65,10,10,10,10
3266,1806,66,10,10,10,10
3267,9997,67,10,10,10,10
3268,8188,68,10,10,10,10
3269,6379,69,10,7,7,7
3270,4570,70,10,10,10,10
3271,2761,72,10,8,8,8
3272,952,72,10,8,8,8
3273,9143,73,10,10,10,10
3274,7334,74,10,10,10,10
3275,5525,75,10,10,10,10
3276,3716,76,10,10,10,10
3277,1907,77,10,10,10,10
3278,98,78,10,7,7,7
3279,8289,79,10,8,8,8
3280,6480,80,10,10,10,10
3281,4671,81,10,10,10,10
3282,2862,82,10,10,10,10
3283,1053,83,10,9,9,9
3284,9244,84,10,9,9,9
3285,7435,85,10,10,10,10
3286,5626,86,10,10,10,10
3287,3817,87,10,10,10,10
3288,2008,88,10,9,9,9
3289,199,89,10,9,9,9
3290,8390,90,10,10,10,10
3291,6581,91,10,10,10,10
3292,4772,92,10,10,10,10
3293,2963,93,10,10,10,10
3294,1154,94,10,10,10,10
3295,9345,95,10,10,10,10
3296,7536,96,10,10,10,10
3297,5727,97,10,10,10,10
3298,3918,98,10,10,10,10
3299,2109,99,10,8,8,8
3300,300,0,10,7,7,7
3301,8491,1,10,10,10,10
3302,6682,2,10,10,10,10
3303,4873,3,10,10,10,10
3304,3064,4,10,10,10,10
3305,1255,5,10,10,10,10
3306,9446,6,10,10,10,10
3307,7637,7,10,10,10,10
3308,5828,8,10,9,9,9
3309,4019,9,10,9,9,9
3310,2210,10,10,10,10,10
3311,401,11,10,10,10,10
3312,8592,12,10,8,8,8
3313,6783,13,10,10,10,10
3314,4974,14,10,10,10,10
3315,3165,15,10,10,10,10
3316,1356,16,10,10,10,10
3317,9547,17,10,10,10,10
3318,7738,18,10,10,10,10
3319,5929,19,10,8,8,8
3320,4120,20,10,10,10,10
3321,2311,21,10,8,8,8
3322,502,22,10,9,9,9
3323,8693,23,10,10,10,10
3324,6884,24,10,9,9,9
3325,5075,25,10,10,10,10
3326,3266,26,10,9,9,9
3327,1457,27,10,10,10,10
3328,9648,28,10,9,9,9
3329,7839,29,10,10,10,10
3330,6030,30,10,10,10,10
3331,4221,31,10,9,9,9
3332,2412,32,10,10,10,10
3333,603,33,10,8,8,8
3334,8794,34,10,10,10,10
3335,6985,35,10,9,9,9
3336,5176,36,10,10,10,10
3337,3367,38,10,10,10,10
3338,1558,38,10,10,10,10
3339,9749,39,10,10,10,10
3340,7940,40,10,10,10,10
3341,6131,41,10,8,8,8
3342,4322,42,10,10,10,10
3343,2513,43,10,9,9,9
3344,704,44,10,10,10,10
3345,8895,45,10,10,10,10
3346,7086,46,10,9,9,9
3347,5277,47,10,9,9,9
3348,3468,48,10,10,9,10
3349,1659,49,10,10,10,10
3350,9850,50,10,10,10,10
3351,8041,51,10,10,10,10
3352,6232,52,10,10,10,10
3353,4423,53,10,10,10,10
3354,2614,54,10,10,10,10
3355,805,55,10,10,10,10
3356,8996,56,10,8,8,8
3357,7187,57,10,9,9,9
3358,5378,58,10,10,10,10
3359,3569,59,10,10,10,10
3360,1760,60,10,10,10,10
3361,9951,61,10,10,10,10
3362,8142,62,10,10,10,10
3363,6333,63,10,9,9,9
3364,4524,64,10,10,10,10
3365,2715,65,10,10,10,10
3366,906,66,10,10,10,10
3367,9097,67,10,10,10,10
3368,7288,68,10,10,10,10
3369,5479,69,10,7,7,7
3370,3670,70,10,10,10,10
3371,1861,71,10,10,10,10
3372,52,72,10,8,8,8
3373,8243,73,10,10,10,10
3374,6434,74,10,10,10,10
3375,4625,75,10,10,10,10
3376,2816,76,10,10,10,10
3377,1007,77,10,10,10,10
3378,9198,78,10,7,7,7
3379,7389,79,10,10,10,10
3380,5580,80,10,10,10,10
3381,3771,81,10,10,10,10
3382,1962,82,10,10,10,10
3383,153,83,10,10,10,10
3384,8344,84,10,9,9,9
3385,6535,85,10,10,10,10
3386,4726,86,10,10,10,10
3387,2917,87,10,10,10,10
3388,1108,88,10,9,9,9
3389,9299,89,10,9,9,9
3390,7490,90,10,10,10,10
3391,5681,91,10,10,10,10
3392,3872,92,10,10,10,10
3393,2063,93,10,10,10,10
3394,254,94,10,10,10,10
3395,8445,95,10,10,10,10
3396,6636,96,10,10,10,10
3397,4827,97,10,10,10,10
3398,3018,98,10,10,10,10
3399,1209,99,10,8,8,8
3400,9400,0,10,7,7,7
3401,7591,1,10,10,10,10
3402,5782,2,10,10,10,10
3403,3973,3,10,10,10,10
3404,2164,4,10,10,10,10
3405,355,5,10,10,10,10
3406,8546,6,10,10,10,10
3407,6737,7,10,10,10,10
3408,4928,8,10,9,9,9
3409,3119,9,10,9,9,9
3410,1310,10,10,10,10,10
3411,9501,11,10,10,10,10
3412,7692,12,10,8,8,8
3413,5883,13,10,10,10,10
3414,4074,14,10,10,10,10
3415,2265,15,10,10,10,10
3416,456,16,10,10,10,10
3417,8647,17,10,10,10,10
3418,6838,18,10,10,10,10
3419,5029,19,10,8,8,8
3420,3220,20,10,10,10,10
3421,1411,21,10,8,8,8
3422,9602,22,10,9,9,9
3423,7793,23,10,10,10,10
3424,5984,24,10,9,9,9
3425,4175,25,10,10,10,10
3426,2366,26,10,9,9,9
3427,557,27,10,10,10,10
3428,8748,28,10,9,9,9
3429,6939,29,10,10,10,10
3430,5130,30,10,10,10,10
3431,3321,31,10,9,9,9
3432,1512,32,10,10,10,10
3433,9703,33,10,8,8,8
3434,7894,34,10,10,10,10
3435,6085,35,10,9,9,9
3436,4276,36,10,10,10,10
3437,2467,37,10,9,9,9
3438,658,38,10,10,10,10
3439,8849,39,10,10,10,10
3440,7040,40,10,10,10,10
3441,5231,41,10,8,8,8
3442,3422,42,10,10,10,10
3443,1613,43,10,9,9,9
3444,9804,44,10,10,10,10
3445,7995,45,10,10,10,10
3446,6186,46,10,9,9,9
3447,4377,47,10,9,9,9
3448,2568,48,10,10,9,10
3449,759,49,10,10,10,10
3450,8950,50,10,10,10,10
3451,7141,51,10,10,10,10
3452,5332,52,10,10,10,10
3453,3523,53,10,10,10,10
3454,1714,54,10,10,10,10
3455,9905,55,10,10,10,10
3456,8096,56,10,8,8,8
3457,6287,57,10,9,9,9
3458,4478,58,10,10,10,10
3459,2669,59,10,10,10,10
3460,860,60,10,10,10,10
3461,9051,61,10,10,10,10
3462,7242,62,10,10,10,10
3463,5433,63,10,9,9,9
3464,3624,64,10,10,10,10
3465,1815,65,10,10,10,10
3466,6,66,10,9,9,9
3467,8197,67,10,10,10,10
3468,6388,68,10,10,10,10
3469,4579,69,10,7,7,7
3470,2770,70,10,10,10,10
3471,961,71,10,10,10,10
3472,9152,72,10,8,8,8
3473,7343,73,10,10,10,10
3474,5534,74,10,10,10,10
3475,3725,75,10,10,10,10
3476,1916,76,10,10,10,10
3477,107,77,10,10,10,10
3478,8298,78,10,8,8,8
3479,6489,79,10,10,10,10
3480,4680,80,10,10,10,10
3481,2871,81,10,10,10,10
3482,1062,82,10,10,10,10
3483,9253,83,10,10,10,10
3484,7444,84,10,9,9,9
3485,5635,85,10,10,10,10
3486,3826,86,10,10,10,10
3487,2017,87,10,10,10,10
3488,208,88,10,9,9,9
3489,8399,89,10,9,9,9
3490,6590,90,10,10,10,10
3491,4781,91,10,10,10,10
3492,2972,92,10,10,10,10
3493,1163,93,10,10,10,10
3494,9354,94,10,10,10,10
3495,7545,95,10,10,10,10
3496,5736,96,10,10,10,10
3497,3927,97,10,10,10,10
3498,2118,98,10,10,10,10
3499,309,99,10,8,8,8
3500,8500,0,10,7,7,7
3501,6691,1,10,10,10,10
3502,4882,2,10,10,10,10
3503,3073,3,10,10,10,10
3504,1264,4,10,10,10,10
3505,9455,5,10,10,10,10
3506,7646,6,10,10,10,10
3507,5837,7,10,10,10,10
3508,4028,8,10,9,9,9
3509,2219,9,10,9,9,9
3510,410,10,10,10,10,10
3511,8601,11,10,10,10,10
3512,6792,12,10,8,8,8
3513,4983,13,10,10,10,10
3514,3174,14,10,10,10,10
3515,1365,15,10,10,10,10
3516,9556,16,10,10,10,10
3517,7747,17,10,10,10,10
3518,5938,18,10,10,10,10
3519,4129,19,10,8,8,8
3520,2320,20,10,10,10,10
3521,511,21,10,8,8,8
3522,8702,22,10,9,9,9
3523,6893,23,10,10,10,10
3524,5084,25,10,10,10,10
3525,3275,25,10,10,10,10
3526,1466,26,10,9,9,9
3527,9657,27,10,10,10,10
3528,7848,28,10,9,9,9
3529,6039,29,10,10,10,10
3530,4230,30,10,10,10,10
3531,2421,31,10,9,9,9
3532,612,32,10,10,10,10
3533,8803,33,10,8,8,8
3534,6994,34,10,10,10,10
3535,5185,35,10,9,9,9
3536,3376,36,10,10,10,10
3537,1567,37,10,9,9,9
3538,9758,38,10,10,10,10
3539,7949,39,10,10,10,10
3540,6140,40,10,10,10,10
3541,4331,41,10,8,8,8
3542,2522,42,10,10,10,10
3543,713,43,10,9,9,9
3544,8904,44,10,10,10,10
3545,7095,45,10,10,10,10
3546,5286,46,10,9,9,9
3547,3477,47,10,9,9,9
3548,1668,48,10,10,9,10
3549,9859,49,10,10,10,10
3550,8050,50,10,10,10,10
3551,6241,51,10,10,10,10
3552,4432,52,10,10,10,10
3553,2623,53,10,10,10,10
3554,814,54,10,10,10,10
3555,9005,55,10,10,10,10
3556,7196,56,10,8,8,8
3557,5387,57,10,9,9,9
3558,3578,58,10,10,10,10
3559,1769,59,10,10,10,10
3560,9960,60,10,10,10,10
3561,8151,61,10,10,10,10
3562,6342,62,10,9,9,9
3563,4533,63,10,9,9,9
3564,2724,64,10,10,10,10
3565,915,65,10,10,10,10
3566,9106,66,10,9,9,9
3567,7297,67,10,10,10,10
3568,5488,68,10,10,10,10
3569,3679,69,10,7,7,7
3570,1870,70,10,10,10,10
3571,61,71,10,10,10,10
3572,8252,72,10,8,8,8
3573,6443,73,10,10,10,10
3574,4634,74,10,10,10,10
3575,2825,75,10,10,10,10
3576,1016,76,10,10,10,10
3577,9207,77,10,10,10,10
3578,7398,78,10,8,8,8
3579,5589,79,10,10,10,10
3580,3780,80,10,10,10,10
3581,1971,81,10,10,10,10
3582,162,82,10,10,10,10
3583,8353,83,10,10,10,10
3584,6544,84,10,9,9,9
3585,4735,85,10,10,10,10
3586,2926,86,10,10,10,10
3587,1117,87,10,10,10,10
3588,9308,88,10,9,9,9
3589,7499,89,10,9,9,9
3590,5690,90,10,10,10,10
3591,3881,91,10,10,10,10
3592,2072,92,10,10,10,10
3593,263,93,10,10,10,10
3594,8454,94,10,10,10,10
3595,6645,95,10,10,10,10
3596,4836,96,10,10,10,10
3597,3027,97,10,10,10,10
3598,1218,98,10,10,10,10
3599,9409,99,10,8,8,8
3600,7600,0,10,7,7,7
3601,5791,1,10,10,10,10
3602,3982,2,10,10,10,10
3603,2173,3,10,10,10,10
3604,364,4,10,10,10,10
3605,8555,5,10,10,10,10
3606,6746,6,10,10,10,10
3607,4937,7,10,10,10,10
3608,3128,8,10,9,9,9
3609,1319,9,10,9,9,9
3610,9510,10,10,10,10,10
3611,7701,11,10,10,10,10
3612,5892,12,10,8,8,8
3613,4083,13,10,10,10,10
3614,2274,14,10,10,10,10
3615,465,15,10,10,10,10
3616,8656,16,10,10,10,10
3617,6847,17,10,10,10,10
3618,5038,18,10,10,10,10
3619,3229,19,10,8,8,8
3620,1420,20,10,10,10,10
3621,9611,21,10,8,8,8
3622,7802,22,10,9,9,9
3623,5993,23,10,10,10,10
3624,4184,24,10,10,10,10
3625,2375,25,10,10,10,10
3626,566,26,10,9,9,9
3627,8757,27,10,10,10,10
3628,6948,28,10,9,9,9
3629,5139,29,10,10,10,10
3630,3330,30,10,10,10,10
3631,1521,31,10,9,9,9
3632,9712,32,10,10,10,10
3633,7903,33,10,8,8,8
3634,6094,34,10,10,10,10
3635,4285,35,10,9,9,9
3636,2476,36,10,10,10,10
3637,667,37,10,9,9,9
3638,8858,38,10,10,10,10
3639,7049,39,10,10,10,10
3640,5240,40,10,10,10,10
3641,3431,41,10,9,9,9
3642,1622,42,10,10,10,10
3643,9813,43,10,9,9,9
3644,8004,44,10,10,10,10
3645,6195,45,10,10,10,10
3646,4386,46,10,9,9,9
3647,2577,47,10,9,9,9
3648,768,48,10,9,9,9
3649,8959,49,10,10,10,10
3650,7150,50,10,10,10,10
3651,5341,51,10,10,10,10
3652,3532,52,10,10,10,10
3653,1723,53,10,10,10,10
3654,9914,54,10,10,10,10
3655,8105,55,10,10,10,10
3656,6296,56,10,8,8,8
3657,4487,57,10,9,9,9
3658,2678,58,10,10,10,10
3659,869,59,10,10,10,10
3660,9060,60,10,10,10,10
3661,7251,61,10,10,10,10
3662,5442,62,10,9,9,9
3663,3633,63,10,9,9,9
3664,1824,64,10,10,10,10
3665,15,65,10,10,10,10
3666,8206,66,10,9,9,9
3667,6397,67,10,10,10,10
3668,4588,68,10,10,10,10
3669,2779,69,10,7,7,7
3670,970,70,10,10,10,10
3671,9161,71,10,10,10,10
3672,7352,72,10,8,8,8
3673,5543,73,10,10,10,10
3674,3734,74,10,10,10,10
3675,1925,75,10,10,10,10
3676,116,76,10,10,10,10
3677,8307,77,10,10,10,10
3678,6498,78,10,8,8,8
3679,4689,79,10,10,10,10
3680,2880,80,10,10,10,10
3681,1071,81,10,10,10,10
3682,9262,82,10,10,10,10
3683,7453,83,10,10,10,10
3684,5644,84,10,9,9,9
3685,3835,85,10,10,10,10
3686,2026,86,10,10,10,10
3687,217,87,10,10,10,10
3688,8408,88,10,10,10,10
3689,6599,89,10,9,9,9
3690,4790,90,10,10,10,10
3691,2981,91,10,10,10,10
3692,1172,92,10,10,10,10
3693,9363,93,10,10,10,10
3694,7554,94,10,10,10,10
3695,5745,95,10,10,10,10
3696,3936,96,10,10,10,10
3697,2127,97,10,10,10,10
3698,318,98,10,10,10,10
3699,8509,99,10,8,8,8
3700,6700,0,10,7,7,7
3701,4891,1,10,10,10,10
3702,3082,2,10,10,10,10
3703,1273,3,10,10,10,10
3704,9464,4,10,10,10,10
3705,7655,5,10,10,10,10
3706,5846,6,10,10,10,10
3707,4037,7,10,10,10,10
3708,2228,8,10,9,9,9
3709,419,9,10,9,9,9
3710,8610,10,10,10,10,10
3711,6801,11,10,10,10,10
3712,4992,12,10,8,8,8
3713,3183,13,10,10,10,10
3714,1374,14,10,10,10,10
3715,9565,15,10,10,10,10
3716,7756,16,10,10,10,10
3717,5947,17,10,10,10,10
3718,4138,18,10,10,10,10
3719,2329,19,10,10,10,10
3720,520,20,10,10,10,10
3721,8711,21,10,8,8,8
3722,6902,22,10,9,9,9
3723,5093,23,10,10,10,10
3724,3284,24,10,10,10,10
3725,1475,25,10,10,10,10
3726,9666,26,10,9,9,9
3727,7857,27,10,10,10,10
3728,6048,28,10,9,9,9
3729,4239,29,10,10,10,10
3730,2430,30,10,10,10,10
3731,621,31,10,9,9,9
3732,8812,32,10,10,10,10
3733,7003,33,10,9,8,9
3734,5194,34,10,10,10,10
3735,3385,35,10,9,9,9
3736,1576,36,10,10,10,10
3737,9767,37,10,9,9,9
3738,7958,38,10,10,10,10
3739,6149,39,10,10,10,10
3740,4340,40,10,10,10,10
3741,2531,41,10,9,9,9
3742,722,42,10,10,10,10
3743,8913,43,10,9,9,9
3744,7104,44,10,10,10,10
3745,5295,45,10,10,10,10
3746,3486,46,10,9,9,9
3747,1677,47,10,9,9,9
3748,9868,48,10,9,9,9
3749,8059,49,10,10,10,10
3750,6250,50,10,10,10,10
3751,4441,51,10,10,10,10
3752,2632,52,10,10,10,10
3753,823,53,10,10,10,10
3754,9014,54,10,10,10,10
3755,7205,55,10,10,10,10
3756,5396,56,10,8,8,8
3757,3587,57,10,9,9,9
3758,1778,58,10,10,10,10
3759,9969,59,10,10,10,10
3760,8160,60,10,10,10,10
3761,6351,61,10,10,10,10
3762,4542,62,10,9,9,9
3763,2733,63,10,10,10,10
3764,924,64,10,10,10,10
3765,9115,65,10,10,10,10
3766,7306,66,10,9,9,9
3767,5497,67,10,10,10,10
3768,3688,68,10,10,10,10
3769,1879,69,10,7,7,7
3770,70,70,10,10,10,10
3771,8261,71,10,10,10,10
3772,6452,72,10,8,8,8
3773,4643,73,10,10,10,10
3774,2834,74,10,10,10,10
3775,1025,75,10,10,10,10
3776,9216,76,10,10,10,10
3777,7407,77,10,10,10,10
3778,5598,78,10,8,8,8
3779,3789,79,10,10,10,10
3780,1980,80,10,10,10,10
3781,171,81,10,10,10,10
3782,8362,82,10,10,10,10
3783,6553,83,10,10,10,10
3784,4744,84,10,9,9,9
3785,2935,85,10,10,10,10
3786,1126,86,10,10,10,10
3787,9317,87,10,10,10,10
3788,7508,88,10,10,10,10
3789,5699,89,10,9,9,9
3790,3890,90,10,10,10,10
3791,2081,91,10,10,10,10
3792,272,92,10,10,10,10
3793,8463,93,10,10,10,10
3794,6654,94,10,10,10,10
3795,4845,95,10,10,10,10
3796,3036,96,10,10,10,10
3797,1227,97,10,10,10,10
3798,9418,98,10,10,10,10
3799,7609,99,10,8,8,8
3800,5800,0,10,7,7,7
3801,3991,1,10,10,10,10
3802,2182,2,10,10,10,10
3803,373,3,10,10,10,10
3804,8564,4,10,10,10,10
3805,6755,5,10,10,10,10
3806,4946,6,10,10,10,10
3807,3137,7,10,10,10,10
3808,1328,8,10,9,9,9
3809,9519,9,10,9,9,9
3810,7710,10,10,10,10,10
3811,5901,11,10,10,10,10
3812,4092,12,10,8,8,8
3813,2283,13,10,10,10,10
3814,474,14,10,10,10,10
3815,8665,15,10,10,10,10
3816,6856,16,10,10,10,10
3817,5047,17,10,10,10,10
3818,3238,18,10,10,10,10
3819,1429,19,10,10,10,10
3820,9620,20,10,10,10,10
3821,7811,21,10,8,8,8
3822,6002,22,10,10,10,10
3823,4193,23,10,10,10,10
3824,2384,24,10,10,10,10
3825,575,25,10,10,10,10
3826,8766,26,10,9,9,9
3827,6957,27,10,10,10,10
3828,5148,28,10,9,9,9
3829,3339,29,10,10,10,10
3830,1530,30,10,10,10,10
3831,9721,31,10,9,9,9
3832,7912,32,10,10,10,10
3833,6103,33,10,8,8,8
3834,4294,34,10,10,10,10
3835,2485,35,10,9,9,9
3836,676,36,10,10,10,10
3837,8867,37,10,9,9,9
3838,7058,38,10,10,10,10
3839,5249,39,10,10,10,10
3840,3440,40,10,10,10,10
3841,1631,41,10,9,9,9
3842,9822,42,10,10,10,10
3843,8013,43,10,9,9,9
3844,6204,44,10,10,10,10
3845,4395,45,10,10,10,10
3846,2586,46,10,9,9,9
3847,777,47,10,9,9,9
3848,8968,48,10,9,9,9
3849,7159,49,10,10,10,10
3850,5350,50,10,10,10,10
3851,3541,51,10,10,10,10
3852,1732,52,10,10,10,10
3853,9923,53,10,10,10,10
3854,8114,54,10,10,10,10
3855,6305,55,10,10,10,10
3856,4496,56,10,8,8,8
3857,2687,57,10,9,9,9
3858,878,58,10,10,10,10
3859,9069,59,10,10,10,10
3860,7260,60,10,10,10,10
3861,5451,61,10,10,10,10
3862,3642,62,10,9,9,9
3863,1833,63,10,10,10,10
3864,24,64,10,10,10,10
3865,8215,65,10,10,10,10
3866,6406,66,10,9,9,9
3867,4597,67,10,10,10,10
3868,2788,68,10,10,10,10
3869,979,69,10,7,7,7
3870,9170,70,10,10,10,10
3871,7361,71,10,10,10,10
3872,5552,72,10,8,8,8
3873,3743,73,10,10,10,10
3874,1934,74,10,10,10,10
3875,125,75,10,10,10,10
3876,8316,76,10,10,10,10
3877,6507,77,10,10,10,10
3878,4698,78,10,8,8,8
3879,2889,79,10,10,10,10
3880,1080,80,10,10,10,10
3881,9271,81,10,10,10,10
3882,7462,82,10,9,9,9
3883,5653,83,10,10,10,10
3884,3844,84,10,9,9,9
3885,2035,85,10,10,10,10
3886,226,86,10,10,10,10
3887,8417,87,10,10,10,10
3888,6608,88,10,10,10,10
3889,4799,89,10,9,9,9
3890,2990,90,10,10,10,10
3891,1181,91,10,10,10,10
3892,9372,92,10,10,10,10
3893,7563,93,10,10,10,10
3894,5754,94,10,10,10,10
3895,3945,95,10,10,10,10
3896,2136,96,10,10,10,10
3897,327,97,10,10,10,10
3898,8518,98,10,10,10,10
3899,6709,99,10,8,8,8
3900,4900,0,10,8,8,8
3901,3091,1,10,10,10,10
3902,1282,2,10,10,10,10
3903,9473,3,10,10,10,10
3904,7664,4,10,10,10,10
3905,5855,5,10,10,10,10
3906,4046,6,10,10,10,10
3907,2237,7,10,10,10,10
3908,428,8,10,9,9,9
3909,8619,9,10,9,9,9
3910,6810,10,10,10,10,10
3911,5001,11,10,10,10,10
3912,3192,12,10,8,8,8
3913,1383,13,10,10,10,10
3914,9574,14,10,10,10,10
3915,7765,15,10,10,10,10
3916,5956,16,10,10,10,10
3917,4147,17,10,10,10,10
3918,2338,18,10,10,10,10
3919,529,19,10,10,10,10
3920,8720,20,10,10,10,10
3921,6911,21,10,8,8,8
3922,5102,22,10,10,10,10
3923,3293,23,10,10,10,10
3924,1484,24,10,10,10,10
3925,9675,25,10,10,10,10
3926,7866,26,10,9,9,9
3927,6057,27,10,10,10,10
3928,4248,28,10,9,9,9
3929,2439,29,10,10,10,10
3930,630,30,10,10,10,10
3931,8821,31,10,9,9,9
3932,7012,32,10,10,10,10
3933,5203,33,10,8,8,8
3934,3394,34,10,10,10,10
3935,1585,35,10,9,9,9
3936,9776,36,10,10,10,10
3937,7967,37,10,9,9,9
3938,6158,38,10,10,10,10
3939,4349,39,10,10,10,10
3940,2540,40,10,10,10,10
3941,731,41,10,9,9,9
3942,8922,42,10,10,10,10
3943,7113,43,10,9,9,9
3944,5304,44,10,10,10,10
3945,3495,45,10,10,10,10
3946,1686,46,10,9,9,9
3947,9877,47,10,9,9,9
3948,8068,48,10,9,9,9
3949,6259,49,10,10,10,10
3950,4450,50,10,10,10,10
3951,2641,51,10,10,10,10
3952,832,52,10,10,10,10
3953,9023,53,10,10,10,10
3954,7214,54,10,10,10,10
3955,5405,55,10,10,10,10
3956,3596,56,10,8,8,8
3957,1787,57,10,9,9,9
3958,9978,58,10,10,10,10
3959,8169,59,10,10,10,10
3960,6360,60,10,10,10,10
3961,4551,61,10,10,10,10
3962,2742,62,10,9,9,9
3963,933,63,10,10,10,9
3964,9124,64,10,10,10,10
3965,7315,65,10,10,10,10
3966,5506,66,10,9,9,9
3967,3697,67,10,10,10,10
3968,1888,68,10,10,10,10
3969,79,69,10,7,7,7
3970,8270,70,10,10,10,10
3971,6461,71,10,10,10,10
3972,4652,72,10,8,8,8
3973,2843,73,10,10,10,10
3974,1034,74,10,10,10,10
3975,9225,75,10,10,10,10
3976,7416,76,10,10,10,10
3977,5607,77,10,10,10,10
3978,3798,78,10,7,7,7
3979,1989,79,10,10,10,10
3980,180,80,10,10,10,10
3981,8371,81,10,10,10,10
3982,6562,82,10,9,9,9
3983,4753,83,10,10,10,10
3984,2944,84,10,9,9,9
3985,1135,85,10,10,10,10
3986,9326,86,10,10,10,10
3987,7517,87,10,10,10,10
3988,5708,88,10,10,10,10
3989,3899,89,10,9,9,9
3990,2090,90,10,10,10,10
3991,281,91,10,10,10,10
3992,8472,92,10,10,10,10
3993,6663,93,10,10,10,10
3994,4854,94,10,10,10,10
3995,3045,95,10,10,10,10
3996,1236,96,10,10,10,10
3997,9427,97,10,9,9,9
3998,7618,98,10,10,10,10
3999,5809,99,10,8,8,8
4000,4000,0,10,8,8,8
4001,2191,1,10,10,10,10
4002,382,2,10,10,10,10
4003,8573,3,10,10,10,10
4004,6764,4,10,10,10,10
4005,4955,5,10,10,10,10
4006,3146,6,10,10,10,10
4007,1337,7,10,10,10,10
4008,9528,8,10,9,9,9
4009,7719,9,10,9,9,9
4010,5910,10,10,10,10,10
4011,4101,11,10,10,10,10
4012,2292,12,10,7,7,7
4013,483,13,10,10,10,10
4014,8674,14,10,10,10,10
4015,6865,15,10,10,10,10
4016,5056,16,10,10,10,10
4017,3247,17,10,10,10,10
4018,1438,18,10,10,10,10
4019,9629,19,10,10,10,10
4020,7820,20,10,10,10,10
4021,6011,21,10,8,8,8
4022,4202,22,10,10,10,10
4023,2393,23,10,10,10,10
4024,584,24,10,9,9,9
4025,8775,25,10,9,9,9
4026,6966,26,10,9,9,9
4027,5157,27,10,10,10,10
4028,3348,28,10,9,9,9
4029,1539,29,10,10,10,10
4030,9730,30,10,10,10,10
4031,7921,31,10,9,9,9
4032,6112,32,10,10,10,10
4033,4303,33,10,9,9,9
4034,2494,34,10,10,10,10
4035,685,35,10,9,9,9
4036,8876,36,10,10,10,10
4037,7067,37,10,9,9,9
4038,5258,38,10,10,10,10
4039,3449,39,10,10,10,10
4040,1640,40,10,10,10,10
4041,9831,41,10,9,9,9
4042,8022,42,10,10,10,10
4043,6213,43,10,9,9,9
4044,4404,44,10,10,10,10
4045,2595,45,10,10,10,10
4046,786,46,10,9,9,9
4047,8977,47,10,9,9,9
4048,7168,48,10,9,9,9
4049,5359,49,10,10,10,10
4050,3550,50,10,10,10,10
4051,1741,51,10,10,10,10
4052,9932,52,10,10,10,10
4053,8123,53,10,10,10,10
4054,6314,54,10,10,10,10
4055,4505,55,10,10,10,10
4056,2696,56,10,8,8,8
4057,887,57,10,9,9,9
4058,9078,58,10,10,10,10
4059,7269,59,10,10,10,10
4060,5460,60,10,10,10,10
4061,3651,61,10,10,10,10
4062,1842,62,10,9,9,9
4063,33,63,10,10,10,10
4064,8224,64,10,10,10,10
4065,6415,65,10,10,10,10
4066,4606,66,10,9,9,9
4067,2797,67,10,10,10,10
4068,988,68,10,10,10,10
4069,9179,69,10,7,7,7
4070,7370,70,10,10,10,10
4071,5561,71,10,10,10,10
4072,3752,72,10,8,8,8
4073,1943,73,10,10,10,10
4074,134,74,10,10,10,10
4075,8325,75,10,10,10,10
4076,6516,76,10,10,10,10
4077,4707,77,10,10,10,10
4078,2898,78,10,7,7,7
4079,1089,79,10,10,10,10
4080,9280,80,10,10,10,10
4081,7471,81,10,10,10,10
4082,5662,82,10,9,9,9
4083,3853,83,10,9,9,9
4084,2044,84,10,9,9,9
4085,235,85,10,10,10,10
4086,8426,86,10,10,10,10
4087,6617,87,10,10,10,10
4088,4808,88,10,9,9,9
4089,2999,89,10,9,9,9
4090,1190,90,10,10,10,10
4091,9381,91,10,10,10,10
4092,7572,92,10,10,10,10
4093,5763,93,10,10,10,10
4094,3954,94,10,10,10,10
4095,2145,95,10,10,10,10
4096,336,96,10,10,10,10
4097,8527,97,10,9,9,9
4098,6718,98,10,10,10,10
4099,4909,99,10,8,8,8
4100,3100,0,10,8,8,8
4101,1291,1,10,10,10,10
4102,9482,2,10,10,10,10
4103,7673,3,10,10,10,10
4104,5864,4,10,10,10,10
4105,4055,5,10,10,10,10
4106,2246,6,10,10,10,10
4107,437,7,10,10,10,10
4108,8628,8,10,8,8,8
4109,6819,9,10,9,9,9
4110,5010,10,10,10,10,10
4111,3201,11,10,10,10,10
4112,1392,12,10,8,8,8
4113,9583,13,10,10,10,10
4114,7774,14,10,10,10,10
4115,5965,15,10,10,10,10
4116,4156,16,10,10,10,10
4117,2347,17,10,10,10,10
4118,538,18,10,10,10,10
4119,8729,19,10,10,10,10
4120,6920,20,10,10,10,10
4121,5111,21,10,8,8,8
4122,3302,22,10,10,10,10
4123,1493,23,10,10,10,10
4124,9684,24,10,9,9,9
4125,7875,25,10,9,9,9
4126,6066,26,10,9,9,9
4127,4257,27,10,10,10,10
4128,2448,28,10,9,9,9
4129,639,29,10,10,10,10
4130,8830,30,10,10,10,10
4131,7021,31,10,9,9,9
4132,5212,32,10,10,10,10
4133,3403,33,10,9,9,9
4134,1594,34,10,10,10,10
4135,9785,35,10,9,9,9
4136,7976,36,10,10,10,10
4137,6167,37,10,9,9,9
4138,4358,38,10,10,10,10
4139,2549,39,10,10,10,10
4140,740,40,10,10,10,10
4141,8931,41,10,9,9,9
4142,7122,42,10,10,10,10
4143,5313,43,10,9,9,9
4144,3504,44,10,10,10,10
4145,1695,45,10,10,10,10
4146,9886,46,10,9,9,9
4147,8077,47,10,9,9,9
4148,6268,48,10,10,9,9
4149,4459,49,10,10,10,10
4150,2650,50,10,10,10,10
4151,841,51,10,10,10,10
4152,9032,52,10,10,10,10
4153,7223,53,10,10,10,10
4154,5414,54,10,10,10,10
4155,3605,55,10,10,10,10
4156,1796,56,10,8,8,8
4157,9987,57,10,9,9,9
4158,8178,58,10,10,10,10
4159,6369,59,10,10,10,10
4160,4560,60,10,10,10,10
4161,2751,61,10,10,10,10
4162,942,62,10,9,9,9
4163,9133,63,10,10,10,10
4164,7324,64,10,10,10,10
4165,5515,65,10,10,10,10
4166,3706,66,10,9,9,9
4167,1897,67,10,10,10,10
4168,88,68,10,10,10,10
4169,8279,69,10,7,7,7
4170,6470,70,10,9,9,9
4171,4661,71,10,10,10,10
4172,2852,72,10,7,7,7
4173,1043,73,10,10,10,10
4174,9234,74,10,10,10,10
4175,7425,75,10,10,10,10
4176,5616,76,10,10,10,10
4177,3807,77,10,10,10,10
4178,1998,78,10,7,7,7
4179,189,79,10,10,10,10
4180,8380,80,10,10,10,10
4181,6571,81,10,10,10,10
4182,4762,82,10,9,9,9
4183,2953,83,10,9,9,9
4184,1144,84,10,9,9,9
4185,9335,85,10,10,10,10
4186,7526,86,10,10,10,10
4187,5717,87,10,10,10,10
4188,3908,88,10,9,9,9
4189,2099,89,10,9,9,9
4190,290,90,10,10,10,10
4191,8481,91,10,10,10,10
4192,6672,92,10,10,10,10
4193,4863,93,10,10,10,10
4194,3054,94,10,10,10,10
4195,1245,95,10,10,10,10
4196,9436,96,10,10,10,10
4197,7627,97,10,9,9,9
4198,5818,98,10,10,10,10
4199,4009,99,10,8,8,8
4200,2200,0,10,8,8,8
4201,391,1,10,10,10,10
4202,8582,2,10,10,10,10
4203,6773,3,10,10,10,10
4204,4964,4,10,10,10,10
4205,3155,5,10,10,10,10
4206,1346,6,10,10,10,10
4207,9537,7,10,10,10,10
4208,7728,8,10,8,8,8
4209,5919,9,10,9,9,9
4210,4110,10,10,10,10,10
4211,2301,11,10,10,10,10
4212,492,12,10,8,8,8
4213,8683,13,10,10,10,10
4214,6874,14,10,10,10,10
4215,5065,15,10,10,10,10
4216,3256,16,10,10,10,10
4217,1447,17,10,10,10,10
4218,9638,18,10,10,10,10
4219,7829,19,10,10,10,10
4220,6020,20,10,10,10,10
4221,4211,21,10,8,8,8
4222,2402,22,10,10,10,10
4223,593,23,10,10,10,10
4224,8784,24,10,9,9,9
4225,6975,25,10,9,9,9
4226,5166,26,10,9,9,9
4227,3357,27,10,10,10,10
4228,1548,28,10,9,9,9
4229,9739,29,10,10,10,10
4230,7930,30,10,10,10,10
4231,6121,31,10,9,9,9
4232,4312,32,10,10,10,10
4233,2503,33,10,9,9,9
4234,694,34,10,10,10,10
4235,8885,35,10,9,9,9
4236,7076,36,10,10,10,10
4237,5267,37,10,9,9,9
4238,3458,38,10,10,10,10
4239,1649,39,10,10,10,10
4240,9840,40,10,10,10,10
4241,8031,41,10,9,9,9
4242,6222,42,10,10,10,10
4243,4413,43,10,9,9,9
4244,2604,44,10,10,10,10
4245,795,45,10,10,10,10
4246,8986,46,10,9,9,9
4247,7177,47,10,9,9,9
4248,5368,48,10,9,9,9
4249,3559,49,10,10,10,10
4250,1750,50,10,10,10,10
4251,9941,51,10,10,10,10
4252,8132,52,10,10,10,10
4253,6323,53,10,10,10,10
4254,4514,54,10,10,10,10
4255,2705,55,10,10,10,10
4256,896,56,10,8,8,8
4257,9087,57,10,9,9,9
4258,7278,58,10,10,10,10
4259,5469,59,10,10,10,10
4260,3660,60,10,10,10,10
4261,1851,61,10,10,10,10
4262,42,62,10,9,9,9
4263,8233,63,10,10,10,10
4264,6424,64,10,10,10,10
4265,4615,65,10,10,10,10
4266,2806,66,10,9,9,9
4267,997,67,10,10,10,10
4268,9188,68,10,10,10,10
4269,7379,69,10,7,7,7
4270,5570,70,10,9,9,9
4271,3761,71,10,10,10,10
4272,1952,72,10,7,7,7
4273,143,73,10,10,10,10
4274,8334,74,10,10,10,10
4275,6525,75,10,10,10,10
4276,4716,76,10,10,10,10
4277,2907,77,10,10,10,10
4278,1098,78,10,7,7,7
4279,9289,79,10,10,10,10
4280,7480,80,10,10,10,10
4281,5671,81,10,10,10,10
4282,3862,82,10,9,9,9
4283,2053,83,10,9,9,9
4284,244,84,10,9,9,9
4285,8435,85,10,10,10,10
4286,6626,86,10,10,10,10
4287,4817,87,10,10,10,10
4288,3008,88,10,9,9,9
4289,1199,89,10,9,9,9
4290,9390,90,10,10,10,10
4291,7581,91,10,10,10,10
4292,5772,92,10,10,10,10
4293,3963,93,10,10,10,10
4294,2154,94,10,10,10,10
4295,345,95,10,10,10,10
4296,8536,96,10,10,10,10
4297,6727,97,10,9,9,9
4298,4918,98,10,10,10,10
4299,3109,99,10,8,8,8
4300,1300,0,10,7,7,7
4301,9491,1,10,10,10,10
4302,7682,2,10,10,10,10
4303,5873,3,10,10,10,10
4304,4064,4,10,10,10,10
4305,2255,5,10,10,10,10
4306,446,6,10,10,10,10
4307,8637,7,10,10,10,10
4308,6828,8,10,8,8,8
4309,5019,9,10,9,9,9
4310,3210,10,10,10,10,10
4311,1401,11,10,10,10,10
4312,9592,12,10,8,8,8
4313,7783,13,10,10,10,10
4314,5974,14,10,10,10,10
4315,4165,15,10,10,10,10
4316,2356,16,10,10,10,10
4317,547,17,10,10,10,10
4318,8738,18,10,10,10,10
4319,6929,19,10,10,10,10
4320,5120,20,10,10,10,10
4321,3311,21,10,8,8,8
4322,1502,22,10,10,10,10
4323,9693,23,10,10,10,10
4324,7884,24,10,9,9,9
4325,6075,25,10,9,9,9
4326,4266,26,10,9,9,9
4327,2457,27,10,10,10,10
4328,648,28,10,9,9,9
4329,8839,29,10,10,10,10
4330,7030,30,10,10,10,10
4331,5221,31,10,9,9,9
4332,3412,32,10,10,10,10
4333,1603,33,10,9,9,9
4334,9794,34,10,10,10,10
4335,7985,35,10,9,9,9
4336,6176,36,10,10,10,10
4337,4367,37,10,9,9,9
4338,2558,38,10,10,10,10
4339,749,39,10,10,10,10
4340,8940,40,10,10,10,10
4341,7131,41,10,9,9,9
4342,5322,42,10,10,10,10
4343,3513,43,10,9,9,9
4344,1704,44,10,10,10,10
4345,9895,45,10,10,10,10
4346,8086,46,10,9,9,9
4347,6277,47,10,9,9,9
4348,4468,48,10,9,9,9
4349,2659,49,10,10,10,10
4350,850,50,10,10,10,10
4351,9041,51,10,10,10,10
4352,7232,52,10,10,10,10
4353,5423,53,10,10,10,10
4354,3614,54,10,10,10,10
4355,1805,55,10,10,10,10
4356,9996,56,10,8,8,8
4357,8187,57,10,9,9,9
4358,6378,58,10,10,10,10
4359,4569,59,10,10,10,10
4360,2760,60,10,10,10,10
4361,951,61,10,10,10,10
4362,9142,62,10,9,9,9
4363,7333,63,10,10,10,10
4364,5524,64,10,10,10,10
4365,3715,65,10,10,10,10
4366,1906,66,10,9,9,9
4367,97,67,10,10,10,10
4368,8288,68,10,10,10,10
4369,6479,69,10,7,7,7
4370,4670,70,10,9,9,9
4371,2861,71,10,10,10,10
4372,1052,72,10,7,7,7
4373,9243,73,10,10,10,10
4374,7434,74,10,10,10,10
4375,5625,75,10,10,10,10
4376,3816,76,10,10,10,10
4377,2007,77,10,10,10,10
4378,198,78,10,7,7,7
4379,8389,79,10,10,10,10
4380,6580,80,10,10,10,10
4381,4771,81,10,10,10,10
4382,2962,82,10,9,9,9
4383,1153,83,10,9,9,9
4384,9344,84,10,9,9,9
4385,7535,85,10,10,10,10
4386,5726,86,10,10,10,10
4387,3917,87,10,10,10,10
4388,2108,88,10,9,9,9
4389,299,89,10,9,9,9
4390,8490,90,10,10,10,10
4391,6681,91,10,10,10,10
4392,4872,92,10,10,10,10
4393,3063,93,10,10,10,10
4394,1254,94,10,10,10,10
4395,9445,95,10,10,10,10
4396,7636,96,10,10,10,10
4397,5827,97,10,9,9,9
4398,4018,98,10,10,10,10
4399,2209,99,10,8,8,8
4400,400,0,10,7,7,7
4401,8591,1,10,10,10,10
4402,6782,2,10,10,10,10
4403,4973,3,10,10,10,10
4404,3164,4,10,10,10,10
4405,1355,5,10,10,10,10
4406,9546,6,10,10,10,10
4407,7737,7,10,10,10,10
4408,5928,8,10,8,8,8
4409,4119,9,10,9,9,9
4410,2310,10,10,10,10,10
4411,501,11,10,10,10,10
4412,8692,12,10,8,8,8
4413,6883,13,10,10,10,10
4414,5074,14,10,10,10,10
4415,3265,15,10,10,10,10
4416,1456,16,10,10,10,10
4417,9647,17,10,10,10,10
4418,7838,18,10,10,10,10
4419,6029,19,10,10,10,10
4420,4220,20,10,10,10,10
4421,2411,21,10,8,8,8
4422,602,22,10,10,10,10
4423,8793,23,10,10,10,10
4424,6984,24,10,9,9,9
4425,5175,25,10,8,8,8
4426,3366,26,10,9,9,9
4427,1557,27,10,10,10,10
4428,9748,28,10,9,9,9
4429,7939,29,10,10,10,10
4430,6130,30,10,10,10,10
4431,4321,31,10,9,9,9
4432,2512,32,10,10,10,10
4433,703,33,10,9,9,9
4434,8894,34,10,10,10,10
4435,7085,35,10,9,9,9
4436,5276,36,10,10,10,10
4437,3467,37,10,9,9,9
4438,1658,38,10,10,10,10
4439,9849,39,10,10,10,10
4440,8040,40,10,10,10,10
4441,6231,41,10,9,9,9
4442,4422,42,10,10,10,10
4443,2613,43,10,9,9,9
4444,804,44,10,10,10,10
4445,8995,45,10,10,10,10
4446,7186,46,10,9,9,9
4447,5377,47,10,9,9,9
4448,3568,48,10,10,10,10
4449,1759,49,10,10,10,10
4450,9950,50,10,10,10,10
4451,8141,51,10,10,10,10
4452,6332,52,10,10,10,10
4453,4523,53,10,10,10,10
4454,2714,54,10,10,10,10
4455,905,55,10,10,10,10
4456,9096,56,10,8,8,8
4457,7287,57,10,9,9,9
4458,5478,58,10,10,10,10
4459,3669,59,10,10,10,10
4460,1860,60,10,10,10,10
4461,51,61,10,10,10,10
4462,8242,62,10,9,9,9
4463,6433,63,10,10,10,10
4464,4624,64,10,10,10,10
4465,2815,65,10,10,10,10
4466,1006,66,10,9,9,9
4467,9197,67,10,10,10,10
4468,7388,68,10,10,10,10
4469,5579,69,10,7,7,7
4470,3770,70,10,9,9,9
4471,1961,71,10,10,10,10
4472,152,72,10,7,7,7
4473,8343,73,10,10,10,10
4474,6534,74,10,10,10,10
4475,4725,75,10,10,10,10
4476,2916,76,10,10,10,10
4477,1107,77,10,10,10,10
4478,9298,78,10,7,7,7
4479,7489,79,10,10,10,10
4480,5680,80,10,10,10,10
4481,3871,81,10,10,10,10
4482,2062,82,10,10,10,10
4483,253,83,10,8,8,8
4484,8444,84,10,9,9,9
4485,6635,85,10,10,10,10
4486,4826,86,10,10,10,10
4487,3017,87,10,10,10,10
4488,1208,88,10,9,9,9
4489,9399,89,10,9,9,9
4490,7590,90,10,10,10,10
4491,5781,91,10,10,10,10
4492,3972,92,10,10,10,10
4493,2163,93,10,10,10,10
4494,354,94,10,10,10,10
4495,8545,95,10,10,10,10
4496,6736,96,10,10,10,10
4497,4927,97,10,9,9,9
4498,3118,98,10,10,10,10
4499,1309,99,10,8,8,8
4500,9500,0,10,7,7,7
4501,7691,1,10,10,10,10
4502,5882,2,10,10,10,10
4503,4073,3,10,10,10,10
4504,2264,4,10,10,10,10
4505,455,5,10,10,10,10
4506,8646,6,10,10,10,10
4507,6837,7,10,10,10,10
4508,5028,8,10,8,8,8
4509,3219,9,10,9,9,9
4510,1410,10,10,10,10,10
4511,9601,11,10,10,10,10
4512,7792,12,10,7,7,7
4513,5983,13,10,10,10,10
4514,4174,14,10,10,10,10
4515,2365,15,10,10,10,10
4516,556,16,10,10,10,10
4517,8747,17,10,10,10,10
4518,6938,18,10,10,10,10
4519,5129,19,10,10,10,10
4520,3320,20,10,10,10,10
4521,1511,21,10,8,8,8
4522,9702,22,10,10,10,10
4523,7893,23,10,10,10,10
4524,6084,24,10,9,9,9
4525,4275,25,10,8,8,8
4526,2466,26,10,9,9,9
4527,657,27,10,10,10,10
4528,8848,28,10,9,9,9
4529,7039,29,10,10,10,10
4530,5230,30,10,10,10,10
4531,3421,31,10,9,9,9
4532,1612,32,10,10,10,10
4533,9803,33,10,9,9,9
4534,7994,34,10,10,10,10
4535,6185,35,10,9,9,9
4536,4376,36,10,10,10,10
4537,2567,37,10,9,9,9
4538,758,38,10,10,10,10
4539,8949,39,10,10,10,10
4540,7140,40,10,10,10,10
4541,5331,41,10,9,9,9
4542,3522,42,10,10,10,10
4543,1713,43,10,9,9,9
4544,9904,44,10,10,10,10
4545,8095,45,10,10,10,10
4546,6286,46,10,9,9,9
4547,4477,47,10,9,9,9
4548,2668,48,10,10,10,10
4549,859,49,10,10,10,10
4550,9050,50,10,10,10,10
4551,7241,51,10,10,10,10
4552,5432,52,10,10,10,10
4553,3623,53,10,10,10,10
4554,1814,54,10,10,10,10
4555,5,55,10,10,10,10
4556,8196,56,10,8,8,8
4557,6387,57,10,9,9,9
4558,4578,58,10,10,10,10
4559,2769,59,10,10,10,10
4560,960,60,10,10,10,10
4561,9151,61,10,10,10,10
4562,7342,62,10,9,9,9
4563,5533,63,10,10,10,10
4564,3724,64,10,10,10,10
4565,1915,65,10,10,10,10
4566,106,66,10,9,9,9
4567,8297,67,10,10,10,10
4568,6488,68,10,10,10,10
4569,4679,69,10,7,7,7
4570,2870,70,10,9,9,9
4571,1061,71,10,10,10,10
4572,9252,72,10,7,7,7
4573,7443,73,10,10,10,10
4574,5634,74,10,10,10,10
4575,3825,75,10,10,10,10
4576,2016,76,10,10,10,10
4577,207,77,10,10,10,10
4578,8398,78,10,7,7,7
4579,6589,79,10,10,10,10
4580,4780,80,10,10,10,10
4581,2971,81,10,9,9,9
4582,1162,82,10,10,10,10
4583,9353,83,10,8,8,8
4584,7544,84,10,9,9,9
4585,5735,85,10,10,10,10
4586,3926,86,10,10,10,10
4587,2117,87,10,10,10,10
4588,308,88,10,9,9,9
4589,8499,89,10,9,9,9
4590,6690,90,10,10,10,10
4591,4881,91,10,10,10,10
4592,3072,92,10,10,10,10
4593,1263,93,10,10,10,10
4594,9454,94,10,10,10,10
4595,7645,95,10,10,10,10
4596,5836,96,10,10,10,10
4597,4027,97,10,9,9,9
4598,2218,98,10,10,10,10
4599,409,99,10,8,8,8
4600,8600,0,10,7,7,7
4601,6791,1,10,10,10,10
4602,4982,2,10,10,10,10
4603,3173,3,10,10,10,10
4604,1364,4,10,10,10,10
4605,9555,5,10,10,10,10
4606,7746,6,10,10,10,10
4607,5937,7,10,10,10,10
4608,4128,8,10,8,8,8
4609,2319,9,10,9,9,9
4610,510,10,10,10,10,10
4611,8701,11,10,10,10,10
4612,6892,12,10,7,7,7
4613,5083,13,10,10,10,10
4614,3274,14,10,10,10,10
4615,1465,15,10,10,10,10
4616,9656,16,10,10,10,10
4617,7847,17,10,10,10,10
4618,6038,18,10,10,10,10
4619,4229,19,10,10,10,10
4620,2420,20,10,10,10,10
4621,611,21,10,8,8,8
4622,8802,22,10,10,10,10
4623,6993,23,10,10,10,10
4624,5184,24,10,9,9,9
4625,3375,25,10,8,8,8
4626,1566,26,10,9,9,9
4627,9757,27,10,10,10,10
4628,7948,28,10,9,9,9
4629,6139,29,10,10,10,10
4630,4330,30,10,10,10,10
4631,2521,31,10,9,9,9
4632,712,32,10,10,10,10
4633,8903,33,10,9,9,9
4634,7094,34,10,10,10,10
4635,5285,35,10,9,9,9
4636,3476,36,10,10,10,10
4637,1667,37,10,9,9,9
4638,9858,38,10,10,10,10
4639,8049,39,10,10,10,10
4640,6240,40,10,10,10,10
4641,4431,41,10,9,9,9
4642,2622,42,10,10,10,10
4643,813,43,10,9,9,9
4644,9004,44,10,10,10,10
4645,7195,45,10,10,10,10
4646,5386,46,10,9,9,9
4647,3577,47,10,9,9,9
4648,1768,48,10,10,10,10
4649,9959,49,10,10,10,10
4650,8150,50,10,10,10,10
4651,6341,51,10,10,10,10
4652,4532,52,10,10,10,10
4653,2723,53,10,10,10,10
4654,914,54,10,10,10,10
4655,9105,55,10,10,10,10
4656,7296,56,10,8,8,8
4657,5487,57,10,9,9,9
4658,3678,58,10,10,10,10
4659,1869,59,10,10,10,10
4660,60,60,10,10,10,10
4661,8251,61,10,10,10,10
4662,6442,62,10,9,9,9
4663,4633,63,10,10,10,10
4664,2824,64,10,10,10,10
4665,1015,65,10,10,10,10
4666,9206,66,10,8,8,8
4667,7397,67,10,10,10,10
4668,5588,68,10,10,10,10
4669,3779,69,10,7,7,7
4670,1970,70,10,9,9,9
4671,161,71,10,10,10,10
4672,8352,72,10,7,7,7
4673,6543,73,10,10,10,10
4674,4734,74,10,10,10,10
4675,2925,75,10,10,10,10
4676,1116,76,10,10,10,10
4677,9307,77,10,10,10,10
4678,7498,78,10,7,7,7
4679,5689,79,10,10,10,10
4680,3880,80,10,10,10,10
4681,2071,81,10,9,9,9
4682,262,82,10,10,10,10
4683,8453,83,10,8,8,8
4684,6644,84,10,9,9,9
4685,4835,85,10,10,10,10
4686,3026,86,10,10,10,10
4687,1217,87,10,10,10,10
4688,9408,88,10,9,9,9
4689,7599,89,10,9,9,9
4690,5790,90,10,10,10,10
4691,3981,91,10,10,10,10
4692,2172,92,10,10,10,10
4693,363,93,10,10,10,10
4694,8554,94,10,10,10,10
4695,6745,95,10,10,10,10
4696,4936,96,10,10,10,10
4697,3127,97,10,9,9,9
4698,1318,98,10,10,10,10
4699,9509,99,10,8,8,8
4700,7700,0,10,7,7,7
4701,5891,1,10,10,10,10
4702,4082,2,10,10,10,10
4703,2273,3,10,10,10,10
4704,464,4,10,10,10,10
4705,8655,5,10,10,10,10
4706,6846,6,10,10,10,10
4707,5037,7,10,10,10,10
4708,3228,8,10,8,8,8
4709,1419,9,10,9,9,9
4710,9610,10,10,10,10,10
4711,7801,11,10,10,10,10
4712,5992,12,10,7,7,7
4713,4183,13,10,10,10,10
4714,2374,14,10,10,10,10
4715,565,15,10,10,10,10
4716,8756,16,10,10,10,10
4717,6947,17,10,10,10,10
4718,5138,18,10,10,10,10
4719,3329,19,10,10,10,10
4720,1520,20,10,10,10,10
4721,9711,21,10,8,8,8
4722,7902,22,10,10,10,10
4723,6093,23,10,10,10,10
4724,4284,24,10,9,9,9
4725,2475,25,10,8,8,8
4726,666,26,10,9,9,9
4727,8857,27,10,10,10,10
4728,7048,28,10,9,9,9
4729,5239,29,10,10,10,10
4730,3430,30,10,10,10,10
4731,1621,31,10,9,9,9
4732,9812,32,10,10,10,10
4733,8003,33,10,9,9,9
4734,6194,34,10,10,10,10
4735,4385,35,10,9,9,9
4736,2576,36,10,10,10,10
4737,767,37,10,9,9,9
4738,8958,38,10,10,10,10
4739,7149,39,10,10,10,10
4740,5340,40,10,10,10,10
4741,3531,41,10,9,9,9
4742,1722,42,10,10,10,10
4743,9913,43,10,9,9,9
4744,8104,44,10,10,10,10
4745,6295,45,10,10,10,10
4746,4486,46,10,9,9,9
4747,2677,47,10,9,9,9
4748,868,48,10,10,10,10
4749,9059,49,10,10,10,10
4750,7250,50,10,10,10,10
4751,5441,51,10,10,10,10
4752,3632,52,10,10,10,10
4753,1823,53,10,10,10,10
4754,14,54,10,10,10,10
4755,8205,55,10,10,10,10
4756,6396,56,10,8,8,8
4757,4587,57,10,9,9,9
4758,2778,58,10,10,10,10
4759,969,59,10,10,10,10
4760,9160,60,10,10,10,10
4761,7351,61,10,10,10,10
4762,5542,62,10,9,9,9
4763,3733,63,10,9,9,9
4764,1924,64,10,10,10,10
4765,115,65,10,10,10,10
4766,8306,66,10,8,8,8
4767,6497,67,10,10,10,10
4768,4688,68,10,10,10,10
4769,2879,69,10,7,7,7
4770,1070,70,10,9,9,9
4771,9261,71,10,10,10,10
4772,7452,72,10,7,7,7
4773,5643,73,10,10,10,10
4774,3834,74,10,10,10,10
4775,2025,75,10,10,10,10
4776,216,76,10,10,10,10
4777,8407,77,10,10,10,10
4778,6598,78,10,7,7,7
4779,4789,79,10,10,10,10
4780,2980,80,10,10,10,10
4781,1171,81,10,9,9,9
4782,9362,82,10,10,10,10
4783,7553,83,10,8,8,8
4784,5744,84,10,9,9,9
4785,3935,85,10,10,10,10
4786,2126,86,10,10,10,10
4787,317,87,10,10,10,10
4788,8508,88,10,9,9,9
4789,6699,89,10,9,9,9
4790,4890,90,10,10,10,10
4791,3081,91,10,10,10,10
4792,1272,92,10,10,10,10
4793,9463,93,10,10,10,10
4794,7654,94,10,10,10,10
4795,5845,95,10,10,10,10
4796,4036,96,10,10,10,10
4797,2227,97,10,9,9,9
4798,418,98,10,10,10,10
4799,8609,99,10,8,8,8
4800,6800,0,10,7,7,7
4801,4991,1,10,10,10,10
4802,3182,2,10,10,10,10
4803,1373,3,10,10,10,10
4804,9564,4,10,10,10,10
4805,7755,5,10,10,10,10
4806,5946,6,10,10,10,10
4807,4137,7,10,10,10,10
4808,2328,8,10,8,8,8
4809,519,9,10,9,9,9
4810,8710,10,10,10,10,10
4811,6901,11,10,10,10,10
4812,5092,12,10,7,7,7
4813,3283,13,10,10,10,10
4814,1474,14,10,10,10,10
4815,9665,15,10,10,10,10
4816,7856,16,10,10,10,10
4817,6047,17,10,10,10,10
4818,4238,18,10,10,10,10
4819,2429,19,10,10,10,10
4820,620,20,10,10,10,10
4821,8811,21,10,8,8,8
4822,7002,22,10,10,10,10
4823,5193,23,10,10,10,10
4824,3384,24,10,9,9,9
4825,1575,25,10,8,8,8
4826,9766,26,10,9,9,9
4827,7957,27,10,10,10,10
4828,6148,28,10,9,9,9
4829,4339,29,10,10,10,10
4830,2530,30,10,10,10,10
4831,721,31,10,9,9,9
4832,8912,32,10,10,10,10
4833,7103,33,10,9,9,9
4834,5294,34,10,10,10,10
4835,3485,35,10,9,9,9
4836,1676,36,10,10,10,10
4837,9867,37,10,9,9,9
4838,8058,38,10,10,10,10
4839,6249,39,10,10,10,10
4840,4440,40,10,10,10,10
4841,2631,41,10,9,9,9
4842,822,42,10,10,10,10
4843,9013,43,10,9,9,9
4844,7204,44,10,10,10,10
4845,5395,45,10,10,10,10
4846,3586,46,10,9,9,9
4847,1777,47,10,9,9,9
4848,9968,48,10,10,10,10
4849,8159,49,10,10,10,10
4850,6350,50,10,10,10,10
4851,4541,51,10,10,10,10
4852,2732,52,10,10,10,10
4853,923,53,10,10,10,10
4854,9114,54,10,10,10,10
4855,7305,55,10,10,10,10
4856,5496,56,10,8,8,8
4857,3687,57,10,9,9,9
4858,1878,58,10,10,10,10
4859,69,59,10,10,10,10
4860,8260,60,10,10,10,10
4861,6451,61,10,10,10,10
4862,4642,62,10,9,9,9
4863,2833,63,10,9,9,9
4864,1024,64,10,10,10,10
4865,9215,65,10,10,10,10
4866,7406,66,10,8,8,8
4867,5597,67,10,10,10,10
4868,3788,68,10,10,10,10
4869,1979,69,10,6,6,6
4870,170,70,10,9,9,9
4871,8361,71,10,10,10,10
4872,6552,72,10,7,7,7
4873,4743,73,10,10,10,10
4874,2934,74,10,10,10,10
4875,1125,75,10,10,10,10
4876,9316,76,10,10,10,10
4877,7507,77,10,10,10,10
4878,5698,78,10,6,6,6
4879,3889,79,10,10,10,10
4880,2080,80,10,10,10,10
4881,271,81,10,9,9,9
4882,8462,82,10,10,10,10
4883,6653,83,10,8,8,8
4884,4844,84,10,9,9,9
4885,3035,85,10,10,10,10
4886,1226,86,10,10,10,10
4887,9417,87,10,10,10,10
4888,7608,88,10,9,9,9
4889,5799,89,10,9,9,9
4890,3990,90,10,10,10,10
4891,2181,91,10,10,10,10
4892,372,92,10,10,10,10
4893,8563,93,10,10,10,10
4894,6754,94,10,10,10,10
4895,4945,95,10,10,10,10
4896,3136,96,10,10,10,10
4897,1327,97,10,9,9,9
4898,9518,98,10,10,10,10
4899,7709,99,10,8,8,8
4900,5900,0,10,7,7,7
4901,4091,1,10,10,10,10
4902,2282,2,10,10,10,10
4903,473,3,10,10,10,10
4904,8664,4,10,10,10,10
4905,6855,5,10,10,10,10
4906,5046,6,10,10,10,10
4907,3237,7,10,10,10,10
4908,1428,8,10,8,8,8
4909,9619,9,10,9,9,9
4910,7810,10,10,10,10,10
4911,6001,11,10,10,10,10
4912,4192,12,10,7,7,7
4913,2383,13,10,10,10,10
4914,574,14,10,10,10,10
4915,8765,15,10,10,10,10
4916,6956,16,10,10,10,10
4917,5147,17,10,10,10,10
4918,3338,18,10,10,10,10
4919,1529,19,10,10,10,10
4920,9720,20,10,10,10,10
4921,7911,21,10,8,8,8
4922,6102,22,10,10,10,10
4923,4293,23,10,10,10,10
4924,2484,24,10,9,9,9
4925,675,25,10,8,8,8
4926,8866,26,10,9,9,9
4927,7057,27,10,10,10,10
4928,5248,28,10,9,9,9
4929,3439,29,10,10,10,10
4930,1630,30,10,10,10,10
4931,9821,31,10,9,9,9
4932,8012,32,10,10,10,10
4933,6203,33,10,9,9,9
4934,4394,34,10,10,10,10
4935,2585,35,10,9,9,9
4936,776,36,10,10,10,10
4937,8967,37,10,9,9,9
4938,7158,38,10,10,10,10
4939,5349,39,10,10,10,10
4940,3540,40,10,10,10,10
4941,1731,41,10,9,9,9
4942,9922,42,10,10,10,10
4943,8113,43,10,9,9,9
4944,6304,44,10,10,10,10
4945,4495,45,10,10,10,10
4946,2686,46,10,9,9,9
4947,877,47,10,9,9,9
4948,9068,48,10,10,10,10
4949,7259,49,10,10,10,10
4950,5450,50,10,10,10,10
4951,3641,51,10,10,10,10
4952,1832,52,10,10,10,10
4953,23,53,10,10,10,10
4954,8214,54,10,10,10,10
4955,6405,55,10,10,10,10
4956,4596,56,10,8,8,8
4957,2787,57,10,9,9,9
4958,978,58,10,10,10,10
4959,9169,59,10,10,10,10
4960,7360,60,10,10,10,10
4961,5551,61,10,10,10,10
4962,3742,62,10,9,9,9
4963,1933,63,10,10,10,10
4964,124,64,10,10,10,10
4965,8315,65,10,10,10,10
4966,6506,66,10,8,8,8
4967,4697,67,10,10,10,10
4968,2888,68,10,10,10,10
4969,1079,69,10,6,6,6
4970,9270,70,10,9,9,9
4971,7461,71,10,10,10,10
4972,5652,72,10,7,7,7
4973,3843,73,10,10,10,10
4974,2034,74,10,10,10,10
4975,225,75,10,10,10,10
4976,8416,76,10,10,10,10
4977,6607,77,10,10,10,10
4978,4798,78,10,6,6,6
4979,2989,79,10,10,10,10
4980,1180,80,10,10,10,10
4981,9371,81,10,9,9,9
4982,7562,82,10,10,10,10
4983,5753,83,10,8,8,8
4984,3944,84,10,9,9,9
4985,2135,85,10,10,10,10
4986,326,86,10,10,10,10
4987,8517,87,10,10,10,10
4988,6708,88,10,9,9,9
4989,4899,89,10,9,9,9
4990,3090,90,10,10,10,10
4991,1281,91,10,10,10,10
4992,9472,92,10,10,10,10
4993,7663,93,10,10,10,10
4994,5854,94,10,10,10,10
4995,4045,95,10,10,10,10
4996,2236,96,10,10,10,10
4997,427,97,10,9,9,9
4998,8618,98,10,10,10,10
4999,6809,99,10,8,8,8
5000,5000,0,10,7,7,7
5001,3191,1,10,10,10,10
5002,1382,2,10,10,10,10
5003,9573,3,10,10,10,10
5004,7764,4,10,10,10,10
5005,5955,5,10,10,10,10
5006,4146,6,10,10,10,10
5007,2337,7,10,10,10,10
5008,528,8,10,7,7,7
5009,8719,9,10,8,8,8
5010,6910,10,10,10,10,10
5011,5101,11,10,10,10,10
5012,3292,12,10,7,7,7
5013,1483,13,10,10,10,10
5014,9674,14,10,10,10,10
5015,7865,15,10,10,10,10
5016,6056,16,10,10,10,10
5017,4247,17,10,10,10,10
5018,2438,18,10,10,10,10
5019,629,19,10,10,10,10
5020,8820,20,10,10,10,10
5021,7011,21,10,8,8,8
5022,5202,22,10,10,10,10
5023,3393,23,10,10,10,10
5024,1584,24,10,9,9,9
5025,9775,25,10,8,8,8
5026,7966,26,10,9,9,9
5027,6157,27,10,10,10,10
5028,4348,28,10,9,9,9
5029,2539,29,10,10,10,10
5030,730,30,10,10,10,10
5031,8921,31,10,9,9,9
5032,7112,32,10,10,10,10
5033,5303,33,10,9,9,9
5034,3494,34,10,10,10,10
5035,1685,35,10,9,9,9
5036,9876,36,10,10,10,10
5037,8067,37,10,9,9,9
5038,6258,38,10,10,10,10
5039,4449,39,10,10,10,10
5040,2640,40,10,10,10,10
5041,831,41,10,9,9,9
5042,9022,42,10,10,10,10
5043,7213,43,10,9,9,9
5044,5404,44,10,10,10,10
5045,3595,45,10,10,10,10
5046,1786,46,10,9,9,9
5047,9977,47,10,9,9,9
5048,8168,48,10,10,10,10
5049,6359,49,10,10,10,10
5050,4550,50,10,10,10,10
5051,2741,51,10,10,10,10
5052,932,52,10,10,10,10
5053,9123,53,10,10,10,10
5054,7314,54,10,10,10,10
5055,5505,55,10,10,10,10
5056,3696,56,10,8,8,8
5057,1887,57,10,9,9,9
5058,78,58,10,10,10,10
5059,8269,59,10,10,10,10
5060,6460,60,10,10,10,10
5061,4651,61,10,10,10,10
5062,2842,62,10,9,9,9
5063,1033,63,10,10,10,10
5064,9224,64,10,10,10,10
5065,7415,65,10,10,10,10
5066,5606,66,10,8,8,8
5067,3797,67,10,10,10,10
5068,1988,68,10,10,10,10
5069,179,69,10,6,6,6
5070,8370,70,10,9,9,9
5071,6561,71,10,10,10,10
5072,4752,72,10,7,7,7
5073,2943,73,10,10,10,10
5074,1134,74,10,10,10,10
5075,9325,75,10,10,10,10
5076,7516,76,10,10,10,10
5077,5707,77,10,10,10,10
5078,3898,78,10,6,6,6
5079,2089,79,10,10,10,10
5080,280,80,10,10,10,10
5081,8471,81,10,9,9,9
5082,6662,82,10,10,10,10
5083,4853,83,10,9,9,9
5084,3044,84,10,9,9,9
5085,1235,85,10,10,10,10
5086,9426,86,10,10,10,10
5087,7617,87,10,10,10,10
5088,5808,88,10,9,9,9
5089,3999,89,10,9,9,9
5090,2190,90,10,10,10,10
5091,381,91,10,10,10,10
5092,8572,92,10,10,10,10
5093,6763,93,10,10,10,10
5094,4954,94,10,10,10,10
5095,3145,95,10,10,10,10
5096,1336,96,10,10,10,10
5097,9527,97,10,9,9,9
5098,7718,98,10,10,10,10
5099,5909,99,10,8,8,8
5100,4100,0,10,7,7,7
5101,2291,1,10,10,10,10
5102,482,2,10,10,10,10
5103,8673,3,10,10,10,10
5104,6864,4,10,10,10,10
5105,5055,5,10,10,10,10
5106,3246,6,10,10,10,10
5107,1437,7,10,10,10,10
5108,9628,8,10,7,7,7
5109,7819,9,10,8,8,8
5110,6010,10,10,10,10,10
5111,4201,11,10,10,10,10
5112,2392,12,10,7,7,7
5113,583,13,10,10,10,10
5114,8774,14,10,10,10,10
5115,6965,15,10,10,10,10
5116,5156,16,10,10,10,10
5117,3347,17,10,10,10,10
5118,1538,18,10,10,10,10
5119,9729,19,10,10,10,10
5120,7920,20,10,10,10,10
5121,6111,21,10,8,8,8
5122,4302,22,10,9,9,9
5123,2493,23,10,10,10,10
5124,684,24,10,9,9,9
5125,8875,25,10,9,9,9
5126,7066,26,10,9,9,9
5127,5257,27,10,10,10,10
5128,3448,28,10,9,9,9
5129,1639,29,10,10,10,10
5130,9830,30,10,10,10,10
5131,8021,31,10,9,9,9
5132,6212,32,10,10,10,10
5133,4403,33,10,9,9,9
5134,2594,34,10,10,10,10
5135,785,35,10,9,9,9
5136,8976,36,10,10,10,10
5137,7167,37,10,9,9,9
5138,5358,38,10,10,10,10
5139,3549,39,10,10,10,10
5140,1740,40,10,10,10,10
5141,9931,41,10,9,9,9
5142,8122,42,10,10,10,10
5143,6313,43,10,9,9,9
5144,4504,44,10,10,10,10
5145,2695,45,10,10,10,10
5146,886,46,10,9,9,9
5147,9077,47,10,9,9,9
5148,7268,48,10,10,10,10
5149,5459,49,10,10,10,10
5150,3650,50,10,10,10,10
5151,1841,51,10,10,10,10
5152,32,52,10,10,10,10
5153,8223,53,10,10,10,10
5154,6414,54,10,10,10,10
5155,4605,55,10,10,10,10
5156,2796,56,10,8,8,9
5157,987,57,10,9,9,9
5158,9178,58,10,10,10,10
5159,7369,59,10,10,10,10
5160,5560,60,10,10,10,10
5161,3751,61,10,10,10,10
5162,1942,62,10,9,9,9
5163,133,63,10,9,9,9
5164,8324,64,10,10,10,10
5165,6515,65,10,10,10,10
5166,4706,66,10,8,8,8
5167,2897,67,10,10,10,10
5168,1088,68,10,10,10,10
5169,9279,69,10,6,6,6
5170,7470,70,10,9,9,9
5171,5661,71,10,10,10,10
5172,3852,72,10,7,7,7
5173,2043,73,10,10,10,10
5174,234,74,10,10,10,10
5175,8425,75,10,10,10,10
5176,6616,76,10,10,10,10
5177,4807,77,10,10,10,10
5178,2998,78,10,6,6,6
5179,1189,79,10,10,10,10
5180,9380,80,10,10,10,10
5181,7571,81,10,9,9,9
5182,5762,82,10,10,10,10
5183,3953,83,10,8,8,8
5184,2144,84,10,9,9,9
5185,335,85,10,10,10,10
5186,8526,86,10,10,10,10
5187,6717,87,10,10,10,10
5188,4908,88,10,9,9,9
5189,3099,89,10,9,9,9
5190,1290,90,10,10,10,10
5191,9481,91,10,10,10,10
5192,7672,92,10,10,10,10
5193,5863,93,10,10,10,10
5194,4054,94,10,10,10,10
5195,2245,95,10,10,10,10
5196,436,96,10,10,10,10
5197,8627,97,10,9,9,9
5198,6818,98,10,10,10,10
5199,5009,99,10,8,8,8
5200,3200,0,10,7,7,7
5201,1391,1,10,10,10,10
5202,9582,2,10,10,10,10
5203,7773,3,10,10,10,10
5204,5964,4,10,10,10,10
5205,4155,5,10,10,10,10
5206,2346,6,10,10,10,10
5207,537,7,10,10,10,10
5208,8728,8,10,7,7,7
5209,6919,9,10,8,8,8
5210,5110,10,10,10,10,10
5211,3301,11,10,10,10,10
5212,1492,12,10,7,7,7
5213,9683,13,10,10,10,10
5214,7874,15,10,10,10,10
5215,6065,15,10,10,10,10
5216,4256,16,10,10,10,10
5217,2447,17,10,10,10,10
5218,638,18,10,10,10,10
5219,8829,19,10,10,10,10
5220,7020,20,10,10,10,10
5221,5211,21,10,8,8,8
5222,3402,22,10,9,9,9
5223,1593,23,10,10,10,10
5224,9784,24,10,9,9,9
5225,7975,25,10,9,9,9
5226,6166,26,10,8,8,8
5227,4357,27,10,10,10,10
5228,2548,28,10,9,9,9
5229,739,29,10,10,10,10
5230,8930,30,10,10,10,10
5231,7121,31,10,9,9,9
5232,5312,32,10,10,10,10
5233,3503,33,10,9,9,9
5234,1694,34,10,10,10,10
5235,9885,35,10,9,9,9
5236,8076,36,10,10,10,10
5237,6267,37,10,9,9,9
5238,4458,38,10,10,10,10
5239,2649,39,10,10,10,10
5240,840,40,10,10,10,10
5241,9031,41,10,9,9,9
5242,7222,42,10,10,10,10
5243,5413,43,10,9,9,9
5244,3604,44,10,10,10,10
5245,1795,45,10,10,10,10
5246,9986,46,10,9,9,9
5247,8177,47,10,9,9,9
5248,6368,48,10,10,10,10
5249,4559,49,10,10,10,10
5250,2750,50,10,10,10,10
5251,941,51,10,10,10,10
5252,9132,52,10,10,10,10
5253,7323,53,10,10,10,10
5254,5514,54,10,10,10,10
5255,3705,55,10,10,10,10
5256,1896,56,10,9,9,9
5257,87,57,10,9,9,9
5258,8278,58,10,10,10,10
5259,6469,59,10,10,10,10
5260,4660,60,10,10,10,10
5261,2851,61,10,10,10,10
5262,1042,62,10,9,9,9
5263,9233,63,10,10,10,10
5264,7424,64,10,10,10,10
5265,5615,65,10,10,10,10
5266,3806,66,10,8,8,8
5267,1997,67,10,10,10,10
5268,188,68,10,10,10,10
5269,8379,69,10,6,6,6
5270,6570,70,10,9,9,9
5271,4761,71,10,10,10,10
5272,2952,72,10,7,7,7
5273,1143,73,10,10,10,10
5274,9334,74,10,10,10,10
5275,7525,75,10,10,10,10
5276,5716,76,10,10,10,10
5277,3907,77,10,10,10,10
5278,2098,78,10,6,6,6
5279,289,79,10,10,10,10
5280,8480,80,10,10,10,10
5281,6671,81,10,9,9,9
5282,4862,82,10,10,10,10
5283,3053,83,10,9,9,9
5284,1244,84,10,9,9,9
5285,9435,85,10,10,10,10
5286,7626,86,10,10,10,10
5287,5817,87,10,10,10,10
5288,4008,88,10,9,9,9
5289,2199,89,10,9,9,9
5290,390,90,10,10,10,10
5291,8581,91,10,9,9,9
5292,6772,92,10,10,10,10
5293,4963,93,10,10,10,10
5294,3154,94,10,10,10,10
5295,1345,95,10,10,10,10
5296,9536,96,10,10,10,10
5297,7727,97,10,9,9,9
5298,5918,98,10,10,10,10
5299,4109,99,10,8,8,8
5300,2300,0,10,7,7,7
5301,491,1,10,10,10,10
5302,8682,2,10,10,10,10
5303,6873,3,10,10,10,10
5304,5064,4,10,10,10,10
5305,3255,5,10,10,10,10
5306,1446,6,10,10,10,10
5307,9637,7,10,10,10,10
5308,7828,8,10,8,8,8
5309,6019,9,10,9,9,9
5310,4210,10,10,10,10,10
5311,2401,11,10,10,10,10
5312,592,12,10,7,7,7
5313,8783,13,10,10,10,10
5314,6974,14,10,10,10,10
5315,5165,15,10,10,10,10
5316,3356,16,10,10,10,10
5317,1547,17,10,10,10,10
5318,9738,18,10,10,10,10
5319,7929,19,10,9,9,9
5320,6120,20,10,10,10,10
5321,4311,21,10,8,8,8
5322,2502,22,10,9,9,9
5323,693,23,10,10,10,10
5324,8884,24,10,9,9,9
5325,7075,25,10,9,9,9
5326,5266,26,10,8,8,8
5327,3457,27,10,10,10,10
5328,1648,28,10,9,9,9
5329,9839,29,10,9,9,9
5330,8030,30,10,10,10,10
5331,6221,31,10,9,9,9
5332,4412,32,10,10,10,10
5333,2603,33,10,9,9,9
5334,794,34,10,10,10,10
5335,8985,35,10,10,10,10
5336,7176,36,10,10,10,10
5337,5367,37,10,9,9,9
5338,3558,38,10,10,10,10
5339,1749,39,10,10,10,10
5340,9940,40,10,10,10,10
5341,8131,41,10,9,9,9
5342,6322,42,10,10,10,10
5343,4513,43,10,9,9,9
5344,2704,44,10,10,10,10
5345,895,45,10,10,10,10
5346,9086,46,10,9,9,9
5347,7277,47,10,9,9,9
5348,5468,48,10,10,10,10
5349,3659,49,10,10,10,10
5350,1850,50,10,10,10,10
5351,41,51,10,10,10,10
5352,8232,52,10,10,10,10
5353,6423,53,10,10,10,10
5354,4614,54,10,10,10,10
5355,2805,55,10,10,10,10
5356,996,56,10,9,9,9
5357,9187,57,10,9,9,9
5358,7378,58,10,10,10,10
5359,5569,59,10,10,10,10
5360,3760,60,10,10,10,10
5361,1951,61,10,10,10,10
5362,142,62,10,8,8,8
5363,8333,63,10,10,10,10
5364,6524,64,10,10,10,10
5365,4715,65,10,10,10,10
5366,2906,66,10,8,8,8
5367,1097,67,10,10,10,10
5368,9288,68,10,10,10,10
5369,7479,69,10,6,6,6
5370,5670,70,10,9,9,9
5371,3861,71,10,10,10,10
5372,2052,72,10,7,7,7
5373,243,73,10,10,10,10
5374,8434,74,10,10,10,10
5375,6625,75,10,10,10,10
5376,4816,76,10,10,10,10
5377,3007,77,10,10,10,10
5378,1198,78,10,6,6,6
5379,9389,79,10,10,10,10
5380,7580,80,10,10,10,10
5381,5771,81,10,9,9,9
5382,3962,82,10,10,10,10
5383,2153,83,10,8,8,8
5384,344,84,10,9,9,9
5385,8535,85,10,10,10,10
5386,6726,86,10,10,10,10
5387,4917,87,10,10,10,10
5388,3108,88,10,9,9,9
5389,1299,89,10,9,9,9
5390,9490,90,10,10,10,10
5391,7681,91,10,9,9,9
5392,5872,92,10,10,10,10
5393,4063,93,10,10,10,10
5394,2254,94,10,10,10,10
5395,445,95,10,10,10,10
5396,8636,96,10,10,10,10
5397,6827,97,10,9,9,9
5398,5018,98,10,10,10,10
5399,3209,99,10,8,8,8
5400,1400,0,10,7,7,7
5401,9591,1,10,10,10,10
5402,7782,2,10,10,10,10
5403,5973,3,10,10,10,10
5404,4164,4,10,10,10,10
5405,2355,5,10,10,10,10
5406,546,6,10,10,10,10
5407,8737,7,10,10,10,10
5408,6928,8,10,8,8,8
5409,5119,9,10,9,9,9
5410,3310,10,10,10,10,10
5411,1501,11,10,10,10,10
5412,9692,12,10,7,7,7
5413,7883,13,10,10,10,10
5414,6074,14,10,10,10,10
5415,4265,15,10,10,10,10
5416,2456,16,10,10,10,10
5417,647,17,10,10,10,10
5418,8838,18,10,10,10,10
5419,7029,19,10,9,9,9
5420,5220,20,10,10,10,10
5421,3411,21,10,8,8,8
5422,1602,22,10,9,9,9
5423,9793,23,10,10,10,10
5424,7984,24,10,9,9,9
5425,6175,25,10,9,9,9
5426,4366,26,10,8,8,8
5427,2557,27,10,10,10,10
5428,748,28,10,9,9,9
5429,8939,29,10,9,9,9
5430,7130,30,10,10,10,10
5431,5321,31,10,9,9,9
5432,3512,32,10,10,10,10
5433,1703,33,10,9,9,9
5434,9894,34,10,10,10,10
5435,8085,35,10,10,10,10
5436,6276,36,10,10,10,10
5437,4467,37,10,9,9,9
5438,2658,38,10,10,10,10
5439,849,39,10,10,10,10
5440,9040,40,10,10,10,10
5441,7231,41,10,8,8,8
5442,5422,42,10,10,10,10
5443,3613,43,10,9,9,9
5444,1804,44,10,10,10,10
5445,9995,45,10,10,10,10
5446,8186,46,10,9,9,9
5447,6377,47,10,9,9,9
5448,4568,48,10,10,10,10
5449,2759,49,10,10,10,10
5450,950,50,10,10,10,10
5451,9141,51,10,10,10,10
5452,7332,52,10,10,10,10
5453,5523,53,10,10,10,10
5454,3714,54,10,10,10,10
5455,1905,55,10,10,10,10
5456,96,56,10,9,9,9
5457,8287,57,10,9,9,9
5458,6478,58,10,10,10,10
5459,4669,59,10,10,10,10
5460,2860,60,10,10,10,10
5461,1051,61,10,10,10,10
5462,9242,62,10,8,8,8
5463,7433,63,10,10,10,10
5464,5624,64,10,10,10,10
5465,3815,65,10,10,10,10
5466,2006,66,10,8,8,8
5467,197,67,10,10,10,10
5468,8388,68,10,10,10,10
5469,6579,69,10,6,6,6
5470,4770,70,10,9,9,9
5471,2961,71,10,10,10,10
5472,1152,72,10,7,7,7
5473,9343,73,10,10,10,10
5474,7534,74,10,10,10,10
5475,5725,75,10,10,10,10
5476,3916,76,10,9,9,9
5477,2107,77,10,10,10,10
5478,298,78,10,7,7,7
5479,8489,79,10,10,10,10
5480,6680,80,10,10,10,10
5481,4871,81,10,9,9,9
5482,3062,82,10,10,10,10
5483,1253,83,10,8,8,8
5484,9444,84,10,9,9,9
5485,7635,85,10,10,10,10
5486,5826,86,10,10,10,10
5487,4017,87,10,10,10,10
5488,2208,88,10,9,9,9
5489,399,89,10,9,9,9
5490,8590,90,10,10,10,10
5491,6781,91,10,9,9,9
5492,4972,92,10,10,10,10
5493,3163,93,10,10,10,10
5494,1354,94,10,9,9,9
5495,9545,95,10,10,10,10
5496,7736,96,10,10,10,10
5497,5927,97,10,9,9,9
5498,4118,98,10,10,10,10
5499,2309,99,10,8,8,8
5500,500,0,10,7,7,7
5501,8691,1,10,10,10,10
5502,6882,2,10,10,10,10
5503,5073,3,10,10,10,10
5504,3264,4,10,10,10,10
5505,1455,5,10,10,10,10
5506,9646,6,10,10,10,10
5507,7837,7,10,10,10,10
5508,6028,8,10,8,8,8
5509,4219,9,10,8,8,8
5510,2410,10,10,10,10,10
5511,601,11,10,10,10,10
5512,8792,12,10,7,7,7
5513,6983,13,10,10,10,10
5514,5174,14,10,10,10,10
5515,3365,15,10,10,10,10
5516,1556,16,10,10,10,10
5517,9747,17,10,10,10,10
5518,7938,18,10,10,10,10
5519,6129,19,10,9,9,9
5520,4320,20,10,10,10,10
5521,2511,21,10,8,8,8
5522,702,22,10,9,9,9
5523,8893,23,10,10,10,10
5524,7084,24,10,9,9,9
5525,5275,25,10,9,9,9
5526,3466,26,10,8,8,8
5527,1657,27,10,10,10,10
5528,9848,28,10,9,9,9
5529,8039,29,10,9,9,9
5530,6230,30,10,10,10,10
5531,4421,31,10,9,9,9
5532,2612,32,10,10,10,10
5533,803,33,10,9,9,9
5534,8994,34,10,10,10,10
5535,7185,35,10,10,10,10
5536,5376,36,10,10,10,10
5537,3567,37,10,9,9,9
5538,1758,38,10,10,10,10
5539,9949,39,10,10,10,10
5540,8140,40,10,10,10,10
5541,6331,41,10,8,8,8
5542,4522,42,10,10,10,10
5543,2713,43,10,9,9,9
5544,904,44,10,10,10,10
5545,9095,45,10,10,10,10
5546,7286,46,10,9,9,9
5547,5477,47,10,9,9,9
5548,3668,48,10,10,10,10
5549,1859,49,10,10,10,10
5550,50,50,10,10,10,10
5551,8241,51,10,10,10,10
5552,6432,52,10,10,10,10
5553,4623,53,10,10,10,10
5554,2814,54,10,10,10,10
5555,1005,55,10,10,10,10
5556,9196,56,10,9,9,9
5557,7387,57,10,9,9,9
5558,5578,58,10,10,10,10
5559,3769,59,10,10,10,10
5560,1960,60,10,10,10,10
5561,151,61,10,10,10,10
5562,8342,62,10,8,8,8
5563,6533,63,10,10,10,10
5564,4724,64,10,10,10,10
5565,2915,65,10,10,10,10
5566,1106,66,10,7,7,7
5567,9297,67,10,10,10,10
5568,7488,68,10,10,10,10
5569,5679,69,10,6,6,6
5570,3870,70,10,9,9,9
5571,2061,71,10,10,10,10
5572,252,72,10,7,7,7
5573,8443,73,10,10,10,10
5574,6634,74,10,10,10,10
5575,4825,75,10,10,10,10
5576,3016,76,10,9,9,9
5577,1207,77,10,10,10,10
5578,9398,78,10,7,7,7
5579,7589,79,10,10,10,10
5580,5780,80,10,10,10,10
5581,3971,81,10,9,9,9
5582,2162,82,10,10,10,10
5583,353,83,10,8,8,8
5584,8544,84,10,9,9,9
5585,6735,85,10,10,10,10
5586,4926,86,10,10,10,10
5587,3117,87,10,10,10,10
5588,1308,88,10,9,9,9
5589,9499,89,10,9,9,9
5590,7690,90,10,10,10,10
5591,5881,91,10,9,9,9
5592,4072,92,10,10,10,10
5593,2263,93,10,10,10,10
5594,454,94,10,9,9,9
5595,8645,95,10,10,10,10
5596,6836,96,10,10,10,10
5597,5027,97,10,9,9,9
5598,3218,98,10,10,10,10
5599,1409,99,10,8,8,8
5600,9600,0,10,7,7,7
5601,7791,1,10,10,10,10
5602,5982,2,10,10,10,10
5603,4173,3,10,10,10,10
5604,2364,4,10,10,10,10
5605,555,5,10,10,10,10
5606,8746,6,10,10,10,10
5607,6937,7,10,10,10,10
5608,5128,8,10,8,8,8
5609,3319,9,10,8,8,8
5610,1510,10,10,10,10,10
5611,9701,11,10,10,10,10
5612,7892,12,10,7,7,7
5613,6083,13,10,10,10,10
5614,4274,14,10,10,10,10
5615,2465,15,10,10,10,10
5616,656,16,10,10,10,10
5617,8847,17,10,10,10,10
5618,7038,18,10,10,10,10
5619,5229,19,10,9,9,9
5620,3420,20,10,10,10,10
5621,1611,21,10,8,8,8
5622,9802,22,10,9,9,9
5623,7993,23,10,10,10,10
5624,6184,24,10,9,9,9
5625,4375,25,10,9,9,9
5626,2566,26,10,8,8,8
5627,757,27,10,10,10,10
5628,8948,28,10,9,9,9
5629,7139,29,10,10,10,10
5630,5330,30,10,10,10,10
5631,3521,31,10,9,9,9
5632,1712,32,10,10,10,10
5633,9903,33,10,9,9,9
5634,8094,34,10,10,10,10
5635,6285,35,10,9,9,9
5636,4476,36,10,10,10,10
5637,2667,37,10,9,9,9
5638,858,38,10,10,10,10
5639,9049,39,10,10,10,10
5640,7240,40,10,10,10,10
5641,5431,41,10,9,9,9
5642,3622,42,10,10,10,10
5643,1813,43,10,9,9,9
5644,4,44,10,10,10,10
5645,8195,45,10,10,10,10
5646,6386,46,10,9,9,9
5647,4577,47,10,9,9,9
5648,2768,48,10,10,10,10
5649,959,49,10,10,10,10
5650,9150,50,10,10,10,10
5651,7341,51,10,10,10,10
5652,5532,52,10,10,10,10
5653,3723,53,10,10,10,10
5654,1914,54,10,10,10,10
5655,105,55,10,10,10,10
5656,8296,56,10,9,9,9
5657,6487,57,10,9,9,9
5658,4678,58,10,10,10,10
5659,2869,59,10,10,10,10
5660,1060,60,10,10,10,10
5661,9251,61,10,10,10,10
5662,7442,62,10,8,8,8
5663,5633,63,10,10,10,10
5664,3824,64,10,10,10,10
5665,2015,65,10,10,10,10
5666,206,66,10,7,7,7
5667,8397,67,10,10,10,10
5668,6588,68,10,10,10,10
5669,4779,69,10,6,6,6
5670,2970,70,10,9,9,9
5671,1161,71,10,10,10,10
5672,9352,72,10,7,7,7
5673,7543,73,10,10,10,10
5674,5734,74,10,10,10,10
5675,3925,75,10,10,10,10
5676,2116,76,10,9,9,9
5677,307,77,10,10,10,10
5678,8498,78,10,6,6,6
5679,6689,79,10,10,10,10
5680,4880,80,10,10,10,10
5681,3071,81,10,9,9,9
5682,1262,82,10,10,10,10
5683,9453,83,10,8,8,8
5684,7644,84,10,9,9,9
5685,5835,85,10,10,10,10
5686,4026,86,10,10,10,10
5687,2217,87,10,10,10,10
5688,408,88,10,9,9,9
5689,8599,89,10,9,9,9
5690,6790,90,10,10,10,10
5691,4981,91,10,9,9,9
5692,3172,92,10,10,10,10
5693,1363,93,10,10,10,10
5694,9554,94,10,9,9,9
5695,7745,95,10,10,10,10
5696,5936,96,10,10,10,10
5697,4127,97,10,9,9,9
5698,2318,98,10,10,10,10
5699,509,99,10,8,8,8
5700,8700,0,10,7,7,7
5701,6891,1,10,10,10,10
5702,5082,2,10,10,10,10
5703,3273,3,10,10,10,10
5704,1464,4,10,10,10,10
5705,9655,5,10,10,10,10
5706,7846,6,10,10,10,10
5707,6037,7,10,10,10,10
5708,4228,8,10,8,8,8
5709,2419,9,10,8,8,8
5710,610,10,10,10,10,10
5711,8801,11,10,10,10,10
5712,6992,12,10,7,7,7
5713,5183,13,10,10,10,10
5714,3374,14,10,10,10,10
5715,1565,15,10,10,10,10
5716,9756,16,10,10,10,10
5717,7947,17,10,10,10,10
5718,6138,18,10,10,10,10
5719,4329,19,10,9,9,9
5720,2520,20,10,10,10,10
5721,711,21,10,8,8,8
5722,8902,22,10,9,9,9
5723,7093,23,10,10,10,10
5724,5284,24,10,9,9,9
5725,3475,25,10,9,9,9
5726,1666,26,10,8,8,8
5727,9857,27,10,10,10,10
5728,8048,28,10,9,9,9
5729,6239,29,10,10,10,10
5730,4430,30,10,10,10,10
5731,2621,31,10,9,9,9
5732,812,32,10,10,10,10
5733,9003,33,10,9,9,9
5734,7194,34,10,10,10,10
5735,5385,35,10,9,9,9
5736,3576,36,10,10,10,10
5737,1767,37,10,9,9,9
5738,9958,38,10,10,10,10
5739,8149,39,10,10,10,10
5740,6340,40,10,10,10,10
5741,4531,41,10,9,9,9
5742,2722,42,10,10,10,10
5743,913,43,10,9,9,9
5744,9104,44,10,10,10,10
5745,7295,45,10,10,10,10
5746,5486,46,10,9,9,9
5747,3677,47,10,9,9,9
5748,1868,48,10,10,10,10
5749,59,49,10,10,10,10
5750,8250,50,10,10,10,10
5751,6441,51,10,10,10,10
5752,4632,52,10,10,10,10
5753,2823,53,10,10,10,10
5754,1014,54,10,10,10,10
5755,9205,55,10,10,10,10
5756,7396,56,10,9,9,9
5757,5587,57,10,9,9,9
5758,3778,58,10,10,10,10
5759,1969,59,10,10,10,10
5760,160,60,10,10,10,10
5761,8351,61,10,10,10,10
5762,6542,62,10,8,8,8
5763,4733,63,10,10,10,10
5764,2924,64,10,10,10,10
5765,1115,65,10,10,10,10
5766,9306,66,10,7,7,7
5767,7497,67,10,10,10,10
5768,5688,68,10,10,10,10
5769,3879,69,10,6,6,6
5770,2070,70,10,9,9,9
5771,261,71,10,10,10,10
5772,8452,72,10,7,7,7
5773,6643,73,10,10,10,10
5774,4834,74,10,10,10,10
5775,3025,75,10,10,10,10
5776,1216,76,10,9,9,9
5777,9407,77,10,10,10,10
5778,7598,78,10,6,6,6
5779,5789,79,10,10,10,10
5780,3980,80,10,10,10,10
5781,2171,81,10,9,9,9
5782,362,82,10,10,10,10
5783,8553,83,10,8,8,8
5784,6744,84,10,9,9,9
5785,4935,85,10,10,10,10
5786,3126,86,10,10,10,10
5787,1317,88,10,9,9,9
5788,9508,88,10,9,9,9
5789,7699,89,10,9,9,9
5790,5890,90,10,10,10,10
5791,4081,91,10,9,9,9
5792,2272,92,10,10,10,10
5793,463,93,10,10,10,10
5794,8654,94,10,9,9,9
5795,6845,95,10,10,10,10
5796,5036,96,10,10,10,10
5797,3227,97,10,9,9,9
5798,1418,98,10,10,10,10
5799,9609,99,10,8,8,8
5800,7800,0,10,7,7,7
5801,5991,1,10,10,10,10
5802,4182,2,10,10,10,10
5803,2373,3,10,10,10,10
5804,564,4,10,10,10,10
5805,8755,5,10,10,10,10
5806,6946,6,10,10,10,10
5807,5137,7,10,10,10,10
5808,3328,8,10,8,8,8
5809,1519,9,10,8,8,8
5810,9710,10,10,10,10,10
5811,7901,11,10,10,10,10
5812,6092,12,10,7,7,7
5813,4283,13,10,10,10,10
5814,2474,14,10,10,10,10
5815,665,15,10,10,10,10
5816,8856,16,10,10,10,10
5817,7047,17,10,10,10,10
5818,5238,18,10,10,10,10
5819,3429,19,10,9,9,9
5820,1620,20,10,10,10,10
5821,9811,21,10,8,8,8
5822,8002,22,10,9,9,9
5823,6193,23,10,10,10,10
5824,4384,24,10,9,9,9
5825,2575,25,10,9,9,9
5826,766,26,10,8,8,8
5827,8957,27,10,10,10,10
5828,7148,28,10,9,9,9
5829,5339,29,10,10,10,10
5830,3530,30,10,10,10,10
5831,1721,31,10,9,9,9
5832,9912,32,10,10,10,10
5833,8103,33,10,9,9,9
5834,6294,34,10,10,10,10
5835,4485,35,10,9,9,9
5836,2676,36,10,10,10,10
5837,867,37,10,9,9,9
5838,9058,38,10,10,10,10
5839,7249,39,10,10,10,10
5840,5440,40,10,10,10,10
5841,3631,41,10,9,9,9
5842,1822,42,10,10,10,10
5843,13,43,10,9,9,9
5844,8204,44,10,10,10,10
5845,6395,45,10,10,10,10
5846,4586,46,10,9,9,9
5847,2777,47,10,9,9,9
5848,968,48,10,10,10,10
5849,9159,49,10,10,10,10
5850,7350,50,10,10,10,10
5851,5541,51,10,10,10,10
5852,3732,52,10,10,10,10
5853,1923,53,10,10,10,10
5854,114,54,10,10,10,10
5855,8305,55,10,10,10,10
5856,6496,56,10,9,9,9
5857,4687,57,10,9,9,9
5858,2878,58,10,10,10,10
5859,1069,59,10,10,10,10
5860,9260,60,10,10,10,10
5861,7451,61,10,10,10,10
5862,5642,62,10,8,8,8
5863,3833,63,10,10,10,10
5864,2024,64,10,10,10,10
5865,215,65,10,10,10,10
5866,8406,66,10,7,7,7
5867,6597,67,10,10,10,10
5868,4788,68,10,10,10,10
5869,2979,69,10,6,6,6
5870,1170,70,10,9,9,9
5871,9361,71,10,10,10,10
5872,7552,72,10,7,7,7
5873,5743,73,10,10,10,10
5874,3934,74,10,10,10,10
5875,2125,75,10,10,10,10
5876,316,76,10,9,9,9
5877,8507,77,10,10,10,10
5878,6698,78,10,6,6,6
5879,4889,79,10,10,10,10
5880,3080,80,10,10,10,10
5881,1271,81,10,9,9,9
5882,9462,82,10,10,10,10
5883,7653,83,10,8,8,8
5884,5844,84,10,7,7,7
5885,4035,85,10,10,10,10
5886,2226,86,10,10,10,10
5887,417,87,10,10,10,10
5888,8608,88,10,9,9,9
5889,6799,89,10,9,9,9
5890,4990,90,10,10,10,10
5891,3181,91,10,9,9,9
5892,1372,92,10,10,10,10
5893,9563,93,10,10,10,10
5894,7754,94,10,9,9,9
5895,5945,95,10,10,10,10
5896,4136,96,10,10,10,10
5897,2327,97,10,9,9,9
5898,518,98,10,10,10,10
5899,8709,99,10,8,8,8
5900,6900,0,10,7,7,7
5901,5091,1,10,10,10,10
5902,3282,2,10,10,10,10
5903,1473,3,10,10,10,10
5904,9664,4,10,10,10,10
5905,7855,5,10,10,10,10
5906,6046,6,10,10,10,10
5907,4237,7,10,10,10,10
5908,2428,8,10,8,8,8
5909,619,9,10,8,8,8
5910,8810,10,10,10,10,10
5911,7001,11,10,10,10,10
5912,5192,12,10,7,7,7
5913,3383,13,10,10,10,10
5914,1574,14,10,10,10,10
5915,9765,15,10,10,10,10
5916,7956,16,10,10,10,10
5917,6147,17,10,10,10,10
5918,4338,18,10,10,10,10
5919,2529,19,10,9,9,9
5920,720,20,10,10,10,10
5921,8911,21,10,8,8,8
5922,7102,22,10,9,9,9
5923,5293,23,10,10,10,10
5924,3484,24,10,9,9,9
5925,1675,25,10,9,9,9
5926,9866,26,10,8,8,8
5927,8057,27,10,10,10,10
5928,6248,28,10,9,9,9
5929,4439,29,10,10,10,10
5930,2630,30,10,10,10,10
5931,821,31,10,9,9,9
5932,9012,32,10,10,10,10
5933,7203,33,10,9,9,9
5934,5394,34,10,10,10,10
5935,3585,35,10,9,9,9
5936,1776,36,10,10,10,10
5937,9967,37,10,9,9,9
5938,8158,38,10,10,10,10
5939,6349,39,10,10,10,10
5940,4540,40,10,10,10,10
5941,2731,41,10,9,9,9
5942,922,42,10,10,10,10
5943,9113,43,10,9,9,9
5944,7304,44,10,10,10,10
5945,5495,45,10,10,10,10
5946,3686,46,10,9,9,9
5947,1877,47,10,9,9,9
5948,68,48,10,10,10,10
5949,8259,49,10,10,10,10
5950,6450,50,10,10,10,10
5951,4641,51,10,10,10,10
5952,2832,52,10,10,10,10
5953,1023,53,10,10,10,10
5954,9214,54,10,10,10,10
5955,7405,55,10,10,10,10
5956,5596,56,10,9,9,9
5957,3787,57,10,9,9,9
5958,1978,58,10,10,10,10
5959,169,59,10,10,10,10
5960,8360,60,10,10,10,10
5961,6551,61,10,10,10,10
5962,4742,62,10,8,8,8
5963,2933,63,10,10,10,10
5964,1124,64,10,10,10,10
5965,9315,65,10,10,10,10
5966,7506,66,10,7,7,7
5967,5697,67,10,10,10,10
5968,3888,68,10,10,10,10
5969,2079,69,10,6,6,6
5970,270,70,10,9,9,9
5971,8461,71,10,10,10,10
5972,6652,72,10,7,7,7
5973,4843,73,10,10,10,10
5974,3034,74,10,10,10,10
5975,1225,75,10,10,10,10
5976,9416,76,10,9,9,9
5977,7607,77,10,10,10,10
5978,5798,78,10,7,7,7
5979,3989,79,10,10,10,10
5980,2180,80,10,10,10,10
5981,371,81,10,10,10,10
5982,8562,82,10,9,9,9
5983,6753,83,10,8,8,8
5984,4944,84,10,7,7,7
5985,3135,85,10,10,10,10
5986,1326,86,10,10,10,10
5987,9517,87,10,10,10,10
5988,7708,88,10,9,9,9
5989,5899,89,10,10,10,10
5990,4090,90,10,10,10,10
5991,2281,91,10,9,9,9
5992,472,92,10,10,10,10
5993,8663,93,10,10,10,10
5994,6854,94,10,9,9,9
5995,5045,95,10,10,10,10
5996,3236,96,10,10,10,10
5997,1427,97,10,9,9,9
5998,9618,98,10,10,10,10
5999,7809,99,10,8,8,8
6000,6000,0,10,7,7,7
6001,4191,1,10,10,10,10
6002,2382,2,10,10,10,10
6003,573,3,10,10,10,10
6004,8764,4,10,10,10,10
6005,6955,5,10,10,10,10
6006,5146,6,10,10,10,10
6007,3337,7,10,10,10,10
6008,1528,8,10,8,8,8
6009,9719,9,10,8,8,8
6010,7910,10,10,10,10,10
6011,6101,11,10,10,10,10
6012,4292,12,10,7,7,7
6013,2483,13,10,10,10,10
6014,674,14,10,10,10,10
6015,8865,15,10,10,10,10
6016,7056,16,10,10,10,10
6017,5247,17,10,10,10,10
6018,3438,18,10,10,10,10
6019,1629,19,10,9,9,9
6020,9820,20,10,10,10,10
6021,8011,21,10,8,8,8
6022,6202,22,10,9,9,9
6023,4393,23,10,10,10,10
6024,2584,24,10,9,9,9
6025,775,25,10,9,9,9
6026,8966,26,10,8,8,8
6027,7157,27,10,10,10,10
6028,5348,28,10,9,9,9
6029,3539,29,10,9,9,9
6030,1730,30,10,10,10,10
6031,9921,31,10,9,9,9
6032,8112,32,10,10,10,10
6033,6303,33,10,9,9,9
6034,4494,34,10,10,10,10
6035,2685,35,10,9,9,9
6036,876,36,10,10,10,10
6037,9067,37,10,9,9,9
6038,7258,38,10,10,10,10
6039,5449,39,10,10,10,10
6040,3640,40,10,10,10,10
6041,1831,41,10,9,9,9
6042,22,42,10,10,10,10
6043,8213,43,10,9,9,9
6044,6404,44,10,10,10,10
6045,4595,45,10,10,10,10
6046,2786,46,10,9,9,9
6047,977,47,10,9,9,9
6048,9168,48,10,10,10,10
6049,7359,49,10,10,10,10
6050,5550,50,10,10,10,10
6051,3741,51,10,10,10,10
6052,1932,52,10,10,10,10
6053,123,53,10,10,10,10
6054,8314,54,10,10,10,10
6055,6505,55,10,10,10,10
6056,4696,56,10,9,9,9
6057,2887,57,10,9,9,9
6058,1078,58,10,10,10,10
6059,9269,59,10,10,10,10
6060,7460,60,10,10,10,10
6061,5651,61,10,10,10,10
6062,3842,62,10,8,8,8
6063,2033,63,10,10,10,10
6064,224,64,10,10,10,10
6065,8415,65,10,10,10,10
6066,6606,66,10,7,7,7
6067,4797,67,10,10,10,10
6068,2988,68,10,10,10,10
6069,1179,69,10,6,6,6
6070,9370,70,10,9,9,9
6071,7561,71,10,10,10,10
6072,5752,72,10,6,6,6
6073,3943,73,10,10,10,10
6074,2134,74,10,10,10,10
6075,325,75,10,10,10,10
6076,8516,76,10,9,9,9
6077,6707,77,10,10,9,10
6078,4898,78,10,7,7,7
6079,3089,79,10,10,10,10
6080,1280,80,10,10,10,10
6081,9471,81,10,10,10,10
6082,7662,82,10,9,9,9
6083,5853,83,10,8,8,8
6084,4044,84,10,7,7,7
6085,2235,85,10,10,10,10
6086,426,86,10,10,10,10
6087,8617,87,10,10,10,10
6088,6808,88,10,9,9,9
6089,4999,89,10,10,10,10
6090,3190,90,10,10,10,10
6091,1381,91,10,9,9,9
6092,9572,92,10,10,10,10
6093,7763,93,10,10,10,10
6094,5954,94,10,9,9,9
6095,4145,95,10,10,10,10
6096,2336,96,10,10,10,10
6097,527,97,10,9,9,9
6098,8718,98,10,10,10,10
6099,6909,99,10,8,8,8
6100,5100,0,10,7,7,7
6101,3291,1,10,10,10,10
6102,1482,2,10,10,10,10
6103,9673,3,10,10,10,10
6104,7864,4,10,10,10,10
6105,6055,5,10,10,10,10
6106,4246,6,10,10,10,10
6107,2437,7,10,10,10,10
6108,628,8,10,8,8,8
6109,8819,9,10,8,8,8
6110,7010,10,10,10,10,10
6111,5201,11,10,10,10,10
6112,3392,12,10,7,7,7
6113,1583,13,10,10,10,10
6114,9774,14,10,10,10,10
6115,7965,15,10,10,10,10
6116,6156,16,10,10,10,10
6117,4347,17,10,10,10,10
6118,2538,18,10,10,10,10
6119,729,19,10,9,9,9
6120,8920,20,10,10,10,10
6121,7111,21,10,8,8,8
6122,5302,22,10,9,9,9
6123,3493,23,10,10,10,10
6124,1684,24,10,9,9,9
6125,9875,25,10,9,9,9
6126,8066,26,10,8,8,8
6127,6257,27,10,10,10,10
6128,4448,28,10,9,9,9
6129,2639,29,10,9,9,9
6130,830,30,10,10,10,10
6131,9021,31,10,9,9,9
6132,7212,32,10,10,10,10
6133,5403,33,10,9,9,9
6134,3594,34,10,10,10,10
6135,1785,35,10,9,9,9
6136,9976,36,10,10,10,10
6137,8167,37,10,9,9,9
6138,6358,38,10,10,10,10
6139,4549,39,10,10,10,10
6140,2740,40,10,10,10,10
6141,931,41,10,9,9,9
6142,9122,42,10,10,10,10
6143,7313,43,10,9,9,9
6144,5504,44,10,10,10,10
6145,3695,45,10,10,10,10
6146,1886,46,10,9,9,9
6147,77,47,10,9,9,9
6148,8268,48,10,10,10,10
6149,6459,49,10,10,10,10
6150,4650,50,10,10,10,10
6151,2841,51,10,10,10,10
6152,1032,52,10,10,10,10
6153,9223,53,10,10,10,10
6154,7414,54,10,10,10,10
6155,5605,55,10,10,10,10
6156,3796,56,10,9,9,9
6157,1987,57,10,9,9,9
6158,178,58,10,10,10,10
6159,8369,59,10,10,10,10
6160,6560,60,10,10,10,10
6161,4751,61,10,10,10,10
6162,2942,62,10,8,8,8
6163,1133,63,10,10,10,10
6164,9324,64,10,10,10,10
6165,7515,65,10,10,10,10
6166,5706,66,10,7,7,7
6167,3897,67,10,10,10,10
6168,2088,68,10,10,10,10
6169,279,69,10,6,6,6
6170,8470,70,10,9,9,9
6171,6661,71,10,10,10,10
6172,4852,72,10,6,6,6
6173,3043,73,10,10,10,10
6174,1234,74,10,10,10,10
6175,9425,75,10,10,10,10
6176,7616,76,10,9,9,9
6177,5807,77,10,9,9,9
6178,3998,78,10,7,7,7
6179,2189,79,10,10,10,10
6180,380,80,10,10,10,10
6181,8571,81,10,10,10,10
6182,6762,82,10,9,9,9
6183,4953,83,10,8,8,8
6184,3144,84,10,7,7,7
6185,1335,85,10,10,10,10
6186,9526,86,10,10,10,10
6187,7717,87,10,10,10,10
6188,5908,88,10,9,9,9
6189,4099,89,10,10,10,10
6190,2290,90,10,10,10,10
6191,481,91,10,9,9,9
6192,8672,92,10,10,10,10
6193,6863,93,10,10,10,10
6194,5054,94,10,9,9,9
6195,3245,95,10,10,10,10
6196,1436,96,10,10,10,10
6197,9627,97,10,9,9,9
6198,7818,98,10,10,10,10
6199,6009,99,10,8,8,8
6200,4200,0,10,7,7,7
6201,2391,1,10,10,10,10
6202,582,2,10,10,10,10
6203,8773,3,10,10,10,10
6204,6964,4,10,10,10,10
6205,5155,5,10,10,10,10
6206,3346,6,10,10,10,10
6207,1537,7,10,10,10,10
6208,9728,8,10,8,8,8
6209,7919,9,10,8,8,8
6210,6110,10,10,10,10,10
6211,4301,11,10,10,10,10
6212,2492,12,10,7,7,7
6213,683,14,10,10,10,10
6214,8874,14,10,10,10,10
6215,7065,15,10,10,10,10
6216,5256,16,10,10,10,10
6217,3447,17,10,10,10,10
6218,1638,18,10,10,10,10
6219,9829,19,10,9,9,9
6220,8020,20,10,10,10,10
6221,6211,21,10,8,8,8
6222,4402,22,10,9,9,9
6223,2593,23,10,10,10,10
6224,784,24,10,9,9,9
6225,8975,25,10,9,9,9
6226,7166,26,10,8,8,8
6227,5357,27,10,10,10,10
6228,3548,28,10,9,9,9
6229,1739,29,10,9,9,9
6230,9930,30,10,10,10,10
6231,8121,31,10,9,9,9
6232,6312,32,10,10,10,10
6233,4503,33,10,9,9,9
6234,2694,34,10,10,10,10
6235,885,35,10,9,9,9
6236,9076,36,10,10,10,10
6237,7267,37,10,9,9,9
6238,5458,38,10,10,10,10
6239,3649,39,10,10,10,10
6240,1840,40,10,10,10,10
6241,31,41,10,9,9,9
6242,8222,42,10,10,10,10
6243,6413,43,10,9,9,9
6244,4604,44,10,10,10,10
6245,2795,45,10,10,10,10
6246,986,46,10,9,9,9
6247,9177,47,10,9,9,9
6248,7368,48,10,10,10,10
6249,5559,49,10,10,10,10
6250,3750,50,10,10,10,10
6251,1941,51,10,10,10,10
6252,132,52,10,10,10,10
6253,8323,53,10,10,10,10
6254,6514,54,10,10,10,10
6255,4705,55,10,10,10,10
6256,2896,56,10,9,9,9
6257,1087,57,10,9,9,9
6258,9278,58,10,10,10,10
6259,7469,59,10,10,10,10
6260,5660,60,10,10,10,10
6261,3851,61,10,10,10,10
6262,2042,62,10,8,8,8
6263,233,63,10,10,10,10
6264,8424,64,10,10,10,10
6265,6615,65,10,10,10,10
6266,4806,66,10,7,7,7
6267,2997,67,10,10,10,10
6268,1188,68,10,10,10,10
6269,9379,69,10,6,6,6
6270,7570,70,10,9,9,9
6271,5761,71,10,10,10,10
6272,3952,72,10,5,5,5
6273,2143,73,10,10,10,10
6274,334,74,10,10,10,10
6275,8525,75,10,10,10,10
6276,6716,76,10,9,9,9
6277,4907,77,10,9,9,9
6278,3098,78,10,7,7,7
6279,1289,79,10,10,10,10
6280,9480,80,10,10,10,10
6281,7671,81,10,10,10,10
6282,5862,82,10,9,9,9
6283,4053,83,10,8,8,8
6284,2244,84,10,7,7,7
6285,435,85,10,10,10,10
6286,8626,86,10,10,10,10
6287,6817,87,10,10,10,10
6288,5008,88,10,9,9,9
6289,3199,89,10,10,10,10
6290,1390,90,10,10,10,10
6291,9581,91,10,9,9,9
6292,7772,92,10,10,10,10
6293,5963,93,10,10,10,10
6294,4154,94,10,9,9,9
6295,2345,95,10,10,10,10
6296,536,96,10,10,10,10
6297,8727,97,10,9,9,9
6298,6918,98,10,10,10,10
6299,5109,99,10,8,8,8
6300,3300,0,10,7,7,7
6301,1491,1,10,10,10,10
6302,9682,2,10,10,10,10
6303,7873,3,10,10,10,10
6304,6064,4,10,10,10,10
6305,4255,5,10,10,10,10
6306,2446,6,10,10,10,10
6307,637,7,10,10,10,10
6308,8828,8,10,8,8,8
6309,7019,9,10,8,8,8
6310,5210,10,10,10,10,10
6311,3401,11,10,10,10,10
6312,1592,12,10,7,7,7
6313,9783,13,10,10,10,10
6314,7974,14,10,10,10,10
6315,6165,15,10,10,10,10
6316,4356,16,10,10,10,10
6317,2547,17,10,10,10,10
6318,738,18,10,10,10,10
6319,8929,19,10,9,9,9
6320,7120,20,10,10,10,10
6321,5311,21,10,8,8,8
6322,3502,22,10,9,9,9
6323,1693,23,10,10,10,10
6324,9884,24,10,9,9,9
6325,8075,25,10,9,9,9
6326,6266,26,10,8,8,8
6327,4457,27,10,10,10,10
6328,2648,28,10,9,9,9
6329,839,29,10,9,9,9
6330,9030,30,10,10,10,10
6331,7221,31,10,9,9,9
6332,5412,32,10,10,10,10
6333,3603,33,10,9,9,9
6334,1794,34,10,10,10,10
6335,9985,35,10,9,9,9
6336,8176,36,10,10,10,10
6337,6367,37,10,9,9,9
6338,4558,38,10,10,10,10
6339,2749,39,10,10,10,10
6340,940,40,10,10,10,10
6341,9131,41,10,9,9,9
6342,7322,42,10,10,10,10
6343,5513,43,10,9,9,9
6344,3704,44,10,10,10,10
6345,1895,45,10,10,10,10
6346,86,46,10,9,9,9
6347,8277,47,10,9,9,9
6348,6468,48,10,10,10,10
6349,4659,49,10,10,10,10
6350,2850,50,10,10,10,10
6351,1041,51,10,10,10,10
6352,9232,52,10,10,10,10
6353,7423,53,10,10,10,10
6354,5614,54,10,10,10,10
6355,3805,55,10,10,10,10
6356,1996,56,10,9,9,9
6357,187,57,10,9,9,9
6358,8378,58,10,10,10,10
6359,6569,59,10,10,10,10
6360,4760,60,10,10,10,10
6361,2951,61,10,10,10,10
6362,1142,62,10,8,8,8
6363,9333,63,10,10,10,10
6364,7524,64,10,10,10,10
6365,5715,65,10,10,10,10
6366,3906,66,10,7,7,7
6367,2097,67,10,10,10,10
6368,288,68,10,10,10,10
6369,8479,69,10,6,6,6
6370,6670,70,10,9,9,9
6371,4861,71,10,10,10,10
6372,3052,72,10,5,5,5
6373,1243,73,10,10,10,10
6374,9434,74,10,10,10,10
6375,7625,75,10,10,10,10
6376,5816,76,10,9,9,9
6377,4007,77,10,9,9,9
6378,2198,78,10,7,7,7
6379,389,79,10,10,10,10
6380,8580,80,10,10,10,10
6381,6771,81,10,10,10,10
6382,4962,82,10,9,9,9
6383,3153,83,10,8,8,8
6384,1344,84,10,7,7,7
6385,9535,85,10,10,10,10
6386,7726,86,10,10,10,10
6387,5917,87,10,10,10,10
6388,4108,88,10,9,9,9
6389,2299,89,10,10,10,10
6390,490,90,10,10,10,10
6391,8681,91,10,9,9,9
6392,6872,92,10,10,10,10
6393,5063,93,10,10,10,10
6394,3254,94,10,9,9,9
6395,1445,95,10,10,10,10
6396,9636,96,10,10,10,10
6397,7827,97,10,9,9,9
6398,6018,98,10,10,10,10
6399,4209,99,10,8,8,8
6400,2400,0,10,7,7,7
6401,591,1,10,10,10,10
6402,8782,2,10,10,10,10
6403,6973,3,10,10,10,10
6404,5164,4,10,10,10,10
6405,3355,5,10,10,10,10
6406,1546,6,10,10,10,10
6407,9737,7,10,10,10,10
6408,7928,8,10,8,8,8
6409,6119,9,10,9,9,9
6410,4310,10,10,10,10,10
6411,2501,11,10,10,10,10
6412,692,12,10,7,7,7
6413,8883,13,10,10,10,10
6414,7074,14,10,10,10,10
6415,5265,15,10,10,10,10
6416,3456,16,10,10,10,10
6417,1647,17,10,10,10,10
6418,9838,18,10,10,10,10
6419,8029,19,10,9,9,9
6420,6220,20,10,10,10,10
6421,4411,21,10,8,8,8
6422,2602,22,10,9,9,9
6423,793,23,10,10,10,10
6424,8984,24,10,9,8,9
6425,7175,25,10,9,9,9
6426,5366,26,10,8,8,8
6427,3557,27,10,10,10,10
6428,1748,28,10,9,9,9
6429,9939,29,10,9,9,9
6430,8130,30,10,10,10,10
6431,6321,31,10,9,9,9
6432,4512,32,10,10,10,10
6433,2703,33,10,9,9,9
6434,894,34,10,10,10,10
6435,9085,35,10,9,9,9
6436,7276,36,10,10,10,10
6437,5467,37,10,9,9,9
6438,3658,38,10,10,10,10
6439,1849,39,10,10,10,10
6440,40,40,10,10,10,10
6441,8231,41,10,9,9,9
6442,6422,42,10,10,10,10
6443,4613,43,10,9,9,9
6444,2804,44,10,10,10,10
6445,995,45,10,10,10,10
6446,9186,46,10,9,9,9
6447,7377,47,10,9,9,9
6448,5568,48,10,10,10,10
6449,3759,49,10,10,10,10
6450,1950,50,10,10,10,10
6451,141,51,10,10,10,10
6452,8332,52,10,10,10,10
6453,6523,53,10,10,10,10
6454,4714,54,10,10,10,10
6455,2905,55,10,10,10,10
6456,1096,56,10,9,9,9
6457,9287,57,10,9,9,9
6458,7478,58,10,10,10,10
6459,5669,59,10,10,10,10
6460,3860,60,10,10,10,10
6461,2051,61,10,10,10,10
6462,242,62,10,8,8,8
6463,8433,63,10,10,10,10
6464,6624,64,10,10,10,10
6465,4815,65,10,10,10,10
6466,3006,66,10,7,7,7
6467,1197,67,10,10,10,10
6468,9388,68,10,10,10,10
6469,7579,69,10,6,6,6
6470,5770,70,10,9,9,9
6471,3961,71,10,10,10,10
6472,2152,72,10,5,5,5
6473,343,73,10,10,10,10
6474,8534,74,10,10,10,10
6475,6725,75,10,10,10,10
6476,4916,76,10,9,9,9
6477,3107,77,10,9,9,9
6478,1298,78,10,7,7,7
6479,9489,79,10,10,10,10
6480,7680,80,10,10,10,10
6481,5871,81,10,10,10,10
6482,4062,82,10,9,9,9
6483,2253,83,10,8,8,8
6484,444,84,10,7,7,7
6485,8635,85,10,10,10,10
6486,6826,86,10,10,10,10
6487,5017,87,10,10,10,10
6488,3208,88,10,8,8,8
6489,1399,89,10,10,10,10
6490,9590,90,10,10,10,10
6491,7781,91,10,9,9,9
6492,5972,92,10,10,10,10
6493,4163,93,10,10,10,10
6494,2354,94,10,9,9,9
6495,545,95,10,10,10,10
6496,8736,96,10,10,10,10
6497,6927,97,10,9,9,9
6498,5118,98,10,10,10,10
6499,3309,99,10,8,8,8
6500,1500,0,10,7,7,7
6501,9691,1,10,10,10,10
6502,7882,2,10,10,10,10
6503,6073,3,10,10,10,10
6504,4264,4,10,10,10,10
6505,2455,5,10,10,10,10
6506,646,6,10,10,10,10
6507,8837,7,10,10,10,10
6508,7028,8,10,8,8,8
6509,5219,9,10,9,9,9
6510,3410,10,10,10,10,10
6511,1601,11,10,10,10,10
6512,9792,12,10,7,7,7
6513,7983,13,10,10,10,10
6514,6174,14,10,10,10,10
6515,4365,15,10,10,10,10
6516,2556,16,10,10,10,10
6517,747,17,10,10,10,10
6518,8938,18,10,10,10,10
6519,7129,19,10,9,9,9
6520,5320,20,10,10,10,10
6521,3511,21,10,8,8,8
6522,1702,22,10,9,9,9
6523,9893,23,10,10,10,10
6524,8084,24,10,9,8,9
6525,6275,25,10,9,9,9
6526,4466,26,10,7,7,7
6527,2657,27,10,10,10,10
6528,848,28,10,9,9,9
6529,9039,29,10,9,9,9
6530,7230,30,10,10,10,10
6531,5421,31,10,9,9,9
6532,3612,32,10,10,10,10
6533,1803,33,10,9,9,9
6534,9994,34,10,10,10,10
6535,8185,35,10,9,9,9
6536,6376,36,10,10,10,10
6537,4567,37,10,9,9,9
6538,2758,38,10,10,10,10
6539,949,39,10,10,10,10
6540,9140,40,10,10,10,10
6541,7331,41,10,9,9,9
6542,5522,42,10,10,10,10
6543,3713,43,10,9,9,9
6544,1904,44,10,10,10,10
6545,95,45,10,10,10,10
6546,8286,46,10,9,9,9
6547,6477,47,10,9,9,9
6548,4668,48,10,10,10,10
6549,2859,49,10,10,10,10
6550,1050,50,10,10,10,10
6551,9241,51,10,10,10,10
6552,7432,52,10,10,10,10
6553,5623,53,10,10,10,10
6554,3814,54,10,10,10,10
6555,2005,55,10,10,10,10
6556,196,56,10,9,9,9
6557,8387,57,10,9,9,9
6558,6578,58,10,10,10,10
6559,4769,59,10,10,10,10
6560,2960,60,10,10,10,10
6561,1151,61,10,10,10,10
6562,9342,62,10,8,8,8
6563,7533,63,10,10,10,10
6564,5724,64,10,10,10,10
6565,3915,65,10,10,10,10
6566,2106,66,10,7,7,7
6567,297,67,10,10,10,10
6568,8488,68,10,10,10,10
6569,6679,69,10,6,6,6
6570,4870,70,10,9,9,9
6571,3061,71,10,10,10,10
6572,1252,72,10,5,5,5
6573,9443,73,10,10,10,10
6574,7634,74,10,10,10,10
6575,5825,75,10,10,10,10
6576,4016,76,10,9,9,9
6577,2207,77,10,9,9,9
6578,398,78,10,7,7,7
6579,8589,79,10,10,10,10
6580,6780,80,10,10,10,10
6581,4971,81,10,10,10,10
6582,3162,82,10,9,9,9
6583,1353,83,10,8,8,8
6584,9544,84,10,7,7,7
6585,7735,85,10,10,10,10
6586,5926,86,10,10,10,10
6587,4117,87,10,10,10,10
6588,2308,88,10,8,8,8
6589,499,89,10,10,10,10
6590,8690,90,10,10,10,10
6591,6881,91,10,9,9,9
6592,5072,92,10,10,10,10
6593,3263,93,10,10,10,10
6594,1454,94,10,9,9,9
6595,9645,95,10,10,10,10
6596,7836,96,10,10,10,10
6597,6027,97,10,9,9,9
6598,4218,98,10,10,10,10
6599,2409,99,10,8,8,8
6600,600,0,10,7,7,7
6601,8791,1,10,10,10,10
6602,6982,2,10,10,10,10
6603,5173,3,10,10,10,10
6604,3364,4,10,10,10,10
6605,1555,5,10,10,10,10
6606,9746,6,10,10,10,10
6607,7937,7,10,10,10,10
6608,6128,8,10,8,8,8
6609,4319,9,10,8,8,8
6610,2510,10,10,10,10,10
6611,701,11,10,10,10,10
6612,8892,12,10,7,7,7
6613,7083,13,10,10,10,10
6614,5274,14,10,10,10,10
6615,3465,15,10,10,10,10
6616,1656,16,10,10,10,10
6617,9847,17,10,10,10,10
6618,8038,18,10,10,10,10
6619,6229,19,10,9,9,9
6620,4420,20,10,10,10,10
6621,2611,21,10,8,8,8
6622,802,22,10,9,9,9
6623,8993,23,10,10,10,10
6624,7184,24,10,9,8,9
6625,5375,25,10,9,9,9
6626,3566,26,10,7,7,7
6627,1757,27,10,10,10,10
6628,9948,28,10,9,9,9
6629,8139,29,10,9,9,9
6630,6330,30,10,10,10,10
6631,4521,31,10,9,9,9
6632,2712,32,10,10,10,10
6633,903,33,10,9,9,9
6634,9094,34,10,10,10,10
6635,7285,35,10,10,10,10
6636,5476,36,10,10,10,10
6637,3667,37,10,9,9,9
6638,1858,38,10,10,10,10
6639,49,39,10,10,10,10
6640,8240,40,10,10,10,10
6641,6431,41,10,9,9,9
6642,4622,42,10,10,10,10
6643,2813,43,10,9,9,9
6644,1004,44,10,10,10,10
6645,9195,45,10,10,10,10
6646,7386,46,10,9,9,9
6647,5577,47,10,9,9,9
6648,3768,48,10,10,10,10
6649,1959,49,10,10,10,10
6650,150,50,10,10,10,10
6651,8341,51,10,10,10,10
6652,6532,52,10,10,10,10
6653,4723,53,10,10,10,10
6654,2914,54,10,10,10,10
6655,1105,55,10,10,10,10
6656,9296,56,10,8,8,8
6657,7487,57,10,9,9,9
6658,5678,58,10,10,10,10
6659,3869,59,10,10,10,10
6660,2060,60,10,10,10,10
6661,251,61,10,10,10,10
6662,8442,62,10,8,8,8
6663,6633,63,10,10,10,10
6664,4824,64,10,9,9,9
6665,3015,65,10,10,10,10
6666,1206,66,10,7,7,7
6667,9397,67,10,10,10,10
6668,7588,68,10,10,10,10
6669,5779,69,10,6,6,6
6670,3970,70,10,9,9,9
6671,2161,71,10,10,10,10
6672,352,72,10,5,5,5
6673,8543,73,10,10,10,10
6674,6734,74,10,10,10,10
6675,4925,75,10,10,10,10
6676,3116,76,10,9,9,9
6677,1307,77,10,9,9,9
6678,9498,78,10,7,7,7
6679,7689,79,10,10,10,10
6680,5880,80,10,10,10,10
6681,4071,81,10,10,10,10
6682,2262,82,10,9,9,9
6683,453,83,10,8,8,8
6684,8644,84,10,7,7,7
6685,6835,85,10,10,10,10
6686,5026,86,10,10,10,10
6687,3217,87,10,10,10,10
6688,1408,88,10,8,8,8
6689,9599,89,10,10,10,10
6690,7790,90,10,10,10,10
6691,5981,91,10,9,9,9
6692,4172,92,10,10,10,10
6693,2363,93,10,10,10,10
6694,554,94,10,9,9,9
6695,8745,95,10,10,10,10
6696,6936,96,10,10,10,10
6697,5127,97,10,9,9,9
6698,3318,98,10,10,10,10
6699,1509,99,10,8,8,8
6700,9700,0,10,7,7,7
6701,7891,1,10,10,10,10
6702,6082,2,10,10,10,10
6703,4273,3,10,10,10,10
6704,2464,4,10,10,10,10
6705,655,5,10,10,10,10
6706,8846,6,10,10,10,10
6707,7037,7,10,10,10,10
6708,5228,8,10,8,8,8
6709,3419,9,10,8,8,8
6710,1610,10,10,10,10,10
6711,9801,11,10,10,10,10
6712,7992,12,10,7,7,7
6713,6183,13,10,10,10,10
6714,4374,14,10,10,10,10
6715,2565,15,10,10,10,10
6716,756,16,10,10,10,10
6717,8947,17,10,10,10,10
6718,7138,18,10,10,10,10
6719,5329,19,10,9,9,9
6720,3520,20,10,10,10,10
6721,1711,21,10,8,8,8
6722,9902,22,10,9,9,9
6723,8093,23,10,10,10,10
6724,6284,24,10,9,8,9
6725,4475,25,10,9,9,9
6726,2666,26,10,7,7,7
6727,857,27,10,10,10,10
6728,9048,28,10,9,9,9
6729,7239,29,10,9,9,9
6730,5430,30,10,10,10,10
6731,3621,31,10,9,9,9
6732,1812,32,10,10,10,10
6733,3,33,10,9,9,9
6734,8194,34,10,10,10,10
6735,6385,35,10,10,10,10
6736,4576,36,10,10,10,10
6737,2767,37,10,9,9,9
6738,958,38,10,10,10,10
6739,9149,39,10,10,10,10
6740,7340,40,10,10,10,10
6741,5531,41,10,9,9,9
6742,3722,42,10,10,10,10
6743,1913,43,10,9,9,9
6744,104,44,10,10,10,10
6745,8295,45,10,10,10,10
6746,6486,46,10,9,9,9
6747,4677,47,10,9,9,9
6748,2868,48,10,10,10,10
6749,1059,49,10,10,10,10
6750,9250,50,10,10,10,10
6751,7441,51,10,10,10,10
6752,5632,52,10,10,10,10
6753,3823,53,10,10,10,10
6754,2014,54,10,10,10,10
6755,205,55,10,10,10,10
6756,8396,56,10,8,8,8
6757,6587,57,10,9,9,9
6758,4778,58,10,10,10,10
6759,2969,59,10,9,9,9
6760,1160,60,10,10,10,10
6761,9351,61,10,10,10,10
6762,7542,62,10,8,8,8
6763,5733,63,10,10,10,10
6764,3924,64,10,9,9,9
6765,2115,65,10,10,10,10
6766,306,66,10,7,7,7
6767,8497,67,10,10,10,10
6768,6688,68,10,10,10,10
6769,4879,69,10,5,5,5
6770,3070,70,10,9,9,9
6771,1261,71,10,10,10,10
6772,9452,72,10,5,5,5
6773,7643,73,10,10,10,10
6774,5834,74,10,10,10,10
6775,4025,75,10,10,10,10
6776,2216,76,10,9,9,9
6777,407,77,10,10,10,10
6778,8598,78,10,7,7,7
6779,6789,79,10,10,10,10
6780,4980,80,10,10,10,10
6781,3171,81,10,10,10,10
6782,1362,82,10,9,9,9
6783,9553,83,10,8,8,8
6784,7744,84,10,7,7,7
6785,5935,85,10,10,10,10
6786,4126,86,10,10,10,10
6787,2317,87,10,10,10,10
6788,508,88,10,8,8,8
6789,8699,89,10,10,10,10
6790,6890,90,10,10,10,10
6791,5081,91,10,9,9,9
6792,3272,92,10,10,10,10
6793,1463,93,10,10,10,10
6794,9654,94,10,9,9,9
6795,7845,95,10,10,10,10
6796,6036,96,10,10,10,10
6797,4227,97,10,9,9,9
6798,2418,98,10,10,10,10
6799,609,99,10,8,8,8
6800,8800,0,10,7,7,7
6801,6991,1,10,10,10,10
6802,5182,2,10,10,10,10
6803,3373,3,10,10,10,10
6804,1564,4,10,10,10,10
6805,9755,5,10,10,10,10
6806,7946,6,10,10,10,10
6807,6137,7,10,10,10,10
6808,4328,8,10,8,8,8
6809,2519,9,10,8,8,8
6810,710,10,10,10,10,10
6811,8901,11,10,10,10,10
6812,7092,12,10,7,7,7
6813,5283,13,10,10,10,10
6814,3474,14,10,10,10,10
6815,1665,15,10,10,10,10
6816,9856,16,10,10,10,10
6817,8047,17,10,10,10,10
6818,6238,18,10,10,10,10
6819,4429,19,10,9,9,9
6820,2620,20,10,10,10,10
6821,811,21,10,8,8,8
6822,9002,22,10,9,9,9
6823,7193,23,10,10,10,10
6824,5384,24,10,8,8,8
6825,3575,25,10,9,9,9
6826,1766,26,10,7,7,7
6827,9957,27,10,10,10,10
6828,8148,28,10,9,9,9
6829,6339,29,10,9,9,9
6830,4530,30,10,10,10,10
6831,2721,31,10,9,9,9
6832,912,32,10,10,10,10
6833,9103,33,10,9,9,9
6834,7294,34,10,10,10,10
6835,5485,35,10,10,10,10
6836,3676,36,10,10,10,10
6837,1867,37,10,9,9,9
6838,58,38,10,10,10,10
6839,8249,39,10,10,10,10
6840,6440,40,10,10,10,10
6841,4631,41,10,9,9,9
6842,2822,42,10,10,10,10
6843,1013,43,10,9,9,9
6844,9204,44,10,10,10,10
6845,7395,45,10,10,10,10
6846,5586,46,10,9,9,9
6847,3777,47,10,9,9,9
6848,1968,48,10,10,10,10
6849,159,49,10,10,10,10
6850,8350,50,10,10,10,10
6851,6541,51,10,10,10,10
6852,4732,52,10,10,10,10
6853,2923,53,10,10,10,10
6854,1114,54,10,10,10,10
6855,9305,55,10,10,10,10
6856,7496,56,10,8,8,8
6857,5687,57,10,9,9,9
6858,3878,58,10,10,10,10
6859,2069,59,10,9,9,9
6860,260,60,10,10,10,10
6861,8451,61,10,10,10,10
6862,6642,62,10,8,8,8
6863,4833,63,10,10,10,10
6864,3024,64,10,9,9,9
6865,1215,65,10,10,10,10
6866,9406,66,10,7,7,7
6867,7597,67,10,10,10,10
6868,5788,68,10,10,10,10
6869,3979,69,10,5,5,5
6870,2170,70,10,9,9,9
6871,361,71,10,10,10,10
6872,8552,72,10,5,5,5
6873,6743,73,10,10,10,10
6874,4934,74,10,10,10,10
6875,3125,75,10,10,10,10
6876,1316,76,10,9,9,9
6877,9507,77,10,9,10,10
6878,7698,78,10,7,7,7
6879,5889,79,10,10,10,10
6880,4080,80,10,10,10,10
6881,2271,81,10,10,10,10
6882,462,82,10,9,9,9
6883,8653,83,10,8,8,8
6884,6844,84,10,7,7,7
6885,5035,85,10,10,10,10
6886,3226,86,10,10,10,10
6887,1417,87,10,10,10,10
6888,9608,88,10,8,8,8
6889,7799,89,10,10,10,10
6890,5990,90,10,10,10,10
6891,4181,91,10,9,9,9
6892,2372,92,10,10,10,10
6893,563,93,10,10,10,10
6894,8754,94,10,10,10,10
6895,6945,95,10,10,10,10
6896,5136,96,10,10,10,10
6897,3327,97,10,9,9,9
6898,1518,98,10,10,10,10
6899,9709,99,10,8,8,8
6900,7900,0,10,7,7,7
6901,6091,1,10,10,10,10
6902,4282,2,10,10,10,10
6903,2473,3,10,10,10,10
6904,664,4,10,10,10,10
6905,8855,5,10,10,10,10
6906,7046,6,10,10,10,10
6907,5237,7,10,10,10,10
6908,3428,8,10,8,8,8
6909,1619,9,10,8,8,8
6910,9810,10,10,10,10,10
6911,8001,11,10,10,10,10
6912,6192,12,10,7,7,7
6913,4383,13,10,10,10,10
6914,2574,14,10,10,10,10
6915,765,15,10,10,10,10
6916,8956,16,10,10,10,10
6917,7147,17,10,10,10,10
6918,5338,18,10,10,10,10
6919,3529,19,10,9,9,9
6920,1720,20,10,10,10,10
6921,9911,21,10,7,7,7
6922,8102,22,10,9,9,9
6923,6293,23,10,10,10,10
6924,4484,24,10,8,8,8
6925,2675,25,10,9,9,9
6926,866,26,10,7,7,7
6927,9057,27,10,10,10,10
6928,7248,28,10,9,9,9
6929,5439,29,10,9,9,9
6930,3630,30,10,10,10,10
6931,1821,31,10,9,9,9
6932,12,32,10,10,10,10
6933,8203,33,10,9,9,9
6934,6394,34,10,10,10,10
6935,4585,35,10,10,10,10
6936,2776,36,10,10,10,10
6937,967,37,10,9,9,9
6938,9158,38,10,10,10,10
6939,7349,39,10,10,10,10
6940,5540,40,10,10,10,10
6941,3731,41,10,9,9,9
6942,1922,42,10,10,10,10
6943,113,43,10,9,9,9
6944,8304,44,10,10,10,10
6945,6495,45,10,10,10,10
6946,4686,46,10,9,9,9
6947,2877,47,10,9,9,9
6948,1068,48,10,10,10,10
6949,9259,49,10,10,10,10
6950,7450,50,10,10,10,10
6951,5641,51,10,10,10,10
6952,3832,52,10,10,10,10
6953,2023,53,10,10,10,10
6954,214,54,10,10,10,10
6955,8405,55,10,10,10,10
6956,6596,56,10,8,8,8
6957,4787,57,10,9,9,9
6958,2978,58,10,10,10,10
6959,1169,59,10,9,9,9
6960,9360,60,10,10,10,10
6961,7551,61,10,10,10,10
6962,5742,62,10,8,8,8
6963,3933,63,10,10,10,10
6964,2124,64,10,9,9,9
6965,315,65,10,10,10,10
6966,8506,66,10,7,7,7
6967,6697,67,10,10,10,10
6968,4888,68,10,10,10,10
6969,3079,69,10,5,5,5
6970,1270,70,10,9,9,9
6971,9461,71,10,10,10,10
6972,7652,72,10,5,5,5
6973,5843,73,10,10,10,10
6974,4034,74,10,10,10,10
6975,2225,75,10,10,10,10
6976,416,76,10,9,9,9
6977,8607,77,10,9,10,10
6978,6798,78,10,7,7,7
6979,4989,79,10,10,10,10
6980,3180,80,10,10,10,10
6981,1371,81,10,10,10,10
6982,9562,82,10,9,9,9
6983,7753,83,10,8,8,8
6984,5944,84,10,7,7,7
6985,4135,85,10,10,10,10
6986,2326,86,10,10,10,10
6987,517,87,10,10,10,10
6988,8708,88,10,8,8,8
6989,6899,89,10,10,10,10
6990,5090,90,10,9,9,9
6991,3281,91,10,9,9,9
6992,1472,92,10,10,10,10
6993,9663,93,10,10,10,10
6994,7854,94,10,10,10,10
6995,6045,95,10,10,10,10
6996,4236,96,10,10,10,10
6997,2427,97,10,9,9,9
6998,618,98,10,10,10,10
6999,8809,99,10,8,8,8
7000,7000,0,10,7,7,7
7001,5191,1,10,10,10,10
7002,3382,2,10,10,10,10
7003,1573,3,10,10,10,10
7004,9764,4,10,10,10,10
7005,7955,5,10,10,10,10
7006,6146,6,10,10,10,10
7007,4337,7,10,10,10,10
7008,2528,8,10,8,8,8
7009,719,9,10,8,8,8
7010,8910,10,10,10,10,10
7011,7101,11,10,10,10,10
7012,5292,12,10,7,7,7
7013,3483,13,10,10,10,10
7014,1674,14,10,10,10,10
7015,9865,15,10,10,10,10
7016,8056,16,10,10,10,10
7017,6247,17,10,10,10,10
7018,4438,18,10,10,10,10
7019,2629,19,10,9,9,9
7020,820,20,10,10,10,10
7021,9011,21,10,7,7,7
7022,7202,22,10,9,9,9
7023,5393,23,10,10,10,10
7024,3584,24,10,9,8,9
7025,1775,25,10,9,9,9
7026,9966,26,10,7,7,7
7027,8157,27,10,10,10,10
7028,6348,28,10,9,9,9
7029,4539,29,10,9,9,9
7030,2730,30,10,10,10,10
7031,921,31,10,9,9,9
7032,9112,32,10,10,10,10
7033,7303,33,10,9,9,9
7034,5494,34,10,10,10,10
7035,3685,35,10,10,10,10
7036,1876,36,10,10,10,10
7037,67,37,10,9,9,9
7038,8258,38,10,10,10,10
7039,6449,39,10,10,10,10
7040,4640,40,10,10,10,10
7041,2831,41,10,9,9,9
7042,1022,42,10,10,10,10
7043,9213,43,10,9,9,9
7044,7404,44,10,10,10,10
7045,5595,45,10,10,10,10
7046,3786,46,10,9,9,9
7047,1977,47,10,9,9,9
7048,168,48,10,10,10,10
7049,8359,49,10,10,10,10
7050,6550,50,10,10,10,10
7051,4741,51,10,10,10,10
7052,2932,52,10,10,10,10
7053,1123,53,10,10,10,10
7054,9314,54,10,10,10,10
7055,7505,55,10,10,10,10
7056,5696,56,10,8,8,8
7057,3887,57,10,9,9,9
7058,2078,58,10,10,10,10
7059,269,59,10,9,9,9
7060,8460,60,10,10,10,10
7061,6651,61,10,10,10,10
7062,4842,62,10,8,8,8
7063,3033,63,10,10,10,10
7064,1224,64,10,9,9,9
7065,9415,65,10,10,10,10
7066,7606,66,10,7,7,7
7067,5797,67,10,10,10,10
7068,3988,68,10,10,10,10
7069,2179,69,10,5,5,5
7070,370,70,10,9,9,9
7071,8561,71,10,10,10,10
7072,6752,72,10,5,5,5
7073,4943,73,10,10,10,10
7074,3134,74,10,10,10,10
7075,1325,75,10,10,10,10
7076,9516,76,10,9,9,9
7077,7707,77,10,10,10,10
7078,5898,78,10,7,7,7
7079,4089,79,10,10,10,10
7080,2280,80,10,10,10,10
7081,471,81,10,10,10,10
7082,8662,82,10,9,9,9
7083,6853,83,10,8,8,8
7084,5044,84,10,7,7,7
7085,3235,85,10,10,10,10
7086,1426,86,10,10,10,10
7087,9617,87,10,10,10,10
7088,7808,88,10,8,8,8
7089,5999,89,10,10,10,10
7090,4190,90,10,9,9,9
7091,2381,91,10,9,9,9
7092,572,92,10,10,10,10
7093,8763,93,10,10,10,10
7094,6954,94,10,10,10,10
7095,5145,95,10,10,10,10
7096,3336,96,10,10,10,10
7097,1527,97,10,9,9,9
7098,9718,98,10,10,10,10
7099,7909,99,10,8,8,8
7100,6100,0,10,7,7,7
7101,4291,1,10,10,10,10
7102,2482,2,10,10,10,10
7103,673,3,10,10,10,10
7104,8864,4,10,10,10,10
7105,7055,5,10,10,10,10
7106,5246,6,10,10,10,10
7107,3437,7,10,10,10,10
7108,1628,8,10,8,8,8
7109,9819,9,10,8,8,8
7110,8010,10,10,10,10,10
7111,6201,11,10,10,10,10
7112,4392,12,10,7,7,7
7113,2583,13,10,10,10,10
7114,774,14,10,10,10,10
7115,8965,15,10,10,10,10
7116,7156,16,10,10,10,10
7117,5347,17,10,10,10,10
7118,3538,18,10,10,10,10
7119,1729,19,10,9,9,9
7120,9920,20,10,10,10,10
7121,8111,21,10,8,8,8
7122,6302,22,10,9,9,9
7123,4493,23,10,10,10,10
7124,2684,24,10,8,8,8
7125,875,25,10,9,9,9
7126,9066,26,10,7,7,7
7127,7257,27,10,10,10,10
7128,5448,28,10,9,9,9
7129,3639,29,10,9,9,9
7130,1830,30,10,10,10,10
7131,21,31,10,9,9,9
7132,8212,32,10,10,10,10
7133,6403,33,10,9,9,9
7134,4594,34,10,10,10,10
7135,2785,35,10,10,10,10
7136,976,36,10,10,10,10
7137,9167,37,10,9,9,9
7138,7358,38,10,10,10,10
7139,5549,39,10,10,10,10
7140,3740,40,10,10,10,10
7141,1931,41,10,9,9,9
7142,122,42,10,10,10,10
7143,8313,43,10,9,9,9
7144,6504,44,10,10,10,10
7145,4695,45,10,10,10,10
7146,2886,46,10,9,9,9
7147,1077,47,10,9,9,9
7148,9268,48,10,10,10,10
7149,7459,49,10,10,10,10
7150,5650,50,10,10,10,10
7151,3841,51,10,10,10,10
7152,2032,52,10,10,10,10
7153,223,53,10,10,10,10
7154,8414,54,10,10,10,10
7155,6605,55,10,10,10,10
7156,4796,56,10,8,8,8
7157,2987,57,10,9,9,9
7158,1178,58,10,10,10,10
7159,9369,59,10,9,9,9
7160,7560,60,10,10,10,10
7161,5751,61,10,10,10,10
7162,3942,62,10,8,8,8
7163,2133,63,10,10,10,10
7164,324,64,10,9,9,9
7165,8515,65,10,10,10,10
7166,6706,66,10,7,7,7
7167,4897,67,10,10,10,10
7168,3088,68,10,10,10,10
7169,1279,69,10,5,5,5
7170,9470,70,10,9,9,9
7171,7661,71,10,10,10,10
7172,5852,72,10,5,5,5
7173,4043,73,10,10,10,10
7174,2234,74,10,10,10,10
7175,425,75,10,10,10,10
7176,8616,76,10,9,9,9
7177,6807,77,10,10,10,10
7178,4998,78,10,7,7,7
7179,3189,79,10,10,10,10
7180,1380,80,10,10,10,10
7181,9571,81,10,10,10,10
7182,7762,82,10,9,9,9
7183,5953,83,10,8,8,8
7184,4144,84,10,7,7,7
7185,2335,85,10,10,10,10
7186,526,86,10,10,10,10
7187,8717,87,10,10,10,10
7188,6908,88,10,9,9,9
7189,5099,89,10,10,10,10
7190,3290,90,10,9,9,9
7191,1481,91,10,9,9,9
7192,9672,92,10,10,10,10
7193,7863,93,10,10,10,10
7194,6054,94,10,10,10,10
7195,4245,95,10,10,10,10
7196,2436,96,10,10,10,10
7197,627,97,10,9,9,9
7198,8818,98,10,10,10,10
7199,7009,99,10,8,8,8
7200,5200,0,10,7,7,7
7201,3391,1,10,10,10,10
7202,1582,2,10,10,10,10
7203,9773,3,10,10,10,10
7204,7964,4,10,10,10,10
7205,6155,5,10,10,10,10
7206,4346,6,10,10,10,10
7207,2537,7,10,10,10,10
7208,728,8,10,7,7,7
7209,8919,9,10,8,8,8
7210,7110,10,10,10,10,10
7211,5301,11,10,10,10,10
7212,3492,12,10,7,7,7
7213,1683,13,10,10,10,10
7214,9874,14,10,10,10,10
7215,8065,15,10,10,10,10
7216,6256,16,10,10,10,10
7217,4447,17,10,10,10,10
7218,2638,18,10,10,10,10
7219,829,19,10,9,9,9
7220,9020,20,10,10,10,10
7221,7211,21,10,8,8,8
7222,5402,22,10,9,9,9
7223,3593,23,10,10,10,10
7224,1784,24,10,8,8,8
7225,9975,25,10,9,9,9
7226,8166,26,10,7,7,7
7227,6357,27,10,10,10,10
7228,4548,28,10,9,9,9
7229,2739,29,10,9,9,9
7230,930,30,10,10,10,10
7231,9121,31,10,9,9,9
7232,7312,32,10,10,10,10
7233,5503,33,10,9,9,9
7234,3694,34,10,10,10,10
7235,1885,35,10,10,10,10
7236,76,36,10,10,10,10
7237,8267,37,10,9,9,9
7238,6458,38,10,10,10,10
7239,4649,39,10,10,10,10
7240,2840,40,10,10,10,10
7241,1031,41,10,9,9,9
7242,9222,42,10,10,10,10
7243,7413,43,10,9,9,9
7244,5604,44,10,10,10,10
7245,3795,45,10,10,10,10
7246,1986,46,10,9,9,9
7247,177,47,10,9,9,9
7248,8368,48,10,10,10,10
7249,6559,49,10,10,10,10
7250,4750,50,10,10,10,10
7251,2941,51,10,10,10,10
7252,1132,52,10,10,10,10
7253,9323,53,10,10,10,10
7254,7514,54,10,10,10,10
7255,5705,55,10,10,10,10
7256,3896,56,10,8,8,8
7257,2087,57,10,9,9,9
7258,278,58,10,10,10,10
7259,8469,59,10,9,9,9
7260,6660,60,10,10,10,10
7261,4851,61,10,10,10,10
7262,3042,62,10,8,8,8
7263,1233,63,10,10,10,10
7264,9424,64,10,9,9,9
7265,7615,65,10,10,10,10
7266,5806,66,10,7,7,7
7267,3997,67,10,10,10,10
7268,2188,68,10,10,10,10
7269,379,69,10,5,5,5
7270,8570,70,10,9,9,9
7271,6761,71,10,10,10,10
7272,4952,72,10,5,5,5
7273,3143,73,10,10,10,10
7274,1334,74,10,10,10,10
7275,9525,75,10,10,10,10
7276,7716,76,10,9,9,9
7277,5907,77,10,10,10,10
7278,4098,78,10,7,7,7
7279,2289,79,10,10,10,10
7280,480,80,10,10,10,10
7281,8671,81,10,10,10,10
7282,6862,82,10,9,9,9
7283,5053,83,10,8,8,8
7284,3244,84,10,7,7,7
7285,1435,85,10,10,10,10
7286,9626,86,10,10,10,10
7287,7817,87,10,10,10,10
7288,6008,88,10,9,9,9
7289,4199,89,10,10,10,10
7290,2390,90,10,10,10,10
7291,581,91,10,9,9,9
7292,8772,92,10,10,10,10
7293,6963,93,10,10,10,10
7294,5154,94,10,10,10,10
7295,3345,95,10,10,10,10
7296,1536,96,10,10,10,10
7297,9727,97,10,9,9,9
7298,7918,98,10,10,10,10
7299,6109,99,10,8,8,8
7300,4300,0,10,7,7,7
7301,2491,1,10,10,10,10
7302,682,2,10,10,10,10
7303,8873,3,10,10,10,10
7304,7064,4,10,10,10,10
7305,5255,5,10,10,10,10
7306,3446,6,10,10,10,10
7307,1637,7,10,10,10,10
7308,9828,8,10,8,8,8
7309,8019,9,10,8,8,8
7310,6210,10,10,10,10,10
7311,4401,11,10,10,10,10
7312,2592,12,10,7,7,7
7313,783,13,10,10,10,10
7314,8974,14,10,10,10,10
7315,7165,15,10,10,10,10
7316,5356,16,10,10,10,10
7317,3547,17,10,10,10,10
7318,1738,18,10,10,10,10
7319,9929,19,10,9,9,9
7320,8120,20,10,10,10,10
7321,6311,21,10,7,7,7
7322,4502,22,10,9,9,9
7323,2693,23,10,10,10,10
7324,884,24,10,8,8,8
7325,9075,25,10,9,9,9
7326,7266,26,10,7,7,7
7327,5457,27,10,10,10,10
7328,3648,28,10,9,9,9
7329,1839,29,10,7,7,7
7330,30,30,10,10,10,10
7331,8221,31,10,9,9,9
7332,6412,32,10,10,10,10
7333,4603,33,10,9,9,9
7334,2794,34,10,10,10,10
7335,985,35,10,10,10,10
7336,9176,36,10,10,10,10
7337,7367,37,10,9,9,9
7338,5558,38,10,10,10,10
7339,3749,39,10,10,10,10
7340,1940,40,10,10,10,10
7341,131,41,10,9,9,9
7342,8322,42,10,10,10,10
7343,6513,43,10,9,9,9
7344,4704,44,10,10,10,10
7345,2895,45,10,10,10,10
7346,1086,46,10,10,10,10
7347,9277,47,10,9,9,9
7348,7468,48,10,10,10,10
7349,5659,49,10,10,10,10
7350,3850,50,10,10,10,10
7351,2041,51,10,10,10,10
7352,232,52,10,10,10,10
7353,8423,53,10,10,10,10
7354,6614,54,10,10,10,10
7355,4805,55,10,10,10,10
7356,2996,56,10,8,8,8
7357,1187,57,10,9,9,9
7358,9378,58,10,10,10,10
7359,7569,59,10,7,7,7
7360,5760,60,10,10,10,10
7361,3951,61,10,10,10,10
7362,2142,62,10,8,8,8
7363,333,63,10,10,10,10
7364,8524,64,10,9,9,9
7365,6715,65,10,10,10,10
7366,4906,66,10,7,7,7
7367,3097,67,10,10,10,10
7368,1288,68,10,10,10,10
7369,9479,69,10,5,5,5
7370,7670,70,10,9,9,9
7371,5861,71,10,10,10,10
7372,4052,72,10,5,5,5
7373,2243,73,10,10,10,10
7374,434,74,10,10,10,10
7375,8625,75,10,10,10,10
7376,6816,76,10,9,9,9
7377,5007,77,10,10,10,10
7378,3198,78,10,7,7,7
7379,1389,79,10,10,10,10
7380,9580,80,10,10,10,10
7381,7771,81,10,10,10,10
7382,5962,82,10,9,9,9
7383,4153,83,10,8,8,8
7384,2344,84,10,7,7,7
7385,535,85,10,10,10,10
7386,8726,86,10,10,10,10
7387,6917,87,10,10,10,10
7388,5108,88,10,9,9,9
7389,3299,89,10,10,10,10
7390,1490,90,10,10,10,10
7391,9681,91,10,9,9,9
7392,7872,92,10,10,10,10
7393,6063,93,10,10,10,10
7394,4254,94,10,10,10,10
7395,2445,95,10,10,10,10
7396,636,96,10,10,10,10
7397,8827,97,10,9,9,9
7398,7018,98,10,10,10,10
7399,5209,99,10,8,8,8
7400,3400,0,10,7,7,7
7401,1591,1,10,10,10,10
7402,9782,2,10,10,10,10
7403,7973,3,10,10,10,10
7404,6164,4,10,10,10,10
7405,4355,5,10,10,10,10
7406,2546,6,10,10,10,10
7407,737,7,10,10,10,10
7408,8928,8,10,8,8,8
7409,7119,9,10,8,8,8
7410,5310,10,10,10,10,10
7411,3501,11,10,10,10,10
7412,1692,12,10,7,7,7
7413,9883,13,10,10,10,10
7414,8074,14,10,10,10,10
7415,6265,15,10,10,10,10
7416,4456,16,10,10,10,10
7417,2647,17,10,10,10,10
7418,838,18,10,10,10,10
7419,9029,19,10,9,9,9
7420,7220,20,10,10,10,10
7421,5411,21,10,7,7,7
7422,3602,22,10,9,9,9
7423,1793,23,10,10,10,10
7424,9984,24,10,8,8,8
7425,8175,25,10,9,9,9
7426,6366,26,10,7,7,7
7427,4557,27,10,10,10,10
7428,2748,28,10,9,9,9
7429,939,29,10,7,7,7
7430,9130,30,10,10,10,10
7431,7321,31,10,9,9,9
7432,5512,32,10,10,10,10
7433,3703,33,10,9,9,9
7434,1894,34,10,10,10,10
7435,85,35,10,10,10,10
7436,8276,36,10,10,10,10
7437,6467,37,10,9,9,9
7438,4658,38,10,10,10,10
7439,2849,39,10,10,10,10
7440,1040,40,10,10,10,10
7441,9231,41,10,8,8,8
7442,7422,42,10,10,10,10
7443,5613,43,10,9,9,9
7444,3804,44,10,10,10,10
7445,1995,45,10,10,10,10
7446,186,46,10,10,10,10
7447,8377,47,10,9,9,9
7448,6568,48,10,10,10,10
7449,4759,49,10,10,10,10
7450,2950,50,10,10,10,10
7451,1141,51,10,10,10,10
7452,9332,52,10,10,10,10
7453,7523,53,10,10,10,10
7454,5714,54,10,10,10,10
7455,3905,55,10,10,10,10
7456,2096,56,10,8,8,8
7457,287,57,10,9,9,9
7458,8478,58,10,10,10,10
7459,6669,59,10,7,7,7
7460,4860,60,10,10,10,10
7461,3051,61,10,10,10,10
7462,1242,62,10,8,8,8
7463,9433,63,10,10,10,10
7464,7624,64,10,9,9,9
7465,5815,65,10,10,10,10
7466,4006,66,10,7,7,7
7467,2197,67,10,10,10,10
7468,388,68,10,10,10,10
7469,8579,69,10,5,5,5
7470,6770,70,10,9,9,9
7471,4961,71,10,10,10,10
7472,3152,72,10,5,5,5
7473,1343,73,10,10,10,10
7474,9534,74,10,10,10,10
7475,7725,75,10,10,10,10
7476,5916,76,10,9,9,9
7477,4107,77,10,10,10,10
7478,2298,78,10,7,7,7
7479,489,79,10,10,10,10
7480,8680,80,10,10,10,10
7481,6871,81,10,10,10,10
7482,5062,82,10,9,9,9
7483,3253,83,10,8,8,8
7484,1444,84,10,7,7,7
7485,9635,85,10,10,10,10
7486,7826,86,10,10,10,10
7487,6017,87,10,10,10,10
7488,4208,88,10,9,9,9
7489,2399,89,10,10,10,10
7490,590,90,10,9,9,9
7491,8781,91,10,9,9,9
7492,6972,92,10,10,10,10
7493,5163,93,10,10,10,10
7494,3354,94,10,10,10,10
7495,1545,95,10,10,10,10
7496,9736,96,10,10,10,10
7497,7927,97,10,10,10,10
7498,6118,98,10,10,10,10
7499,4309,99,10,8,8,8
7500,2500,0,10,8,8,8
7501,691,1,10,10,10,10
7502,8882,2,10,10,10,10
7503,7073,3,10,10,10,10
7504,5264,4,10,10,10,10
7505,3455,5,10,10,10,10
7506,1646,6,10,10,10,10
7507,9837,7,10,10,10,10
7508,8028,8,10,8,8,8
7509,6219,9,10,8,8,8
7510,4410,10,10,10,10,10
7511,2601,11,10,10,10,10
7512,792,12,10,7,7,7
7513,8983,13,10,10,10,10
7514,7174,14,10,10,10,10
7515,5365,15,10,10,10,10
7516,3556,16,10,10,10,10
7517,1747,17,10,10,10,10
7518,9938,18,10,10,10,10
7519,8129,19,10,9,9,9
7520,6320,20,10,10,10,10
7521,4511,21,10,7,7,7
7522,2702,22,10,9,9,9
7523,893,23,10,10,10,10
7524,9084,24,10,8,8,8
7525,7275,25,10,9,9,9
7526,5466,26,10,7,7,7
7527,3657,27,10,10,10,10
7528,1848,28,10,9,9,9
7529,39,29,10,7,7,7
7530,8230,30,10,10,10,10
7531,6421,31,10,9,9,9
7532,4612,32,10,10,10,10
7533,2803,33,10,9,9,9
7534,994,34,10,10,10,10
7535,9185,35,10,10,10,10
7536,7376,36,10,10,10,10
7537,5567,37,10,9,9,9
7538,3758,38,10,10,10,10
7539,1949,39,10,10,10,10
7540,140,40,10,10,10,10
7541,8331,41,10,8,8,8
7542,6522,42,10,10,10,10
7543,4713,43,10,9,9,9
7544,2904,44,10,10,10,10
7545,1095,45,10,10,10,10
7546,9286,46,10,10,10,10
7547,7477,47,10,9,9,9
7548,5668,48,10,10,10,10
7549,3859,49,10,10,10,10
7550,2050,51,10,10,10,10
7551,241,51,10,10,10,10
7552,8432,52,10,10,10,10
7553,6623,53,10,10,10,10
7554,4814,54,10,10,10,10
7555,3005,55,10,10,10,10
7556,1196,56,10,8,8,8
7557,9387,57,10,9,9,9
7558,7578,58,10,10,10,10
7559,5769,59,10,7,7,7
7560,3960,60,10,10,10,10
7561,2151,61,10,10,10,10
7562,342,62,10,8,8,8
7563,8533,63,10,10,10,10
7564,6724,64,10,10,10,10
7565,4915,65,10,10,10,10
7566,3106,66,10,7,7,7
7567,1297,67,10,10,10,10
7568,9488,68,10,10,10,10
7569,7679,69,10,5,5,5
7570,5870,70,10,9,9,9
7571,4061,71,10,10,10,10
7572,2252,72,10,5,5,5
7573,443,73,10,10,10,10
7574,8634,74,10,10,10,10
7575,6825,75,10,10,10,10
7576,5016,76,10,9,9,9
7577,3207,77,10,10,10,10
7578,1398,78,10,7,7,7
7579,9589,79,10,10,10,10
7580,7780,80,10,10,10,10
7581,5971,81,10,10,10,10
7582,4162,82,10,9,9,9
7583,2353,83,10,9,9,9
7584,544,84,10,7,7,7
7585,8735,85,10,10,10,10
7586,6926,86,10,10,10,10
7587,5117,87,10,10,10,10
7588,3308,88,10,9,9,9
7589,1499,89,10,10,10,10
7590,9690,90,10,9,9,9
7591,7881,91,10,9,9,9
7592,6072,92,10,10,10,10
7593,4263,93,10,10,10,10
7594,2454,94,10,8,8,8
7595,645,95,10,10,10,10
7596,8836,96,10,10,10,10
7597,7027,97,10,10,10,10
7598,5218,98,10,10,10,10
7599,3409,99,10,8,8,8
7600,1600,0,10,8,8,8
7601,9791,1,10,10,10,10
7602,7982,2,10,10,10,10
7603,6173,3,10,10,10,10
7604,4364,4,10,10,10,10
7605,2555,5,10,10,10,10
7606,746,6,10,10,10,10
7607,8937,7,10,10,10,10
7608,7128,8,10,8,8,8
7609,5319,9,10,8,8,8
7610,3510,10,10,10,10,10
7611,1701,11,10,10,10,10
7612,9892,12,10,7,7,7
7613,8083,13,10,10,10,10
7614,6274,14,10,10,10,10
7615,4465,15,10,10,10,10
7616,2656,16,10,10,10,10
7617,847,17,10,10,10,10
7618,9038,18,10,10,10,10
7619,7229,19,10,9,9,9
7620,5420,20,10,10,10,10
7621,3611,21,10,7,7,7
7622,1802,22,10,9,9,9
7623,9993,23,10,10,10,10
7624,8184,24,10,8,8,8
7625,6375,25,10,9,9,9
7626,4566,26,10,8,8,8
7627,2757,27,10,10,10,10
7628,948,28,10,9,9,9
7629,9139,29,10,7,7,7
7630,7330,30,10,10,10,10
7631,5521,31,10,9,9,9
7632,3712,32,10,10,10,10
7633,1903,33,10,9,9,9
7634,94,34,10,10,10,10
7635,8285,35,10,10,10,10
7636,6476,36,10,10,10,10
7637,4667,37,10,9,9,9
7638,2858,38,10,10,10,10
7639,1049,39,10,10,10,10
7640,9240,40,10,10,10,10
7641,7431,41,10,8,8,8
7642,5622,42,10,10,10,10
7643,3813,43,10,9,9,9
7644,2004,44,10,10,10,10
7645,195,45,10,10,10,10
7646,8386,46,10,10,10,10
7647,6577,47,10,9,9,9
7648,4768,48,10,10,10,10
7649,2959,49,10,10,10,10
7650,1150,50,10,10,10,10
7651,9341,51,10,10,10,10
7652,7532,52,10,10,10,10
7653,5723,53,10,10,10,10
7654,3914,54,10,10,10,10
7655,2105,55,10,10,10,10
7656,296,56,10,8,8,8
7657,8487,57,10,9,9,9
7658,6678,58,10,10,10,10
7659,4869,59,10,7,7,7
7660,3060,60,10,10,10,10
7661,1251,61,10,10,10,10
7662,9442,62,10,8,8,8
7663,7633,63,10,10,10,10
7664,5824,64,10,10,10,10
7665,4015,65,10,10,10,10
7666,2206,66,10,7,7,7
7667,397,67,10,10,10,10
7668,8588,68,10,10,10,10
7669,6779,69,10,5,5,5
7670,4970,70,10,9,9,9
7671,3161,71,10,10,10,10
7672,1352,72,10,5,5,5
7673,9543,73,10,10,10,10
7674,7734,74,10,10,10,10
7675,5925,75,10,10,10,10
7676,4116,76,10,9,9,9
7677,2307,77,10,10,10,10
7678,498,78,10,7,7,7
7679,8689,79,10,10,10,10
7680,6880,80,10,10,10,10
7681,5071,81,10,10,10,10
7682,3262,82,10,9,9,9
7683,1453,83,10,9,9,9
7684,9644,84,10,7,7,7
7685,7835,85,10,10,10,10
7686,6026,86,10,10,10,10
7687,4217,87,10,10,10,10
7688,2408,88,10,9,9,9
7689,599,89,10,10,10,10
7690,8790,90,10,9,9,9
7691,6981,91,10,9,9,9
7692,5172,92,10,10,10,10
7693,3363,93,10,10,10,10
7694,1554,94,10,8,8,8
7695,9745,95,10,10,10,10
7696,7936,96,10,10,10,10
7697,6127,97,10,10,10,10
7698,4318,98,10,10,10,10
7699,2509,99,10,8,8,8
7700,700,0,10,8,8,8
7701,8891,1,10,10,10,10
7702,7082,2,10,10,10,10
7703,5273,3,10,10,10,10
7704,3464,4,10,10,10,10
7705,1655,5,10,10,10,10
7706,9846,6,10,10,10,10
7707,8037,7,10,10,10,10
7708,6228,8,10,8,8,8
7709,4419,9,10,9,9,9
7710,2610,10,10,10,10,10
7711,801,11,10,10,10,10
7712,8992,12,10,7,7,7
7713,7183,13,10,10,10,10
7714,5374,14,10,10,10,10
7715,3565,15,10,10,10,10
7716,1756,16,10,10,10,10
7717,9947,17,10,10,10,10
7718,8138,18,10,10,10,10
7719,6329,19,10,9,9,9
7720,4520,20,10,10,10,10
7721,2711,21,10,7,7,7
7722,902,22,10,9,9,9
7723,9093,23,10,10,10,10
7724,7284,24,10,8,8,8
7725,5475,25,10,9,9,9
7726,3666,26,10,8,8,8
7727,1857,27,10,10,10,10
7728,48,28,10,9,9,9
7729,8239,29,10,7,7,7
7730,6430,30,10,10,10,10
7731,4621,31,10,9,9,9
7732,2812,32,10,10,10,10
7733,1003,33,10,9,9,9
7734,9194,34,10,10,10,10
7735,7385,35,10,10,10,10
7736,5576,36,10,10,10,10
7737,3767,37,10,9,9,9
7738,1958,38,10,10,10,10
7739,149,39,10,10,10,10
7740,8340,40,10,10,10,10
7741,6531,41,10,8,8,8
7742,4722,42,10,10,10,10
7743,2913,43,10,9,9,9
7744,1104,44,10,10,10,10
7745,9295,45,10,10,10,10
7746,7486,46,10,10,10,10
7747,5677,47,10,9,9,9
7748,3868,48,10,10,10,10
7749,2059,49,10,10,10,10
7750,250,50,10,10,10,10
7751,8441,51,10,10,10,10
7752,6632,52,10,10,10,10
7753,4823,53,10,10,10,10
7754,3014,54,10,10,10,10
7755,1205,55,10,10,10,10
7756,9396,56,10,8,8,8
7757,7587,57,10,9,9,9
7758,5778,58,10,10,10,10
7759,3969,59,10,7,7,7
7760,2160,60,10,10,10,10
7761,351,61,10,10,10,10
7762,8542,62,10,8,8,8
7763,6733,63,10,10,10,10
7764,4924,64,10,10,10,10
7765,3115,65,10,10,10,10
7766,1306,66,10,7,7,7
7767,9497,67,10,10,10,10
7768,7688,68,10,10,10,10
7769,5879,69,10,5,5,5
7770,4070,70,10,9,9,9
7771,2261,71,10,10,10,10
7772,452,72,10,5,5,5
7773,8643,73,10,10,10,10
7774,6834,74,10,10,10,10
7775,5025,75,10,10,10,10
7776,3216,76,10,9,9,9
7777,1407,77,10,10,10,10
7778,9598,78,10,7,7,7
7779,7789,79,10,10,10,10
7780,5980,80,10,10,10,10
7781,4171,81,10,10,10,10
7782,2362,82,10,9,9,9
7783,553,83,10,9,9,9
7784,8744,84,10,7,7,7
7785,6935,85,10,10,10,10
7786,5126,86,10,10,10,10
7787,3317,87,10,10,10,10
7788,1508,88,10,9,9,9
7789,9699,89,10,10,10,10
7790,7890,90,10,9,9,9
7791,6081,91,10,9,9,9
7792,4272,92,10,10,10,10
7793,2463,93,10,10,10,10
7794,654,94,10,8,8,8
7795,8845,95,10,10,10,10
7796,7036,96,10,10,10,10
7797,5227,97,10,10,10,10
7798,3418,98,10,10,10,10
7799,1609,99,10,8,8,8
7800,9800,0,10,8,8,8
7801,7991,1,10,10,10,10
7802,6182,2,10,10,10,10
7803,4373,3,10,10,10,10
7804,2564,4,10,10,10,10
7805,755,5,10,10,10,10
7806,8946,6,10,10,10,10
7807,7137,7,10,10,10,10
7808,5328,8,10,8,8,8
7809,3519,9,10,9,9,9
7810,1710,10,10,10,10,10
7811,9901,11,10,10,10,10
7812,8092,12,10,7,7,7
7813,6283,13,10,10,10,10
7814,4474,14,10,10,10,10
7815,2665,15,10,10,10,10
7816,856,16,10,10,10,10
7817,9047,17,10,10,10,10
7818,7238,18,10,10,10,10
7819,5429,19,10,9,9,9
7820,3620,20,10,10,10,10
7821,1811,21,10,7,7,7
7822,2,22,10,9,9,9
7823,8193,23,10,10,10,10
7824,6384,24,10,8,8,8
7825,4575,25,10,9,9,9
7826,2766,26,10,8,8,8
7827,957,27,10,10,10,10
7828,9148,28,10,9,9,9
7829,7339,29,10,7,7,7
7830,5530,30,10,10,10,10
7831,3721,31,10,9,9,9
7832,1912,32,10,10,10,10
7833,103,33,10,9,9,9
7834,8294,34,10,10,10,10
7835,6485,35,10,10,10,10
7836,4676,36,10,10,10,10
7837,2867,37,10,9,9,9
7838,1058,38,10,10,10,10
7839,9249,39,10,10,10,10
7840,7440,40,10,10,10,10
7841,5631,41,10,8,8,8
7842,3822,42,10,10,10,10
7843,2013,43,10,9,9,9
7844,204,44,10,10,10,10
7845,8395,45,10,10,10,10
7846,6586,46,10,10,10,10
7847,4777,47,10,9,9,9
7848,2968,48,10,10,10,10
7849,1159,49,10,10,10,10
7850,9350,50,10,10,10,10
7851,7541,51,10,10,10,10
7852,5732,52,10,10,10,10
7853,3923,53,10,10,10,10
7854,2114,54,10,10,10,10
7855,305,55,10,10,10,10
7856,8496,56,10,8,8,8
7857,6687,57,10,9,9,9
7858,4878,58,10,10,10,10
7859,3069,59,10,7,7,7
7860,1260,60,10,10,10,10
7861,9451,61,10,10,10,10
7862,7642,62,10,8,8,8
7863,5833,63,10,10,10,10
7864,4024,64,10,10,10,10
7865,2215,65,10,10,10,10
7866,406,66,10,7,7,7
7867,8597,67,10,10,10,10
7868,6788,68,10,10,10,10
7869,4979,69,10,5,5,5
7870,3170,70,10,9,9,9
7871,1361,71,10,10,10,10
7872,9552,72,10,5,5,5
7873,7743,73,10,10,10,10
7874,5934,74,10,10,10,10
7875,4125,75,10,10,10,10
7876,2316,76,10,9,9,9
7877,507,77,10,10,10,10
7878,8698,78,10,7,7,7
7879,6889,79,10,10,10,10
7880,5080,80,10,10,10,10
7881,3271,81,10,10,10,10
7882,1462,82,10,9,9,9
7883,9653,83,10,9,9,9
7884,7844,84,10,7,7,7
7885,6035,85,10,10,10,10
7886,4226,86,10,10,10,10
7887,2417,87,10,10,10,10
7888,608,88,10,9,9,9
7889,8799,89,10,10,10,10
7890,6990,90,10,9,9,9
7891,5181,91,10,9,9,9
7892,3372,92,10,10,10,10
7893,1563,93,10,9,9,9
7894,9754,94,10,8,8,8
7895,7945,95,10,10,10,10
7896,6136,96,10,10,10,10
7897,4327,97,10,10,10,10
7898,2518,98,10,10,10,10
7899,709,99,10,8,8,8
7900,8900,0,10,8,8,8
7901,7091,1,10,10,10,10
7902,5282,2,10,10,10,10
7903,3473,3,10,10,10,10
7904,1664,4,10,10,10,10
7905,9855,5,10,10,10,10
7906,8046,6,10,10,10,10
7907,6237,7,10,10,10,10
7908,4428,8,10,8,8,9
7909,2619,9,10,9,9,9
7910,810,10,10,10,10,10
7911,9001,11,10,10,10,10
7912,7192,12,10,8,8,8
7913,5383,13,10,10,10,10
7914,3574,14,10,10,10,10
7915,1765,15,10,10,10,10
7916,9956,16,10,10,10,10
7917,8147,17,10,10,10,10
7918,6338,18,10,10,10,10
7919,4529,19,10,9,9,9
7920,2720,20,10,10,10,10
7921,911,21,10,7,7,7
7922,9102,22,10,9,9,9
7923,7293,23,10,10,10,10
7924,5484,24,10,8,8,8
7925,3675,25,10,9,9,9
7926,1866,26,10,8,8,8
7927,57,27,10,10,10,10
7928,8248,28,10,9,9,9
7929,6439,29,10,7,7,7
7930,4630,30,10,10,10,10
7931,2821,31,10,9,9,9
7932,1012,32,10,10,10,10
7933,9203,33,10,9,9,9
7934,7394,34,10,10,10,10
7935,5585,35,10,10,10,10
7936,3776,36,10,10,10,10
7937,1967,37,10,9,9,9
7938,158,38,10,10,10,10
7939,8349,39,10,10,10,10
7940,6540,40,10,10,10,10
7941,4731,41,10,8,8,8
7942,2922,42,10,10,10,10
7943,1113,43,10,9,9,9
7944,9304,44,10,10,10,10
7945,7495,45,10,10,10,10
7946,5686,46,10,10,10,10
7947,3877,47,10,9,9,9
7948,2068,48,10,10,10,10
7949,259,49,10,10,10,10
7950,8450,50,10,10,10,10
7951,6641,51,10,10,10,10
7952,4832,52,10,10,10,10
7953,3023,53,10,10,10,10
7954,1214,54,10,10,10,10
7955,9405,55,10,10,10,10
7956,7596,56,10,8,8,8
7957,5787,57,10,9,9,9
7958,3978,58,10,10,10,10
7959,2169,59,10,7,7,7
7960,360,60,10,10,10,10
7961,8551,61,10,10,10,10
7962,6742,62,10,8,8,8
7963,4933,63,10,10,10,10
7964,3124,64,10,10,10,10
7965,1315,65,10,10,10,10
7966,9506,66,10,7,7,7
7967,7697,67,10,10,10,10
7968,5888,68,10,10,10,10
7969,4079,69,10,5,5,5
7970,2270,70,10,9,9,9
7971,461,71,10,10,10,10
7972,8652,72,10,5,5,5
7973,6843,73,10,10,10,10
7974,5034,74,10,10,10,10
7975,3225,75,10,10,10,10
7976,1416,76,10,9,9,9
7977,9607,77,10,10,10,10
7978,7798,78,10,7,7,7
7979,5989,79,10,10,10,10
7980,4180,80,10,10,10,10
7981,2371,81,10,10,10,10
7982,562,82,10,9,9,9
7983,8753,83,10,9,9,9
7984,6944,84,10,7,7,7
7985,5135,85,10,10,10,10
7986,3326,86,10,10,10,10
7987,1517,87,10,10,10,10
7988,9708,88,10,9,9,9
7989,7899,89,10,10,10,10
7990,6090,90,10,10,10,10
7991,4281,91,10,9,9,9
7992,2472,92,10,10,10,10
7993,663,93,10,9,9,9
7994,8854,94,10,10,10,10
7995,7045,95,10,10,10,10
7996,5236,96,10,10,10,10
7997,3427,97,10,10,10,10
7998,1618,98,10,10,10,10
7999,9809,99,10,8,8,8
8000,8000,0,10,8,8,8
8001,6191,1,10,10,10,10
8002,4382,2,10,10,10,10
8003,2573,3,10,10,10,10
8004,764,4,10,10,10,10
8005,8955,5,10,10,10,10
8006,7146,6,10,10,10,10
8007,5337,7,10,10,10,10
8008,3528,8,10,8,8,8
8009,1719,9,10,7,7,7
8010,9910,10,10,10,10,10
8011,8101,11,10,10,10,10
8012,6292,12,10,8,8,8
8013,4483,13,10,10,10,10
8014,2674,14,10,9,9,9
8015,865,15,10,10,10,10
8016,9056,16,10,10,10,10
8017,7247,17,10,10,10,10
8018,5438,18,10,10,10,10
8019,3629,19,10,9,9,9
8020,1820,20,10,10,10,10
8021,11,21,10,7,7,7
8022,8202,22,10,9,9,9
8023,6393,23,10,10,10,10
8024,4584,24,10,8,8,8
8025,2775,25,10,9,9,9
8026,966,26,10,8,8,8
8027,9157,27,10,10,10,10
8028,7348,28,10,9,9,9
8029,5539,29,10,7,7,7
8030,3730,30,10,10,10,10
8031,1921,31,10,9,9,9
8032,112,32,10,10,10,10
8033,8303,33,10,9,9,9
8034,6494,34,10,10,10,10
8035,4685,35,10,10,10,10
8036,2876,36,10,10,10,10
8037,1067,37,10,9,9,9
8038,9258,38,10,10,10,10
8039,7449,39,10,10,10,10
8040,5640,40,10,10,10,10
8041,3831,41,10,8,8,8
8042,2022,42,10,10,10,10
8043,213,43,10,9,9,9
8044,8404,44,10,10,10,10
8045,6595,45,10,10,10,10
8046,4786,46,10,10,10,10
8047,2977,47,10,9,9,9
8048,1168,48,10,10,10,10
8049,9359,49,10,10,10,10
8050,7550,50,10,10,10,10
8051,5741,51,10,10,10,10
8052,3932,52,10,10,10,10
8053,2123,53,10,10,10,10
8054,314,54,10,10,10,10
8055,8505,55,10,10,10,10
8056,6696,56,10,8,8,8
8057,4887,57,10,9,9,9
8058,3078,58,10,10,10,10
8059,1269,59,10,7,7,7
8060,9460,60,10,10,10,10
8061,7651,61,10,10,10,10
8062,5842,62,10,8,8,8
8063,4033,63,10,10,10,10
8064,2224,64,10,10,10,10
8065,415,65,10,10,10,10
8066,8606,66,10,7,7,7
8067,6797,67,10,9,9,9
8068,4988,68,10,10,10,10
8069,3179,69,10,5,5,5
8070,1370,70,10,9,9,9
8071,9561,71,10,10,10,10
8072,7752,72,10,5,5,5
8073,5943,73,10,10,10,10
8074,4134,74,10,10,10,10
8075,2325,75,10,10,10,10
8076,516,76,10,9,9,9
8077,8707,77,10,10,10,10
8078,6898,78,10,7,7,7
8079,5089,79,10,10,10,10
8080,3280,80,10,10,10,10
8081,1471,81,10,10,10,10
8082,9662,82,10,9,9,9
8083,7853,83,10,9,9,9
8084,6044,84,10,7,7,7
8085,4235,85,10,10,10,10
8086,2426,86,10,10,10,10
8087,617,87,10,10,10,10
8088,8808,88,10,9,9,9
8089,6999,89,10,10,10,10
8090,5190,90,10,10,10,10
8091,3381,91,10,9,9,9
8092,1572,92,10,10,10,10
8093,9763,93,10,9,9,9
8094,7954,94,10,10,10,10
8095,6145,95,10,10,10,10
8096,4336,96,10,10,10,10
8097,2527,97,10,10,10,10
8098,718,98,10,10,10,10
8099,8909,99,10,8,8,8
8100,7100,0,10,9,9,9
8101,5291,1,10,10,10,10
8102,3482,2,10,10,10,10
8103,1673,3,10,10,10,10
8104,9864,4,10,10,10,10
8105,8055,5,10,10,10,10
8106,6246,6,10,10,10,10
8107,4437,7,10,10,10,10
8108,2628,8,10,8,8,8
8109,819,9,10,7,7,7
8110,9010,10,10,10,10,10
8111,7201,11,10,10,10,10
8112,5392,12,10,8,8,8
8113,3583,13,10,10,10,10
8114,1774,14,10,9,9,9
8115,9965,15,10,10,10,10
8116,8156,16,10,10,10,10
8117,6347,17,10,10,10,10
8118,4538,18,10,10,10,10
8119,2729,19,10,9,9,9
8120,920,20,10,10,10,10
8121,9111,21,10,7,7,7
8122,7302,22,10,9,9,9
8123,5493,23,10,10,10,10
8124,3684,24,10,9,9,9
8125,1875,25,10,9,9,9
8126,66,26,10,8,8,8
8127,8257,27,10,10,10,10
8128,6448,28,10,9,9,9
8129,4639,29,10,7,7,7
8130,2830,30,10,10,10,10
8131,1021,31,10,9,9,9
8132,9212,32,10,10,10,10
8133,7403,33,10,9,9,9
8134,5594,34,10,10,10,10
8135,3785,35,10,9,9,9
8136,1976,36,10,10,10,10
8137,167,37,10,9,9,9
8138,8358,38,10,10,10,10
8139,6549,39,10,10,10,10
8140,4740,40,10,10,10,10
8141,2931,41,10,8,8,8
8142,1122,42,10,10,10,10
8143,9313,43,10,9,9,9
8144,7504,44,10,10,10,10
8145,5695,45,10,10,10,10
8146,3886,46,10,10,10,10
8147,2077,48,10,10,10,10
8148,268,48,10,10,10,10
8149,8459,49,10,10,10,10
8150,6650,50,10,10,10,10
8151,4841,51,10,10,10,10
8152,3032,52,10,10,10,10
8153,1223,53,10,10,10,10
8154,9414,54,10,10,10,10
8155,7605,55,10,10,10,10
8156,5796,56,10,8,8,8
8157,3987,57,10,9,9,9
8158,2178,58,10,10,10,10
8159,369,59,10,7,7,7
8160,8560,60,10,10,10,10
8161,6751,61,10,10,10,10
8162,4942,62,10,8,8,8
8163,3133,63,10,10,10,10
8164,1324,64,10,10,10,10
8165,9515,65,10,10,10,10
8166,7706,66,10,7,7,7
8167,5897,67,10,9,9,9
8168,4088,68,10,10,10,10
8169,2279,69,10,5,5,5
8170,470,70,10,9,9,9
8171,8661,71,10,10,10,10
8172,6852,72,10,5,5,5
8173,5043,73,10,10,10,10
8174,3234,74,10,10,10,10
8175,1425,75,10,10,10,10
8176,9616,76,10,9,9,9
8177,7807,77,10,10,10,10
8178,5998,78,10,7,7,7
8179,4189,79,10,10,10,10
8180,2380,80,10,10,10,10
8181,571,81,10,10,10,10
8182,8762,82,10,9,9,9
8183,6953,83,10,9,9,9
8184,5144,84,10,7,7,7
8185,3335,85,10,10,10,10
8186,1526,86,10,10,10,10
8187,9717,87,10,10,10,10
8188,7908,88,10,9,9,9
8189,6099,89,10,10,10,10
8190,4290,90,10,10,10,10
8191,2481,91,10,9,9,9
8192,672,92,10,10,10,10
8193,8863,93,10,8,8,8
8194,7054,94,10,10,10,10
8195,5245,95,10,10,10,10
8196,3436,96,10,10,10,10
8197,1627,97,10,10,10,10
8198,9818,98,10,10,10,10
8199,8009,99,10,8,8,8
8200,6200,0,10,9,9,9
8201,4391,1,10,10,10,10
8202,2582,2,10,10,10,10
8203,773,3,10,10,10,10
8204,8964,4,10,10,10,10
8205,7155,5,10,10,10,10
8206,5346,6,10,10,10,10
8207,3537,7,10,10,10,10
8208,1728,8,10,9,9,9
8209,9919,9,10,7,7,7
8210,8110,10,10,10,10,10
8211,6301,11,10,10,10,10
8212,4492,12,10,8,8,8
8213,2683,13,10,10,10,10
8214,874,14,10,9,9,9
8215,9065,15,10,10,10,10
8216,7256,16,10,10,10,10
8217,5447,17,10,10,10,10
8218,3638,18,10,10,10,10
8219,1829,19,10,9,9,9
8220,20,20,10,10,10,10
8221,8211,21,10,7,7,7
8222,6402,22,10,9,9,9
8223,4593,23,10,10,10,10
8224,2784,24,10,10,10,10
8225,975,25,10,9,9,9
8226,9166,26,10,8,8,8
8227,7357,27,10,10,10,10
8228,5548,28,10,9,9,9
8229,3739,29,10,7,7,7
8230,1930,30,10,10,10,10
8231,121,31,10,9,9,9
8232,8312,32,10,10,10,10
8233,6503,33,10,9,9,9
8234,4694,34,10,10,10,10
8235,2885,35,10,9,9,9
8236,1076,36,10,9,9,9
8237,9267,37,10,9,9,9
8238,7458,38,10,10,10,10
8239,5649,39,10,10,10,10
8240,3840,40,10,10,10,10
8241,2031,41,10,8,8,8
8242,222,42,10,10,10,10
8243,8413,43,10,9,9,9
8244,6604,44,10,10,10,10
8245,4795,45,10,10,10,10
8246,2986,46,10,10,10,10
8247,1177,47,10,10,10,10
8248,9368,48,10,10,10,10
8249,7559,49,10,10,10,10
8250,5750,50,10,10,10,10
8251,3941,51,10,10,10,10
8252,2132,52,10,10,10,10
8253,323,53,10,10,10,10
8254,8514,54,10,10,10,10
8255,6705,55,10,10,10,10
8256,4896,56,10,8,8,8
8257,3087,57,10,9,9,9
8258,1278,58,10,10,10,10
8259,9469,59,10,7,7,7
8260,7660,60,10,10,10,10
8261,5851,61,10,10,10,10
8262,4042,62,10,8,8,8
8263,2233,63,10,10,10,10
8264,424,64,10,10,10,10
8265,8615,65,10,10,10,10
8266,6806,66,10,7,7,7
8267,4997,67,10,9,9,9
8268,3188,68,10,10,10,10
8269,1379,69,10,5,5,5
8270,9570,70,10,9,9,9
8271,7761,71,10,10,10,10
8272,5952,72,10,5,5,5
8273,4143,73,10,10,10,10
8274,2334,74,10,10,10,10
8275,525,75,10,10,10,10
8276,8716,76,10,9,9,9
8277,6907,77,10,10,10,10
8278,5098,78,10,7,7,7
8279,3289,79,10,10,10,10
8280,1480,80,10,10,10,10
8281,9671,81,10,10,10,10
8282,7862,82,10,9,9,9
8283,6053,83,10,9,9,9
8284,4244,84,10,7,7,7
8285,2435,85,10,10,10,10
8286,626,86,10,10,10,10
8287,8817,87,10,10,10,10
8288,7008,88,10,9,9,9
8289,5199,89,10,10,10,10
8290,3390,90,10,10,10,10
8291,1581,91,10,9,9,9
8292,9772,92,10,10,10,10
8293,7963,93,10,8,8,8
8294,6154,94,10,10,10,10
8295,4345,95,10,10,10,10
8296,2536,96,10,10,10,10
8297,727,97,10,10,10,10
8298,8918,98,10,10,10,10
8299,7109,99,10,8,8,8
8300,5300,0,10,9,9,9
8301,3491,1,10,10,10,10
8302,1682,2,10,10,10,10
8303,9873,3,10,10,10,10
8304,8064,4,10,10,10,10
8305,6255,5,10,10,10,10
8306,4446,6,10,10,10,10
8307,2637,7,10,10,10,10
8308,828,8,10,9,9,9
8309,9019,9,10,7,7,7
8310,7210,10,10,10,10,10
8311,5401,11,10,10,10,10
8312,3592,12,10,8,8,8
8313,1783,13,10,10,10,10
8314,9974,14,10,9,9,9
8315,8165,15,10,10,10,10
8316,6356,16,10,10,10,10
8317,4547,17,10,10,10,10
8318,2738,18,10,10,10,10
8319,929,19,10,9,9,9
8320,9120,20,10,10,10,10
8321,7311,21,10,7,7,7
8322,5502,22,10,9,9,9
8323,3693,23,10,10,10,10
8324,1884,24,10,10,10,10
8325,75,25,10,9,9,9
8326,8266,26,10,8,8,8
8327,6457,27,10,10,10,10
8328,4648,28,10,9,9,9
8329,2839,29,10,9,9,9
8330,1030,30,10,10,10,10
8331,9221,31,10,9,9,9
8332,7412,32,10,10,10,10
8333,5603,33,10,9,9,9
8334,3794,34,10,10,10,10
8335,1985,35,10,9,9,9
8336,176,36,10,9,9,9
8337,8367,37,10,9,9,9
8338,6558,38,10,10,10,10
8339,4749,39,10,10,10,10
8340,2940,40,10,10,10,10
8341,1131,41,10,8,8,8
8342,9322,42,10,10,10,10
8343,7513,43,10,9,9,9
8344,5704,44,10,10,10,10
8345,3895,45,10,10,10,10
8346,2086,46,10,10,10,10
8347,277,47,10,10,10,10
8348,8468,48,10,10,10,10
8349,6659,49,10,10,10,10
8350,4850,50,10,10,10,10
8351,3041,51,10,10,10,10
8352,1232,52,10,10,10,10
8353,9423,53,10,10,10,10
8354,7614,54,10,10,10,10
8355,5805,55,10,10,10,10
8356,3996,56,10,8,8,8
8357,2187,57,10,9,9,9
8358,378,58,10,10,10,10
8359,8569,59,10,7,7,7
8360,6760,60,10,10,10,10
8361,4951,61,10,10,10,10
8362,3142,62,10,8,8,8
8363,1333,63,10,10,10,10
8364,9524,64,10,10,10,10
8365,7715,65,10,10,10,10
8366,5906,66,10,7,7,7
8367,4097,67,10,9,9,9
8368,2288,68,10,10,10,10
8369,479,69,10,5,5,5
8370,8670,70,10,9,9,9
8371,6861,71,10,10,10,10
8372,5052,72,10,5,5,5
8373,3243,73,10,10,10,10
8374,1434,74,10,10,10,10
8375,9625,75,10,10,10,10
8376,7816,76,10,9,9,9
8377,6007,77,10,10,9,10
8378,4198,78,10,7,7,7
8379,2389,79,10,10,10,10
8380,580,80,10,10,10,10
8381,8771,81,10,10,10,10
8382,6962,82,10,9,9,9
8383,5153,83,10,9,9,9
8384,3344,84,10,7,7,7
8385,1535,85,10,10,10,10
8386,9726,86,10,10,10,10
8387,7917,87,10,10,10,10
8388,6108,88,10,9,9,9
8389,4299,89,10,10,10,10
8390,2490,90,10,10,10,10
8391,681,91,10,9,9,9
8392,8872,92,10,10,10,10
8393,7063,93,10,8,8,8
8394,5254,94,10,10,10,10
8395,3445,95,10,10,10,10
8396,1636,96,10,10,10,10
8397,9827,97,10,10,10,10
8398,8018,98,10,10,10,10
8399,6209,99,10,8,8,8
8400,4400,0,10,9,9,9
8401,2591,1,10,10,10,10
8402,782,2,10,10,10,10
8403,8973,3,10,10,10,10
8404,7164,4,10,10,10,10
8405,5355,5,10,10,10,10
8406,3546,6,10,10,10,10
8407,1737,7,10,10,10,10
8408,9928,8,10,9,9,9
8409,8119,9,10,7,7,7
8410,6310,10,10,10,10,10
8411,4501,11,10,10,10,10
8412,2692,12,10,8,8,8
8413,883,13,10,10,10,10
8414,9074,14,10,9,9,9
8415,7265,15,10,10,10,10
8416,5456,16,10,10,10,10
8417,3647,17,10,10,10,10
8418,1838,18,10,10,10,10
8419,29,19,10,9,9,9
8420,8220,20,10,10,10,10
8421,6411,21,10,7,7,7
8422,4602,22,10,9,9,9
8423,2793,23,10,10,10,10
8424,984,24,10,10,10,10
8425,9175,25,10,9,9,9
8426,7366,26,10,8,8,8
8427,5557,27,10,10,10,10
8428,3748,28,10,9,9,9
8429,1939,29,10,9,9,9
8430,130,30,10,10,10,10
8431,8321,31,10,9,9,9
8432,6512,32,10,10,10,10
8433,4703,33,10,9,9,9
8434,2894,34,10,10,10,10
8435,1085,35,10,9,9,9
8436,9276,36,10,9,9,9
8437,7467,37,10,9,9,9
8438,5658,38,10,10,10,10
8439,3849,39,10,10,10,10
8440,2040,40,10,10,10,10
8441,231,41,10,7,7,7
8442,8422,42,10,10,10,10
8443,6613,43,10,9,9,9
8444,4804,44,10,10,10,10
8445,2995,45,10,10,10,10
8446,1186,46,10,10,10,10
8447,9377,47,10,10,10,10
8448,7568,48,10,10,10,10
8449,5759,49,10,10,10,10
8450,3950,50,10,10,10,10
8451,2141,51,10,10,10,10
8452,332,52,10,10,10,10
8453,8523,53,10,10,10,10
8454,6714,54,10,10,10,10
8455,4905,55,10,10,10,10
8456,3096,56,10,8,8,8
8457,1287,57,10,9,9,9
8458,9478,58,10,10,10,10
8459,7669,59,10,7,7,7
8460,5860,60,10,10,10,10
8461,4051,61,10,10,10,10
8462,2242,62,10,8,8,8
8463,433,63,10,10,10,10
8464,8624,64,10,10,10,10
8465,6815,65,10,10,10,10
8466,5006,66,10,7,7,7
8467,3197,67,10,9,9,9
8468,1388,68,10,10,10,10
8469,9579,69,10,5,5,5
8470,7770,70,10,9,9,9
8471,5961,71,10,10,10,10
8472,4152,72,10,6,6,6
8473,2343,73,10,10,10,10
8474,534,74,10,10,10,10
8475,8725,75,10,10,10,10
8476,6916,76,10,9,9,9
8477,5107,77,10,10,9,10
8478,3298,78,10,7,7,7
8479,1489,79,10,10,10,10
8480,9680,80,10,10,10,10
8481,7871,81,10,10,10,10
8482,6062,82,10,9,9,9
8483,4253,83,10,9,9,9
8484,2444,84,10,7,7,7
8485,635,85,10,10,10,10
8486,8826,86,10,10,10,10
8487,7017,87,10,10,10,10
8488,5208,88,10,9,9,9
8489,3399,89,10,10,10,10
8490,1590,90,10,10,10,10
8491,9781,91,10,9,9,9
8492,7972,92,10,10,10,10
8493,6163,93,10,8,8,8
8494,4354,94,10,10,10,10
8495,2545,95,10,10,10,10
8496,736,96,10,10,10,10
8497,8927,97,10,10,10,10
8498,7118,98,10,10,10,10
8499,5309,99,10,9,9,9
8500,3500,0,10,9,9,9
8501,1691,1,10,10,10,10
8502,9882,2,10,10,10,10
8503,8073,3,10,10,10,10
8504,6264,4,10,10,10,10
8505,4455,5,10,10,10,10
8506,2646,6,10,10,10,10
8507,837,7,10,10,10,10
8508,9028,8,10,9,9,9
8509,7219,9,10,7,7,7
8510,5410,10,10,10,10,10
8511,3601,11,10,10,10,10
8512,1792,12,10,8,8,8
8513,9983,13,10,10,10,10
8514,8174,14,10,9,9,9
8515,6365,15,10,10,10,10
8516,4556,16,10,10,10,10
8517,2747,17,10,10,10,10
8518,938,18,10,10,10,10
8519,9129,19,10,9,9,9
8520,7320,20,10,10,10,10
8521,5511,21,10,7,7,7
8522,3702,22,10,9,9,9
8523,1893,23,10,10,10,10
8524,84,24,10,10,10,10
8525,8275,25,10,9,9,9
8526,6466,26,10,8,8,8
8527,4657,27,10,10,10,10
8528,2848,28,10,9,9,9
8529,1039,29,10,9,9,9
8530,9230,30,10,10,10,10
8531,7421,31,10,9,9,9
8532,5612,32,10,10,10,10
8533,3803,33,10,9,9,9
8534,1994,34,10,10,10,10
8535,185,35,10,9,9,9
8536,8376,36,10,9,9,9
8537,6567,37,10,9,9,9
8538,4758,38,10,10,10,10
8539,2949,39,10,10,10,10
8540,1140,40,10,10,10,10
8541,9331,41,10,7,7,7
8542,7522,42,10,10,10,10
8543,5713,43,10,9,9,9
8544,3904,44,10,10,10,10
8545,2095,45,10,10,10,10
8546,286,46,10,10,10,10
8547,8477,47,10,10,10,10
8548,6668,48,10,10,10,10
8549,4859,49,10,10,10,10
8550,3050,50,10,10,10,10
8551,1241,51,10,10,10,10
8552,9432,52,10,10,10,10
8553,7623,53,10,10,10,10
8554,5814,54,10,10,10,10
8555,4005,55,10,10,10,10
8556,2196,56,10,8,8,8
8557,387,57,10,9,9,9
8558,8578,58,10,10,10,10
8559,6769,59,10,7,7,7
8560,4960,60,10,10,10,10
8561,3151,61,10,10,10,10
8562,1342,62,10,8,8,8
8563,9533,63,10,10,10,10
8564,7724,64,10,10,10,10
8565,5915,65,10,10,10,10
8566,4106,66,10,7,7,7
8567,2297,67,10,9,9,9
8568,488,68,10,10,10,10
8569,8679,69,10,5,5,5
8570,6870,70,10,9,9,9
8571,5061,71,10,10,10,10
8572,3252,72,10,6,6,6
8573,1443,73,10,10,10,10
8574,9634,74,10,10,10,10
8575,7825,75,10,10,10,10
8576,6016,76,10,9,9,9
8577,4207,77,10,9,9,9
8578,2398,78,10,7,7,7
8579,589,79,10,10,10,10
8580,8780,80,10,10,10,10
8581,6971,81,10,10,10,10
8582,5162,82,10,9,9,9
8583,3353,83,10,8,8,8
8584,1544,84,10,7,7,7
8585,9735,85,10,10,10,10
8586,7926,86,10,10,10,10
8587,6117,87,10,10,10,10
8588,4308,88,10,9,9,9
8589,2499,89,10,10,10,10
8590,690,90,10,10,10,10
8591,8881,91,10,10,10,10
8592,7072,92,10,10,10,10
8593,5263,93,10,8,8,8
8594,3454,94,10,9,9,9
8595,1645,95,10,10,10,10
8596,9836,96,10,10,10,10
8597,8027,97,10,10,10,10
8598,6218,98,10,10,10,10
8599,4409,99,10,8,8,8
8600,2600,0,10,8,8,8
8601,791,1,10,10,10,10
8602,8982,2,10,10,10,10
8603,7173,3,10,10,10,10
8604,5364,4,10,10,10,10
8605,3555,5,10,10,10,10
8606,1746,6,10,10,10,10
8607,9937,7,10,10,10,10
8608,8128,8,10,9,9,9
8609,6319,9,10,7,7,7
8610,4510,10,10,10,10,10
8611,2701,11,10,10,10,10
8612,892,12,10,8,8,8
8613,9083,13,10,10,10,10
8614,7274,14,10,9,9,9
8615,5465,15,10,10,10,10
8616,3656,16,10,10,10,10
8617,1847,17,10,10,10,10
8618,38,18,10,10,10,10
8619,8229,19,10,10,9,10
8620,6420,20,10,10,10,10
8621,4611,21,10,7,7,7
8622,2802,22,10,9,9,9
8623,993,23,10,10,10,10
8624,9184,24,10,10,10,10
8625,7375,25,10,9,9,9
8626,5566,26,10,8,8,8
8627,3757,27,10,10,10,10
8628,1948,28,10,9,9,9
8629,139,29,10,9,9,9
8630,8330,30,10,10,10,10
8631,6521,31,10,9,9,9
8632,4712,32,10,10,10,10
8633,2903,33,10,9,9,9
8634,1094,34,10,10,10,10
8635,9285,35,10,9,9,9
8636,7476,36,10,9,9,9
8637,5667,37,10,9,9,9
8638,3858,38,10,10,10,10
8639,2049,39,10,10,10,10
8640,240,40,10,10,10,10
8641,8431,41,10,7,7,7
8642,6622,42,10,10,10,10
8643,4813,43,10,9,9,9
8644,3004,44,10,10,10,10
8645,1195,45,10,10,10,10
8646,9386,46,10,10,10,10
8647,7577,47,10,10,10,10
8648,5768,48,10,10,10,10
8649,3959,49,10,10,10,10
8650,2150,50,10,10,10,10
8651,341,51,10,10,10,10
8652,8532,52,10,10,10,10
8653,6723,53,10,10,10,10
8654,4914,54,10,10,10,10
8655,3105,55,10,10,10,10
8656,1296,56,10,8,8,8
8657,9487,57,10,9,9,9
8658,7678,58,10,10,10,10
8659,5869,59,10,7,7,7
8660,4060,60,10,10,10,10
8661,2251,61,10,10,10,10
8662,442,62,10,8,8,8
8663,8633,63,10,10,10,10
8664,6824,64,10,10,10,10
8665,5015,65,10,10,10,10
8666,3206,66,10,6,6,6
8667,1397,67,10,9,9,9
8668,9588,68,10,10,10,10
8669,7779,69,10,5,5,5
8670,5970,70,10,9,9,9
8671,4161,71,10,10,10,10
8672,2352,72,10,6,6,6
8673,543,73,10,10,10,10
8674,8734,74,10,10,10,10
8675,6925,75,10,10,10,10
8676,5116,76,10,9,9,9
8677,3307,77,10,9,9,9
8678,1498,78,10,7,7,7
8679,9689,79,10,10,10,10
8680,7880,80,10,10,10,10
8681,6071,81,10,10,10,10
8682,4262,82,10,9,9,9
8683,2453,83,10,8,8,8
8684,644,84,10,7,7,7
8685,8835,85,10,10,10,10
8686,7026,86,10,10,10,10
8687,5217,87,10,10,10,10
8688,3408,88,10,9,9,9
8689,1599,89,10,10,10,10
8690,9790,90,10,10,10,10
8691,7981,91,10,10,10,10
8692,6172,92,10,10,10,10
8693,4363,93,10,8,8,8
8694,2554,94,10,9,9,9
8695,745,95,10,10,10,10
8696,8936,96,10,10,10,10
8697,7127,97,10,10,10,10
8698,5318,98,10,10,10,10
8699,3509,99,10,8,8,8
8700,1700,0,10,8,8,8
8701,9891,1,10,10,10,10
8702,8082,2,10,10,10,10
8703,6273,3,10,10,10,10
8704,4464,4,10,10,10,10
8705,2655,5,10,10,10,10
8706,846,6,10,10,10,10
8707,9037,7,10,10,10,10
8708,7228,8,10,9,9,9
8709,5419,9,10,7,7,7
8710,3610,10,10,10,10,10
8711,1801,11,10,10,10,10
8712,9992,12,10,8,8,8
8713,8183,13,10,10,10,10
8714,6374,14,10,9,9,9
8715,4565,15,10,10,10,10
8716,2756,16,10,10,10,10
8717,947,17,10,10,10,10
8718,9138,18,10,10,10,10
8719,7329,19,10,10,9,10
8720,5520,20,10,10,10,10
8721,3711,21,10,7,7,7
8722,1902,22,10,9,9,9
8723,93,23,10,10,10,10
8724,8284,24,10,10,10,10
8725,6475,25,10,9,9,9
8726,4666,26,10,8,8,8
8727,2857,27,10,10,10,10
8728,1048,28,10,9,9,9
8729,9239,29,10,9,9,9
8730,7430,30,10,10,10,10
8731,5621,31,10,9,9,9
8732,3812,32,10,10,10,10
8733,2003,33,10,9,9,9
8734,194,34,10,10,10,10
8735,8385,35,10,9,9,9
8736,6576,36,10,9,9,9
8737,4767,37,10,9,9,9
8738,2958,38,10,10,10,10
8739,1149,39,10,10,10,10
8740,9340,40,10,10,10,10
8741,7531,41,10,7,7,7
8742,5722,42,10,10,10,10
8743,3913,43,10,9,9,9
8744,2104,44,10,10,10,10
8745,295,45,10,10,10,10
8746,8486,46,10,10,10,10
8747,6677,47,10,10,10,10
8748,4868,48,10,10,10,10
8749,3059,49,10,10,10,10
8750,1250,50,10,10,10,10
8751,9441,51,10,10,10,10
8752,7632,52,10,10,10,10
8753,5823,53,10,10,10,10
8754,4014,54,10,10,10,10
8755,2205,55,10,10,10,10
8756,396,56,10,8,8,8
8757,8587,57,10,9,9,9
8758,6778,58,10,10,10,10
8759,4969,59,10,7,7,7
8760,3160,60,10,10,10,10
8761,1351,61,10,10,10,10
8762,9542,62,10,8,8,8
8763,7733,63,10,10,10,10
8764,5924,64,10,10,10,10
8765,4115,65,10,10,10,10
8766,2306,66,10,6,6,6
8767,497,67,10,9,9,9
8768,8688,68,10,10,10,10
8769,6879,69,10,5,5,5
8770,5070,70,10,9,9,9
8771,3261,71,10,10,10,10
8772,1452,72,10,6,6,6
8773,9643,73,10,10,10,10
8774,7834,74,10,10,10,10
8775,6025,75,10,10,10,10
8776,4216,76,10,9,9,9
8777,2407,77,10,9,9,9
8778,598,78,10,7,7,7
8779,8789,79,10,10,10,10
8780,6980,80,10,10,10,10
8781,5171,81,10,10,10,10
8782,3362,82,10,9,9,9
8783,1553,83,10,8,8,8
8784,9744,84,10,7,7,7
8785,7935,85,10,10,10,10
8786,6126,86,10,10,10,10
8787,4317,87,10,10,10,10
8788,2508,88,10,9,9,9
8789,699,89,10,10,10,10
8790,8890,90,10,10,10,10
8791,7081,91,10,10,10,10
8792,5272,92,10,10,10,10
8793,3463,93,10,8,8,8
8794,1654,94,10,10,10,10
8795,9845,95,10,10,10,10
8796,8036,96,10,10,10,10
8797,6227,97,10,10,10,10
8798,4418,98,10,10,10,10
8799,2609,99,10,8,8,8
8800,800,0,10,8,8,8
8801,8991,1,10,10,10,10
8802,7182,2,10,10,10,10
8803,5373,3,10,10,10,10
8804,3564,4,10,10,10,10
8805,1755,5,10,10,10,10
8806,9946,6,10,10,10,10
8807,8137,7,10,10,10,10
8808,6328,8,10,9,9,9
8809,4519,9,10,7,7,7
8810,2710,10,10,10,10,10
8811,901,11,10,10,10,10
8812,9092,12,10,8,8,8
8813,7283,13,10,10,10,10
8814,5474,14,10,9,9,9
8815,3665,15,10,10,10,10
8816,1856,16,10,10,10,10
8817,47,17,10,10,10,10
8818,8238,18,10,10,10,10
8819,6429,19,10,10,9,10
8820,4620,20,10,10,10,10
8821,2811,21,10,7,7,7
8822,1002,22,10,9,9,9
8823,9193,23,10,10,10,10
8824,7384,24,10,10,10,10
8825,5575,25,10,9,9,9
8826,3766,26,10,8,8,8
8827,1957,27,10,10,10,10
8828,148,28,10,9,9,9
8829,8339,29,10,9,9,9
8830,6530,30,10,9,9,9
8831,4721,31,10,9,9,9
8832,2912,32,10,10,10,10
8833,1103,33,10,9,9,9
8834,9294,34,10,10,10,10
8835,7485,35,10,9,9,9
8836,5676,36,10,10,10,10
8837,3867,37,10,9,9,9
8838,2058,38,10,10,10,10
8839,249,39,10,10,10,10
8840,8440,40,10,10,10,10
8841,6631,41,10,7,7,7
8842,4822,42,10,10,10,10
8843,3013,43,10,9,9,9
8844,1204,44,10,10,10,10
8845,9395,45,10,10,10,10
8846,7586,46,10,10,10,10
8847,5777,47,10,10,10,10
8848,3968,48,10,10,10,10
8849,2159,49,10,10,10,10
8850,350,50,10,10,10,10
8851,8541,51,10,10,10,10
8852,6732,52,10,10,10,10
8853,4923,53,10,10,10,10
8854,3114,54,10,10,10,10
8855,1305,55,10,10,10,10
8856,9496,56,10,8,8,8
8857,7687,57,10,9,9,9
8858,5878,58,10,10,10,10
8859,4069,59,10,7,7,7
8860,2260,60,10,10,10,10
8861,451,61,10,10,10,10
8862,8642,62,10,8,8,8
8863,6833,63,10,10,10,10
8864,5024,64,10,10,10,10
8865,3215,65,10,10,10,10
8866,1406,66,10,6,6,6
8867,9597,67,10,9,9,9
8868,7788,68,10,10,10,10
8869,5979,69,10,5,5,5
8870,4170,70,10,9,9,9
8871,2361,71,10,10,10,10
8872,552,72,10,6,6,6
8873,8743,73,10,10,10,10
8874,6934,74,10,10,10,10
8875,5125,75,10,10,10,10
8876,3316,76,10,9,9,9
8877,1507,77,10,9,9,9
8878,9698,78,10,7,7,7
8879,7889,79,10,10,10,10
8880,6080,80,10,10,10,10
8881,4271,81,10,10,10,10
8882,2462,82,10,8,8,8
8883,653,83,10,8,8,8
8884,8844,84,10,7,7,7
8885,7035,85,10,10,10,10
8886,5226,86,10,10,10,10
8887,3417,87,10,10,10,10
8888,1608,88,10,9,9,9
8889,9799,89,10,10,10,10
8890,7990,90,10,10,10,10
8891,6181,91,10,10,10,10
8892,4372,92,10,10,10,10
8893,2563,93,10,8,8,8
8894,754,94,10,8,8,8
8895,8945,95,10,10,10,10
8896,7136,96,10,10,10,10
8897,5327,97,10,10,10,10
8898,3518,98,10,10,10,10
8899,1709,99,10,8,8,8
8900,9900,0,10,7,7,7
8901,8091,1,10,10,10,10
8902,6282,2,10,10,10,10
8903,4473,3,10,10,10,10
8904,2664,4,10,10,10,10
8905,855,5,10,10,10,10
8906,9046,6,10,10,10,10
8907,7237,7,10,10,10,10
8908,5428,8,10,9,9,9
8909,3619,9,10,7,7,7
8910,1810,10,10,10,10,10
8911,1,11,10,10,10,10
8912,8192,12,10,8,8,8
8913,6383,13,10,10,10,10
8914,4574,14,10,9,9,9
8915,2765,15,10,10,10,10
8916,956,16,10,10,10,10
8917,9147,17,10,10,10,10
8918,7338,18,10,10,10,10
8919,5529,19,10,10,9,10
8920,3720,20,10,10,10,10
8921,1911,21,10,7,7,7
8922,102,22,10,9,9,9
8923,8293,23,10,10,10,10
8924,6484,24,10,10,10,10
8925,4675,25,10,9,9,9
8926,2866,26,10,8,8,8
8927,1057,27,10,10,10,10
8928,9248,28,10,9,9,9
8929,7439,29,10,9,9,9
8930,5630,30,10,9,9,9
8931,3821,31,10,9,9,9
8932,2012,32,10,10,10,10
8933,203,33,10,9,9,9
8934,8394,34,10,10,10,10
8935,6585,35,10,9,9,9
8936,4776,36,10,10,10,10
8937,2967,37,10,9,9,9
8938,1158,38,10,10,10,10
8939,9349,39,10,10,10,10
8940,7540,40,10,10,10,10
8941,5731,41,10,7,7,7
8942,3922,42,10,10,10,10
8943,2113,43,10,9,9,9
8944,304,44,10,10,10,10
8945,8495,45,10,10,10,10
8946,6686,46,10,10,10,10
8947,4877,47,10,10,10,10
8948,3068,48,10,10,10,10
8949,1259,49,10,10,10,10
8950,9450,50,10,10,10,10
8951,7641,51,10,10,10,10
8952,5832,52,10,10,10,10
8953,4023,53,10,10,10,10
8954,2214,54,10,10,10,10
8955,405,55,10,10,10,10
8956,8596,56,10,8,8,8
8957,6787,57,10,9,9,9
8958,4978,58,10,10,10,10
8959,3169,59,10,7,7,7
8960,1360,60,10,10,10,10
8961,9551,61,10,10,10,10
8962,7742,62,10,8,8,8
8963,5933,63,10,10,10,10
8964,4124,64,10,10,10,10
8965,2315,65,10,10,10,10
8966,506,66,10,6,6,6
8967,8697,67,10,9,9,9
8968,6888,68,10,10,10,10
8969,5079,69,10,5,5,5
8970,3270,70,10,9,9,9
8971,1461,71,10,10,10,10
8972,9652,72,10,6,6,6
8973,7843,73,10,10,10,10
8974,6034,74,10,10,10,10
8975,4225,75,10,10,10,10
8976,2416,76,10,9,9,9
8977,607,77,10,9,9,9
8978,8798,78,10,7,7,7
8979,6989,79,10,10,10,10
8980,5180,80,10,10,10,10
8981,3371,81,10,10,10,10
8982,1562,82,10,8,8,8
8983,9753,83,10,8,8,8
8984,7944,84,10,7,7,7
8985,6135,85,10,10,10,10
8986,4326,86,10,10,10,10
8987,2517,87,10,10,10,10
8988,708,88,10,9,9,9
8989,8899,89,10,10,10,10
8990,7090,90,10,10,10,10
8991,5281,91,10,10,10,10
8992,3472,92,10,10,10,10
8993,1663,93,10,8,8,8
8994,9854,94,10,8,8,8
8995,8045,95,10,10,10,10
8996,6236,96,10,10,10,10
8997,4427,97,10,10,10,10
8998,2618,98,10,10,10,10
8999,809,99,10,9,9,9
9000,9000,0,10,7,7,7
9001,7191,1,10,10,10,10
9002,5382,2,10,10,10,10
9003,3573,3,10,10,10,10
9004,1764,4,10,10,10,10
9005,9955,5,10,10,10,10
9006,8146,6,10,10,10,10
9007,6337,7,10,10,10,10
9008,4528,8,10,9,9,9
9009,2719,9,10,7,7,7
9010,910,10,10,10,10,10
9011,9101,11,10,10,10,10
9012,7292,12,10,8,8,8
9013,5483,13,10,10,10,10
9014,3674,14,10,9,9,9
9015,1865,15,10,10,10,10
9016,56,16,10,10,10,10
9017,8247,17,10,10,10,10
9018,6438,18,10,10,10,10
9019,4629,19,10,10,9,10
9020,2820,20,10,10,10,10
9021,1011,21,10,7,7,7
9022,9202,22,10,9,9,9
9023,7393,23,10,10,10,10
9024,5584,24,10,10,10,10
9025,3775,25,10,9,9,9
9026,1966,26,10,8,8,8
9027,157,27,10,10,10,10
9028,8348,28,10,9,9,9
9029,6539,29,10,9,9,9
9030,4730,30,10,9,9,9
9031,2921,31,10,9,9,9
9032,1112,32,10,10,10,10
9033,9303,33,10,9,9,9
9034,7494,34,10,10,10,10
9035,5685,35,10,10,10,10
9036,3876,36,10,9,9,9
9037,2067,37,10,9,9,9
9038,258,38,10,10,10,10
9039,8449,39,10,10,10,10
9040,6640,40,10,10,10,10
9041,4831,41,10,7,7,7
9042,3022,42,10,10,10,10
9043,1213,43,10,9,9,9
9044,9404,44,10,10,10,10
9045,7595,45,10,10,10,10
9046,5786,46,10,10,10,10
9047,3977,47,10,9,9,9
9048,2168,48,10,10,10,10
9049,359,49,10,10,10,10
9050,8550,50,10,10,10,10
9051,6741,51,10,10,10,10
9052,4932,52,10,10,10,10
9053,3123,53,10,10,10,10
9054,1314,54,10,10,10,10
9055,9505,55,10,10,10,10
9056,7696,56,10,8,8,8
9057,5887,57,10,9,9,9
9058,4078,58,10,10,10,10
9059,2269,59,10,6,6,6
9060,460,60,10,10,10,10
9061,8651,61,10,10,10,10
9062,6842,62,10,8,8,8
9063,5033,63,10,10,10,10
9064,3224,64,10,10,10,10
9065,1415,65,10,10,10,10
9066,9606,66,10,6,6,6
9067,7797,67,10,9,9,9
9068,5988,68,10,10,10,10
9069,4179,69,10,5,5,5
9070,2370,70,10,9,9,9
9071,561,71,10,10,10,10
9072,8752,72,10,6,6,6
9073,6943,73,10,10,10,10
9074,5134,74,10,10,10,10
9075,3325,75,10,10,10,10
9076,1516,76,10,9,9,9
9077,9707,77,10,9,9,9
9078,7898,78,10,7,7,7
9079,6089,79,10,10,10,10
9080,4280,80,10,10,10,10
9081,2471,81,10,10,10,10
9082,662,82,10,8,8,8
9083,8853,83,10,8,8,8
9084,7044,84,10,7,7,7
9085,5235,85,10,10,10,10
9086,3426,86,10,10,10,10
9087,1617,87,10,10,10,10
9088,9808,88,10,9,9,9
9089,7999,89,10,10,10,10
9090,6190,90,10,10,10,10
9091,4381,91,10,10,10,10
9092,2572,92,10,10,10,10
9093,763,93,10,8,8,8
9094,8954,94,10,8,8,8
9095,7145,95,10,10,10,10
9096,5336,96,10,10,10,10
9097,3527,97,10,10,10,10
9098,1718,98,10,10,10,10
9099,9909,99,10,9,9,9
9100,8100,0,10,7,7,7
9101,6291,1,10,10,10,10
9102,4482,2,10,10,10,10
9103,2673,3,10,10,10,10
9104,864,4,10,10,10,10
9105,9055,5,10,10,10,10
9106,7246,6,10,10,10,10
9107,5437,7,10,10,10,10
9108,3628,8,10,9,9,9
9109,1819,9,10,7,7,7
9110,10,10,10,10,10,10
9111,8201,11,10,10,10,10
9112,6392,12,10,8,8,8
9113,4583,13,10,10,10,10
9114,2774,14,10,9,9,9
9115,965,15,10,10,10,10
9116,9156,16,10,10,10,10
9117,7347,17,10,10,10,10
9118,5538,18,10,10,10,10
9119,3729,19,10,10,9,10
9120,1920,20,10,10,10,10
9121,111,21,10,7,7,7
9122,8302,22,10,9,9,9
9123,6493,23,10,10,10,10
9124,4684,24,10,10,10,10
9125,2875,25,10,9,9,9
9126,1066,26,10,8,8,8
9127,9257,27,10,10,10,10
9128,7448,28,10,9,9,9
9129,5639,29,10,9,9,9
9130,3830,30,10,9,9,9
9131,2021,31,10,9,9,9
9132,212,32,10,10,10,10
9133,8403,33,10,9,9,9
9134,6594,34,10,10,10,10
9135,4785,35,10,10,10,10
9136,2976,36,10,9,9,9
9137,1167,37,10,9,9,9
9138,9358,38,10,10,10,10
9139,7549,39,10,10,10,10
9140,5740,40,10,10,10,10
9141,3931,41,10,7,7,7
9142,2122,42,10,10,10,10
9143,313,43,10,9,9,9
9144,8504,44,10,10,10,10
9145,6695,45,10,10,10,10
9146,4886,46,10,10,10,10
9147,3077,47,10,10,10,10
9148,1268,48,10,10,10,10
9149,9459,49,10,10,10,10
9150,7650,50,10,10,10,10
9151,5841,51,10,10,10,10
9152,4032,52,10,10,10,10
9153,2223,53,10,10,10,10
9154,414,54,10,10,10,10
9155,8605,55,10,10,10,10
9156,6796,56,10,8,8,8
9157,4987,57,10,9,9,9
9158,3178,58,10,10,10,10
9159,1369,59,10,6,6,6
9160,9560,60,10,10,10,10
9161,7751,61,10,10,10,10
9162,5942,62,10,8,8,8
9163,4133,63,10,10,10,10
9164,2324,64,10,10,10,10
9165,515,65,10,10,10,10
9166,8706,66,10,7,7,7
9167,6897,67,10,9,9,9
9168,5088,68,10,10,10,10
9169,3279,69,10,6,6,6
9170,1470,70,10,9,9,9
9171,9661,71,10,10,10,10
9172,7852,72,10,6,6,6
9173,6043,73,10,10,10,10
9174,4234,74,10,10,10,10
9175,2425,75,10,10,10,10
9176,616,76,10,9,9,9
9177,8807,77,10,9,9,9
9178,6998,78,10,7,7,7
9179,5189,79,10,10,10,10
9180,3380,80,10,10,10,10
9181,1571,81,10,10,10,10
9182,9762,82,10,8,8,8
9183,7953,83,10,8,8,8
9184,6144,84,10,7,7,7
9185,4335,85,10,10,10,10
9186,2526,86,10,10,10,10
9187,717,87,10,10,10,10
9188,8908,88,10,8,8,8
9189,7099,89,10,10,10,10
9190,5290,90,10,10,10,10
9191,3481,91,10,10,10,10
9192,1672,92,10,10,10,10
9193,9863,93,10,8,8,8
9194,8054,94,10,8,8,8
9195,6245,95,10,10,10,10
9196,4436,96,10,10,10,10
9197,2627,97,10,10,10,10
9198,818,98,10,10,10,10
9199,9009,99,10,9,9,9
9200,7200,0,10,7,7,7
9201,5391,1,10,10,10,10
9202,3582,2,10,10,10,10
9203,1773,3,10,10,10,10
9204,9964,4,10,10,10,10
9205,8155,5,10,10,10,10
9206,6346,6,10,10,10,10
9207,4537,7,10,10,10,10
9208,2728,8,10,7,7,7
9209,919,9,10,7,7,7
9210,9110,10,10,10,10,10
9211,7301,11,10,10,10,10
9212,5492,12,10,8,8,8
9213,3683,13,10,10,10,10
9214,1874,14,10,9,9,9
9215,65,15,10,10,10,10
9216,8256,16,10,10,10,10
9217,6447,17,10,10,10,10
9218,4638,18,10,10,10,10
9219,2829,19,10,10,9,10
9220,1020,20,10,10,10,10
9221,9211,21,10,7,7,7
9222,7402,22,10,9,9,9
9223,5593,23,10,10,10,10
9224,3784,24,10,10,10,10
9225,1975,25,10,9,9,9
9226,166,26,10,8,8,8
9227,8357,27,10,10,10,10
9228,6548,28,10,9,9,9
9229,4739,29,10,10,10,10
9230,2930,30,10,9,9,9
9231,1121,31,10,9,9,9
9232,9312,32,10,10,10,10
9233,7503,33,10,9,9,9
9234,5694,34,10,10,10,10
9235,3885,35,10,10,10,10
9236,2076,36,10,9,9,9
9237,267,37,10,9,9,9
9238,8458,38,10,9,9,9
9239,6649,39,10,10,10,10
9240,4840,40,10,10,10,10
9241,3031,41,10,7,7,7
9242,1222,43,10,9,9,9
9243,9413,43,10,9,9,9
9244,7604,44,10,10,10,10
9245,5795,45,10,10,10,10
9246,3986,46,10,10,10,10
9247,2177,47,10,10,9,10
9248,368,48,10,10,10,10
9249,8559,49,10,10,10,10
9250,6750,50,10,10,10,10
9251,4941,51,10,10,10,10
9252,3132,52,10,10,10,10
9253,1323,53,10,10,10,10
9254,9514,54,10,10,10,10
9255,7705,55,10,10,10,10
9256,5896,56,10,8,8,8
9257,4087,57,10,9,9,9
9258,2278,58,10,10,10,10
9259,469,59,10,6,6,6
9260,8660,60,10,10,10,10
9261,6851,61,10,10,10,10
9262,5042,62,10,8,8,8
9263,3233,63,10,10,10,10
9264,1424,64,10,10,10,10
9265,9615,65,10,10,10,10
9266,7806,66,10,7,7,7
9267,5997,67,10,9,9,9
9268,4188,68,10,10,10,10
9269,2379,69,10,6,6,6
9270,570,70,10,9,9,9
9271,8761,71,10,10,10,10
9272,6952,72,10,6,6,6
9273,5143,73,10,10,10,10
9274,3334,74,10,10,10,10
9275,1525,75,10,10,10,10
9276,9716,76,10,9,9,9
9277,7907,77,10,9,9,9
9278,6098,78,10,7,7,7
9279,4289,79,10,10,10,10
9280,2480,80,10,10,10,10
9281,671,81,10,10,10,10
9282,8862,82,10,8,8,8
9283,7053,83,10,8,8,8
9284,5244,84,10,7,7,7
9285,3435,85,10,10,10,10
9286,1626,86,10,10,10,10
9287,9817,87,10,10,10,10
9288,8008,88,10,8,8,8
9289,6199,89,10,10,10,10
9290,4390,90,10,10,10,10
9291,2581,91,10,9,10,10
9292,772,92,10,10,10,10
9293,8963,93,10,8,8,8
9294,7154,94,10,7,7,7
9295,5345,95,10,10,10,10
9296,3536,96,10,10,10,10
9297,1727,97,10,10,10,10
9298,9918,98,10,10,10,10
9299,8109,99,10,9,9,9
9300,6300,0,10,7,7,7
9301,4491,1,10,10,10,10
9302,2682,2,10,10,10,10
9303,873,3,10,10,10,10
9304,9064,4,10,10,10,10
9305,7255,5,10,10,10,10
9306,5446,6,10,10,10,10
9307,3637,7,10,10,10,10
9308,1828,8,10,7,7,7
9309,19,9,10,7,7,7
9310,8210,10,10,10,10,10
9311,6401,11,10,10,10,10
9312,4592,12,10,8,8,8
9313,2783,13,10,10,10,10
9314,974,14,10,9,9,9
9315,9165,15,10,10,10,10
9316,7356,16,10,10,10,10
9317,5547,17,10,10,10,10
9318,3738,18,10,10,10,10
9319,1929,19,10,10,9,10
9320,120,20,10,10,10,10
9321,8311,21,10,7,7,7
9322,6502,22,10,9,9,9
9323,4693,23,10,10,10,10
9324,2884,24,10,10,10,10
9325,1075,25,10,9,9,9
9326,9266,26,10,9,9,9
9327,7457,27,10,10,10,10
9328,5648,28,10,9,9,9
9329,3839,29,10,10,10,10
9330,2030,30,10,9,9,9
9331,221,31,10,9,9,9
9332,8412,32,10,10,10,10
9333,6603,33,10,9,9,9
9334,4794,34,10,10,10,10
9335,2985,35,10,10,10,10
9336,1176,36,10,9,9,9
9337,9367,37,10,9,9,9
9338,7558,38,10,9,9,9
9339,5749,39,10,10,10,10
9340,3940,40,10,10,10,10
9341,2131,41,10,7,7,7
9342,322,42,10,10,10,10
9343,8513,43,10,9,9,9
9344,6704,44,10,10,10,10
9345,4895,45,10,10,10,10
9346,3086,46,10,10,10,10
9347,1277,47,10,10,10,10
9348,9468,48,10,10,10,10
9349,7659,49,10,10,10,10
9350,5850,50,10,10,10,10
9351,4041,51,10,10,10,10
9352,2232,52,10,10,10,10
9353,423,53,10,10,10,10
9354,8614,54,10,10,10,10
9355,6805,55,10,10,10,10
9356,4996,56,10,8,8,8
9357,3187,57,10,9,9,9
9358,1378,58,10,10,10,10
9359,9569,59,10,6,6,6
9360,7760,60,10,10,10,10
9361,5951,61,10,10,10,10
9362,4142,62,10,8,8,8
9363,2333,63,10,10,10,10
9364,524,64,10,10,10,10
9365,8715,65,10,10,10,10
9366,6906,66,10,7,7,7
9367,5097,67,10,9,9,9
9368,3288,68,10,10,10,10
9369,1479,69,10,6,6,6
9370,9670,70,10,9,9,9
9371,7861,71,10,10,10,10
9372,6052,72,10,6,6,6
9373,4243,73,10,10,10,10
9374,2434,74,10,10,10,10
9375,625,75,10,10,10,10
9376,8816,76,10,9,9,9
9377,7007,77,10,9,9,9
9378,5198,78,10,7,7,7
9379,3389,79,10,10,10,10
9380,1580,80,10,10,10,10
9381,9771,81,10,10,10,10
9382,7962,82,10,8,8,8
9383,6153,83,10,8,8,8
9384,4344,84,10,7,7,7
9385,2535,85,10,10,10,10
9386,726,86,10,10,10,10
9387,8917,87,10,10,10,10
9388,7108,88,10,8,8,8
9389,5299,89,10,10,10,10
9390,3490,90,10,10,10,10
9391,1681,91,10,10,10,10
9392,9872,92,10,10,10,10
9393,8063,93,10,8,8,8
9394,6254,94,10,7,7,7
9395,4445,95,10,10,10,10
9396,2636,96,10,10,10,10
9397,827,97,10,10,10,10
9398,9018,98,10,10,10,10
9399,7209,99,10,9,9,9
9400,5400,0,10,7,7,7
9401,3591,1,10,10,10,10
9402,1782,2,10,10,10,10
9403,9973,3,10,10,10,10
9404,8164,4,10,10,10,10
9405,6355,5,10,10,10,10
9406,4546,6,10,10,10,10
9407,2737,7,10,10,10,10
9408,928,8,10,7,7,7
9409,9119,9,10,7,7,7
9410,7310,10,10,10,10,10
9411,5501,11,10,10,10,10
9412,3692,12,10,8,8,8
9413,1883,13,10,10,10,10
9414,74,14,10,9,9,9
9415,8265,15,10,10,10,10
9416,6456,16,10,10,10,10
9417,4647,17,10,10,10,10
9418,2838,18,10,10,10,10
9419,1029,19,10,10,9,10
9420,9220,20,10,10,10,10
9421,7411,21,10,7,7,7
9422,5602,22,10,9,9,9
9423,3793,23,10,10,10,10
9424,1984,24,10,10,10,10
9425,175,25,10,9,9,9
9426,8366,26,10,8,8,8
9427,6557,27,10,10,10,10
9428,4748,28,10,9,9,9
9429,2939,29,10,10,10,10
9430,1130,30,10,9,9,9
9431,9321,31,10,9,9,9
9432,7512,32,10,10,10,10
9433,5703,33,10,9,9,9
9434,3894,34,10,10,10,10
9435,2085,35,10,10,10,10
9436,276,36,10,9,9,9
9437,8467,37,10,9,9,9
9438,6658,38,10,9,9,9
9439,4849,39,10,10,10,10
9440,3040,40,10,10,10,10
9441,1231,41,10,7,7,7
9442,9422,42,10,10,10,10
9443,7613,43,10,9,9,9
9444,5804,44,10,10,10,10
9445,3995,45,10,10,10,10
9446,2186,46,10,10,10,10
9447,377,47,10,9,9,9
9448,8568,48,10,10,10,10
9449,6759,49,10,10,10,10
9450,4950,50,10,10,10,10
9451,3141,51,10,10,10,10
9452,1332,52,10,10,10,10
9453,9523,53,10,10,10,10
9454,7714,54,10,10,10,10
9455,5905,55,10,10,10,10
9456,4096,56,10,8,8,8
9457,2287,57,10,9,9,9
9458,478,58,10,10,10,10
9459,8669,59,10,6,6,6
9460,6860,60,10,10,10,10
9461,5051,61,10,10,10,10
9462,3242,62,10,8,8,8
9463,1433,63,10,10,10,10
9464,9624,64,10,10,10,10
9465,7815,65,10,10,10,10
9466,6006,66,10,7,7,7
9467,4197,67,10,9,9,9
9468,2388,68,10,10,10,10
9469,579,69,10,6,6,6
9470,8770,70,10,9,9,9
9471,6961,71,10,10,10,10
9472,5152,72,10,6,6,6
9473,3343,73,10,10,10,10
9474,1534,74,10,10,10,10
9475,9725,75,10,10,10,10
9476,7916,76,10,9,9,9
9477,6107,77,10,9,9,9
9478,4298,78,10,7,7,7
9479,2489,79,10,10,10,10
9480,680,80,10,10,10,10
9481,8871,81,10,10,10,10
9482,7062,82,10,8,8,8
9483,5253,83,10,8,8,8
9484,3444,84,10,7,7,7
9485,1635,85,10,10,10,10
9486,9826,86,10,10,10,10
9487,8017,87,10,10,10,10
9488,6208,88,10,8,8,8
9489,4399,89,10,10,10,10
9490,2590,90,10,10,10,10
9491,781,91,10,10,10,10
9492,8972,92,10,10,10,10
9493,7163,93,10,8,8,8
9494,5354,94,10,7,7,7
9495,3545,95,10,10,10,10
9496,1736,96,10,10,10,10
9497,9927,97,10,10,10,10
9498,8118,98,10,10,10,10
9499,6309,99,10,9,9,9
9500,4500,0,10,7,7,7
9501,2691,1,10,10,10,10
9502,882,2,10,10,10,10
9503,9073,3,10,10,10,10
9504,7264,4,10,10,10,10
9505,5455,5,10,10,10,10
9506,3646,6,10,10,10,10
9507,1837,7,10,10,10,10
9508,28,8,10,7,7,7
9509,8219,9,10,7,7,7
9510,6410,10,10,10,10,10
9511,4601,11,10,10,10,10
9512,2792,12,10,8,8,8
9513,983,13,10,10,10,10
9514,9174,14,10,10,10,10
9515,7365,15,10,10,10,10
9516,5556,16,10,10,10,10
9517,3747,17,10,10,10,10
9518,1938,18,10,10,10,10
9519,129,19,10,9,9,10
9520,8320,20,10,10,10,10
9521,6511,21,10,7,7,7
9522,4702,22,10,9,9,9
9523,2893,23,10,10,10,10
9524,1084,24,10,10,10,10
9525,9275,25,10,9,9,9
9526,7466,26,10,8,8,8
9527,5657,27,10,10,10,10
9528,3848,28,10,9,9,9
9529,2039,29,10,10,10,10
9530,230,30,10,9,9,9
9531,8421,31,10,9,9,9
9532,6612,32,10,10,10,10
9533,4803,33,10,9,9,9
9534,2994,34,10,10,10,10
9535,1185,35,10,10,10,10
9536,9376,36,10,9,9,9
9537,7567,37,10,9,9,9
9538,5758,38,10,9,9,9
9539,3949,39,10,10,10,10
9540,2140,40,10,10,10,10
9541,331,41,10,7,7,7
9542,8522,42,10,10,10,10
9543,6713,43,10,9,9,9
9544,4904,44,10,10,10,10
9545,3095,45,10,10,10,10
9546,1286,46,10,10,10,10
9547,9477,47,10,9,9,9
9548,7668,48,10,10,10,10
9549,5859,49,10,10,10,10
9550,4050,50,10,10,10,10
9551,2241,51,10,10,10,10
9552,432,52,10,10,10,10
9553,8623,53,10,10,10,10
9554,6814,54,10,10,10,10
9555,5005,55,10,10,10,10
9556,3196,56,10,8,8,8
9557,1387,57,10,9,9,9
9558,9578,58,10,9,9,9
9559,7769,59,10,6,6,6
9560,5960,60,10,10,10,10
9561,4151,61,10,10,10,10
9562,2342,62,10,8,8,8
9563,533,63,10,10,10,10
9564,8724,64,10,10,10,10
9565,6915,65,10,10,10,10
9566,5106,66,10,7,7,7
9567,3297,67,10,9,9,9
9568,1488,68,10,10,10,10
9569,9679,69,10,6,6,6
9570,7870,70,10,9,9,9
9571,6061,71,10,10,10,10
9572,4252,72,10,6,6,6
9573,2443,73,10,10,10,10
9574,634,74,10,10,10,10
9575,8825,75,10,10,10,10
9576,7016,76,10,9,9,9
9577,5207,77,10,9,9,9
9578,3398,78,10,7,7,7
9579,1589,79,10,10,10,10
9580,9780,80,10,10,10,10
9581,7971,81,10,10,10,10
9582,6162,82,10,8,8,8
9583,4353,83,10,8,8,8
9584,2544,84,10,7,7,7
9585,735,85,10,10,10,10
9586,8926,86,10,10,10,10
9587,7117,87,10,10,10,10
9588,5308,88,10,8,8,8
9589,3499,89,10,10,10,10
9590,1690,90,10,10,10,10
9591,9881,91,10,10,10,10
9592,8072,92,10,10,10,10
9593,6263,93,10,8,8,8
9594,4454,94,10,9,9,9
9595,2645,95,10,10,10,10
9596,836,96,10,10,10,10
9597,9027,97,10,10,10,10
9598,7218,98,10,10,10,10
9599,5409,99,10,9,9,9
9600,3600,0,10,7,7,7
9601,1791,1,10,10,10,10
9602,9982,2,10,10,10,10
9603,8173,3,10,10,10,10
9604,6364,4,10,10,10,10
9605,4555,5,10,10,10,10
9606,2746,6,10,10,10,10
9607,937,7,10,10,10,10
9608,9128,8,10,7,7,7
9609,7319,9,10,7,7,7
9610,5510,10,10,10,10,10
9611,3701,11,10,10,10,10
9612,1892,12,10,8,8,8
9613,83,13,10,10,10,10
9614,8274,14,10,10,10,10
9615,6465,15,10,10,10,10
9616,4656,16,10,10,10,10
9617,2847,17,10,10,10,10
9618,1038,18,10,10,10,10
9619,9229,19,10,10,9,10
9620,7420,20,10,10,10,10
9621,5611,21,10,8,8,8
9622,3802,22,10,9,9,9
9623,1993,23,10,10,10,10
9624,184,24,10,10,10,10
9625,8375,25,10,9,9,9
9626,6566,26,10,8,8,8
9627,4757,27,10,10,10,10
9628,2948,28,10,9,9,9
9629,1139,29,10,10,10,10
9630,9330,30,10,9,9,9
9631,7521,31,10,9,9,9
9632,5712,32,10,10,10,10
9633,3903,33,10,9,9,9
9634,2094,34,10,10,10,10
9635,285,35,10,10,10,10
9636,8476,36,10,9,9,9
9637,6667,37,10,9,9,9
9638,4858,38,10,9,9,9
9639,3049,39,10,10,10,10
9640,1240,40,10,10,10,10
9641,9431,41,10,7,7,7
9642,7622,42,10,10,10,10
9643,5813,43,10,9,9,9
9644,4004,44,10,10,10,10
9645,2195,45,10,10,10,10
9646,386,46,10,10,10,10
9647,8577,47,10,9,9,9
9648,6768,48,10,10,10,10
9649,4959,49,10,10,10,10
9650,3150,50,10,10,10,10
9651,1341,51,10,10,10,10
9652,9532,52,10,10,10,10
9653,7723,53,10,10,10,10
9654,5914,54,10,10,10,10
9655,4105,55,10,10,10,10
9656,2296,56,10,8,8,8
9657,487,57,10,9,9,9
9658,8678,58,10,9,9,9
9659,6869,59,10,6,6,6
9660,5060,60,10,10,10,10
9661,3251,61,10,10,10,10
9662,1442,62,10,8,8,8
9663,9633,63,10,10,10,10
9664,7824,64,10,10,10,10
9665,6015,65,10,10,10,10
9666,4206,66,10,7,7,7
9667,2397,67,10,9,9,9
9668,588,68,10,10,10,10
9669,8779,69,10,6,6,6
9670,6970,70,10,9,9,9
9671,5161,71,10,10,10,10
9672,3352,72,10,6,6,6
9673,1543,73,10,10,10,10
9674,9734,74,10,10,10,10
9675,7925,75,10,10,10,10
9676,6116,76,10,9,9,9
9677,4307,77,10,9,9,9
9678,2498,78,10,7,7,7
9679,689,79,10,10,10,10
9680,8880,80,10,10,10,10
9681,7071,81,10,10,10,10
9682,5262,82,10,8,8,8
9683,3453,83,10,8,8,8
9684,1644,84,10,7,7,7
9685,9835,85,10,10,10,10
9686,8026,86,10,10,10,10
9687,6217,87,10,10,10,10
9688,4408,88,10,8,8,8
9689,2599,89,10,10,10,10
9690,790,90,10,10,10,10
9691,8981,91,10,10,10,10
9692,7172,92,10,10,10,10
9693,5363,93,10,8,8,8
9694,3554,94,10,9,9,9
9695,1745,95,10,10,10,10
9696,9936,96,10,10,10,10
9697,8127,97,10,10,10,10
9698,6318,98,10,10,10,10
9699,4509,99,10,9,9,9
9700,2700,0,10,7,7,7
9701,891,1,10,10,10,10
9702,9082,2,10,10,10,10
9703,7273,3,10,10,10,10
9704,5464,4,10,10,10,10
9705,3655,5,10,10,10,10
9706,1846,6,10,10,10,10
9707,37,7,10,10,10,10
9708,8228,8,10,7,7,7
9709,6419,9,10,7,7,7
9710,4610,10,10,10,10,10
9711,2801,11,10,10,10,10
9712,992,12,10,8,8,8
9713,9183,13,10,10,10,10
9714,7374,14,10,10,10,10
9715,5565,15,10,10,10,10
9716,3756,16,10,10,10,10
9717,1947,17,10,10,10,10
9718,138,18,10,10,10,10
9719,8329,19,10,10,9,10
9720,6520,20,10,10,10,10
9721,4711,21,10,8,8,8
9722,2902,22,10,9,9,9
9723,1093,23,10,10,10,10
9724,9284,24,10,10,10,10
9725,7475,25,10,10,10,10
9726,5666,26,10,8,8,8
9727,3857,27,10,10,10,10
9728,2048,28,10,9,9,9
9729,239,29,10,10,10,10
9730,8430,30,10,9,9,9
9731,6621,31,10,9,9,9
9732,4812,32,10,10,10,10
9733,3003,33,10,9,9,9
9734,1194,34,10,10,10,10
9735,9385,35,10,10,10,10
9736,7576,36,10,9,9,9
9737,5767,37,10,9,9,9
9738,3958,38,10,9,9,9
9739,2149,39,10,10,10,10
9740,340,40,10,10,10,10
9741,8531,41,10,7,7,7
9742,6722,42,10,10,10,10
9743,4913,43,10,9,9,9
9744,3104,44,10,10,10,10
9745,1295,45,10,10,10,10
9746,9486,46,10,10,10,10
9747,7677,47,10,9,9,9
9748,5868,48,10,10,10,10
9749,4059,49,10,10,10,10
9750,2250,50,10,10,10,10
9751,441,51,10,10,10,10
9752,8632,52,10,10,10,10
9753,6823,53,10,10,10,10
9754,5014,54,10,10,10,10
9755,3205,55,10,10,10,10
9756,1396,56,10,8,8,8
9757,9587,57,10,9,9,9
9758,7778,58,10,9,9,9
9759,5969,59,10,6,6,6
9760,4160,60,10,10,10,10
9761,2351,61,10,10,10,10
9762,542,62,10,8,8,8
9763,8733,63,10,10,10,10
9764,6924,64,10,10,10,10
9765,5115,65,10,10,10,10
9766,3306,66,10,7,7,7
9767,1497,67,10,9,9,9
9768,9688,68,10,10,10,10
9769,7879,69,10,6,6,6
9770,6070,70,10,9,9,9
9771,4261,71,10,10,10,10
9772,2452,72,10,6,6,6
9773,643,73,10,10,10,10
9774,8834,74,10,10,10,10
9775,7025,75,10,10,10,10
9776,5216,76,10,9,9,9
9777,3407,77,10,9,9,9
9778,1598,78,10,7,7,7
9779,9789,79,10,10,10,10
9780,7980,80,10,10,10,10
9781,6171,81,10,10,10,10
9782,4362,82,10,8,8,8
9783,2553,83,10,8,8,8
9784,744,84,10,7,7,7
9785,8935,85,10,10,10,10
9786,7126,86,10,10,10,10
9787,5317,87,10,10,10,10
9788,3508,88,10,8,8,8
9789,1699,89,10,10,10,10
9790,9890,90,10,10,10,10
9791,8081,91,10,10,10,10
9792,6272,92,10,10,10,10
9793,4463,93,10,8,8,8
9794,2654,94,10,9,9,9
9795,845,95,10,10,10,10
9796,9036,96,10,10,10,10
9797,7227,97,10,10,10,10
9798,5418,98,10,10,10,10
9799,3609,99,10,9,9,9
9800,1800,0,10,7,7,7
9801,9991,1,10,10,10,10
9802,8182,2,10,10,10,10
9803,6373,3,10,10,10,10
9804,4564,4,10,10,10,10
9805,2755,5,10,10,10,10
9806,946,6,10,10,10,10
9807,9137,7,10,10,10,10
9808,7328,8,10,7,7,7
9809,5519,9,10,7,7,7
9810,3710,10,10,10,10,10
9811,1901,11,10,10,10,10
9812,92,12,10,8,8,8
9813,8283,13,10,10,10,10
9814,6474,14,10,10,10,10
9815,4665,15,10,10,10,10
9816,2856,16,10,10,10,10
9817,1047,17,10,10,10,10
9818,9238,18,10,10,10,10
9819,7429,19,10,10,9,10
9820,5620,20,10,10,10,10
9821,3811,21,10,8,8,8
9822,2002,22,10,9,9,9
9823,193,23,10,10,10,10
9824,8384,24,10,10,10,10
9825,6575,25,10,10,10,10
9826,4766,26,10,8,8,8
9827,2957,27,10,10,10,10
9828,1148,28,10,9,9,9
9829,9339,29,10,9,9,9
9830,7530,30,10,9,9,9
9831,5721,31,10,9,9,9
9832,3912,32,10,10,10,10
9833,2103,33,10,9,9,9
9834,294,34,10,10,10,10
9835,8485,35,10,10,10,10
9836,6676,36,10,9,9,9
9837,4867,37,10,9,9,9
9838,3058,38,10,9,9,9
9839,1249,39,10,10,10,10
9840,9440,40,10,10,10,10
9841,7631,41,10,7,7,7
9842,5822,42,10,10,10,10
9843,4013,43,10,9,9,9
9844,2204,44,10,10,10,10
9845,395,45,10,10,10,10
9846,8586,46,10,10,10,10
9847,6777,47,10,9,9,9
9848,4968,48,10,10,10,10
9849,3159,49,10,10,10,10
9850,1350,50,10,10,10,10
9851,9541,51,10,10,10,10
9852,7732,52,10,10,10,10
9853,5923,53,10,10,10,10
9854,4114,54,10,10,10,10
9855,2305,55,10,10,10,10
9856,496,56,10,8,8,8
9857,8687,57,10,9,9,9
9858,6878,58,10,9,9,9
9859,5069,59,10,6,6,6
9860,3260,60,10,10,10,10
9861,1451,61,10,10,10,10
9862,9642,62,10,8,8,8
9863,7833,63,10,10,10,10
9864,6024,64,10,10,10,10
9865,4215,65,10,10,10,10
9866,2406,66,10,7,7,7
9867,597,67,10,9,9,9
9868,8788,68,10,10,10,10
9869,6979,69,10,6,6,6
9870,5170,70,10,9,9,9
9871,3361,71,10,10,10,10
9872,1552,72,10,6,6,6
9873,9743,73,10,10,10,10
9874,7934,74,10,10,10,10
9875,6125,75,10,10,10,10
9876,4316,76,10,9,9,9
9877,2507,77,10,9,9,9
9878,698,78,10,7,7,7
9879,8889,79,10,10,10,10
9880,7080,80,10,10,10,10
9881,5271,81,10,10,10,10
9882,3462,82,10,9,9,9
9883,1653,83,10,8,8,8
9884,9844,84,10,7,7,7
9885,8035,85,10,10,10,10
9886,6226,86,10,10,10,10
9887,4417,87,10,10,10,10
9888,2608,88,10,8,8,8
9889,799,89,10,10,10,10
9890,8990,90,10,10,10,10
9891,7181,91,10,10,10,10
9892,5372,92,10,10,10,10
9893,3563,93,10,8,8,8
9894,1754,94,10,9,9,9
9895,9945,95,10,10,10,10
9896,8136,96,10,10,10,10
9897,6327,97,10,10,10,10
9898,4518,98,10,10,10,10
9899,2709,99,10,9,9,9
9900,900,0,10,7,7,7
9901,9091,1,10,10,10,10
9902,7282,2,10,10,10,10
9903,5473,3,10,10,10,10
9904,3664,4,10,10,10,10
9905,1855,5,10,10,10,10
9906,46,6,10,10,10,10
9907,8237,7,10,10,10,10
9908,6428,8,10,7,7,7
9909,4619,9,10,7,7,7
9910,2810,10,10,10,10,10
9911,1001,11,10,10,10,10
9912,9192,12,10,8,8,8
9913,7383,13,10,10,10,10
9914,5574,14,10,10,10,10
9915,3765,15,10,10,10,10
9916,1956,16,10,10,10,10
9917,147,17,10,10,10,10
9918,8338,18,10,10,10,10
9919,6529,19,10,10,9,10
9920,4720,20,10,10,10,10
9921,2911,21,10,8,8,8
9922,1102,22,10,9,9,9
9923,9293,23,10,10,10,10
9924,7484,24,10,10,10,10
9925,5675,25,10,9,9,9
9926,3866,26,10,8,8,8
9927,2057,27,10,10,10,10
9928,248,28,10,9,9,9
9929,8439,29,10,9,9,9
9930,6630,30,10,9,9,9
9931,4821,31,10,9,9,9
9932,3012,32,10,10,10,10
9933,1203,33,10,9,9,9
9934,9394,34,10,10,10,10
9935,7585,35,10,10,10,10
9936,5776,36,10,9,9,9
9937,3967,37,10,9,9,9
9938,2158,38,10,9,9,9
9939,349,39,10,10,10,10
9940,8540,40,10,10,10,10
9941,6731,41,10,7,7,7
9942,4922,42,10,10,10,10
9943,3113,43,10,9,9,9
9944,1304,44,10,10,10,10
9945,9495,45,10,10,10,10
9946,7686,46,10,10,10,10
9947,5877,47,10,9,9,9
9948,4068,48,10,10,10,10
9949,2259,49,10,10,10,10
9950,450,50,10,10,10,10
9951,8641,51,10,10,10,10
9952,6832,52,10,10,10,10
9953,5023,53,10,10,10,10
9954,3214,54,10,10,10,10
9955,1405,55,10,10,10,10
9956,9596,56,10,8,8,8
9957,7787,57,10,9,9,9
9958,5978,58,10,9,9,9
9959,4169,59,10,6,6,6
9960,2360,60,10,10,10,10
9961,551,61,10,10,10,10
9962,8742,62,10,8,8,8
9963,6933,63,10,10,10,10
9964,5124,64,10,10,10,10
9965,3315,65,10,10,10,10
9966,1506,66,10,7,7,7
9967,9697,67,10,9,9,9
9968,7888,68,10,10,10,10
9969,6079,69,10,6,6,6
9970,4270,70,10,9,9,9
9971,2461,71,10,10,10,10
9972,652,72,10,6,6,6
9973,8843,73,10,10,10,10
9974,7034,74,10,10,10,10
9975,5225,75,10,10,10,10
9976,3416,76,10,9,9,9
9977,1607,77,10,9,9,9
9978,9798,78,10,7,7,7
9979,7989,79,10,10,10,10
9980,6180,80,10,10,10,10
9981,4371,81,10,10,10,10
9982,2562,82,10,9,9,9
9983,753,83,10,8,8,8
9984,8944,84,10,7,7,7
9985,7135,85,10,10,10,10
9986,5326,86,10,10,10,10
9987,3517,87,10,10,10,10
9988,1708,88,10,8,8,8
9989,9899,89,10,10,10,10
9990,8090,90,10,10,10,10
9991,6281,91,10,10,10,10
9992,4472,92,10,10,10,10
9993,2663,93,10,8,8,8
9994,854,94,10,9,9,9
9995,9045,95,10,10,10,10
9996,7236,96,10,10,10,10
9997,5427,97,10,10,10,10
9998,3618,98,10,10,10,10
9999,1809,99,10,9,9,9
