cycle,update_changed_us,restore_us,remove_us,readd_us
0,414.630000,291.373000,30.469000,335.332000
1,634.475000,529.307000,12.280000,431.700000
2,577.527000,399.841000,9.460000,318.193000
3,652.874000,438.660000,14.259000,368.001000
4,482.969000,322.352000,14.910000,266.734000
5,676.234000,481.858000,10.720000,449.590000
6,496.138000,319.092000,17.279000,315.793000
7,441.759000,229.394000,9.000000,209.765000
8,410.299000,227.006000,9.750000,196.656000
9,545.079000,325.391000,13.040000,270.944000
10,590.967000,494.718000,17.760000,536.417000
11,623.906000,454.530000,17.220000,330.141000
12,449.219000,227.545000,17.640000,216.395000
13,578.756000,372.591000,14.479000,309.103000
14,484.748000,257.284000,59.649000,214.296000
15,468.939000,276.844000,20.550000,224.504000
16,547.947000,355.973000,11.780000,279.513000
17,606.726000,410.620000,13.030000,321.363000
18,619.816000,387.021000,12.090000,296.612000
19,537.418000,280.044000,9.690000,301.143000
20,686.363000,561.487000,18.440000,513.628000
21,628.035000,359.561000,15.280000,341.073000
22,634.904000,393.441000,11.950000,330.872000
23,646.315000,378.971000,11.610000,297.765000
24,615.326000,385.291000,11.771000,322.331000
25,601.726000,338.313000,9.889000,268.163000
26,835.279000,601.435000,11.600000,435.870000
27,605.686000,408.540000,9.900000,362.821000
28,648.975000,366.581000,13.920000,325.643000
29,696.703000,468.319000,14.539000,355.431000
30,394.401000,203.705000,18.139000,194.046000
31,586.247000,326.342000,18.649000,273.834000
32,619.705000,324.212000,15.260000,265.154000
33,540.867000,316.452000,11.640000,271.933000
34,369.820000,237.674000,15.140000,220.795000
35,764.321000,443.480000,10.610000,356.291000
36,719.433000,460.678000,12.689000,382.163000
37,517.567000,246.294000,19.920000,237.375000
38,675.494000,385.671000,11.630000,325.163000
39,646.164000,406.221000,10.430000,327.242000
40,665.596000,373.210000,19.560000,304.023000
41,522.917000,273.215000,16.179000,250.475000
42,490.127000,268.654000,16.900000,236.545000
43,692.673000,432.299000,15.520000,337.542000
44,569.988000,321.702000,14.010000,274.704000
45,635.264000,388.152000,16.928000,303.643000
46,648.745000,448.980000,14.020000,317.232000
47,519.177000,289.834000,12.679000,284.314000
48,463.869000,282.143000,9.800000,243.674000
49,644.854000,386.660000,9.310000,308.722000
50,700.393000,575.858000,21.310000,540.477000
51,600.225000,508.518000,19.350000,478.008000
52,475.579000,325.032000,14.350000,244.255000
53,611.925000,373.971000,16.910000,322.202000
54,592.217000,332.452000,10.970000,306.553000
55,662.195000,450.920000,10.059000,378.040000
56,618.846000,378.471000,12.280000,294.984000
57,715.222000,427.030000,13.980000,351.811000
58,594.216000,341.023000,11.130000,270.784000
59,517.497000,311.313000,11.139000,300.533000
60,489.099000,375.321000,18.179000,261.494000
61,710.863000,397.581000,16.109000,342.182000
62,406.940000,211.124000,13.880000,197.286000
63,485.749000,281.882000,16.359000,256.184000
64,474.149000,288.102000,15.539000,251.824000
65,693.994000,432.969000,11.251000,325.162000
66,579.067000,313.644000,11.679000,246.264000
67,545.047000,285.054000,6.461000,348.912000
68,610.086000,343.751000,9.249000,276.224000
69,465.739000,235.664000,9.480000,205.184000
70,581.927000,325.512000,28.089000,268.673000
71,526.948000,290.372000,15.860000,247.784000
72,586.655000,326.863000,12.110000,299.702000
73,705.394000,469.849000,11.879000,368.953000
74,450.090000,295.663000,9.770000,281.914000
75,571.326000,330.422000,9.449000,428.670000
76,712.953000,435.879000,10.900000,420.070000
77,639.315000,364.872000,8.749000,290.193000
78,549.137000,303.292000,11.730000,281.933000
79,638.875000,402.350000,6.280000,326.672000
80,662.275000,533.018000,18.449000,400.362000
81,503.139000,280.924000,13.440000,254.553000
82,671.595000,404.191000,14.510000,327.923000
83,533.967000,277.724000,14.140000,229.614000
84,533.117000,324.382000,12.220000,276.334000
85,617.275000,377.371000,10.890000,307.083000
86,561.197000,326.992000,16.651000,286.063000
87,566.367000,314.304000,17.379000,282.693000
88,769.931000,437.859000,12.139000,440.570000
89,496.178000,249.975000,11.220000,221.605000
90,627.875000,338.743000,22.140000,290.093000
91,555.447000,318.782000,12.499000,268.503000
92,627.265000,352.332000,14.880000,295.852000
93,608.286000,385.280000,19.179000,303.833000
94,425.350000,225.486000,12.509000,200.955000
95,671.915000,429.260000,7.170000,315.652000
96,579.247000,345.522000,7.310000,263.764000
97,612.835000,350.211000,11.080000,284.702000
98,416.741000,217.965000,12.190000,203.005000
99,633.586000,388.800000,11.729000,294.184000
100,768.172000,567.416000,17.799000,341.112000
101,668.844000,378.192000,10.169000,312.503000
102,623.237000,345.402000,8.491000,289.593000
103,695.363000,410.200000,9.689000,328.813000
104,651.064000,368.932000,8.870000,290.213000
105,825.111000,510.599000,8.109000,398.880000
106,518.567000,288.693000,11.259000,234.075000
107,676.913000,425.451000,9.680000,303.973000
108,648.745000,377.450000,13.579000,327.082000
109,612.426000,356.862000,7.520000,355.941000
110,766.641000,635.115000,11.940000,446.369000
111,573.815000,303.352000,7.190000,241.835000
112,673.715000,402.531000,8.060000,308.303000
113,762.353000,532.987000,10.970000,400.300000
114,567.947000,337.551000,12.310000,287.084000
115,723.594000,481.800000,11.140000,364.921000
116,750.562000,427.230000,8.610000,306.094000
117,647.394000,381.962000,8.200000,317.912000
118,719.042000,431.520000,9.769000,361.353000
119,616.426000,355.012000,10.211000,278.523000
120,599.496000,326.884000,17.489000,290.892000
121,716.974000,401.111000,8.750000,312.131000
122,533.548000,309.223000,10.140000,305.183000
123,612.126000,231.124000,13.560000,199.295000
124,746.493000,399.000000,9.280000,300.453000
125,642.934000,401.800000,6.471000,310.644000
126,618.585000,385.441000,11.060000,293.583000
127,659.324000,410.880000,13.560000,322.113000
128,576.386000,365.281000,9.550000,284.793000
129,571.566000,363.951000,32.580000,311.802000
130,720.863000,647.474000,17.581000,433.150000
131,594.716000,379.871000,13.840000,331.444000
132,731.972000,462.189000,8.209000,366.481000
133,646.735000,415.171000,14.099000,435.699000
134,624.585000,383.401000,9.270000,294.874000
135,477.079000,191.705000,9.700000,164.577000
136,521.577000,299.483000,6.320000,223.474000
137,495.897000,260.384000,9.330000,216.216000
138,434.839000,256.674000,5.790000,210.685000
139,837.861000,530.267000,10.340000,467.079000
140,700.612000,411.491000,17.589000,321.704000
141,650.174000,332.083000,9.120000,286.142000
142,516.279000,298.182000,11.390000,250.994000
143,619.095000,361.892000,15.670000,289.414000
144,455.959000,232.915000,8.290000,203.785000
145,520.728000,315.513000,16.268000,284.724000
146,626.385000,363.802000,16.760000,311.103000
147,774.921000,431.230000,10.790000,323.931000
148,490.699000,274.574000,7.699000,228.524000
149,671.204000,421.999000,7.120000,368.501000
150,545.447000,277.384000,15.079000,231.885000
151,675.614000,364.392000,7.870000,323.712000
152,608.006000,351.321000,9.409000,297.444000
153,785.681000,532.338000,10.430000,404.671000
154,788.391000,447.059000,11.600000,392.331000
155,767.262000,366.132000,16.009000,310.443000
156,535.427000,304.312000,10.000000,250.145000
157,752.613000,442.769000,9.489000,347.613000
158,502.167000,269.723000,9.229000,226.275000
159,825.970000,427.979000,10.061000,310.612000
160,669.634000,415.800000,21.140000,361.751000
161,753.933000,621.756000,14.091000,398.831000
162,646.474000,277.564000,11.381000,240.814000
163,535.597000,286.823000,6.890000,406.540000
164,579.816000,348.321000,6.910000,279.704000
165,688.334000,408.561000,8.619000,316.784000
166,634.915000,371.041000,10.460000,345.322000
167,694.524000,425.540000,8.400000,338.732000
168,594.757000,286.834000,8.659000,228.174000
169,611.146000,365.201000,12.759000,299.273000
170,672.894000,580.466000,22.869000,355.212000
171,1074.985000,373.081000,24.099000,301.203000
172,724.334000,325.483000,12.989000,277.894000
173,671.103000,414.731000,10.371000,322.703000
174,604.636000,251.594000,20.899000,225.944000
175,648.465000,384.120000,9.849000,290.062000
176,752.832000,466.049000,11.180000,416.791000
177,635.395000,381.941000,52.999000,314.693000
178,798.801000,430.379000,8.270000,327.773000
179,616.806000,350.312000,9.320000,315.203000
180,723.891000,585.657000,19.879000,468.128000
181,638.166000,352.371000,14.250000,324.403000
182,664.924000,352.073000,15.540000,300.062000
183,467.519000,254.764000,10.600000,206.785000
184,805.521000,448.729000,8.769000,394.071000
185,669.674000,336.283000,14.359000,304.772000
186,687.045000,433.750000,6.009000,303.543000
187,705.604000,383.661000,10.600000,287.703000
188,783.533000,493.488000,9.910000,383.320000
189,821.020000,480.299000,8.771000,331.981000
190,726.393000,628.046000,13.270000,563.935000
191,402.240000,189.295000,14.329000,193.936000
192,708.433000,419.209000,9.310000,378.072000
193,672.744000,418.800000,96.688000,373.081000
194,677.085000,370.131000,17.039000,284.373000
195,527.528000,307.122000,9.910000,255.964000
196,727.442000,308.823000,12.800000,248.894000
197,674.123000,301.734000,11.010000,241.715000
198,630.144000,357.722000,7.200000,373.961000
199,709.992000,414.792000,47.958000,394.570000
200,585.437000,454.839000,15.749000,416.000000
201,816.531000,555.888000,12.038000,416.020000
202,635.605000,297.033000,13.340000,249.585000
203,709.363000,398.150000,8.461000,306.174000
204,660.793000,506.048000,9.610000,518.507000
205,599.366000,371.012000,12.260000,362.601000
206,663.835000,408.650000,13.159000,358.432000
207,449.080000,254.194000,15.649000,221.674000
208,725.183000,405.720000,6.880000,310.373000
209,762.803000,447.780000,8.690000,338.073000
210,580.306000,311.182000,14.280000,272.464000
211,751.742000,433.150000,9.060000,439.080000
212,679.854000,374.972000,14.731000,320.042000
213,688.694000,412.830000,14.420000,321.781000
214,553.388000,308.352000,13.799000,255.475000
215,575.006000,332.843000,9.690000,280.794000
216,406.730000,212.976000,9.909000,180.036000
217,504.359000,280.423000,11.159000,214.965000
218,634.395000,419.910000,13.210000,311.562000
219,626.736000,348.052000,8.150000,295.303000
220,824.221000,638.945000,14.920000,410.881000
221,777.841000,340.111000,17.360000,289.293000
222,636.845000,389.201000,12.510000,346.881000
223,606.395000,386.121000,8.050000,291.634000
224,424.050000,266.624000,7.160000,236.783000
225,562.437000,317.832000,7.379000,258.874000
226,691.843000,437.260000,7.691000,325.964000
227,656.525000,383.422000,15.350000,332.852000
228,542.888000,346.852000,14.499000,299.254000
229,666.235000,404.650000,49.620000,337.382000
230,698.543000,377.572000,17.650000,308.763000
231,640.945000,399.341000,15.549000,296.633000
232,727.153000,343.011000,10.889000,272.242000
233,688.724000,404.190000,11.420000,407.230000
234,663.315000,409.631000,9.449000,295.092000
235,681.834000,373.141000,9.130000,267.373000
236,476.007000,206.255000,6.280000,186.475000
237,722.683000,481.359000,16.660000,401.560000
238,508.247000,292.804000,12.569000,250.685000
239,608.747000,332.382000,9.770000,272.924000
240,745.153000,628.705000,18.460000,571.457000
241,653.944000,361.452000,12.680000,391.981000
242,601.196000,357.241000,12.230000,325.413000
243,828.199000,462.989000,12.699000,384.061000
244,498.168000,264.004000,15.190000,238.673000
245,774.503000,434.261000,8.409000,355.092000
246,928.507000,414.280000,15.160000,292.274000
247,722.472000,411.240000,6.379000,312.443000
248,601.056000,349.941000,9.720000,271.664000
249,608.797000,327.051000,13.779000,355.081000
250,584.427000,418.169000,15.820000,312.602000
251,686.344000,378.421000,11.550000,306.512000
252,621.255000,369.312000,8.628000,304.633000
253,551.038000,319.602000,14.280000,273.744000
254,678.444000,401.511000,12.919000,311.374000
255,628.265000,383.221000,53.898000,280.034000
256,636.646000,368.372000,10.570000,289.973000
257,701.203000,380.100000,8.780000,293.023000
258,556.596000,304.673000,7.390000,258.563000
259,541.768000,311.872000,8.270000,261.734000
260,723.083000,563.767000,16.510000,499.599000
261,730.133000,604.666000,10.000000,396.050000
262,499.488000,283.673000,14.480000,281.624000
263,597.556000,368.811000,41.630000,285.603000
264,540.137000,306.382000,10.270000,247.414000
265,552.778000,316.312000,10.799000,266.794000
266,587.375000,366.651000,11.390000,267.234000
267,719.353000,445.350000,8.469000,366.881000
268,467.418000,291.092000,9.860000,265.634000
269,546.206000,274.723000,5.560000,225.376000
270,700.284000,600.786000,16.619000,444.699000
271,683.223000,392.161000,8.590000,307.784000
272,622.335000,320.902000,16.919000,262.735000
273,499.578000,265.834000,8.969000,216.515000
274,707.863000,410.860000,9.309000,360.821000
275,582.247000,326.371000,16.160000,269.994000
276,539.097000,307.553000,11.560000,281.263000
277,650.326000,412.310000,9.580000,337.492000
278,511.538000,273.714000,14.320000,225.225000
279,590.626000,312.103000,11.000000,247.164000
280,687.544000,600.726000,17.079000,524.816000
281,639.356000,388.850000,11.870000,303.383000
282,641.425000,315.464000,7.419000,262.443000
283,600.515000,340.363000,8.190000,294.013000
284,618.626000,354.102000,10.020000,332.022000
285,550.297000,267.954000,9.880000,232.024000
286,624.605000,351.001000,9.110000,308.423000
287,512.688000,269.634000,11.320000,245.455000
288,554.547000,402.480000,12.709000,280.274000
289,486.948000,210.725000,14.670000,192.146000
290,606.326000,430.659000,19.880000,392.161000
291,602.846000,395.692000,49.570000,304.864000
292,414.980000,264.633000,12.410000,253.034000
293,500.388000,320.962000,11.710000,282.572000
294,619.076000,339.372000,13.999000,285.953000
295,508.108000,313.232000,5.320000,358.983000
296,608.216000,358.342000,10.550000,282.233000
297,728.593000,493.428000,9.270000,364.012000
298,711.753000,423.320000,9.760000,298.284000
299,613.365000,380.622000,53.707000,295.083000
300,714.424000,581.005000,18.269000,454.010000
301,566.876000,338.281000,13.650000,307.004000
302,539.677000,271.614000,42.169000,237.245000
303,289.654000,129.217000,15.939000,136.557000
304,620.755000,334.552000,7.520000,280.245000
305,522.086000,313.584000,10.219000,270.324000
306,813.021000,505.568000,8.560000,381.481000
307,699.734000,420.580000,9.320000,530.908000
308,743.782000,412.490000,14.500000,328.882000
309,686.954000,420.380000,13.140000,313.812000
310,774.421000,677.035000,31.249000,560.306000
311,699.315000,505.968000,17.619000,410.081000
312,698.184000,379.381000,11.540000,279.313000
313,602.795000,320.132000,13.630000,266.013000
314,624.965000,405.961000,13.200000,328.753000
315,461.859000,288.673000,45.560000,272.043000
316,715.422000,439.780000,9.020000,340.561000
317,793.321000,481.118000,12.590000,421.291000
318,825.781000,476.149000,16.540000,371.741000
319,524.937000,244.254000,6.670000,198.676000
320,698.884000,498.439000,12.740000,289.272000
321,752.282000,410.211000,14.680000,330.422000
322,516.628000,285.863000,16.350000,242.365000
323,498.708000,317.822000,10.590000,280.534000
324,668.603000,409.940000,8.181000,305.243000
325,663.655000,448.699000,10.460000,426.620000
326,635.945000,374.932000,10.270000,326.732000
327,479.929000,237.994000,17.549000,212.894000
328,449.790000,233.345000,13.380000,208.544000
329,769.522000,416.090000,15.239000,314.923000
330,742.764000,577.866000,16.080000,432.960000
331,707.903000,372.620000,15.101000,302.554000
332,584.067000,315.493000,12.830000,274.663000
333,689.345000,413.369000,53.418000,369.960000
334,546.508000,320.611000,11.621000,256.905000
335,563.197000,270.764000,16.400000,244.884000
336,551.488000,307.112000,10.770000,250.945000
337,607.635000,359.802000,44.809000,355.902000
338,775.032000,485.268000,9.860000,340.072000
339,646.753000,385.351000,8.650000,308.742000
340,793.851000,685.175000,19.540000,413.431000
341,736.752000,405.481000,18.450000,377.411000
342,815.661000,337.993000,16.399000,313.182000
343,693.714000,463.819000,42.780000,370.451000
344,609.935000,378.781000,7.369000,304.684000
345,837.381000,553.616000,10.520000,389.720000
346,664.474000,392.691000,94.947000,318.503000
347,681.365000,385.901000,7.000000,288.724000
348,480.058000,230.785000,9.430000,198.386000
349,686.034000,390.271000,15.959000,321.723000
350,493.448000,267.224000,23.859000,223.744000
351,651.695000,353.862000,14.839000,310.302000
352,691.665000,408.541000,18.810000,331.553000
353,500.818000,305.854000,11.750000,296.863000
354,638.964000,387.411000,14.840000,326.373000
355,609.195000,378.621000,56.718000,306.454000
356,1082.244000,326.943000,15.229000,272.894000
357,537.617000,291.123000,9.989000,246.535000
358,610.995000,343.862000,11.341000,300.432000
359,599.016000,289.944000,10.919000,236.745000
360,743.973000,577.056000,27.019000,536.748000
361,476.108000,233.725000,16.950000,210.525000
362,600.145000,330.153000,12.709000,276.334000
363,588.786000,354.182000,14.249000,275.934000
364,794.681000,489.289000,8.769000,371.850000
365,591.236000,364.121000,95.208000,311.393000
366,668.115000,405.202000,10.320000,328.262000
367,830.411000,400.710000,11.010000,323.494000
368,574.526000,330.912000,11.150000,261.224000
369,697.555000,340.881000,6.470000,311.052000
370,638.575000,506.369000,14.600000,423.990000
371,501.638000,253.005000,8.300000,214.245000
372,591.546000,322.792000,8.219000,313.323000
373,503.417000,254.475000,12.070000,215.614000
374,657.565000,426.220000,9.409000,412.350000
375,655.864000,412.391000,14.910000,333.933000
376,580.206000,363.691000,14.630000,287.273000
377,619.035000,463.549000,53.119000,403.121000
378,687.874000,420.130000,48.039000,348.872000
379,690.194000,320.302000,14.590000,266.965000
380,716.923000,331.842000,13.230000,289.443000
381,672.753000,316.823000,9.819000,250.353000
382,568.178000,322.321000,7.760000,264.274000
383,681.273000,378.842000,6.611000,295.113000
384,702.104000,371.451000,7.369000,303.202000
385,606.286000,358.512000,9.490000,296.013000
386,495.828000,377.451000,10.049000,271.914000
387,427.630000,208.996000,31.249000,176.336000
388,610.376000,352.351000,8.991000,324.342000
389,648.305000,376.130000,11.440000,298.824000
390,690.083000,417.890000,21.630000,338.002000
391,679.455000,369.591000,11.960000,320.892000
392,637.955000,345.042000,10.250000,333.191000
393,573.296000,346.952000,8.750000,307.823000
394,585.697000,325.823000,11.369000,266.674000
395,573.466000,298.052000,11.260000,249.385000
396,698.354000,418.640000,9.200000,319.342000
397,663.775000,373.161000,13.980000,310.571000
398,714.614000,398.631000,11.489000,351.361000
399,520.418000,285.503000,9.950000,230.555000
400,713.112000,424.141000,21.859000,385.581000
401,744.032000,397.611000,10.340000,357.532000
402,442.309000,216.454000,15.150000,297.954000
403,652.684000,360.850000,9.629000,300.764000
404,900.308000,427.780000,12.080000,321.793000
405,624.095000,336.271000,10.659000,286.804000
406,703.403000,278.853000,15.860000,249.624000
407,661.365000,364.831000,8.470000,323.092000
408,653.064000,343.832000,5.240000,260.594000
409,727.453000,453.520000,5.910000,374.021000
410,592.506000,470.309000,17.879000,302.552000
411,391.012000,171.606000,8.720000,167.646000
412,622.165000,315.382000,14.420000,283.474000
413,554.977000,276.044000,19.400000,244.415000
414,576.996000,395.791000,14.240000,326.081000
415,487.549000,298.003000,11.300000,221.985000
416,403.691000,171.685000,9.981000,160.787000
417,451.000000,243.815000,6.939000,225.574000
418,573.486000,318.193000,7.991000,269.373000
419,649.715000,299.873000,14.408000,253.565000
420,691.805000,318.301000,17.320000,298.523000
421,572.106000,275.804000,11.950000,287.503000
422,675.434000,360.681000,12.199000,357.921000
423,437.930000,199.106000,11.660000,173.305000
424,538.818000,324.891000,11.579000,285.174000
425,695.833000,334.783000,20.588000,273.374000
426,659.005000,391.061000,13.590000,323.912000
427,550.208000,324.542000,13.770000,332.702000
428,676.905000,328.913000,12.411000,268.412000
429,982.718000,333.702000,18.019000,298.213000
430,815.211000,598.875000,27.540000,536.597000
431,698.524000,384.950000,16.460000,336.802000
432,408.400000,200.816000,7.120000,197.186000
433,886.129000,449.200000,11.410000,322.263000
434,604.007000,328.792000,9.390000,264.304000
435,557.807000,290.864000,9.980000,233.114000
436,657.015000,393.971000,9.730000,332.432000
437,557.727000,328.342000,12.670000,296.792000
438,604.837000,343.681000,17.930000,284.943000
439,664.836000,387.221000,12.240000,307.173000
440,697.524000,545.707000,18.520000,446.309000
441,619.285000,480.289000,14.460000,344.312000
442,657.785000,344.111000,8.990000,331.513000
443,479.808000,235.485000,9.389000,206.765000
444,753.331000,526.888000,14.519000,379.692000
445,553.107000,276.924000,12.740000,290.103000
446,833.620000,319.082000,19.200000,291.632000
447,663.115000,348.052000,8.409000,293.953000
448,609.565000,322.952000,9.050000,288.033000
449,597.876000,341.592000,10.350000,297.464000
450,708.863000,600.116000,17.709000,353.013000
451,624.555000,292.443000,19.499000,279.213000
452,760.141000,235.945000,17.259000,242.294000
453,652.235000,409.881000,9.760000,345.971000
454,483.468000,232.165000,11.290000,209.035000
455,578.136000,309.224000,7.840000,254.085000
456,562.696000,291.182000,6.971000,255.865000
457,741.294000,400.871000,7.660000,361.631000
458,668.115000,387.360000,11.661000,306.082000
459,555.876000,283.044000,12.050000,263.954000
460,666.453000,515.509000,26.347000,454.929000
461,674.055000,395.080000,9.579000,298.783000
462,728.531000,390.520000,14.210000,451.439000
463,487.568000,268.655000,12.209000,260.173000
464,780.931000,429.920000,8.490000,313.172000
465,669.355000,379.690000,10.380000,334.272000
466,691.245000,375.341000,8.279000,352.931000
467,574.357000,212.686000,13.499000,202.915000
468,782.692000,475.179000,11.510000,400.120000
469,636.695000,378.922000,12.520000,327.412000
470,690.864000,550.577000,64.549000,363.771000
471,639.484000,271.942000,35.599000,274.284000
472,696.874000,391.511000,15.429000,351.683000
473,651.475000,400.301000,18.590000,317.212000
474,503.908000,276.523000,17.329000,233.504000
475,463.199000,231.625000,12.740000,212.765000
476,475.338000,254.464000,14.430000,230.265000
477,539.088000,222.815000,16.569000,214.645000
478,585.666000,328.443000,12.070000,275.342000
479,586.507000,266.723000,10.110000,218.094000
480,665.905000,236.374000,17.999000,271.144000
481,701.503000,327.343000,48.798000,331.653000
482,656.625000,336.852000,106.707000,317.493000
483,644.395000,370.821000,8.650000,310.822000
484,660.334000,377.751000,54.479000,306.314000
485,641.275000,397.412000,12.210000,299.602000
486,542.807000,323.233000,47.830000,329.352000
487,520.818000,260.683000,12.339000,233.775000
488,631.445000,354.420000,9.659000,328.153000
489,1125.952000,521.198000,12.280000,349.892000
490,1010.006000,499.537000,24.651000,461.610000
491,470.920000,206.095000,10.960000,211.715000
492,788.791000,288.062000,14.769000,243.714000
493,710.723000,378.571000,14.950000,403.031000
494,575.396000,304.393000,13.140000,254.083000
495,534.808000,300.403000,11.981000,280.664000
496,577.966000,317.272000,12.730000,292.604000
497,644.966000,367.290000,9.400000,317.053000
498,495.810000,260.914000,7.729000,234.235000
499,728.903000,400.219000,8.929000,298.913000
500,757.083000,581.287000,18.659000,535.117000
501,787.561000,486.698000,16.760000,301.714000
502,676.545000,340.692000,14.291000,289.653000
503,566.377000,309.303000,13.410000,259.314000
504,579.626000,335.792000,10.439000,267.324000
505,598.336000,299.513000,8.880000,368.171000
506,565.017000,320.782000,12.809000,267.575000
507,690.483000,397.201000,14.300000,365.091000
508,631.996000,337.872000,13.680000,266.823000
509,585.337000,328.561000,11.560000,320.814000
510,668.074000,294.423000,15.789000,278.333000
511,713.674000,327.663000,17.039000,292.874000
512,628.065000,320.053000,55.569000,306.982000
513,730.943000,436.690000,11.650000,348.403000
514,856.379000,375.363000,17.460000,272.313000
515,619.646000,328.433000,10.470000,281.163000
516,761.342000,419.200000,5.470000,346.192000
517,685.874000,443.229000,13.190000,327.102000
518,580.136000,361.492000,12.100000,272.004000
519,747.402000,357.522000,8.469000,256.844000
520,785.781000,640.435000,22.439000,350.801000
521,680.814000,298.093000,10.920000,275.084000
522,642.085000,332.642000,10.750000,321.282000
523,505.649000,257.834000,43.249000,226.054000
524,511.069000,280.553000,8.720000,251.314000
525,1058.066000,380.211000,9.050000,283.254000
526,739.493000,336.473000,11.460000,286.503000
527,613.905000,307.924000,8.491000,258.895000
528,747.012000,439.660000,9.330000,371.101000
529,822.011000,407.260000,11.850000,311.802000
530,654.044000,515.337000,22.639000,360.081000
531,520.509000,208.355000,11.560000,208.065000
532,536.747000,266.104000,12.050000,240.173000
533,601.116000,317.052000,14.420000,288.224000
534,622.934000,345.782000,54.060000,306.143000
535,489.719000,276.965000,48.659000,254.215000
536,710.013000,391.201000,10.479000,319.672000
537,630.815000,370.281000,11.590000,282.434000
538,535.806000,331.523000,7.360000,263.213000
539,1093.595000,645.635000,8.850000,454.460000
540,754.182000,365.621000,16.909000,350.872000
541,619.516000,286.423000,10.840000,295.924000
542,596.726000,307.014000,9.259000,284.362000
543,742.193000,401.531000,8.690000,365.571000
544,593.476000,321.823000,7.709000,358.213000
545,576.466000,298.463000,6.470000,244.435000
546,651.375000,367.301000,11.770000,293.525000
547,591.976000,264.764000,11.989000,230.105000
548,640.025000,336.353000,12.061000,275.502000
549,681.814000,388.420000,10.880000,357.041000
550,668.894000,408.851000,16.701000,282.784000
551,629.755000,303.434000,8.480000,313.242000
552,611.115000,240.524000,11.859000,224.655000
553,773.162000,392.420000,13.869000,341.843000
554,788.521000,459.739000,13.110000,325.493000
555,718.433000,448.869000,9.960000,325.402000
556,597.277000,309.673000,13.650000,271.504000
557,625.965000,329.392000,56.119000,274.713000
558,716.833000,405.731000,12.619000,328.841000
559,586.348000,317.302000,12.190000,263.604000
560,679.284000,560.036000,19.700000,515.887000
561,825.371000,360.753000,31.508000,365.632000
562,715.223000,364.631000,7.740000,316.483000
563,399.470000,176.876000,7.169000,177.736000
564,437.760000,184.695000,13.140000,181.796000
565,697.085000,414.510000,6.930000,308.862000
566,690.764000,375.391000,10.070000,292.094000
567,606.306000,343.502000,16.619000,285.414000
568,661.454000,349.942000,12.130000,285.993000
569,640.926000,358.272000,10.230000,307.754000
570,589.316000,458.708000,19.859000,242.525000
571,677.834000,303.492000,11.490000,364.222000
572,587.807000,321.512000,12.690000,297.943000
573,529.727000,273.624000,16.179000,244.044000
574,641.865000,369.701000,12.969000,304.131000
575,696.484000,424.600000,12.710000,347.751000
576,728.043000,376.333000,12.628000,279.814000
577,561.177000,287.374000,7.470000,243.565000
578,636.065000,348.201000,7.060000,329.122000
579,433.900000,241.874000,8.600000,288.662000
580,689.224000,533.497000,18.279000,470.789000
581,713.874000,613.236000,17.979000,331.462000
582,534.246000,270.344000,12.491000,239.253000
583,734.813000,403.530000,12.559000,337.612000
584,515.598000,268.172000,9.340000,212.615000
585,596.196000,359.922000,53.869000,333.743000
586,628.815000,364.711000,12.900000,312.772000
587,600.137000,309.342000,8.740000,252.044000
588,644.284000,338.822000,8.490000,288.384000
589,636.975000,298.103000,10.539000,250.074000
590,516.438000,392.441000,16.430000,314.171000
591,722.163000,418.620000,12.650000,301.252000
592,636.275000,327.891000,9.400000,371.091000
593,712.674000,330.343000,17.669000,288.574000
594,624.976000,342.292000,13.429000,269.754000
595,491.298000,278.514000,10.560000,319.203000
596,739.162000,438.760000,13.309000,354.621000
597,629.605000,341.903000,13.269000,270.614000
598,595.946000,337.512000,18.099000,302.183000
599,641.356000,353.121000,12.620000,274.493000
600,628.915000,482.599000,15.620000,395.261000
601,667.004000,315.534000,9.619000,290.672000
602,611.207000,332.151000,10.859000,301.823000
603,655.524000,381.332000,10.748000,305.323000
604,681.215000,406.480000,46.369000,335.702000
605,660.384000,378.021000,7.680000,299.903000
606,385.511000,174.506000,15.349000,191.886000
607,609.745000,310.392000,6.570000,262.524000
608,634.115000,348.192000,9.439000,297.493000
609,661.605000,363.062000,12.990000,296.003000
610,593.937000,281.704000,19.489000,302.063000
611,712.744000,297.782000,13.430000,259.584000
612,579.666000,293.384000,8.890000,276.124000
613,597.327000,338.983000,8.740000,283.033000
614,590.796000,356.571000,10.780000,327.352000
615,498.899000,310.712000,10.039000,275.744000
616,485.118000,302.323000,7.911000,283.953000
617,738.493000,392.441000,9.701000,332.702000
618,621.726000,263.674000,13.229000,214.454000
619,518.728000,266.903000,11.030000,241.355000
620,609.535000,481.459000,18.138000,362.213000
621,706.282000,324.173000,10.850000,303.833000
622,640.325000,338.031000,14.160000,332.073000
623,606.996000,336.892000,9.970000,306.682000
624,669.204000,393.391000,14.300000,334.703000
625,590.666000,389.391000,8.040000,250.483000
626,606.945000,328.373000,7.399000,288.003000
627,620.206000,316.992000,9.900000,253.724000
628,544.866000,322.633000,9.539000,259.813000
629,628.356000,353.912000,8.900000,278.803000
630,706.653000,486.279000,18.820000,383.551000
631,498.127000,380.931000,12.939000,337.123000
632,601.567000,372.031000,9.731000,284.093000
633,553.417000,314.952000,9.430000,273.954000
634,597.406000,337.013000,10.419000,287.405000
635,817.460000,475.399000,12.070000,354.371000
636,580.087000,299.994000,7.960000,272.384000
637,542.507000,239.295000,12.400000,213.395000
638,777.411000,374.931000,19.010000,370.751000
639,572.206000,262.094000,10.560000,230.414000
640,560.386000,239.645000,14.590000,258.674000
641,694.753000,339.642000,10.280000,372.681000
642,502.338000,225.334000,47.819000,233.195000
643,625.595000,329.822000,14.570000,286.533000
644,585.586000,347.462000,15.229000,274.114000
645,519.448000,326.002000,10.950000,273.613000
646,613.406000,358.351000,15.990000,360.901000
647,647.025000,354.692000,20.239000,317.552000
648,529.778000,236.934000,8.220000,199.515000
649,679.504000,393.751000,9.520000,312.583000
650,721.291000,556.878000,16.510000,361.841000
651,632.416000,291.013000,10.240000,270.144000
652,518.467000,262.105000,12.829000,230.984000
653,523.578000,304.693000,9.270000,286.003000
654,605.626000,301.253000,12.480000,250.555000
655,559.136000,323.332000,10.499000,259.844000
656,640.755000,374.361000,11.110000,300.753000
657,514.938000,270.703000,12.919000,236.134000
658,367.012000,220.565000,9.519000,208.045000
659,733.772000,411.011000,9.381000,314.953000
660,950.968000,365.221000,11.609000,228.615000
661,734.422000,425.110000,10.289000,372.021000
662,442.419000,232.194000,10.470000,207.586000
663,475.989000,250.213000,10.280000,217.585000
664,762.434000,499.327000,9.810000,350.151000
665,768.373000,439.499000,39.719000,344.842000
666,507.807000,255.964000,7.700000,232.155000
667,680.773000,357.813000,6.900000,266.163000
668,665.425000,365.391000,11.610000,293.843000
669,426.081000,196.346000,14.399000,199.936000
670,732.272000,550.318000,18.800000,301.533000
671,522.718000,252.004000,10.760000,234.175000
672,711.824000,344.772000,9.590000,277.993000
673,606.966000,345.631000,11.990000,309.723000
674,635.935000,316.792000,13.379000,264.434000
675,603.597000,339.102000,11.270000,296.282000
676,590.886000,333.642000,11.920000,280.283000
677,655.743000,360.072000,9.960000,306.371000
678,618.395000,319.072000,10.040000,274.004000
679,451.630000,277.543000,9.520000,274.324000
680,682.024000,504.639000,21.309000,451.250000
681,493.559000,221.926000,14.630000,211.635000
682,622.016000,328.451000,15.809000,308.373000
683,589.395000,327.352000,12.250000,277.204000
684,596.096000,357.402000,9.850000,342.291000
685,609.195000,303.013000,14.250000,252.314000
686,650.105000,354.413000,7.959000,293.563000
687,597.656000,307.803000,7.900000,331.811000
688,608.837000,272.824000,11.540000,230.234000
689,568.646000,238.974000,9.471000,205.905000
690,647.154000,348.331000,18.120000,290.423000
691,663.833000,312.263000,10.700000,296.802000
692,680.144000,366.231000,91.298000,456.290000
693,686.972000,376.201000,14.880000,318.964000
694,606.626000,292.423000,18.410000,252.055000
695,511.848000,280.943000,13.179000,249.904000
696,764.212000,402.950000,7.940000,287.373000
697,716.433000,344.642000,8.480000,310.722000
698,509.968000,259.774000,7.750000,293.282000
699,678.735000,373.341000,5.770000,301.954000
700,761.912000,330.181000,20.019000,320.402000
701,708.354000,324.122000,10.399000,310.244000
702,689.403000,354.592000,11.410000,296.382000
703,611.477000,323.712000,10.760000,280.344000
704,631.785000,364.941000,10.680000,287.013000
705,463.038000,208.165000,14.830000,207.355000
706,760.423000,448.400000,13.999000,344.753000
707,554.697000,295.284000,10.279000,260.233000
708,464.290000,223.244000,7.781000,204.786000
709,655.525000,342.591000,8.180000,263.834000
710,614.195000,495.458000,15.179000,336.561000
711,702.833000,461.818000,9.791000,307.522000
712,695.264000,327.892000,12.510000,276.524000
713,756.523000,372.481000,6.210000,332.063000
714,740.492000,428.770000,14.439000,366.401000
715,864.180000,389.370000,20.530000,318.822000
716,590.947000,322.362000,11.879000,279.933000
717,599.296000,359.592000,9.530000,304.903000
718,389.192000,187.946000,11.430000,187.235000
719,519.538000,261.665000,12.259000,230.484000
720,733.372000,606.286000,17.780000,355.220000
721,606.806000,300.053000,11.870000,252.034000
722,661.835000,338.872000,10.300000,310.322000
723,639.175000,376.721000,8.280000,287.204000
724,642.014000,378.221000,7.910000,278.554000
725,570.507000,294.303000,8.949000,267.263000
726,713.633000,396.760000,9.250000,355.222000
727,618.616000,333.482000,11.649000,277.694000
728,572.716000,336.352000,12.909000,268.244000
729,589.956000,323.882000,16.279000,270.604000
730,853.270000,294.772000,27.320000,314.703000
731,537.657000,259.364000,11.050000,255.724000
732,591.586000,216.775000,10.120000,209.955000
733,746.191000,340.451000,11.339000,292.204000
734,909.088000,434.441000,14.060000,384.420000
735,858.940000,286.164000,13.920000,252.013000
736,665.714000,372.191000,11.219000,302.633000
737,654.793000,362.602000,15.179000,296.163000
738,624.045000,350.301000,13.421000,327.213000
739,593.036000,350.921000,10.360000,284.354000
740,581.406000,256.574000,21.050000,288.992000
741,797.432000,399.311000,10.860000,424.069000
742,505.798000,230.395000,11.360000,212.136000
743,554.657000,353.892000,8.489000,297.104000
744,709.642000,485.478000,11.500000,340.291000
745,452.450000,230.244000,9.019000,200.576000
746,498.848000,271.104000,9.150000,238.694000
747,732.733000,439.399000,11.021000,340.092000
748,428.810000,229.045000,7.520000,215.995000
749,441.069000,237.215000,6.231000,206.466000
750,621.685000,285.843000,16.490000,271.684000
751,600.485000,276.523000,95.398000,299.923000
752,504.348000,233.045000,15.660000,236.634000
753,725.263000,368.111000,13.569000,350.183000
754,744.242000,465.469000,11.270000,345.852000
755,725.093000,442.040000,11.420000,333.692000
756,561.666000,310.133000,12.590000,257.253000
757,746.873000,427.170000,13.610000,340.581000
758,741.321000,445.799000,51.259000,320.721000
759,743.213000,390.031000,6.950000,346.671000
760,734.274000,558.897000,17.729000,507.648000
761,604.666000,350.100000,10.580000,309.793000
762,576.237000,363.022000,10.180000,311.653000
763,718.374000,466.159000,7.070000,313.432000
764,875.370000,669.385000,9.439000,481.759000
765,633.955000,335.282000,8.579000,257.004000
766,596.956000,362.722000,15.970000,295.873000
767,527.987000,315.164000,11.720000,281.752000
768,571.207000,350.981000,10.780000,308.642000
769,368.701000,177.347000,9.669000,168.937000
770,716.994000,571.646000,13.049000,518.207000
771,739.183000,401.120000,13.000000,321.852000
772,675.355000,402.591000,15.529000,315.343000
773,522.937000,290.523000,16.010000,246.154000
774,486.279000,267.913000,9.320000,226.824000
775,749.463000,444.838000,11.280000,417.921000
776,720.454000,428.560000,12.230000,369.351000
777,624.215000,368.551000,10.880000,374.051000
778,587.167000,326.142000,8.800000,279.364000
779,635.344000,353.783000,9.580000,328.602000
780,478.540000,370.131000,20.049000,321.112000
781,833.131000,470.809000,12.340000,340.632000
782,555.618000,261.103000,21.570000,253.674000
783,811.141000,341.032000,12.539000,251.765000
784,656.804000,370.941000,11.620000,299.244000
785,581.066000,252.115000,10.420000,214.895000
786,631.706000,352.881000,10.260000,301.341000
787,743.753000,406.520000,9.220000,312.942000
788,586.066000,330.523000,10.650000,284.534000
789,661.805000,377.821000,12.240000,296.784000
790,662.394000,531.488000,20.760000,370.471000
791,674.355000,367.031000,13.200000,360.061000
792,540.617000,317.043000,10.350000,281.904000
793,787.101000,498.658000,10.249000,381.720000
794,713.604000,341.851000,11.829000,259.315000
795,558.046000,285.674000,7.299000,256.073000
796,519.429000,253.824000,6.050000,244.574000
797,535.718000,279.513000,7.330000,224.975000
798,662.315000,368.302000,13.349000,304.424000
799,580.156000,370.221000,10.940000,290.544000
800,516.838000,413.531000,19.839000,369.443000
801,538.907000,427.060000,13.080000,378.210000
802,619.545000,505.968000,12.020000,421.489000
803,427.101000,221.565000,14.820000,203.285000
804,581.966000,371.923000,12.219000,278.134000
805,704.984000,432.969000,13.810000,345.823000
806,687.424000,392.001000,12.100000,312.053000
807,519.437000,244.905000,13.460000,210.475000
808,382.571000,196.345000,14.400000,194.216000
809,726.354000,453.980000,9.330000,346.602000
810,603.345000,462.449000,14.910000,390.480000
811,531.447000,365.181000,11.780000,266.424000
812,579.027000,348.571000,13.010000,286.913000
813,537.308000,285.162000,16.600000,248.645000
814,667.514000,413.790000,75.858000,335.902000
815,551.288000,314.663000,15.139000,263.884000
816,597.566000,346.613000,8.749000,285.854000
817,463.039000,235.805000,8.560000,200.306000
818,702.323000,425.201000,8.950000,354.012000
819,877.529000,393.472000,14.180000,324.642000
820,480.119000,335.562000,21.739000,260.275000
821,626.665000,346.941000,9.059000,296.342000
822,679.225000,382.721000,13.390000,306.073000
823,657.473000,402.030000,11.259000,449.430000
824,680.274000,432.070000,10.251000,416.499000
825,632.915000,358.691000,9.920000,265.655000
826,568.577000,289.583000,11.739000,222.455000
827,609.005000,374.732000,46.578000,301.774000
828,745.553000,425.230000,10.150000,316.193000
829,503.368000,317.003000,13.730000,267.263000
830,638.155000,520.657000,21.860000,342.942000
831,577.606000,319.423000,13.290000,266.042000
832,698.544000,431.089000,11.630000,359.972000
833,547.666000,351.872000,9.181000,337.112000
834,705.644000,358.701000,11.000000,290.741000
835,453.979000,233.825000,8.090000,205.755000
836,701.214000,401.251000,9.200000,298.792000
837,591.735000,319.224000,12.649000,383.871000
838,527.167000,306.052000,12.139000,256.824000
839,635.265000,386.052000,11.351000,314.043000
840,639.226000,511.416000,20.420000,413.731000
841,742.232000,579.947000,12.309000,487.039000
842,723.664000,477.028000,12.540000,349.252000
843,714.113000,382.901000,16.020000,299.244000
844,598.537000,382.871000,9.089000,320.462000
845,514.069000,215.024000,12.179000,194.525000
846,345.621000,160.276000,9.950000,167.846000
847,540.068000,330.972000,9.240000,284.473000
848,624.283000,369.863000,11.430000,300.283000
849,616.646000,357.681000,17.409000,271.694000
850,714.324000,522.717000,24.929000,381.640000
851,720.984000,387.881000,10.570000,324.422000
852,686.504000,406.190000,10.390000,327.942000
853,488.629000,257.033000,18.879000,245.594000
854,434.900000,233.015000,9.491000,203.405000
855,912.707000,390.581000,11.860000,283.423000
856,439.149000,227.315000,7.540000,257.624000
857,595.527000,340.812000,7.280000,272.214000
858,415.500000,203.325000,7.220000,181.015000
859,467.829000,233.434000,11.410000,196.214000
860,747.623000,408.190000,17.550000,323.662000
861,695.474000,385.620000,14.130000,331.403000
862,586.057000,300.992000,11.770000,260.624000
863,529.027000,316.254000,13.210000,259.944000
864,581.956000,324.022000,17.300000,278.025000
865,631.906000,369.212000,9.670000,294.573000
866,471.690000,261.564000,32.369000,211.064000
867,754.442000,380.972000,7.819000,293.142000
868,454.940000,253.754000,7.099000,232.524000
869,851.070000,471.238000,14.119000,356.223000
870,721.742000,395.672000,18.379000,311.973000
871,679.824000,355.050000,15.621000,289.924000
872,530.417000,298.573000,11.390000,238.663000
873,801.252000,366.721000,14.600000,332.902000
874,689.704000,405.321000,11.340000,291.873000
875,638.376000,397.091000,10.220000,303.083000
876,610.475000,347.712000,6.870000,338.872000
877,645.675000,376.502000,13.901000,329.013000
878,536.547000,318.682000,15.070000,287.384000
879,511.078000,285.104000,49.039000,250.394000
880,811.571000,511.278000,18.680000,334.512000
881,861.150000,498.328000,12.020000,370.422000
882,640.544000,394.241000,11.980000,317.083000
883,659.744000,391.671000,49.859000,350.391000
884,656.655000,425.319000,10.590000,313.363000
885,464.809000,220.306000,24.469000,213.955000
886,564.507000,391.601000,10.190000,323.293000
887,501.198000,279.534000,12.369000,229.645000
888,649.515000,358.983000,16.088000,299.763000
889,761.673000,457.350000,76.609000,350.722000
890,723.373000,603.356000,17.680000,448.419000
891,584.857000,320.602000,19.079000,293.474000
892,886.229000,481.099000,10.959000,362.642000
893,609.235000,348.262000,55.649000,297.153000
894,570.096000,330.561000,11.419000,284.314000
895,656.486000,369.321000,8.080000,283.033000
896,614.296000,355.453000,8.120000,318.102000
897,614.516000,340.332000,8.290000,281.064000
898,924.869000,387.162000,21.029000,313.033000
899,558.247000,330.643000,12.830000,271.144000
900,639.436000,493.677000,25.069000,389.481000
901,624.465000,368.232000,11.310000,326.283000
902,638.745000,371.001000,10.370000,328.732000
903,698.605000,387.151000,13.820000,336.122000
904,773.283000,439.659000,11.470000,333.433000
905,784.842000,423.170000,11.090000,294.113000
906,475.418000,261.264000,17.389000,219.635000
907,595.046000,297.023000,8.339000,254.804000
908,717.683000,423.150000,11.850000,315.543000
909,576.377000,263.253000,12.950000,235.174000
910,570.647000,467.059000,19.068000,468.999000
911,541.267000,319.713000,16.870000,288.573000
912,744.173000,392.561000,13.989000,328.252000
913,565.557000,263.134000,11.430000,210.655000
914,661.715000,430.790000,9.199000,391.291000
915,714.724000,421.520000,9.470000,332.712000
916,1328.348000,354.222000,22.480000,261.783000
917,614.325000,354.882000,10.699000,303.382000
918,833.320000,432.760000,15.390000,332.822000
919,685.644000,311.082000,8.080000,263.124000
920,612.466000,466.530000,14.200000,438.021000
921,877.259000,759.193000,14.320000,539.467000
922,742.343000,375.362000,21.909000,308.842000
923,578.986000,317.253000,11.719000,265.873000
924,756.153000,515.457000,11.331000,397.521000
925,583.646000,327.353000,10.070000,261.884000
926,724.723000,429.910000,10.230000,313.802000
927,481.809000,271.654000,10.280000,250.684000
928,515.428000,264.493000,8.620000,234.305000
929,847.609000,381.002000,17.379000,354.971000
930,740.943000,736.343000,17.309000,641.584000
931,832.930000,567.278000,18.688000,512.859000
932,513.498000,323.273000,14.149000,245.514000
933,675.953000,428.181000,11.360000,347.463000
934,540.847000,305.433000,8.700000,281.563000
935,646.165000,392.491000,7.880000,329.283000
936,694.533000,398.960000,12.419000,318.373000
937,626.995000,384.100000,17.060000,334.982000
938,688.544000,420.090000,102.877000,402.641000
939,670.725000,392.801000,9.320000,310.651000
940,585.986000,476.698000,14.510000,402.721000
941,712.754000,420.920000,10.500000,338.511000
942,705.823000,395.221000,8.959000,312.534000
943,663.975000,368.352000,10.820000,309.793000
944,601.555000,373.631000,13.141000,309.993000
945,621.215000,377.333000,12.769000,299.503000
946,577.246000,328.053000,12.530000,258.323000
947,634.295000,382.761000,43.719000,319.203000
948,641.004000,395.602000,10.039000,327.093000
949,490.009000,299.443000,11.769000,253.194000
950,729.753000,623.945000,20.569000,502.788000
951,496.128000,386.011000,13.449000,262.365000
952,422.329000,243.844000,10.220000,202.085000
953,673.853000,427.920000,8.900000,334.192000
954,653.954000,370.301000,10.500000,305.634000
955,766.491000,464.039000,11.820000,343.592000
956,659.825000,301.733000,16.960000,248.173000
957,730.983000,400.682000,10.949000,319.292000
958,628.665000,361.172000,11.870000,277.643000
959,535.528000,262.493000,13.800000,223.625000
960,724.803000,620.176000,17.350000,463.838000
961,824.062000,453.348000,12.110000,386.730000
962,529.959000,256.103000,47.899000,231.445000
963,682.394000,377.180000,9.141000,372.751000
964,551.527000,330.642000,13.390000,279.083000
965,665.943000,345.313000,10.449000,286.193000
966,580.306000,252.934000,18.169000,204.795000
967,629.885000,346.782000,9.080000,304.213000
968,764.092000,373.991000,11.810000,307.153000
969,639.764000,343.353000,12.400000,294.973000
970,742.363000,336.933000,15.819000,331.942000
971,688.734000,331.652000,13.370000,307.443000
972,616.475000,365.121000,12.619000,283.813000
973,575.497000,325.172000,11.050000,291.744000
974,518.778000,274.853000,10.659000,258.183000
975,646.553000,383.502000,9.420000,322.162000
976,712.513000,394.251000,13.168000,339.873000
977,704.803000,374.002000,10.509000,357.992000
978,755.342000,285.913000,14.690000,230.974000
979,678.784000,375.411000,9.350000,321.343000
980,803.272000,517.849000,17.860000,390.750000
981,577.996000,312.074000,11.359000,269.164000
982,568.247000,354.092000,12.590000,304.713000
983,603.876000,329.673000,17.679000,273.373000
984,513.888000,319.973000,12.049000,264.514000
985,1177.912000,401.681000,24.369000,300.784000
986,550.359000,318.502000,14.850000,313.533000
987,731.843000,437.270000,12.239000,331.751000
988,681.824000,368.831000,11.639000,353.131000
989,776.602000,410.310000,12.200000,348.701000
990,580.466000,308.842000,21.520000,252.544000
991,469.009000,220.355000,12.209000,202.445000
992,746.092000,282.054000,15.559000,255.303000
993,564.647000,298.843000,12.051000,316.091000
994,720.174000,457.899000,10.369000,363.741000
995,740.943000,422.719000,9.110000,318.582000
996,471.898000,236.896000,15.409000,198.136000
997,714.063000,406.031000,16.319000,339.602000
998,585.366000,337.973000,14.669000,289.442000
999,537.168000,303.453000,2584.030000,807.701000
1000,750.994000,385.760000,52.649000,391.861000
1001,466.789000,229.215000,13.628000,208.704000
1002,543.858000,317.822000,12.030000,248.654000
1003,828.301000,400.241000,13.320000,303.952000
1004,626.345000,328.913000,10.989000,284.652000
1005,655.425000,359.841000,7.800000,300.843000
1006,597.076000,347.642000,43.689000,314.592000
1007,699.274000,351.331000,6.701000,422.969000
1008,551.307000,319.153000,7.649000,277.733000
1009,528.238000,265.194000,12.600000,234.674000
1010,485.029000,196.106000,14.650000,191.945000
1011,601.116000,326.293000,53.728000,318.543000
1012,646.625000,379.681000,11.840000,319.902000
1013,601.527000,389.771000,18.010000,300.002000
1014,598.006000,337.253000,14.021000,268.053000
1015,663.385000,356.441000,10.360000,264.784000
1016,785.321000,470.949000,11.530000,338.872000
1017,546.907000,318.143000,12.139000,263.264000
1018,648.515000,370.211000,10.620000,276.975000
1019,761.942000,435.700000,9.149000,357.541000
1020,710.304000,345.511000,11.800000,299.803000
1021,468.630000,224.555000,7.520000,215.675000
1022,757.942000,393.491000,11.950000,424.550000
1023,674.834000,413.971000,83.138000,329.493000
1024,616.115000,354.812000,8.860000,298.234000
1025,423.531000,221.313000,8.200000,205.505000
1026,1047.286000,392.011000,15.610000,321.332000
1027,654.814000,353.072000,8.030000,307.803000
1028,942.858000,394.800000,12.880000,340.411000
1029,624.875000,331.192000,8.429000,294.541000
1030,818.601000,357.282000,15.310000,379.151000
1031,704.404000,341.792000,10.379000,341.232000
1032,577.518000,275.313000,11.750000,375.431000
1033,551.337000,304.623000,9.769000,258.474000
1034,598.806000,336.601000,13.960000,299.044000
1035,748.852000,394.261000,14.430000,315.913000
1036,582.096000,312.352000,16.590000,266.384000
1037,448.799000,271.844000,14.830000,265.034000
1038,504.509000,316.472000,10.850000,291.203000
1039,492.038000,206.265000,7.690000,179.717000
1040,568.387000,254.104000,13.950000,272.113000
1041,458.100000,169.146000,14.171000,184.775000
1042,583.376000,267.774000,6.820000,254.594000
1043,536.697000,263.024000,6.869000,230.564000
1044,608.605000,324.743000,8.099000,284.864000
1045,603.666000,329.213000,11.249000,268.014000
1046,658.604000,369.881000,7.960000,303.222000
1047,450.129000,231.745000,9.049000,215.885000
1048,648.834000,391.240000,48.890000,319.072000
1049,579.806000,334.853000,12.319000,273.494000
1050,687.904000,527.717000,13.990000,463.849000
1051,481.739000,251.364000,7.950000,208.226000
1052,396.911000,235.464000,9.010000,228.785000
1053,638.465000,362.791000,8.430000,273.874000
1054,469.469000,252.193000,10.010000,222.985000
1055,669.445000,398.520000,50.770000,307.272000
1056,695.214000,382.382000,10.061000,293.983000
1057,595.137000,310.233000,11.971000,274.853000
1058,647.805000,370.163000,10.000000,310.752000
1059,619.395000,379.280000,12.331000,304.542000
1060,628.585000,503.067000,23.029000,463.698000
1061,675.094000,610.426000,13.461000,402.091000
1062,531.617000,293.434000,10.040000,264.982000
1063,643.705000,309.043000,10.449000,268.793000
1064,685.885000,464.820000,6.700000,379.450000
1065,503.328000,204.725000,17.580000,193.556000
1066,579.787000,308.163000,8.630000,269.633000
1067,697.814000,417.990000,9.430000,336.982000
1068,710.034000,413.411000,10.270000,412.161000
1069,597.956000,297.304000,17.069000,272.492000
1070,613.105000,501.139000,21.030000,446.359000
1071,641.856000,525.919000,12.449000,328.422000
1072,684.295000,405.061000,9.229000,325.162000
1073,477.519000,250.713000,11.260000,226.945000
1074,567.468000,325.142000,19.420000,275.523000
1075,777.771000,422.921000,12.049000,323.533000
1076,756.074000,398.630000,8.570000,322.742000
1077,463.110000,256.084000,8.510000,222.805000
1078,730.342000,307.032000,12.000000,244.254000
1079,576.386000,321.184000,13.640000,272.953000
1080,745.822000,324.253000,18.000000,300.782000
1081,581.366000,278.584000,11.560000,260.234000
1082,557.156000,280.994000,13.209000,288.294000
1083,748.512000,449.330000,12.630000,315.143000
1084,623.676000,333.212000,11.710000,291.474000
1085,630.356000,342.491000,9.690000,276.644000
1086,908.618000,552.327000,50.318000,410.379000
1087,684.444000,268.454000,7.400000,221.595000
1088,526.517000,199.335000,15.530000,188.575000
1089,633.975000,350.512000,8.589000,314.203000
1090,700.423000,338.712000,20.229000,346.973000
1091,655.415000,378.301000,16.620000,426.240000
1092,670.993000,353.963000,13.239000,346.272000
1093,632.575000,398.850000,11.680000,301.034000
1094,382.021000,166.426000,11.901000,174.715000
1095,662.535000,404.831000,51.189000,334.482000
1096,539.177000,293.434000,17.680000,305.412000
1097,709.504000,415.630000,34.770000,356.761000
1098,601.576000,321.832000,43.979000,353.051000
1099,598.416000,300.844000,5.769000,304.983000
1100,751.552000,328.323000,12.740000,338.002000
1101,589.875000,272.234000,11.249000,260.033000
1102,639.755000,318.203000,7.291000,344.342000
1103,611.766000,310.522000,11.240000,271.513000
1104,678.314000,382.351000,9.390000,309.762000
1105,591.967000,332.513000,9.989000,301.342000
1106,506.068000,252.384000,15.310000,236.833000
1107,575.008000,359.591000,9.420000,270.163000
1108,747.673000,427.050000,9.599000,334.491000
1109,446.199000,212.675000,50.348000,193.147000
1110,575.646000,268.484000,21.299000,264.343000
1111,627.255000,273.984000,9.520000,270.302000
1112,652.095000,266.874000,11.560000,253.864000
1113,607.285000,407.630000,13.110000,355.462000
1114,981.667000,342.572000,19.469000,267.063000
1115,783.762000,462.839000,11.810000,423.900000
1116,770.312000,451.529000,13.330000,343.741000
1117,465.029000,212.055000,11.409000,205.645000
1118,676.934000,299.492000,12.760000,264.325000
1119,577.576000,353.001000,10.700000,299.714000
1120,561.126000,416.420000,20.389000,363.331000
1121,654.855000,473.568000,14.439000,299.064000
1122,837.990000,377.400000,52.319000,327.302000
1123,758.843000,405.990000,14.770000,341.921000
1124,601.656000,323.534000,8.811000,274.053000
1125,757.693000,325.282000,46.589000,270.593000
1126,430.620000,197.965000,5.770000,178.366000
1127,764.213000,438.159000,10.709000,336.523000
1128,631.486000,327.112000,7.270000,269.744000
1129,659.555000,366.741000,10.239000,298.303000
1130,874.549000,660.585000,25.649000,464.249000
1131,686.155000,340.212000,14.130000,398.791000
1132,569.617000,315.384000,10.160000,357.971000
1133,666.364000,378.482000,12.070000,279.023000
1134,630.346000,342.502000,10.209000,288.193000
1135,463.879000,264.665000,9.670000,231.044000
1136,826.041000,416.410000,7.780000,423.470000
1137,709.643000,382.612000,8.750000,419.661000
1138,624.176000,278.914000,15.328000,265.554000
1139,661.045000,324.822000,6.400000,260.705000
1140,842.670000,583.326000,15.070000,334.602000
1141,669.335000,322.563000,12.490000,294.004000
1142,622.145000,320.952000,11.980000,278.933000
1143,731.152000,410.001000,11.670000,399.780000
1144,569.218000,310.563000,11.470000,279.163000
1145,661.814000,382.072000,9.890000,318.762000
1146,528.198000,281.314000,13.350000,251.194000
1147,505.487000,247.595000,47.239000,214.865000
1148,603.545000,319.541000,8.900000,274.804000
1149,734.823000,366.332000,10.520000,419.369000
1150,724.644000,315.772000,11.960000,306.964000
1151,694.743000,319.113000,9.740000,316.572000
1152,633.715000,346.401000,10.470000,281.694000
1153,641.225000,360.491000,9.230000,297.763000
1154,660.675000,386.681000,8.300000,303.193000
1155,512.797000,293.224000,28.930000,267.504000
1156,673.093000,449.080000,10.230000,381.541000
1157,535.428000,275.443000,9.210000,234.735000
1158,628.505000,377.850000,10.649000,316.233000
1159,610.336000,338.641000,79.028000,330.892000
1160,654.725000,542.077000,15.530000,283.643000
1161,688.815000,329.571000,11.480000,326.142000
1162,488.359000,252.904000,8.770000,251.704000
1163,1048.144000,370.492000,16.990000,296.212000
1164,619.066000,401.190000,11.079000,312.454000
1165,674.073000,305.964000,8.129000,264.644000
1166,690.474000,354.762000,49.759000,314.652000
1167,721.793000,397.900000,11.690000,336.651000
1168,670.474000,380.741000,11.640000,355.871000
1169,575.557000,358.301000,7.740000,296.852000
1170,547.428000,225.495000,15.549000,280.332000
1171,727.243000,364.572000,19.330000,330.981000
1172,748.943000,338.253000,15.969000,333.093000
1173,811.951000,379.202000,14.129000,309.923000
1174,644.126000,370.762000,7.760000,318.563000
1175,557.106000,301.763000,7.830000,281.764000
1176,625.375000,387.441000,11.730000,296.603000
1177,567.107000,311.423000,14.850000,257.735000
1178,609.355000,348.152000,10.990000,289.173000
1179,542.427000,261.614000,9.800000,226.065000
1180,570.518000,270.743000,16.600000,264.485000
1181,517.847000,264.065000,17.670000,259.674000
1182,549.136000,268.183000,7.639000,243.295000
1183,762.292000,373.521000,12.050000,347.262000
1184,754.303000,437.680000,49.189000,337.253000
1185,546.346000,310.894000,10.258000,293.444000
1186,644.556000,319.142000,13.850000,256.434000
1187,631.505000,346.981000,6.700000,268.624000
1188,560.477000,328.213000,9.688000,301.173000
1189,717.792000,381.453000,10.070000,317.082000
1190,619.546000,399.481000,14.549000,250.525000
1191,689.554000,323.152000,11.130000,381.521000
1192,523.877000,271.154000,10.689000,257.644000
1193,649.385000,361.761000,42.009000,328.762000
1194,565.047000,349.902000,11.240000,318.602000
1195,709.134000,395.381000,49.988000,331.303000
1196,399.410000,191.665000,9.990000,177.106000
1197,489.978000,199.586000,7.309000,179.367000
1198,611.655000,338.491000,5.640000,312.342000
1199,615.027000,353.752000,7.880000,353.161000
1200,575.657000,433.100000,14.480000,365.221000
1201,634.285000,487.810000,12.130000,290.962000
1202,684.855000,319.651000,11.259000,296.854000
1203,637.645000,532.977000,14.550000,351.941000
1204,597.406000,383.592000,15.319000,313.683000
1205,479.669000,243.155000,43.728000,217.685000
1206,642.444000,363.482000,44.538000,315.333000
1207,663.294000,335.033000,7.890000,287.513000
1208,577.757000,323.232000,12.159000,292.733000
1209,878.730000,323.003000,13.579000,272.124000
1210,718.323000,311.233000,20.149000,308.152000
1211,809.130000,542.988000,11.859000,367.802000
1212,605.116000,277.164000,11.680000,236.494000
1213,752.233000,289.383000,15.800000,264.983000
1214,685.495000,391.261000,12.969000,305.472000
1215,703.854000,377.861000,11.040000,310.422000
1216,670.935000,371.662000,9.360000,341.771000
1217,621.385000,371.623000,11.549000,303.642000
1218,673.084000,441.869000,8.830000,341.632000
1219,762.342000,414.420000,8.100000,323.293000
1220,534.916000,277.384000,23.130000,256.234000
1221,635.235000,243.644000,8.930000,229.124000
1222,528.817000,231.295000,11.029000,225.845000
1223,634.695000,319.651000,7.800000,285.704000
1224,696.004000,369.720000,8.139000,299.403000
1225,797.651000,398.351000,11.540000,381.561000
1226,689.324000,375.861000,9.760000,301.003000
1227,679.244000,356.151000,6.609000,341.564000
1228,573.297000,312.842000,10.120000,254.855000
1229,588.466000,294.933000,13.939000,263.613000
1230,496.318000,277.274000,17.029000,249.565000
1231,761.002000,448.209000,10.810000,345.901000
1232,684.743000,593.787000,10.200000,441.049000
1233,302.454000,139.646000,12.710000,152.076000
1234,917.549000,380.841000,16.329000,299.533000
1235,569.157000,329.662000,11.730000,307.503000
1236,913.228000,394.211000,16.160000,387.260000
1237,567.846000,243.825000,9.240000,216.395000
1238,673.814000,416.470000,8.470000,357.991000
1239,592.146000,357.613000,8.470000,281.422000
1240,681.875000,569.166000,14.650000,420.170000
1241,720.652000,409.360000,18.699000,324.374000
1242,503.307000,274.264000,14.420000,230.934000
1243,676.264000,398.520000,9.830000,317.682000
1244,503.639000,258.614000,21.479000,223.845000
1245,672.104000,390.350000,10.700000,312.693000
1246,621.065000,298.272000,5.530000,244.974000
1247,520.197000,269.135000,7.329000,232.275000
1248,607.096000,323.792000,10.069000,264.505000
1249,618.585000,335.632000,7.391000,286.883000
1250,695.673000,567.087000,21.848000,516.908000
1251,624.226000,363.271000,17.240000,444.030000
1252,679.005000,403.191000,11.581000,348.851000
1253,560.297000,332.143000,14.140000,266.133000
1254,551.588000,347.351000,16.920000,276.932000
1255,438.281000,341.402000,11.880000,267.933000
1256,605.275000,358.673000,13.938000,320.793000
1257,535.437000,352.393000,17.008000,308.353000
1258,862.119000,350.201000,14.640000,266.644000
1259,731.822000,416.060000,11.850000,317.733000
1260,600.405000,461.889000,15.890000,321.822000
1261,651.085000,318.273000,15.970000,329.542000
1262,826.310000,459.020000,14.189000,408.991000
1263,519.257000,276.594000,9.879000,258.093000
1264,533.888000,298.992000,8.259000,255.005000
1265,603.106000,285.854000,9.461000,223.776000
1266,708.864000,385.171000,9.860000,336.273000
1267,632.296000,349.421000,9.490000,304.483000
1268,532.858000,274.234000,35.819000,225.415000
1269,744.863000,431.070000,50.748000,376.232000
1270,690.565000,468.099000,14.890000,320.912000
1271,697.554000,410.700000,13.330000,325.291000
1272,664.475000,401.840000,11.181000,299.124000
1273,727.503000,401.040000,13.261000,377.401000
1274,801.391000,472.319000,7.860000,469.009000
1275,636.574000,353.833000,8.160000,331.512000
1276,701.774000,425.950000,10.520000,356.862000
1277,556.087000,360.871000,12.470000,320.543000
1278,670.543000,413.750000,13.460000,325.853000
1279,641.095000,375.641000,11.119000,323.501000
1280,587.846000,418.320000,24.689000,389.190000
1281,728.643000,541.168000,10.670000,373.000000
1282,682.873000,375.072000,50.459000,325.044000
1283,559.877000,347.431000,8.629000,262.543000
1284,595.437000,349.282000,8.170000,266.114000
1285,571.516000,350.183000,7.651000,309.042000
1286,546.277000,293.153000,9.870000,246.605000
1287,599.126000,342.213000,6.891000,309.704000
1288,764.952000,404.810000,11.691000,313.732000
1289,752.241000,376.041000,13.510000,311.004000
1290,674.743000,595.876000,59.548000,406.501000
1291,721.924000,340.401000,17.260000,284.753000
1292,517.579000,284.093000,11.159000,278.573000
1293,601.926000,369.281000,10.430000,270.543000
1294,517.298000,307.362000,8.460000,323.381000
1295,721.044000,448.630000,6.461000,359.702000
1296,698.483000,427.061000,6.140000,320.142000
1297,725.234000,470.278000,9.439000,432.720000
1298,1046.786000,331.392000,20.109000,280.104000
1299,670.304000,383.991000,8.920000,305.042000
1300,868.289000,521.358000,16.339000,462.070000
1301,767.411000,598.706000,19.740000,483.219000
1302,657.054000,413.810000,10.579000,330.842000
1303,495.407000,293.204000,10.980000,239.934000
1304,669.753000,442.970000,12.170000,313.903000
1305,498.618000,322.403000,15.289000,275.622000
1306,602.926000,369.001000,19.209000,323.023000
1307,479.218000,246.855000,8.890000,204.915000
1308,585.967000,346.863000,8.819000,299.422000
1309,557.678000,360.181000,11.930000,294.042000
1310,628.586000,535.157000,21.429000,459.410000
1311,615.956000,451.020000,11.870000,310.502000
1312,598.236000,349.612000,8.171000,295.903000
1313,743.063000,446.438000,8.930000,328.482000
1314,613.816000,379.751000,10.891000,293.192000
1315,744.003000,463.940000,11.948000,350.133000
1316,573.876000,339.051000,15.480000,259.983000
1317,470.349000,247.404000,13.690000,211.535000
1318,682.584000,414.640000,10.170000,332.393000
1319,717.973000,476.160000,11.259000,317.762000
1320,858.720000,532.588000,17.819000,386.510000
1321,664.514000,378.271000,10.379000,322.853000
1322,665.624000,430.970000,9.119000,327.193000
1323,766.041000,540.247000,9.440000,428.540000
1324,560.968000,384.372000,11.499000,295.702000
1325,547.937000,337.761000,15.370000,258.855000
1326,767.001000,477.509000,12.219000,362.730000
1327,555.657000,359.942000,11.661000,296.264000
1328,818.781000,492.238000,13.240000,359.782000
1329,665.404000,413.520000,12.920000,390.442000
1330,606.396000,318.923000,20.030000,269.383000
1331,704.564000,375.100000,9.581000,283.324000
1332,732.192000,410.471000,12.559000,350.001000
1333,481.029000,266.714000,7.569000,201.255000
1334,618.615000,321.541000,7.421000,273.174000
1335,601.236000,375.331000,9.690000,296.044000
1336,679.903000,402.811000,10.079000,323.262000
1337,684.014000,438.470000,12.211000,396.700000
1338,460.769000,233.735000,12.880000,217.345000
1339,719.954000,415.030000,8.580000,343.441000
1340,695.484000,564.906000,19.200000,412.471000
1341,591.277000,344.102000,11.420000,303.463000
1342,508.028000,314.342000,15.710000,278.114000
1343,706.933000,314.374000,16.360000,287.623000
1344,436.900000,258.765000,6.570000,233.924000
1345,457.889000,272.313000,10.851000,253.293000
1346,748.612000,418.190000,12.900000,318.371000
1347,550.708000,261.454000,10.509000,215.455000
1348,615.636000,346.202000,9.910000,274.363000
1349,613.176000,328.692000,10.930000,299.742000
1350,653.174000,505.838000,19.710000,438.970000
1351,575.166000,387.591000,12.000000,315.201000
1352,609.226000,327.153000,12.190000,307.882000
1353,584.835000,367.133000,15.959000,318.943000
1354,743.232000,446.320000,84.308000,398.000000
1355,579.196000,323.653000,14.239000,266.793000
1356,656.524000,342.643000,8.410000,316.382000
1357,627.325000,377.491000,5.981000,342.740000
1358,592.675000,318.833000,8.640000,265.634000
1359,755.401000,437.560000,7.240000,317.253000
1360,677.344000,373.112000,18.759000,247.154000
1361,513.717000,272.424000,15.880000,262.454000
1362,545.307000,317.132000,9.040000,263.153000
1363,503.789000,303.284000,10.458000,260.194000
1364,476.180000,278.493000,16.750000,248.433000
1365,647.415000,382.261000,11.470000,337.512000
1366,553.238000,348.861000,9.790000,336.183000
1367,568.787000,344.622000,51.389000,293.883000
1368,1005.596000,335.043000,17.280000,252.033000
1369,534.368000,268.645000,11.249000,240.344000
1370,524.857000,226.364000,13.400000,219.736000
1371,680.024000,314.552000,11.019000,308.083000
1372,494.428000,285.474000,12.310000,273.443000
1373,522.868000,279.304000,9.359000,263.764000
1374,578.467000,307.264000,7.800000,379.511000
1375,618.165000,326.743000,9.950000,256.694000
1376,683.255000,447.930000,11.670000,338.742000
1377,671.304000,363.051000,10.459000,297.374000
1378,739.522000,433.079000,9.630000,398.071000
1379,684.193000,383.102000,7.470000,368.291000
1380,654.465000,505.147000,10.240000,417.211000
1381,702.653000,386.451000,9.970000,313.842000
1382,672.384000,337.451000,13.149000,293.753000
1383,632.124000,401.560000,54.059000,354.472000
1384,667.084000,381.561000,9.280000,340.802000
1385,547.206000,256.375000,11.099000,210.985000
1386,679.345000,314.733000,10.849000,266.215000
1387,665.004000,326.442000,8.580000,297.442000
1388,696.524000,381.540000,10.979000,318.923000
1389,558.746000,250.745000,9.220000,228.084000
1390,708.054000,512.107000,23.000000,442.980000
1391,493.029000,293.423000,14.821000,343.942000
1392,571.557000,224.965000,7.919000,235.624000
1393,698.384000,386.212000,7.739000,308.862000
1394,654.465000,348.173000,9.501000,280.512000
1395,590.166000,328.293000,8.760000,273.803000
1396,475.158000,236.206000,10.880000,211.245000
1397,428.570000,232.605000,7.480000,222.054000
1398,599.556000,317.223000,7.649000,248.564000
1399,428.679000,216.886000,5.749000,190.285000
1400,754.812000,606.945000,19.970000,467.699000
1401,668.254000,367.552000,13.599000,362.732000
1402,564.687000,296.993000,13.019000,281.734000
1403,623.246000,378.181000,11.160000,310.284000
1404,781.730000,435.100000,10.169000,360.431000
1405,753.893000,296.512000,9.490000,241.304000
1406,418.620000,250.395000,6.780000,237.664000
1407,415.831000,221.646000,8.740000,217.195000
1408,687.404000,348.762000,8.369000,277.484000
1409,405.371000,178.706000,10.000000,165.987000
1410,723.493000,337.922000,14.578000,361.172000
1411,657.145000,336.342000,12.409000,271.104000
1412,589.336000,296.962000,9.349000,256.805000
1413,542.876000,270.864000,30.680000,235.614000
1414,632.986000,414.400000,12.309000,307.154000
1415,600.136000,347.952000,11.640000,285.344000
1416,401.181000,228.945000,8.499000,228.905000
1417,577.406000,300.392000,8.539000,256.503000
1418,583.746000,315.423000,47.188000,261.384000
1419,766.652000,322.563000,11.510000,259.364000
1420,746.532000,599.586000,19.610000,476.060000
1421,744.942000,358.092000,10.580000,335.132000
1422,655.876000,335.902000,10.090000,332.292000
1423,659.334000,348.202000,9.350000,279.373000
1424,449.479000,217.595000,7.870000,200.165000
1425,671.513000,347.352000,10.200000,281.023000
1426,538.868000,258.324000,23.280000,258.034000
1427,589.916000,311.843000,10.440000,280.162000
1428,537.838000,284.293000,15.839000,266.034000
1429,597.125000,277.904000,16.640000,240.834000
1430,746.763000,318.242000,12.620000,316.152000
1431,677.424000,310.602000,8.989000,286.653000
1432,612.315000,318.373000,9.739000,260.484000
1433,554.737000,279.883000,11.240000,253.793000
1434,618.466000,359.532000,10.640000,345.001000
1435,630.486000,359.940000,8.529000,303.763000
1436,593.266000,310.012000,9.730000,266.085000
1437,692.763000,372.941000,44.159000,324.682000
1438,578.976000,344.293000,13.811000,288.782000
1439,595.146000,350.042000,16.400000,330.542000
1440,571.135000,436.220000,20.079000,255.505000
1441,562.157000,204.275000,8.300000,200.145000
1442,642.895000,319.772000,9.900000,305.874000
1443,553.197000,257.024000,9.680000,213.075000
1444,732.933000,416.170000,9.519000,292.164000
1445,487.138000,231.675000,11.519000,231.245000
1446,1011.657000,410.690000,17.269000,309.963000
1447,756.502000,410.120000,16.320000,319.153000
1448,620.555000,347.022000,12.109000,292.622000
1449,740.253000,363.711000,14.949000,318.811000
1450,919.239000,711.622000,20.131000,507.248000
1451,450.319000,244.103000,11.730000,224.524000
1452,665.235000,401.631000,9.749000,316.853000
1453,760.223000,444.769000,6.739000,333.082000
1454,391.532000,196.675000,8.050000,184.455000
1455,677.044000,330.152000,8.560000,256.344000
1456,691.533000,387.141000,7.930000,377.242000
1457,493.727000,257.524000,5.299000,217.905000
1458,765.341000,490.829000,9.900000,385.561000
1459,674.874000,389.151000,7.751000,356.502000
1460,670.505000,545.046000,15.460000,452.400000
1461,740.782000,449.820000,15.039000,292.612000
1462,694.664000,420.529000,12.211000,360.181000
1463,565.107000,324.844000,11.999000,270.403000
1464,566.567000,324.703000,18.370000,267.934000
1465,481.209000,313.152000,18.130000,262.654000
1466,693.274000,443.950000,12.211000,346.501000
1467,598.677000,332.582000,10.880000,305.112000
1468,615.696000,342.483000,15.120000,283.032000
1469,623.825000,369.102000,14.110000,307.303000
1470,724.113000,568.617000,26.039000,486.769000
1471,678.523000,323.283000,14.020000,265.354000
1472,630.166000,354.942000,8.959000,305.103000
1473,618.856000,396.120000,9.540000,330.833000
1474,684.583000,420.910000,10.640000,363.253000
1475,769.911000,406.971000,11.099000,306.872000
1476,666.954000,380.851000,9.230000,317.723000
1477,706.694000,463.209000,88.467000,383.652000
1478,796.602000,456.678000,10.091000,385.690000
1479,696.054000,362.121000,12.689000,271.304000
1480,804.711000,450.650000,19.070000,284.364000
1481,716.573000,425.201000,12.009000,326.952000
1482,915.479000,501.009000,9.968000,402.671000
1483,758.923000,435.360000,12.169000,303.343000
1484,665.285000,375.521000,16.439000,293.263000
1485,646.276000,381.561000,12.400000,301.222000
1486,532.708000,321.552000,13.099000,277.054000
1487,423.420000,209.525000,10.870000,198.775000
1488,663.074000,437.940000,11.100000,332.793000
1489,894.188000,678.905000,13.630000,501.457000
1490,651.445000,498.268000,18.230000,420.190000
1491,725.234000,512.408000,12.659000,466.519000
1492,675.424000,403.130000,14.430000,441.260000
1493,968.188000,470.428000,14.240000,331.113000
1494,432.249000,208.745000,8.630000,201.035000
1495,690.003000,448.770000,9.190000,328.042000
1496,623.145000,308.313000,11.649000,271.833000
1497,489.369000,256.495000,13.630000,229.005000
1498,555.857000,317.932000,8.261000,304.633000
1499,431.270000,247.203000,6.420000,210.535000
1500,684.255000,616.756000,17.759000,454.680000
1501,575.066000,315.752000,17.360000,299.564000
1502,663.814000,404.330000,12.520000,305.074000
1503,615.056000,307.362000,10.670000,238.085000
1504,781.031000,351.532000,9.760000,272.203000
1505,794.132000,440.030000,6.690000,338.002000
1506,651.485000,348.582000,10.261000,296.782000
1507,601.136000,322.152000,8.340000,271.504000
1508,575.337000,383.611000,8.211000,265.744000
1509,527.766000,285.744000,13.300000,239.764000
1510,477.839000,245.345000,16.059000,216.176000
1511,747.662000,393.581000,13.669000,356.771000
1512,590.557000,339.272000,16.690000,282.323000
1513,636.216000,424.350000,24.550000,384.431000
1514,653.185000,390.031000,12.980000,314.233000
1515,566.656000,300.293000,11.050000,263.693000
1516,700.484000,364.031000,9.160000,280.903000
1517,661.695000,401.520000,9.579000,318.801000
1518,510.776000,279.014000,9.950000,231.025000
1519,491.229000,258.563000,5.360000,229.395000
1520,653.495000,497.048000,15.170000,370.180000
1521,841.450000,380.191000,15.870000,322.123000
1522,360.620000,176.125000,11.221000,192.845000
1523,610.416000,376.671000,11.790000,313.263000
1524,604.146000,369.551000,10.499000,305.934000
1525,672.993000,408.290000,9.750000,311.833000
1526,646.535000,360.381000,8.720000,338.061000
1527,720.684000,379.321000,10.010000,280.054000
1528,509.279000,258.444000,7.010000,208.595000
1529,695.213000,432.750000,7.449000,331.861000
1530,911.288000,474.578000,15.769000,342.152000
1531,475.679000,255.094000,9.000000,216.955000
1532,737.633000,447.648000,11.510000,366.862000
1533,497.378000,288.084000,12.650000,250.533000
1534,657.695000,385.671000,11.519000,324.723000
1535,535.176000,275.245000,11.470000,227.164000
1536,633.455000,380.302000,12.939000,305.673000
1537,610.155000,364.321000,9.859000,344.671000
1538,551.698000,325.211000,14.771000,330.241000
1539,738.294000,426.009000,7.669000,321.623000
1540,725.613000,412.551000,15.400000,297.663000
1541,695.833000,393.481000,14.020000,336.833000
1542,677.733000,407.080000,12.359000,326.633000
1543,735.092000,479.989000,12.930000,355.311000
1544,541.338000,318.494000,14.069000,257.973000
1545,420.910000,250.383000,10.931000,227.345000
1546,642.895000,372.051000,11.210000,299.433000
1547,680.824000,373.781000,7.400000,310.594000
1548,535.338000,304.673000,11.049000,237.886000
1549,650.094000,399.821000,11.890000,356.551000
1550,403.260000,309.442000,22.250000,289.574000
1551,739.333000,539.797000,12.730000,353.772000
1552,452.768000,220.175000,12.520000,203.746000
1553,611.716000,276.034000,14.899000,237.044000
1554,612.475000,382.581000,8.689000,309.992000
1555,544.368000,332.352000,14.200000,305.854000
1556,607.075000,301.572000,12.389000,246.375000
1557,626.805000,352.852000,9.569000,278.684000
1558,504.948000,314.563000,11.419000,260.365000
1559,639.824000,384.371000,14.268000,315.713000
1560,771.893000,634.645000,66.978000,478.529000
1561,716.964000,426.171000,8.261000,390.681000
1562,633.565000,368.012000,12.760000,320.342000
1563,575.187000,346.712000,9.270000,307.872000
1564,689.504000,412.630000,12.779000,323.242000
1565,593.406000,328.343000,10.800000,257.153000
1566,695.394000,410.360000,11.910000,336.282000
1567,572.737000,354.602000,9.290000,295.182000
1568,630.545000,410.691000,7.690000,323.943000
1569,547.707000,308.472000,7.900000,297.093000
1570,592.917000,318.392000,15.480000,252.545000
1571,758.553000,431.349000,11.350000,464.940000
1572,584.377000,322.583000,7.870000,266.123000
1573,399.190000,206.626000,13.051000,196.245000
1574,589.498000,353.741000,8.740000,283.953000
1575,718.044000,387.881000,13.129000,273.383000
1576,751.573000,333.382000,11.420000,249.404000
1577,595.216000,328.722000,7.119000,260.574000
1578,696.934000,424.721000,6.100000,366.691000
1579,531.278000,294.702000,5.469000,261.344000
1580,985.536000,863.610000,12.100000,501.388000
1581,682.035000,504.167000,10.840000,399.171000
1582,440.549000,230.025000,11.620000,202.745000
1583,575.716000,354.211000,7.501000,281.884000
1584,651.785000,371.881000,11.610000,319.742000
1585,416.610000,205.546000,10.170000,229.915000
1586,756.351000,485.930000,55.348000,378.680000
1587,612.326000,345.151000,9.730000,271.933000
1588,611.136000,366.821000,8.730000,357.863000
1589,586.796000,331.292000,7.700000,307.924000
1590,1283.199000,482.509000,21.160000,422.590000
1591,693.402000,410.011000,15.280000,309.683000
1592,608.576000,385.320000,9.390000,290.703000
1593,626.065000,377.402000,16.709000,285.303000
1594,635.135000,342.872000,10.701000,301.483000
1595,549.487000,329.713000,10.630000,272.323000
1596,653.885000,388.630000,10.129000,354.281000
1597,548.918000,295.862000,11.500000,247.104000
1598,808.940000,503.119000,10.389000,443.550000
1599,635.256000,368.352000,52.318000,360.773000
1600,758.981000,556.887000,12.080000,359.463000
1601,653.094000,281.194000,9.880000,225.894000
1602,682.854000,360.751000,6.219000,318.342000
1603,512.149000,273.043000,6.560000,233.024000
1604,701.874000,407.801000,8.779000,293.642000
1605,329.683000,121.307000,13.129000,146.316000
1606,652.744000,324.743000,11.509000,268.394000
1607,521.999000,311.522000,7.581000,287.644000
1608,824.331000,540.086000,13.260000,382.862000
1609,829.980000,336.393000,19.670000,284.332000
1610,721.782000,577.407000,23.069000,409.311000
1611,423.810000,227.595000,10.350000,174.685000
1612,779.552000,387.611000,14.480000,307.633000
1613,568.837000,313.353000,9.830000,277.073000
1614,612.826000,332.703000,10.960000,266.853000
1615,548.247000,302.893000,9.250000,280.725000
1616,528.747000,246.565000,7.760000,214.015000
1617,604.035000,269.365000,4.419000,224.555000
1618,496.637000,251.574000,15.929000,222.964000
1619,652.556000,430.160000,9.040000,373.551000
1620,677.523000,559.317000,12.639000,422.390000
1621,634.176000,371.401000,15.169000,310.772000
1622,772.212000,441.280000,9.800000,345.452000
1623,532.918000,315.453000,10.350000,258.645000
1624,641.355000,422.170000,11.331000,334.712000
1625,549.197000,331.852000,12.479000,289.053000
1626,590.957000,322.631000,26.499000,265.554000
1627,472.159000,248.604000,5.690000,214.305000
1628,547.507000,318.113000,11.461000,266.554000
1629,674.914000,421.190000,11.860000,299.912000
1630,660.334000,467.639000,19.859000,382.172000
1631,552.938000,323.162000,18.860000,287.814000
1632,526.847000,294.973000,16.448000,248.114000
1633,722.843000,450.909000,15.769000,435.811000
1634,720.884000,423.160000,10.660000,325.402000
1635,524.277000,342.603000,48.068000,308.492000
1636,722.163000,396.240000,16.480000,335.462000
1637,807.800000,417.700000,12.341000,337.582000
1638,565.898000,316.012000,8.040000,245.785000
1639,751.632000,434.889000,6.369000,321.574000
1640,666.534000,534.848000,14.590000,450.028000
1641,690.394000,403.101000,13.300000,338.961000
1642,637.835000,381.610000,15.330000,307.453000
1643,534.997000,270.994000,11.850000,223.925000
1644,594.706000,358.612000,7.449000,266.474000
1645,649.935000,407.220000,8.950000,316.912000
1646,561.886000,332.863000,14.540000,307.502000
1647,691.504000,389.140000,11.489000,368.921000
1648,699.344000,414.660000,15.000000,329.432000
1649,584.626000,350.493000,11.719000,332.153000
1650,700.323000,518.808000,16.359000,465.689000
1651,696.713000,338.653000,19.818000,280.024000
1652,656.844000,399.760000,12.989000,330.802000
1653,651.185000,381.601000,12.530000,317.323000
1654,461.648000,261.214000,11.510000,278.344000
1655,617.625000,304.682000,9.380000,229.214000
1656,811.631000,470.439000,10.540000,380.771000
1657,552.687000,314.013000,16.179000,281.953000
1658,630.156000,361.780000,14.331000,343.512000
1659,543.497000,345.921000,11.520000,297.803000
1660,609.054000,519.448000,17.840000,453.029000
1661,745.532000,574.916000,10.590000,365.201000
1662,752.672000,387.682000,8.720000,342.233000
1663,699.482000,380.242000,10.260000,322.623000
1664,516.328000,285.424000,12.199000,230.795000
1665,633.755000,378.541000,8.989000,337.763000
1666,608.966000,331.923000,10.320000,260.333000
1667,487.899000,273.665000,9.940000,229.764000
1668,617.617000,337.522000,18.650000,280.974000
1669,599.407000,414.520000,11.779000,312.362000
1670,785.072000,592.855000,21.320000,525.257000
1671,694.215000,447.690000,16.859000,342.433000
1672,458.229000,247.823000,8.610000,214.245000
1673,655.914000,381.690000,8.579000,299.644000
1674,446.199000,228.084000,8.110000,212.355000
1675,531.477000,320.002000,11.540000,309.053000
1676,616.146000,357.482000,8.430000,288.193000
1677,626.895000,343.192000,15.290000,283.373000
1678,512.639000,328.702000,7.600000,272.373000
1679,712.094000,422.259000,11.331000,360.172000
1680,723.013000,388.700000,19.270000,333.911000
1681,616.826000,424.600000,13.270000,335.252000
1682,647.385000,334.713000,16.949000,357.541000
1683,596.206000,349.062000,9.780000,298.553000
1684,661.995000,435.000000,10.780000,321.413000
1685,683.925000,325.683000,12.790000,251.855000
1686,699.014000,437.880000,8.410000,359.841000
1687,579.646000,367.592000,12.810000,326.592000
1688,672.635000,401.840000,12.110000,362.421000
1689,646.405000,371.771000,10.390000,304.544000
1690,715.044000,379.601000,17.500000,312.623000
1691,544.156000,325.854000,14.049000,280.653000
1692,400.611000,222.564000,12.039000,206.266000
1693,449.270000,262.124000,10.190000,226.775000
1694,402.641000,233.485000,7.079000,216.244000
1695,606.355000,366.122000,10.130000,300.912000
1696,595.935000,396.001000,59.749000,359.382000
1697,618.906000,253.524000,12.310000,221.105000
1698,787.232000,464.519000,9.700000,388.781000
1699,502.439000,246.355000,11.451000,238.484000
1700,763.781000,550.097000,13.959000,361.892000
1701,478.278000,205.695000,18.739000,199.215000
1702,527.788000,321.543000,9.549000,291.764000
1703,597.286000,363.411000,9.651000,273.943000
1704,427.839000,258.693000,7.950000,224.605000
1705,552.157000,329.352000,9.160000,266.745000
1706,772.252000,483.059000,12.380000,408.790000
1707,632.635000,403.951000,10.030000,273.252000
1708,552.846000,314.643000,11.380000,241.194000
1709,416.270000,217.805000,11.150000,201.266000
1710,659.075000,364.931000,10.490000,317.763000
1711,798.992000,317.983000,13.860000,277.324000
1712,569.966000,318.662000,9.571000,275.123000
1713,576.257000,324.921000,9.251000,271.684000
1714,672.014000,465.999000,12.749000,471.059000
1715,460.319000,241.914000,14.880000,218.995000
1716,660.523000,375.812000,11.409000,302.093000
1717,631.865000,371.511000,10.490000,302.264000
1718,684.293000,391.101000,10.039000,311.753000
1719,686.993000,387.500000,11.539000,319.493000
1720,719.563000,402.450000,21.190000,336.601000
1721,643.356000,375.231000,14.639000,331.163000
1722,949.347000,404.820000,17.000000,366.472000
1723,666.355000,381.091000,9.809000,287.643000
1724,583.046000,338.972000,7.530000,295.182000
1725,616.726000,349.371000,8.310000,284.704000
1726,654.575000,278.943000,12.240000,221.455000
1727,588.606000,310.063000,6.320000,312.082000
1728,740.383000,432.690000,8.900000,362.532000
1729,607.045000,374.591000,10.900000,290.773000
1730,446.730000,349.933000,18.250000,244.513000
1731,657.884000,357.041000,15.050000,310.533000
1732,459.828000,251.765000,14.410000,226.674000
1733,294.554000,164.056000,17.299000,164.076000
1734,546.647000,299.303000,11.891000,316.932000
1735,698.254000,411.930000,8.900000,336.742000
1736,506.248000,250.903000,12.140000,209.955000
1737,646.915000,380.071000,8.190000,285.123000
1738,656.824000,391.721000,8.140000,295.503000
1739,692.374000,421.960000,8.260000,335.971000
1740,1035.875000,594.576000,13.319000,547.257000
1741,617.985000,350.811000,8.889000,351.171000
1742,1015.916000,437.100000,22.099000,442.450000
1743,539.477000,294.194000,17.880000,238.394000
1744,581.987000,345.681000,13.380000,269.114000
1745,452.138000,246.765000,11.220000,232.704000
1746,781.742000,470.529000,9.120000,336.711000
1747,619.776000,369.451000,12.330000,295.953000
1748,726.093000,439.990000,13.490000,341.712000
1749,482.179000,229.174000,15.020000,202.626000
1750,738.691000,608.607000,18.560000,468.049000
1751,669.904000,355.962000,15.389000,305.394000
1752,692.314000,381.701000,12.310000,343.102000
1753,630.095000,362.711000,14.459000,308.523000
1754,605.896000,344.392000,12.910000,285.614000
1755,616.806000,368.901000,13.210000,301.943000
1756,371.681000,192.245000,11.209000,173.636000
1757,653.385000,385.431000,51.310000,374.002000
1758,564.586000,352.652000,46.548000,373.271000
1759,643.046000,396.720000,10.030000,330.492000
1760,731.873000,373.291000,15.299000,333.371000
1761,590.877000,290.653000,13.840000,257.704000
1762,440.480000,276.953000,10.701000,244.195000
1763,710.154000,453.748000,13.120000,410.430000
1764,597.446000,354.353000,15.579000,315.052000
1765,535.587000,323.322000,10.950000,256.604000
1766,505.098000,293.713000,14.059000,263.453000
1767,600.296000,360.922000,11.959000,262.184000
1768,646.744000,386.390000,44.559000,390.911000
1769,608.125000,417.390000,12.170000,338.342000
1770,704.795000,394.901000,16.880000,322.502000
1771,708.983000,436.359000,12.150000,460.239000
1772,725.634000,339.461000,18.249000,295.352000
1773,572.248000,354.311000,7.760000,271.684000
1774,591.237000,336.691000,6.550000,264.594000
1775,1266.240000,345.882000,19.409000,256.574000
1776,684.544000,287.084000,13.739000,250.873000
1777,662.075000,282.254000,15.329000,241.305000
1778,583.796000,338.661000,12.050000,282.834000
1779,694.694000,437.729000,43.790000,385.221000
1780,628.915000,503.529000,15.549000,378.202000
1781,621.326000,309.743000,15.779000,286.673000
1782,606.595000,322.963000,45.399000,336.252000
1783,635.455000,338.621000,13.571000,283.744000
1784,581.536000,289.403000,13.389000,245.874000
1785,594.616000,321.433000,8.599000,281.252000
1786,748.113000,430.470000,8.541000,334.102000
1787,757.482000,466.739000,9.510000,359.522000
1788,471.380000,207.605000,7.381000,184.715000
1789,720.422000,419.540000,7.851000,351.142000
1790,650.194000,536.157000,19.290000,347.631000
1791,604.906000,321.913000,12.980000,273.773000
1792,638.975000,348.052000,14.900000,301.424000
1793,480.607000,307.972000,15.760000,256.255000
1794,446.608000,283.714000,16.099000,251.224000
1795,817.371000,315.022000,18.299000,247.985000
1796,560.986000,299.403000,11.770000,247.483000
1797,589.817000,302.512000,10.389000,248.984000
1798,589.087000,343.422000,15.040000,346.362000
1799,713.582000,427.470000,12.020000,360.742000
1800,815.860000,653.356000,20.249000,573.826000
1801,593.706000,353.451000,10.299000,315.282000
1802,658.655000,391.900000,12.200000,380.121000
1803,357.822000,171.347000,11.720000,160.486000
1804,739.353000,458.789000,13.670000,471.439000
1805,596.075000,351.852000,16.400000,261.054000
1806,579.627000,305.293000,10.550000,251.674000
1807,503.818000,266.504000,5.769000,230.444000
1808,576.386000,340.741000,7.089000,269.215000
1809,652.585000,401.930000,10.829000,308.731000
1810,774.282000,485.949000,17.970000,347.372000
1811,436.051000,218.065000,7.970000,206.366000
1812,645.175000,371.222000,10.960000,341.592000
1813,667.685000,445.480000,12.879000,371.451000
1814,848.310000,453.730000,17.499000,356.882000
1815,657.775000,403.781000,13.880000,326.023000
1816,323.152000,160.907000,9.390000,150.456000
1817,621.195000,385.741000,8.690000,345.182000
1818,553.136000,332.573000,9.910000,270.663000
1819,572.367000,404.421000,10.709000,330.091000
1820,759.102000,396.261000,13.930000,349.642000
1821,638.526000,374.262000,8.430000,335.482000
1822,696.323000,329.853000,12.910000,312.642000
1823,723.773000,342.852000,12.500000,275.843000
1824,568.066000,382.831000,44.579000,362.431000
1825,713.073000,395.120000,10.649000,376.162000
1826,667.964000,356.992000,13.629000,281.563000
1827,595.477000,364.001000,10.589000,298.582000
1828,578.776000,406.351000,13.439000,311.614000
1829,611.796000,369.521000,13.690000,322.702000
1830,646.214000,521.518000,23.090000,393.560000
1831,540.187000,325.903000,15.600000,308.152000
1832,663.485000,295.852000,11.250000,249.745000
1833,465.020000,301.183000,13.009000,284.923000
1834,652.035000,430.140000,10.720000,342.842000
1835,579.335000,270.453000,10.550000,225.695000
1836,531.018000,320.922000,7.389000,275.694000
1837,594.456000,271.345000,12.661000,226.535000
1838,447.990000,301.432000,46.388000,257.514000
1839,524.698000,286.205000,7.461000,293.412000
1840,651.225000,550.897000,17.269000,383.002000
1841,583.916000,323.722000,11.929000,279.053000
1842,821.451000,487.068000,46.619000,383.641000
1843,348.242000,182.205000,8.730000,177.485000
1844,824.921000,416.500000,13.440000,317.512000
1845,561.078000,328.053000,11.501000,266.754000
1846,769.152000,456.469000,7.431000,371.042000
1847,559.476000,317.003000,7.950000,294.743000
1848,658.265000,369.081000,8.940000,470.529000
1849,828.401000,487.098000,9.030000,417.910000
1850,719.143000,580.817000,20.948000,482.329000
1851,693.164000,427.230000,13.549000,331.933000
1852,510.748000,320.432000,8.189000,268.694000
1853,418.840000,236.845000,12.620000,217.565000
1854,525.719000,328.832000,13.910000,252.694000
1855,758.502000,524.328000,13.089000,390.511000
1856,1422.007000,397.081000,16.870000,401.121000
1857,565.417000,310.342000,10.710000,255.045000
1858,644.945000,369.981000,10.040000,292.664000
1859,831.230000,411.621000,15.080000,339.982000
1860,697.463000,518.828000,23.199000,355.061000
1861,463.029000,263.153000,9.461000,221.645000
1862,524.048000,321.142000,7.840000,266.154000
1863,551.517000,340.601000,11.541000,284.134000
1864,680.753000,433.301000,14.419000,372.182000
1865,518.977000,310.243000,13.190000,286.963000
1866,782.681000,480.269000,9.239000,362.051000
1867,565.608000,338.752000,12.779000,290.793000
1868,935.459000,568.117000,13.021000,456.789000
1869,555.676000,267.655000,9.680000,235.445000
1870,749.173000,579.666000,11.810000,453.639000
1871,634.555000,319.032000,11.610000,267.724000
1872,595.546000,360.391000,8.660000,300.873000
1873,672.205000,420.770000,8.590000,358.641000
1874,529.499000,276.783000,9.810000,224.784000
1875,672.514000,420.790000,9.599000,411.800000
1876,652.265000,301.932000,15.109000,247.754000
1877,545.566000,270.674000,17.169000,251.994000
1878,649.775000,414.460000,11.148000,326.383000
1879,745.382000,511.679000,8.839000,404.631000
1880,594.956000,474.619000,23.380000,432.240000
1881,630.986000,450.919000,15.930000,403.781000
1882,841.350000,605.426000,11.070000,382.451000
1883,562.487000,277.223000,12.049000,298.313000
1884,599.146000,336.792000,9.110000,308.983000
1885,684.073000,409.551000,13.019000,320.913000
1886,668.735000,324.571000,10.470000,292.594000
1887,618.486000,371.081000,9.260000,286.353000
1888,593.726000,350.542000,12.579000,279.783000
1889,557.826000,382.632000,10.970000,304.672000
1890,655.275000,510.418000,20.059000,399.651000
1891,617.715000,288.534000,17.349000,295.134000
1892,521.477000,267.124000,14.789000,252.664000
1893,687.283000,378.292000,8.740000,318.412000
1894,720.473000,405.640000,9.169000,303.813000
1895,653.415000,347.811000,44.789000,311.762000
1896,694.294000,357.161000,8.960000,300.873000
1897,597.116000,305.473000,11.200000,382.581000
1898,599.326000,319.463000,12.261000,277.902000
1899,750.073000,373.222000,21.699000,317.332000
1900,386.830000,168.806000,15.299000,157.676000
1901,710.434000,382.121000,12.220000,332.001000
1902,585.536000,266.615000,20.280000,259.944000
1903,522.498000,244.715000,10.549000,239.394000
1904,597.846000,345.002000,10.950000,344.762000
1905,561.807000,335.353000,6.669000,273.913000
1906,431.130000,212.795000,5.199000,193.665000
1907,302.113000,163.396000,7.339000,165.187000
1908,482.329000,249.595000,8.210000,207.654000
1909,643.044000,356.041000,7.520000,295.394000
1910,830.150000,607.395000,19.470000,417.571000
1911,646.955000,314.103000,15.530000,316.022000
1912,526.977000,260.184000,10.849000,225.315000
1913,614.615000,356.212000,10.851000,312.814000
1914,614.806000,347.732000,13.640000,287.862000
1915,620.116000,355.432000,11.340000,300.472000
1916,602.796000,353.102000,11.250000,310.602000
1917,531.288000,193.885000,7.179000,167.716000
1918,568.415000,298.084000,5.980000,278.373000
1919,728.283000,390.380000,9.541000,377.820000
1920,707.164000,518.318000,14.410000,455.220000
1921,769.571000,536.148000,16.900000,432.700000
1922,509.808000,301.503000,8.029000,331.351000
1923,736.883000,392.641000,10.840000,346.662000
1924,611.835000,346.192000,13.670000,282.334000
1925,693.183000,392.751000,13.920000,301.473000
1926,573.736000,300.673000,17.099000,252.144000
1927,572.156000,320.602000,9.619000,278.953000
1928,548.418000,314.432000,10.660000,282.753000
1929,683.344000,365.862000,12.069000,300.223000
1930,755.582000,370.290000,21.409000,305.843000
1931,599.686000,346.882000,10.820000,309.603000
1932,668.515000,408.751000,9.289000,329.432000
1933,486.089000,297.414000,12.490000,258.573000
1934,483.649000,292.773000,13.049000,243.785000
1935,624.845000,250.675000,13.200000,220.024000
1936,769.522000,436.460000,51.348000,362.631000
1937,499.247000,272.954000,31.000000,218.185000
1938,719.402000,427.260000,80.779000,380.701000
1939,663.756000,346.282000,12.360000,363.732000
1940,791.821000,664.314000,17.039000,521.456000
1941,496.709000,347.171000,14.451000,265.133000
1942,578.417000,361.422000,16.940000,287.364000
1943,714.884000,367.731000,20.509000,353.271000
1944,670.335000,449.049000,16.510000,417.461000
1945,581.746000,355.342000,12.259000,287.223000
1946,671.274000,424.950000,11.120000,308.154000
1947,667.384000,432.350000,47.669000,453.219000
1948,629.715000,385.681000,8.129000,325.441000
1949,691.574000,411.841000,12.440000,356.842000
1950,702.613000,600.736000,16.259000,653.804000
1951,587.006000,482.479000,11.760000,329.242000
1952,724.163000,412.810000,15.570000,323.912000
1953,497.889000,330.522000,16.660000,289.832000
1954,758.433000,453.849000,14.440000,349.993000
1955,638.525000,402.321000,12.120000,289.053000
1956,576.387000,343.461000,10.651000,255.034000
1957,495.738000,284.634000,9.680000,250.884000
1958,823.670000,494.148000,10.550000,364.392000
1959,658.794000,430.150000,11.280000,384.611000
1960,691.134000,558.207000,104.878000,419.351000
1961,693.714000,362.301000,11.320000,346.132000
1962,716.154000,434.800000,11.210000,341.851000
1963,681.205000,362.132000,19.010000,272.683000
1964,578.187000,387.221000,12.940000,299.713000
1965,558.806000,322.043000,63.358000,249.305000
1966,712.194000,400.060000,7.930000,297.421000
1967,722.863000,377.311000,9.020000,295.563000
1968,687.774000,295.934000,11.749000,225.074000
1969,891.210000,389.581000,18.009000,323.174000
1970,661.195000,497.169000,20.510000,377.522000
1971,631.016000,355.091000,11.169000,317.423000
1972,695.244000,418.070000,13.019000,327.992000
1973,559.807000,360.803000,17.320000,295.822000
1974,742.913000,378.411000,18.920000,319.162000
1975,553.616000,316.833000,12.779000,265.495000
1976,731.712000,420.270000,11.830000,337.752000
1977,485.539000,294.054000,9.670000,225.584000
1978,852.761000,469.549000,10.371000,335.961000
1979,656.685000,388.281000,13.350000,309.303000
1980,781.271000,625.945000,19.280000,482.549000
1981,596.336000,340.062000,11.819000,303.042000
1982,526.018000,261.724000,11.160000,269.233000
1983,528.768000,322.662000,11.950000,259.034000
1984,753.163000,460.680000,13.240000,404.610000
1985,611.396000,334.383000,12.458000,281.373000
1986,570.557000,351.902000,12.650000,305.662000
1987,564.696000,321.454000,8.870000,267.273000
1988,647.545000,415.780000,14.510000,320.862000
1989,561.617000,336.142000,12.020000,284.703000
1990,986.778000,585.936000,22.799000,497.608000
1991,723.603000,551.236000,12.010000,382.091000
1992,757.052000,455.679000,8.840000,454.649000
1993,411.550000,200.576000,15.509000,199.115000
1994,471.898000,250.954000,9.170000,227.905000
1995,607.165000,364.452000,11.050000,301.803000
1996,617.465000,358.991000,9.430000,264.054000
1997,531.638000,332.702000,12.630000,319.272000
1998,583.277000,367.931000,11.050000,273.513000
1999,683.005000,404.451000,2513.481000,543.797000
2000,701.804000,581.966000,18.480000,392.041000
2001,615.886000,338.931000,13.080000,300.154000
2002,480.490000,260.844000,10.150000,248.035000
2003,479.949000,281.813000,7.009000,247.434000
2004,988.967000,307.684000,13.470000,260.184000
2005,673.963000,407.220000,7.360000,317.972000
2006,387.651000,260.794000,9.689000,273.654000
2007,672.394000,329.502000,10.880000,285.223000
2008,728.292000,424.890000,7.560000,326.642000
2009,578.638000,282.693000,16.779000,241.295000
2010,784.741000,612.026000,21.420000,554.197000
2011,588.616000,477.789000,15.860000,365.211000
2012,643.335000,364.641000,11.720000,304.753000
2013,770.062000,459.769000,16.779000,377.951000
2014,448.320000,244.193000,16.270000,216.574000
2015,634.385000,376.051000,10.950000,302.274000
2016,684.503000,353.093000,8.960000,326.403000
2017,787.072000,409.800000,9.619000,309.913000
2018,602.846000,302.583000,13.479000,234.234000
2019,695.534000,366.502000,16.600000,311.223000
2020,692.164000,575.607000,17.830000,373.591000
2021,594.406000,299.733000,46.808000,292.094000
2022,544.286000,306.154000,9.380000,273.443000
2023,526.278000,323.593000,9.909000,315.703000
2024,632.065000,334.682000,10.720000,277.664000
2025,745.542000,443.849000,9.620000,424.640000
2026,672.345000,375.781000,10.639000,335.762000
2027,632.455000,338.302000,6.749000,297.303000
2028,807.841000,440.110000,14.160000,313.392000
2029,504.008000,241.494000,9.730000,221.536000
2030,761.182000,578.476000,10.621000,385.042000
2031,709.293000,348.671000,8.500000,311.174000
2032,740.512000,398.111000,16.440000,347.764000
2033,559.376000,315.822000,18.409000,262.454000
2034,650.936000,368.610000,14.790000,312.832000
2035,687.963000,381.382000,10.619000,310.602000
2036,514.918000,270.454000,10.590000,251.393000
2037,684.004000,391.990000,10.200000,331.752000
2038,653.325000,379.501000,13.670000,333.543000
2039,611.936000,181.745000,18.680000,176.656000
2040,619.345000,217.834000,21.940000,204.356000
2041,651.116000,366.431000,10.660000,311.894000
2042,679.054000,388.141000,52.628000,328.202000
2043,670.485000,407.501000,10.460000,347.052000
2044,517.378000,311.263000,8.710000,264.524000
2045,612.186000,376.240000,9.770000,310.133000
2046,800.280000,626.526000,46.829000,463.290000
2047,618.945000,377.860000,11.360000,300.403000
2048,632.715000,318.113000,7.499000,266.174000
2049,558.587000,375.991000,9.400000,307.822000
2050,487.508000,363.373000,17.620000,329.452000
2051,440.780000,255.324000,8.770000,239.103000
2052,758.163000,347.362000,10.980000,282.413000
2053,529.537000,279.343000,11.800000,248.554000
2054,359.681000,195.355000,6.270000,189.496000
2055,671.855000,417.720000,48.468000,320.903000
2056,542.597000,313.303000,8.759000,259.984000
2057,660.965000,370.981000,9.460000,324.724000
2058,695.084000,392.831000,11.080000,304.044000
2059,627.436000,358.372000,7.890000,327.272000
2060,743.843000,408.730000,17.290000,343.211000
2061,695.294000,382.701000,9.461000,316.063000
2062,501.609000,261.333000,11.300000,224.804000
2063,373.420000,203.356000,13.770000,184.405000
2064,685.934000,447.970000,38.430000,343.142000
2065,582.697000,356.652000,8.179000,274.854000
2066,632.175000,380.301000,12.710000,310.252000
2067,696.214000,421.860000,33.499000,326.102000
2068,563.366000,427.890000,10.140000,359.262000
2069,761.862000,451.841000,9.750000,352.161000
2070,682.962000,567.358000,15.730000,406.100000
2071,527.607000,298.822000,12.039000,289.794000
2072,644.705000,374.951000,11.459000,335.941000
2073,566.978000,332.462000,11.360000,270.174000
2074,584.296000,363.561000,12.400000,315.681000
2075,689.283000,427.201000,11.529000,325.752000
2076,681.444000,416.761000,12.790000,343.052000
2077,623.855000,318.153000,6.461000,276.194000
2078,652.944000,334.932000,9.960000,285.563000
2079,701.984000,441.829000,11.110000,333.643000
2080,787.741000,622.805000,18.709000,418.330000
2081,631.835000,255.265000,12.910000,303.833000
2082,690.114000,447.220000,12.039000,347.802000
2083,708.414000,440.440000,12.420000,329.591000
2084,396.420000,234.155000,7.970000,263.354000
2085,535.238000,313.234000,10.970000,271.743000
2086,554.458000,360.312000,11.190000,299.432000
2087,465.709000,249.044000,9.950000,206.025000
2088,672.834000,382.911000,8.189000,296.293000
2089,618.675000,366.081000,8.429000,321.023000
2090,678.584000,549.507000,12.750000,488.928000
2091,698.183000,435.480000,12.749000,396.791000
2092,966.987000,411.080000,15.539000,301.113000
2093,687.842000,458.649000,14.190000,316.153000
2094,499.127000,279.655000,9.630000,233.295000
2095,509.597000,302.673000,10.410000,264.182000
2096,531.487000,273.134000,12.030000,300.763000
2097,527.057000,294.413000,8.529000,238.604000
2098,718.242000,444.210000,6.590000,368.231000
2099,631.646000,355.112000,10.859000,296.643000
2100,668.024000,536.078000,17.229000,477.009000
2101,644.054000,357.271000,10.590000,308.713000
2102,637.515000,309.622000,11.230000,260.764000
2103,782.701000,504.298000,10.109000,355.942000
2104,523.877000,297.483000,9.570000,253.763000
2105,694.444000,409.160000,11.150000,304.994000
2106,808.000000,359.102000,15.209000,344.002000
2107,472.329000,228.755000,12.011000,212.395000
2108,436.840000,237.853000,9.310000,225.555000
2109,840.080000,489.739000,10.259000,391.151000
2110,697.375000,498.669000,23.609000,334.543000
2111,450.620000,224.134000,15.659000,214.695000
2112,384.131000,200.875000,16.540000,207.085000
2113,673.093000,354.143000,10.009000,306.953000
2114,534.677000,308.043000,8.350000,261.755000
2115,526.907000,321.132000,7.670000,287.424000
2116,668.054000,422.220000,7.950000,326.272000
2117,683.084000,367.281000,7.520000,286.592000
2118,683.784000,386.751000,9.480000,286.593000
2119,510.687000,298.873000,8.039000,238.224000
2120,677.453000,503.229000,18.669000,342.702000
2121,537.658000,329.012000,13.250000,295.713000
2122,593.497000,357.312000,15.310000,327.102000
2123,529.588000,281.733000,19.289000,218.235000
2124,730.491000,485.540000,13.769000,386.741000
2125,683.644000,363.151000,14.421000,290.653000
2126,627.115000,347.752000,6.590000,303.353000
2127,621.045000,366.823000,6.360000,302.692000
2128,610.826000,352.183000,12.999000,294.594000
2129,627.385000,371.092000,12.950000,292.923000
2130,737.852000,596.696000,17.279000,512.298000
2131,581.686000,312.802000,13.470000,261.964000
2132,516.248000,313.573000,13.611000,330.992000
2133,690.714000,484.969000,12.730000,426.990000
2134,548.766000,338.373000,9.040000,255.165000
2135,479.829000,264.324000,8.948000,378.951000
2136,624.885000,371.530000,10.539000,316.453000
2137,817.331000,288.794000,9.970000,216.896000
2138,489.718000,294.494000,7.791000,265.134000
2139,680.154000,377.051000,9.860000,294.673000
2140,852.770000,735.553000,15.459000,483.719000
2141,580.986000,324.993000,9.380000,291.902000
2142,551.077000,341.241000,11.430000,288.823000
2143,765.441000,449.039000,11.590000,363.681000
2144,664.385000,394.100000,13.320000,305.142000
2145,620.976000,312.933000,18.079000,610.886000
2146,586.567000,382.451000,11.340000,345.932000
2147,471.430000,266.753000,12.459000,220.195000
2148,596.457000,399.871000,15.160000,318.753000
2149,773.892000,494.978000,9.509000,406.020000
2150,701.094000,493.748000,19.910000,453.340000
2151,665.724000,547.027000,14.300000,491.138000
2152,759.612000,401.521000,11.899000,333.992000
2153,603.176000,381.071000,46.549000,331.922000
2154,750.672000,500.708000,9.818000,440.050000
2155,603.186000,348.842000,9.740000,280.773000
2156,683.404000,342.663000,12.439000,286.984000
2157,837.870000,317.722000,17.289000,261.135000
2158,652.894000,390.861000,10.259000,303.643000
2159,651.965000,400.990000,15.990000,393.080000
2160,525.327000,398.831000,23.439000,333.163000
2161,1174.832000,431.830000,11.960000,338.702000
2162,510.628000,302.163000,9.689000,254.295000
2163,626.256000,397.030000,6.869000,325.152000
2164,624.485000,347.662000,10.149000,282.663000
2165,576.117000,363.301000,7.740000,312.143000
2166,636.005000,391.981000,6.110000,329.911000
2167,689.785000,416.851000,8.510000,331.133000
2168,742.113000,413.340000,8.710000,295.383000
2169,630.895000,385.051000,7.180000,312.953000
2170,757.954000,672.284000,15.070000,520.068000
2171,710.363000,574.537000,12.830000,401.690000
2172,530.908000,301.092000,15.510000,289.354000
2173,800.132000,458.099000,13.800000,342.681000
2174,574.935000,294.903000,7.100000,227.845000
2175,488.838000,261.973000,4.960000,232.755000
2176,661.405000,320.862000,10.309000,276.213000
2177,614.925000,325.292000,8.280000,279.704000
2178,662.745000,391.531000,51.788000,342.342000
2179,683.634000,402.450000,16.670000,399.380000
2180,667.635000,523.977000,24.629000,446.049000
2181,629.345000,356.311000,15.579000,284.813000
2182,693.423000,405.511000,10.949000,394.912000
2183,531.379000,294.522000,12.889000,260.284000
2184,408.630000,229.205000,11.450000,185.635000
2185,651.875000,420.180000,9.680000,329.832000
2186,700.053000,399.590000,8.190000,324.622000
2187,665.754000,444.730000,8.070000,333.822000
2188,681.884000,370.061000,12.880000,287.024000
2189,631.466000,347.251000,15.140000,306.172000
2190,566.206000,400.450000,16.310000,311.183000
2191,595.065000,322.593000,9.680000,307.442000
2192,482.879000,253.005000,11.190000,226.854000
2193,443.999000,268.575000,11.630000,264.504000
2194,509.897000,279.714000,11.410000,272.183000
2195,488.769000,268.144000,41.788000,261.654000
2196,347.922000,209.205000,8.920000,186.296000
2197,408.471000,239.913000,11.890000,224.974000
2198,627.235000,342.583000,8.649000,264.984000
2199,871.830000,369.671000,11.840000,295.283000
2200,849.880000,593.526000,25.720000,535.707000
2201,871.871000,437.950000,14.160000,353.532000
2202,656.495000,336.362000,12.960000,275.034000
2203,601.915000,360.002000,11.178000,404.470000
2204,851.759000,560.597000,86.417000,451.160000
2205,689.114000,386.831000,6.860000,429.660000
2206,645.323000,358.742000,9.740000,335.081000
2207,588.476000,306.864000,10.618000,278.375000
2208,677.495000,355.341000,8.260000,314.472000
2209,825.070000,466.580000,45.089000,359.532000
2210,839.531000,635.415000,16.040000,526.787000
2211,725.093000,514.319000,13.689000,311.032000
2212,636.646000,316.414000,9.470000,296.093000
2213,606.926000,358.721000,7.770000,281.414000
2214,674.335000,396.351000,12.621000,351.281000
2215,676.175000,366.901000,16.260000,296.772000
2216,450.520000,191.895000,13.510000,184.926000
2217,698.414000,352.592000,13.509000,383.472000
2218,606.437000,302.983000,11.129000,270.154000
2219,748.262000,489.769000,29.840000,333.403000
2220,622.166000,325.713000,15.930000,289.602000
2221,519.059000,273.313000,10.940000,237.835000
2222,765.513000,438.340000,7.600000,386.840000
2223,869.439000,379.702000,12.140000,283.132000
2224,603.096000,313.884000,9.339000,257.753000
2225,612.066000,349.912000,7.030000,279.023000
2226,618.146000,342.093000,8.948000,374.672000
2227,657.264000,368.232000,9.799000,285.924000
2228,753.902000,394.172000,12.719000,268.313000
2229,644.225000,348.832000,8.880000,264.064000
2230,695.544000,578.526000,19.419000,615.346000
2231,558.056000,424.530000,17.179000,293.244000
2232,642.385000,371.801000,14.649000,292.643000
2233,560.937000,329.523000,13.890000,302.352000
2234,674.004000,414.670000,9.520000,289.532000
2235,511.889000,295.453000,9.779000,241.475000
2236,767.853000,443.199000,13.990000,321.963000
2237,577.575000,347.571000,7.630000,304.433000
2238,699.313000,407.171000,13.089000,368.832000
2239,621.535000,343.572000,10.569000,288.944000
2240,595.756000,417.390000,16.619000,370.541000
2241,651.915000,530.929000,12.130000,462.609000
2242,486.769000,353.882000,15.129000,250.114000
2243,721.824000,425.030000,16.109000,430.760000
2244,472.959000,274.354000,17.129000,244.075000
2245,718.903000,442.399000,8.439000,304.922000
2246,801.812000,501.197000,72.818000,401.580000
2247,737.472000,392.900000,10.180000,305.614000
2248,691.603000,418.040000,7.979000,402.659000
2249,1112.925000,351.862000,17.030000,281.684000
2250,729.983000,590.016000,20.769000,539.316000
2251,559.137000,312.402000,14.270000,255.674000
2252,622.496000,380.021000,9.739000,325.362000
2253,669.595000,359.902000,13.320000,314.313000
2254,620.925000,399.451000,88.347000,364.712000
2255,640.205000,404.921000,8.540000,329.512000
2256,605.506000,380.251000,12.739000,380.850000
2257,446.869000,233.135000,14.760000,208.695000
2258,534.617000,286.104000,37.868000,271.994000
2259,715.314000,319.802000,9.400000,261.784000
2260,759.822000,571.337000,22.859000,393.911000
2261,810.091000,327.393000,10.070000,368.441000
2262,418.021000,182.896000,12.350000,188.035000
2263,578.036000,357.602000,13.030000,330.722000
2264,630.925000,331.452000,11.600000,287.523000
2265,693.004000,353.921000,8.409000,275.224000
2266,700.203000,294.604000,14.910000,240.334000
2267,530.278000,268.593000,11.900000,281.673000
2268,585.436000,318.214000,13.400000,273.943000
2269,502.519000,287.713000,15.969000,259.594000
2270,643.715000,510.267000,25.940000,293.873000
2271,531.117000,179.886000,13.480000,176.425000
2272,615.027000,277.653000,8.590000,261.615000
2273,691.075000,394.581000,8.330000,341.971000
2274,729.162000,465.030000,13.249000,312.413000
2275,388.840000,186.935000,8.560000,178.396000
2276,491.048000,257.924000,9.940000,244.605000
2277,895.868000,563.398000,13.979000,422.561000
2278,570.996000,317.392000,9.960000,284.274000
2279,645.785000,346.872000,20.979000,282.034000
2280,488.458000,377.252000,14.400000,252.954000
2281,700.593000,396.501000,11.860000,328.572000
2282,486.639000,254.524000,10.940000,241.394000
2283,515.958000,245.825000,9.870000,248.384000
2284,652.785000,411.400000,7.069000,311.033000
2285,667.244000,389.132000,7.501000,320.692000
2286,837.521000,416.290000,12.000000,308.063000
2287,886.658000,417.081000,13.129000,301.454000
2288,652.484000,332.963000,15.080000,275.403000
2289,611.876000,289.563000,11.930000,252.405000
2290,637.775000,463.859000,17.010000,427.049000
2291,660.935000,549.868000,14.230000,404.322000
2292,592.486000,329.252000,14.980000,290.723000
2293,622.035000,416.630000,11.410000,396.720000
2294,645.315000,354.542000,12.051000,278.434000
2295,682.463000,398.061000,15.100000,339.652000
2296,889.899000,289.575000,15.930000,220.535000
2297,592.006000,297.802000,13.960000,256.984000
2298,645.275000,382.141000,7.469000,293.392000
2299,673.855000,379.730000,14.179000,288.463000
2300,696.154000,569.436000,19.199000,384.070000
2301,754.232000,347.432000,12.990000,280.492000
2302,526.217000,310.812000,22.399000,286.154000
2303,655.525000,424.230000,10.658000,409.881000
2304,616.286000,394.892000,10.109000,299.573000
2305,494.309000,284.293000,10.409000,240.844000
2306,663.614000,356.412000,14.540000,248.204000
2307,628.166000,339.612000,19.819000,276.794000
2308,680.633000,283.674000,12.229000,227.545000
2309,656.814000,404.140000,7.150000,311.552000
2310,698.092000,552.577000,15.670000,448.349000
2311,768.093000,455.489000,8.959000,351.253000
2312,754.922000,401.251000,12.370000,321.332000
2313,517.419000,344.942000,9.109000,311.734000
2314,608.745000,383.401000,10.260000,321.002000
2315,545.098000,300.003000,12.810000,291.383000
2316,671.915000,404.500000,8.420000,378.431000
2317,505.268000,275.413000,10.541000,230.475000
2318,758.871000,464.159000,8.480000,355.562000
2319,650.964000,407.430000,11.089000,328.072000
2320,642.635000,492.099000,18.049000,391.731000
2321,701.453000,396.372000,9.750000,319.771000
2322,584.336000,329.032000,11.101000,318.812000
2323,559.417000,316.753000,10.829000,254.833000
2324,414.800000,209.765000,11.400000,196.625000
2325,634.795000,361.271000,6.979000,301.384000
2326,541.547000,346.071000,7.619000,275.814000
2327,525.497000,270.844000,10.320000,226.995000
2328,546.457000,285.044000,16.900000,241.844000
2329,761.152000,434.430000,12.739000,430.851000
2330,823.491000,715.073000,21.739000,486.949000
2331,659.775000,402.480000,11.180000,328.941000
2332,524.537000,255.034000,9.190000,215.176000
2333,704.074000,420.900000,7.000000,355.882000
2334,427.839000,218.286000,4.990000,206.355000
2335,656.294000,372.941000,7.790000,338.292000
2336,584.645000,352.192000,9.120000,268.333000
2337,788.482000,487.838000,14.090000,420.710000
2338,416.990000,215.985000,7.780000,215.235000
2339,593.166000,352.591000,44.270000,308.892000
2340,685.374000,532.708000,21.150000,398.400000
2341,673.604000,391.250000,11.630000,328.603000
2342,602.245000,298.002000,15.490000,258.934000
2343,528.527000,372.032000,21.789000,305.053000
2344,659.745000,443.769000,22.239000,330.093000
2345,729.392000,400.770000,14.950000,355.242000
2346,630.484000,268.994000,14.560000,218.035000
2347,594.785000,360.362000,11.269000,285.013000
2348,673.933000,317.413000,15.469000,259.634000
2349,798.170000,469.858000,12.640000,327.972000
2350,812.870000,620.886000,25.849000,583.246000
2351,824.601000,590.277000,19.200000,387.041000
2352,426.120000,287.904000,15.199000,281.274000
2353,597.126000,356.222000,13.590000,291.342000
2354,586.696000,394.940000,10.559000,322.103000
2355,649.755000,409.470000,10.820000,340.152000
2356,664.205000,467.570000,47.518000,380.871000
2357,630.975000,377.341000,9.369000,280.394000
2358,433.600000,200.245000,7.449000,215.616000
2359,688.793000,385.242000,8.310000,295.602000
2360,621.965000,502.848000,19.059000,426.721000
2361,593.426000,477.328000,16.021000,384.140000
2362,500.348000,245.423000,11.670000,204.615000
2363,495.679000,261.684000,8.930000,214.905000
2364,591.545000,350.122000,8.500000,286.072000
2365,567.827000,337.812000,11.639000,311.262000
2366,689.594000,426.930000,10.040000,326.682000
2367,651.394000,370.362000,9.669000,325.533000
2368,468.668000,239.585000,33.179000,222.665000
2369,336.261000,147.937000,6.399000,136.306000
2370,570.306000,389.192000,37.009000,292.453000
2371,701.623000,376.761000,11.520000,320.322000
2372,546.297000,296.034000,41.919000,260.273000
2373,686.173000,417.920000,11.509000,329.802000
2374,807.850000,475.448000,11.821000,367.011000
2375,715.564000,488.179000,16.650000,382.831000
2376,530.427000,304.644000,15.299000,282.044000
2377,587.156000,318.823000,12.310000,268.453000
2378,731.604000,438.480000,10.790000,332.892000
2379,542.147000,300.553000,9.740000,248.404000
2380,602.016000,495.557000,28.339000,379.461000
2381,653.705000,352.952000,13.541000,296.902000
2382,625.225000,320.752000,9.950000,282.094000
2383,785.461000,474.910000,38.759000,359.572000
2384,564.166000,310.463000,15.240000,262.384000
2385,625.766000,264.285000,11.300000,223.205000
2386,687.223000,391.032000,10.308000,314.502000
2387,602.765000,355.242000,47.240000,334.921000
2388,618.176000,355.663000,9.411000,288.033000
2389,556.587000,373.723000,12.851000,307.012000
2390,821.231000,629.975000,15.390000,469.498000
2391,681.744000,418.731000,11.060000,418.770000
2392,597.035000,343.771000,12.109000,275.925000
2393,708.893000,396.761000,13.359000,292.944000
2394,1338.229000,438.530000,19.989000,343.043000
2395,629.425000,365.211000,11.330000,317.503000
2396,624.116000,344.503000,13.070000,264.063000
2397,539.187000,311.402000,8.289000,252.664000
2398,718.782000,432.450000,7.560000,436.019000
2399,618.586000,390.461000,9.230000,308.863000
2400,587.377000,292.644000,19.200000,280.834000
2401,642.025000,320.021000,11.340000,271.394000
2402,684.273000,388.732000,12.850000,314.282000
2403,546.287000,331.192000,14.169000,269.353000
2404,550.988000,348.952000,12.870000,283.504000
2405,649.775000,410.670000,11.590000,328.742000
2406,760.941000,461.459000,12.090000,364.391000
2407,655.675000,374.532000,10.030000,301.513000
2408,572.907000,343.702000,9.469000,290.524000
2409,611.636000,298.332000,9.590000,246.404000
2410,654.875000,506.698000,20.510000,329.323000
2411,641.495000,313.892000,12.930000,303.623000
2412,596.387000,294.482000,12.470000,267.184000
2413,574.176000,300.232000,8.640000,231.625000
2414,548.548000,326.512000,9.820000,261.424000
2415,695.393000,497.949000,10.510000,350.392000
2416,683.784000,391.551000,9.269000,316.804000
2417,578.446000,325.332000,9.120000,278.904000
2418,773.462000,396.560000,10.151000,318.384000
2419,1004.085000,224.194000,19.508000,212.945000
2420,740.822000,587.626000,20.190000,489.210000
2421,560.207000,250.845000,10.200000,271.163000
2422,563.887000,271.273000,9.080000,342.643000
2423,782.271000,439.000000,9.000000,398.811000
2424,692.714000,348.901000,13.280000,248.315000
2425,584.416000,341.602000,11.739000,318.062000
2426,515.907000,257.534000,7.010000,359.012000
2427,717.022000,347.082000,16.829000,309.422000
2428,664.084000,365.941000,9.699000,281.244000
2429,662.184000,361.343000,7.211000,272.424000
2430,763.331000,339.393000,14.080000,382.531000
2431,532.347000,227.314000,9.349000,225.145000
2432,722.413000,365.962000,9.490000,312.112000
2433,825.761000,464.929000,12.850000,357.631000
2434,658.905000,357.082000,13.659000,314.581000
2435,563.207000,326.822000,10.260000,332.681000
2436,590.667000,339.731000,48.330000,294.673000
2437,710.844000,441.321000,52.890000,400.461000
2438,769.201000,407.320000,13.110000,318.041000
2439,654.695000,345.592000,12.350000,314.993000
2440,727.483000,580.777000,21.160000,501.138000
2441,552.387000,261.492000,19.760000,269.234000
2442,707.964000,362.831000,45.049000,314.302000
2443,412.211000,192.936000,7.061000,184.035000
2444,589.996000,305.592000,7.889000,253.384000
2445,695.635000,362.860000,8.280000,296.233000
2446,528.409000,225.045000,6.280000,196.715000
2447,657.563000,324.433000,6.110000,293.693000
2448,726.363000,393.122000,14.940000,358.651000
2449,468.280000,222.875000,12.539000,207.926000
2450,844.020000,486.260000,20.159000,349.001000
2451,718.953000,358.312000,17.139000,348.241000
2452,451.490000,209.955000,19.359000,202.375000
2453,501.007000,254.114000,9.940000,227.814000
2454,903.538000,373.733000,13.359000,274.064000
2455,602.795000,308.033000,7.999000,249.534000
2456,670.223000,350.093000,12.929000,300.672000
2457,759.204000,387.960000,9.100000,305.242000
2458,642.585000,335.393000,5.789000,292.863000
2459,716.703000,380.491000,5.030000,291.512000
2460,504.307000,272.274000,15.901000,236.525000
2461,620.195000,282.033000,14.300000,272.514000
2462,594.525000,257.164000,7.639000,240.354000
2463,576.997000,297.983000,13.099000,286.014000
2464,641.764000,401.472000,12.399000,308.953000
2465,718.444000,432.629000,16.699000,371.501000
2466,538.867000,296.093000,12.690000,266.633000
2467,720.273000,419.300000,8.240000,331.851000
2468,598.445000,289.533000,7.910000,247.094000
2469,607.745000,323.623000,5.489000,271.535000
2470,600.327000,306.482000,15.300000,273.404000
2471,777.221000,397.930000,9.861000,365.732000
2472,621.186000,350.232000,10.331000,276.812000
2473,771.481000,494.098000,10.611000,374.841000
2474,537.119000,317.563000,10.180000,263.295000
2475,617.225000,381.381000,14.669000,325.482000
2476,601.836000,326.283000,47.848000,260.804000
2477,627.395000,324.272000,19.640000,289.434000
2478,526.107000,304.713000,9.080000,283.732000
2479,424.270000,183.877000,6.049000,173.776000
2480,844.730000,408.911000,12.880000,323.583000
2481,550.566000,269.465000,8.759000,243.874000
2482,542.278000,253.194000,8.940000,281.703000
2483,573.877000,269.644000,12.939000,241.124000
2484,526.717000,290.253000,11.811000,243.884000
2485,709.513000,415.350000,11.110000,293.073000
2486,564.175000,325.302000,9.251000,255.984000
2487,586.826000,249.874000,13.740000,223.395000
2488,640.735000,346.912000,10.900000,282.754000
2489,576.666000,305.362000,9.040000,257.644000
2490,709.673000,570.166000,15.690000,347.482000
2491,772.802000,293.463000,11.949000,266.735000
2492,631.915000,283.143000,13.349000,250.215000
2493,627.255000,232.495000,12.760000,208.305000
2494,644.514000,336.091000,45.239000,290.894000
2495,595.326000,322.162000,6.230000,274.584000
2496,858.810000,500.567000,9.699000,342.702000
2497,639.975000,319.453000,10.950000,290.103000
2498,620.566000,290.405000,14.830000,270.653000
2499,907.579000,496.758000,17.798000,449.380000
2500,718.644000,575.546000,19.150000,395.270000
2501,586.646000,263.844000,17.810000,262.103000
2502,612.535000,341.913000,14.720000,322.832000
2503,610.096000,328.891000,12.530000,289.794000
2504,670.574000,370.061000,7.410000,286.073000
2505,620.655000,356.892000,12.359000,307.084000
2506,659.605000,383.151000,11.100000,334.691000
2507,595.727000,325.163000,8.350000,248.204000
2508,688.005000,374.421000,11.901000,328.903000
2509,469.119000,186.446000,18.720000,181.026000
2510,616.675000,462.789000,20.100000,419.860000
2511,696.094000,552.737000,52.499000,358.302000
2512,608.346000,308.063000,15.599000,270.424000
2513,617.146000,353.522000,12.890000,296.354000
2514,502.468000,263.245000,16.301000,235.865000
2515,685.983000,332.923000,10.239000,273.774000
2516,817.811000,283.403000,9.890000,223.865000
2517,669.564000,376.071000,18.000000,303.802000
2518,552.987000,289.343000,14.750000,245.865000
2519,457.819000,201.895000,7.900000,181.567000
2520,607.096000,453.420000,15.649000,259.214000
2521,603.035000,238.785000,9.939000,223.904000
2522,802.051000,427.411000,12.320000,456.069000
2523,549.227000,327.102000,14.210000,249.654000
2524,636.086000,360.592000,51.479000,288.053000
2525,632.244000,367.102000,12.400000,296.473000
2526,662.484000,400.130000,12.590000,289.323000
2527,453.379000,196.466000,15.970000,180.387000
2528,593.205000,308.092000,8.349000,272.173000
2529,623.825000,331.171000,10.790000,290.014000
2530,673.775000,296.124000,54.028000,324.583000
2531,724.703000,306.513000,9.999000,304.072000
2532,500.840000,250.195000,9.688000,240.394000
2533,588.586000,326.193000,9.650000,277.322000
2534,716.844000,462.269000,13.110000,350.082000
2535,661.025000,365.372000,10.380000,321.992000
2536,531.998000,304.232000,9.740000,319.443000
2537,681.904000,315.552000,44.189000,288.593000
2538,568.917000,307.763000,7.640000,266.584000
2539,636.185000,333.542000,47.229000,307.433000
2540,855.139000,382.792000,16.779000,401.291000
2541,737.273000,308.033000,9.890000,276.322000
2542,746.443000,398.460000,7.530000,324.962000
2543,628.846000,341.302000,10.030000,284.015000
2544,595.106000,343.382000,12.679000,309.974000
2545,856.660000,475.188000,9.470000,347.443000
2546,510.819000,243.385000,9.830000,225.284000
2547,724.583000,456.359000,9.880000,357.901000
2548,702.494000,391.661000,15.740000,381.351000
2549,663.035000,345.742000,12.740000,284.644000
2550,680.524000,541.117000,61.139000,465.969000
2551,697.753000,540.458000,14.859000,351.142000
2552,832.291000,283.002000,12.670000,308.353000
2553,763.501000,437.390000,10.320000,339.821000
2554,580.937000,311.624000,14.009000,261.103000
2555,509.799000,252.525000,10.160000,229.085000
2556,641.234000,370.871000,10.261000,318.743000
2557,354.003000,142.297000,18.230000,147.676000
2558,790.831000,467.239000,10.630000,392.921000
2559,640.305000,361.571000,10.189000,291.523000
2560,771.522000,400.619000,19.929000,379.501000
2561,526.547000,233.274000,13.510000,215.825000
2562,599.315000,294.843000,12.670000,275.973000
2563,465.550000,249.114000,10.170000,228.265000
2564,520.257000,266.094000,8.060000,226.995000
2565,621.096000,382.411000,13.280000,267.465000
2566,505.618000,252.624000,6.840000,392.690000
2567,705.733000,369.692000,7.820000,289.303000
2568,555.616000,272.604000,12.290000,238.564000
2569,685.405000,394.840000,9.180000,438.579000
2570,667.044000,460.799000,25.060000,412.771000
2571,721.363000,612.505000,12.640000,433.059000
2572,546.068000,297.924000,59.378000,274.044000
2573,591.346000,353.461000,15.560000,310.643000
2574,597.875000,324.983000,11.989000,262.423000
2575,347.632000,232.265000,20.378000,216.736000
2576,843.420000,447.529000,8.320000,332.692000
2577,613.326000,330.583000,7.261000,269.444000
2578,635.154000,343.863000,6.530000,274.723000
2579,698.003000,272.304000,16.400000,262.603000
2580,575.706000,290.082000,16.860000,239.304000
2581,543.107000,246.845000,8.000000,228.275000
2582,691.325000,372.261000,15.569000,320.142000
2583,603.616000,323.664000,9.250000,278.173000
2584,587.066000,342.512000,9.579000,308.413000
2585,660.584000,339.522000,13.170000,263.763000
2586,492.248000,264.803000,15.079000,236.284000
2587,696.034000,382.571000,11.559000,309.054000
2588,657.744000,407.740000,10.510000,360.462000
2589,794.361000,402.781000,8.800000,420.550000
2590,590.795000,468.719000,14.980000,356.311000
2591,566.096000,224.595000,10.850000,211.025000
2592,743.532000,347.501000,13.500000,307.424000
2593,644.065000,332.201000,12.879000,279.564000
2594,517.208000,299.434000,10.609000,248.964000
2595,801.111000,464.678000,12.680000,388.571000
2596,557.977000,299.313000,13.839000,262.695000
2597,600.906000,333.472000,11.719000,271.234000
2598,540.287000,283.403000,12.249000,241.794000
2599,614.016000,362.921000,12.530000,279.353000
2600,575.058000,502.627000,19.249000,416.270000
2601,667.965000,309.662000,11.089000,307.563000
2602,678.154000,339.633000,11.989000,289.812000
2603,676.985000,416.970000,51.479000,367.921000
2604,607.656000,359.951000,9.460000,304.873000
2605,588.576000,332.912000,10.050000,272.803000
2606,584.256000,317.114000,10.740000,289.712000
2607,611.835000,320.153000,13.790000,261.144000
2608,658.865000,364.461000,10.600000,292.213000
2609,647.535000,343.522000,11.630000,308.962000
2610,414.490000,285.334000,15.630000,194.826000
2611,528.107000,235.254000,50.959000,241.313000
2612,573.318000,249.524000,44.109000,242.324000
2613,737.963000,300.244000,9.700000,255.164000
2614,757.662000,385.251000,9.970000,316.542000
2615,682.735000,407.751000,10.820000,315.702000
2616,586.807000,389.261000,11.291000,278.492000
2617,434.811000,194.345000,8.969000,189.366000
2618,668.034000,369.961000,11.070000,306.663000
2619,551.856000,254.535000,15.220000,231.585000
2620,672.004000,533.758000,17.139000,398.241000
2621,1002.976000,541.907000,11.870000,389.041000
2622,646.704000,404.830000,49.549000,398.180000
2623,616.305000,403.721000,13.600000,328.931000
2624,653.764000,422.620000,11.909000,321.612000
2625,638.215000,381.791000,10.670000,283.033000
2626,678.434000,377.252000,8.090000,323.521000
2627,1087.114000,363.042000,17.200000,259.704000
2628,514.326000,276.723000,8.120000,230.785000
2629,562.587000,321.872000,13.829000,293.573000
2630,665.844000,549.927000,20.629000,447.589000
2631,698.024000,411.060000,9.939000,322.101000
2632,617.446000,390.550000,16.790000,296.054000
2633,441.238000,246.975000,14.459000,216.344000
2634,554.226000,371.012000,10.729000,314.783000
2635,568.907000,359.911000,45.378000,294.363000
2636,723.633000,462.829000,15.989000,355.001000
2637,503.579000,302.352000,42.779000,273.604000
2638,478.948000,244.574000,13.759000,221.875000
2639,603.876000,345.102000,8.400000,321.062000
2640,702.063000,559.437000,18.439000,473.039000
2641,1147.863000,333.543000,18.670000,268.403000
2642,504.828000,274.023000,15.518000,249.665000
2643,624.885000,373.901000,6.870000,283.053000
2644,638.295000,363.231000,12.370000,301.553000
2645,514.637000,353.232000,10.790000,296.873000
2646,575.746000,316.404000,9.900000,255.893000
2647,666.714000,384.521000,10.369000,329.244000
2648,551.027000,288.324000,13.329000,261.953000
2649,290.084000,127.726000,8.570000,135.368000
2650,935.807000,300.883000,18.668000,277.874000
2651,573.806000,289.694000,15.019000,263.724000
2652,626.865000,275.693000,32.410000,251.064000
2653,747.873000,372.743000,10.420000,331.182000
2654,659.325000,420.320000,14.450000,321.762000
2655,571.426000,311.194000,13.270000,311.663000
2656,694.924000,375.761000,10.870000,320.552000
2657,639.125000,357.542000,12.880000,333.313000
2658,497.387000,238.254000,13.570000,212.435000
2659,471.439000,280.492000,7.970000,269.314000
2660,652.135000,485.148000,19.750000,331.282000
2661,507.948000,237.764000,13.499000,233.685000
2662,638.973000,250.054000,10.520000,247.824000
2663,678.745000,349.652000,12.209000,298.452000
2664,538.458000,265.143000,10.870000,223.505000
2665,519.929000,290.723000,12.379000,233.545000
2666,495.908000,253.174000,12.560000,220.795000
2667,971.747000,433.119000,15.670000,351.091000
2668,615.126000,315.283000,10.839000,252.873000
2669,707.654000,355.271000,7.630000,326.372000
2670,565.186000,440.590000,19.069000,389.741000
2671,645.185000,514.807000,11.820000,303.373000
2672,680.103000,364.632000,36.159000,350.301000
2673,592.306000,336.712000,12.970000,307.503000
2674,603.306000,263.494000,9.580000,204.585000
2675,614.296000,358.881000,8.609000,295.933000
2676,669.703000,333.512000,10.150000,285.803000
2677,876.060000,382.131000,18.970000,312.932000
2678,665.484000,375.930000,16.889000,331.763000
2679,542.777000,309.962000,8.780000,286.373000
2680,635.535000,297.814000,23.399000,319.602000
2681,479.960000,226.965000,15.270000,214.544000
2682,570.156000,296.884000,12.199000,286.563000
2683,645.645000,349.683000,16.489000,394.150000
2684,790.902000,471.839000,16.390000,364.481000
2685,658.304000,404.141000,13.080000,330.803000
2686,681.965000,374.371000,12.309000,302.023000
2687,686.303000,374.352000,10.230000,308.663000
2688,539.097000,352.123000,9.840000,297.692000
2689,701.024000,394.802000,7.250000,327.652000
2690,709.343000,345.012000,14.259000,358.612000
2691,572.258000,298.292000,10.610000,272.443000
2692,724.752000,405.550000,10.889000,314.313000
2693,523.378000,325.833000,11.159000,271.034000
2694,689.005000,381.490000,9.240000,304.642000
2695,459.640000,262.044000,13.010000,241.374000
2696,742.072000,463.919000,13.810000,350.881000
2697,608.286000,362.861000,14.670000,306.453000
2698,490.898000,236.564000,13.550000,216.854000
2699,628.625000,323.192000,9.450000,266.634000
2700,771.861000,617.955000,16.620000,442.019000
2701,756.613000,401.520000,10.500000,336.463000
2702,613.555000,332.012000,7.560000,252.384000
2703,745.252000,452.280000,10.379000,475.549000
2704,540.367000,288.944000,12.810000,259.244000
2705,458.028000,220.375000,10.790000,195.705000
2706,578.237000,327.143000,10.449000,268.644000
2707,630.546000,369.232000,10.550000,273.673000
2708,469.789000,250.655000,8.480000,228.314000
2709,704.183000,526.268000,30.107000,353.822000
2710,703.903000,562.846000,18.810000,520.877000
2711,746.253000,356.221000,8.600000,325.292000
2712,726.073000,376.282000,7.821000,320.922000
2713,663.714000,362.951000,10.230000,292.773000
2714,687.522000,367.931000,15.310000,312.443000
2715,655.405000,377.890000,11.690000,289.664000
2716,525.126000,277.124000,11.889000,261.852000
2717,767.152000,340.663000,18.579000,267.353000
2718,557.248000,304.512000,12.260000,278.344000
2719,666.785000,363.841000,9.989000,281.812000
2720,740.152000,592.387000,18.528000,343.343000
2721,564.777000,273.884000,10.540000,257.173000
2722,593.046000,323.153000,11.390000,308.923000
2723,1082.544000,423.860000,18.030000,319.042000
2724,636.156000,325.454000,14.531000,277.143000
2725,734.813000,361.742000,10.680000,484.389000
2726,526.098000,322.962000,9.511000,274.183000
2727,583.226000,325.643000,8.470000,309.362000
2728,722.963000,409.150000,8.720000,332.041000
2729,664.034000,362.171000,13.840000,291.074000
2730,782.051000,627.066000,20.959000,376.751000
2731,748.173000,362.761000,10.859000,362.471000
2732,613.645000,345.942000,10.619000,294.004000
2733,595.416000,315.572000,13.469000,298.783000
2734,596.466000,335.122000,9.139000,288.493000
2735,669.115000,401.620000,12.780000,310.992000
2736,801.761000,379.801000,12.779000,270.214000
2737,581.285000,321.553000,9.421000,300.643000
2738,2580.239000,446.001000,24.549000,343.352000
2739,549.267000,302.043000,9.939000,264.763000
2740,721.533000,579.417000,15.830000,448.310000
2741,743.322000,333.891000,15.051000,300.043000
2742,586.917000,270.034000,16.600000,225.924000
2743,605.916000,333.522000,10.470000,302.593000
2744,513.869000,310.752000,12.571000,296.333000
2745,609.266000,375.612000,12.469000,316.353000
2746,598.006000,352.821000,11.299000,304.952000
2747,590.888000,280.382000,7.360000,224.425000
2748,896.099000,369.901000,15.900000,281.573000
2749,622.676000,311.743000,10.430000,255.644000
2750,545.987000,248.035000,17.920000,245.164000
2751,836.191000,370.952000,13.620000,370.301000
2752,657.074000,349.781000,13.730000,308.793000
2753,476.109000,256.234000,10.050000,248.143000
2754,591.016000,336.432000,10.610000,312.142000
2755,575.148000,303.813000,14.239000,279.904000
2756,412.270000,189.546000,8.291000,184.775000
2757,450.149000,260.634000,10.809000,245.374000
2758,552.867000,263.424000,10.250000,261.274000
2759,516.157000,255.324000,14.300000,244.114000
2760,782.210000,377.281000,15.129000,340.052000
2761,752.793000,404.640000,8.840000,346.902000
2762,687.753000,361.392000,9.740000,331.451000
2763,630.525000,345.802000,7.280000,298.524000
2764,838.860000,495.028000,7.110000,405.310000
2765,752.123000,413.560000,8.419000,309.793000
2766,585.096000,322.684000,9.859000,368.501000
2767,619.206000,347.702000,12.019000,304.313000
2768,650.905000,398.191000,11.390000,375.450000
2769,616.476000,367.321000,8.820000,308.552000
2770,442.259000,317.262000,16.270000,289.263000
2771,446.119000,337.362000,15.659000,226.345000
2772,576.206000,251.904000,17.379000,237.345000
2773,779.991000,367.512000,7.780000,281.615000
2774,734.623000,430.270000,8.579000,316.654000
2775,641.875000,348.151000,47.569000,346.660000
2776,557.916000,307.974000,8.789000,276.182000
2777,781.622000,421.598000,13.600000,379.463000
2778,609.116000,315.302000,13.230000,285.134000
2779,812.531000,433.180000,11.610000,378.451000
2780,856.179000,646.725000,21.460000,386.841000
2781,521.009000,257.273000,12.670000,243.234000
2782,614.716000,301.633000,9.449000,282.612000
2783,549.677000,283.204000,43.319000,289.722000
2784,669.044000,401.540000,6.409000,350.653000
2785,575.266000,305.102000,8.160000,262.844000
2786,580.736000,314.942000,8.480000,229.795000
2787,610.985000,326.281000,8.750000,246.245000
2788,458.459000,184.266000,16.180000,206.395000
2789,738.082000,444.369000,10.221000,339.831000
2790,610.235000,478.649000,17.420000,356.082000
2791,626.035000,387.270000,11.830000,308.704000
2792,671.765000,433.400000,48.169000,368.572000
2793,648.485000,396.730000,9.280000,417.880000
2794,524.347000,304.913000,9.729000,230.133000
2795,566.107000,340.551000,7.381000,257.614000
2796,779.491000,361.191000,10.040000,289.854000
2797,717.453000,421.090000,12.040000,323.832000
2798,866.190000,378.591000,10.070000,324.023000
2799,794.281000,400.860000,10.630000,363.751000
2800,547.248000,244.144000,12.820000,233.924000
2801,710.584000,340.111000,10.211000,344.351000
2802,573.967000,301.324000,11.120000,286.474000
2803,684.833000,414.730000,10.439000,402.781000
2804,564.106000,306.644000,46.849000,271.433000
2805,625.185000,341.883000,42.318000,310.454000
2806,852.930000,395.961000,15.580000,323.482000
2807,728.254000,375.671000,14.390000,379.151000
2808,879.539000,362.011000,11.800000,293.673000
2809,553.827000,241.154000,8.011000,227.845000
2810,671.625000,535.116000,15.610000,477.849000
2811,657.273000,497.530000,14.609000,432.360000
2812,447.260000,193.885000,11.480000,206.745000
2813,642.855000,362.751000,8.130000,345.232000
2814,343.491000,168.417000,6.010000,164.286000
2815,587.436000,325.872000,10.909000,240.924000
2816,672.844000,384.240000,12.860000,320.703000
2817,475.189000,242.285000,9.800000,229.124000
2818,547.156000,299.973000,8.011000,287.153000
2819,556.828000,305.872000,14.181000,293.014000
2820,463.410000,301.124000,27.038000,241.515000
2821,700.154000,361.211000,11.019000,324.592000
2822,616.756000,348.353000,9.230000,285.643000
2823,804.641000,328.503000,15.179000,292.263000
2824,930.169000,402.851000,17.370000,312.602000
2825,585.936000,348.911000,10.049000,292.363000
2826,491.029000,262.574000,16.560000,254.454000
2827,667.464000,405.140000,10.819000,331.211000
2828,638.955000,403.811000,9.089000,308.753000
2829,699.352000,415.840000,14.160000,315.553000
2830,643.215000,520.019000,21.211000,473.727000
2831,702.493000,546.827000,17.370000,399.661000
2832,637.444000,434.279000,13.330000,343.922000
2833,421.270000,211.135000,9.760000,184.986000
2834,634.505000,389.971000,12.700000,332.231000
2835,550.007000,322.473000,10.180000,283.663000
2836,701.684000,438.100000,11.901000,422.570000
2837,844.170000,404.240000,13.340000,481.169000
2838,654.755000,365.322000,10.981000,356.292000
2839,668.305000,448.280000,8.640000,343.341000
2840,755.122000,427.330000,14.139000,373.042000
2841,503.248000,278.913000,10.040000,233.715000
2842,762.353000,458.439000,13.529000,363.162000
2843,428.140000,224.336000,14.870000,191.986000
2844,498.898000,300.462000,13.720000,245.643000
2845,1441.616000,425.570000,15.550000,292.024000
2846,657.405000,375.751000,9.360000,348.892000
2847,679.394000,380.911000,7.621000,320.682000
2848,574.857000,325.142000,11.980000,273.773000
2849,509.919000,259.154000,12.160000,235.714000
2850,574.156000,412.140000,15.550000,292.153000
2851,797.773000,371.362000,19.040000,303.923000
2852,602.546000,373.751000,16.130000,325.513000
2853,600.925000,396.370000,14.629000,346.522000
2854,613.505000,363.282000,12.029000,277.404000
2855,488.258000,292.523000,10.900000,265.214000
2856,577.816000,375.380000,10.640000,285.004000
2857,693.134000,375.651000,12.430000,351.981000
2858,545.877000,269.303000,5.310000,232.176000
2859,896.539000,560.327000,10.169000,413.701000
2860,716.273000,432.420000,15.400000,321.014000
2861,672.053000,324.133000,9.240000,343.741000
2862,621.635000,326.873000,19.540000,362.991000
2863,716.332000,428.421000,13.280000,379.191000
2864,511.139000,306.133000,8.440000,268.525000
2865,562.666000,327.162000,9.130000,273.524000
2866,623.046000,380.132000,14.889000,309.993000
2867,508.068000,268.054000,18.710000,234.855000
2868,447.029000,279.364000,12.419000,254.875000
2869,612.235000,361.130000,9.560000,296.793000
2870,692.674000,541.357000,13.630000,354.822000
2871,624.725000,371.291000,8.960000,314.572000
2872,625.436000,256.894000,11.900000,223.745000
2873,727.491000,400.520000,13.400000,306.993000
2874,681.063000,396.160000,15.050000,353.571000
2875,509.139000,276.213000,12.621000,226.213000
2876,662.574000,379.431000,9.659000,307.102000
2877,749.891000,419.940000,11.780000,331.721000
2878,593.087000,306.333000,11.891000,249.823000
2879,1094.725000,777.231000,10.710000,596.377000
2880,699.874000,534.707000,13.089000,401.480000
2881,612.296000,339.252000,12.330000,286.483000
2882,744.472000,451.580000,9.360000,356.081000
2883,663.915000,429.110000,8.720000,329.111000
2884,609.047000,367.931000,11.430000,301.122000
2885,678.784000,385.541000,15.650000,353.641000
2886,826.121000,472.009000,55.219000,396.251000
2887,599.036000,300.942000,11.020000,278.573000
2888,732.923000,397.771000,11.220000,318.534000
2889,621.536000,375.622000,9.650000,291.012000
2890,576.156000,460.339000,19.250000,412.930000
2891,604.226000,481.740000,17.820000,391.381000
2892,610.796000,368.402000,52.980000,284.423000
2893,629.755000,399.400000,9.720000,305.513000
2894,556.277000,259.294000,18.330000,239.714000
2895,585.928000,346.102000,8.230000,268.163000
2896,639.225000,379.890000,13.950000,271.264000
2897,853.089000,391.161000,10.060000,309.992000
2898,661.585000,376.680000,13.080000,330.842000
2899,432.940000,239.205000,8.619000,212.006000
2900,652.484000,545.098000,14.960000,419.259000
2901,599.126000,335.241000,13.710000,301.244000
2902,676.754000,379.880000,20.691000,298.184000
2903,532.856000,298.243000,17.100000,282.493000
2904,605.436000,383.022000,13.930000,353.802000
2905,592.946000,349.382000,15.459000,397.230000
2906,582.727000,315.252000,11.280000,254.154000
2907,661.475000,378.331000,10.760000,309.802000
2908,694.715000,429.980000,14.169000,359.681000
2909,539.267000,335.383000,11.508000,419.911000
2910,612.995000,339.152000,14.420000,283.954000
2911,571.516000,321.142000,8.019000,223.204000
2912,742.372000,419.880000,10.269000,393.810000
2913,523.017000,299.534000,11.331000,250.474000
2914,533.008000,308.853000,8.369000,279.893000
2915,591.616000,348.402000,12.310000,282.434000
2916,683.334000,414.490000,11.719000,360.162000
2917,481.258000,283.594000,9.760000,240.004000
2918,838.610000,358.010000,13.029000,291.523000
2919,571.446000,304.232000,8.240000,263.395000
2920,671.255000,424.490000,20.759000,333.773000
2921,848.120000,462.638000,11.449000,382.212000
2922,506.318000,260.865000,14.460000,234.674000
2923,732.623000,433.081000,10.650000,399.951000
2924,454.759000,276.204000,47.378000,258.594000
2925,574.306000,332.552000,10.780000,281.642000
2926,635.594000,368.821000,20.319000,297.673000
2927,662.683000,320.233000,15.070000,264.514000
2928,365.821000,183.165000,17.649000,204.715000
2929,685.443000,403.321000,40.530000,344.324000
2930,553.776000,428.460000,19.700000,368.891000
2931,685.565000,410.690000,10.369000,334.662000
2932,643.115000,362.671000,8.300000,298.953000
2933,585.795000,379.530000,9.320000,304.144000
2934,514.868000,360.491000,13.210000,294.193000
2935,609.066000,344.691000,13.240000,271.514000
2936,628.215000,356.072000,11.149000,306.852000
2937,572.697000,347.161000,10.570000,308.172000
2938,675.315000,357.922000,15.960000,278.874000
2939,573.176000,344.133000,10.319000,273.833000
2940,773.282000,491.259000,12.279000,382.621000
2941,624.766000,377.362000,11.470000,351.622000
2942,603.866000,383.271000,47.599000,337.163000
2943,669.244000,408.730000,8.260000,396.691000
2944,651.705000,351.412000,7.390000,281.552000
2945,547.958000,316.152000,9.790000,269.914000
2946,628.755000,342.382000,10.889000,298.053000
2947,734.613000,346.392000,17.079000,285.044000
2948,696.273000,432.640000,9.410000,299.573000
2949,656.604000,440.040000,12.819000,378.151000
2950,692.535000,515.128000,23.579000,372.231000
2951,579.288000,297.543000,10.310000,255.704000
2952,718.182000,452.250000,49.499000,361.370000
2953,535.598000,278.403000,9.590000,232.905000
2954,602.825000,389.451000,10.429000,295.573000
2955,490.968000,233.984000,9.510000,201.555000
2956,432.360000,217.255000,7.991000,193.235000
2957,750.072000,438.930000,12.130000,352.971000
2958,652.894000,402.340000,10.239000,281.924000
2959,600.896000,340.162000,7.899000,256.704000
2960,758.192000,657.094000,19.400000,568.447000
2961,704.492000,387.771000,14.180000,342.242000
2962,522.208000,271.723000,12.811000,235.775000
2963,606.086000,387.521000,12.920000,301.383000
2964,527.759000,309.952000,14.599000,257.405000
2965,579.976000,346.963000,13.309000,286.862000
2966,644.965000,363.731000,17.169000,303.424000
2967,551.346000,308.083000,6.070000,322.583000
2968,510.368000,286.733000,6.510000,242.984000
2969,714.682000,411.631000,8.530000,310.943000
2970,819.641000,625.515000,18.149000,407.081000
2971,657.774000,331.201000,15.440000,287.533000
2972,636.835000,385.040000,14.510000,319.981000
2973,1089.394000,426.940000,22.609000,348.292000
2974,570.677000,325.822000,14.140000,282.614000
2975,620.165000,363.852000,11.750000,283.693000
2976,488.048000,302.554000,11.639000,302.752000
2977,677.965000,450.189000,17.400000,349.921000
2978,524.167000,301.174000,11.480000,245.085000
2979,634.385000,350.251000,8.710000,280.674000
2980,578.496000,426.580000,19.749000,392.671000
2981,741.223000,601.386000,10.220000,406.981000
2982,562.867000,288.272000,8.939000,261.884000
2983,668.824000,404.680000,10.550000,371.551000
2984,803.861000,378.171000,15.700000,308.013000
2985,686.033000,358.673000,11.958000,327.383000
2986,702.084000,436.229000,11.329000,334.743000
2987,468.549000,286.983000,13.200000,252.095000
2988,553.467000,322.623000,35.259000,274.863000
2989,641.915000,344.722000,42.959000,288.024000
2990,627.315000,339.152000,16.360000,284.223000
2991,518.707000,281.873000,10.640000,243.535000
2992,671.085000,409.500000,9.980000,376.831000
2993,579.406000,288.414000,17.569000,262.803000
2994,555.728000,416.149000,15.319000,408.580000
2995,731.034000,467.430000,17.229000,388.881000
2996,536.486000,326.682000,10.770000,277.804000
2997,384.980000,252.054000,11.250000,231.345000
2998,758.002000,498.368000,10.620000,361.873000
2999,556.187000,328.133000,2885.463000,507.957000
3000,644.235000,404.611000,18.620000,342.471000
3001,656.585000,370.540000,10.160000,304.963000
3002,536.856000,311.513000,10.169000,291.673000
3003,528.048000,296.892000,12.469000,268.504000
3004,673.955000,400.070000,8.900000,290.432000
3005,682.335000,390.010000,8.219000,299.283000
3006,519.517000,280.134000,8.820000,239.304000
3007,683.594000,372.601000,9.179000,311.113000
3008,688.743000,447.520000,10.620000,328.972000
3009,637.215000,362.042000,11.410000,310.332000
3010,685.794000,369.091000,15.470000,310.852000
3011,693.674000,355.781000,13.299000,288.594000
3012,739.002000,471.039000,14.580000,370.571000
3013,710.813000,439.710000,13.939000,319.313000
3014,486.767000,274.064000,9.340000,226.365000
3015,335.132000,177.416000,9.970000,175.976000
3016,740.273000,427.169000,7.180000,310.383000
3017,852.651000,342.512000,11.960000,279.524000
3018,699.843000,379.021000,8.279000,350.423000
3019,517.787000,287.193000,8.450000,244.725000
3020,656.773000,578.267000,14.980000,479.789000
3021,629.995000,526.987000,15.240000,397.400000
3022,646.845000,409.990000,9.950000,320.413000
3023,600.925000,363.071000,10.210000,274.645000
3024,544.048000,321.323000,16.539000,251.064000
3025,484.429000,283.734000,12.660000,228.024000
3026,813.531000,563.217000,12.739000,382.711000
3027,532.928000,305.893000,17.550000,258.864000
3028,642.385000,376.700000,7.200000,300.262000
3029,784.872000,407.840000,11.399000,345.152000
3030,734.584000,532.396000,18.060000,391.231000
3031,652.564000,373.132000,7.969000,316.213000
3032,641.105000,353.902000,7.200000,298.862000
3033,637.284000,394.361000,8.150000,331.973000
3034,734.522000,437.010000,10.790000,337.582000
3035,592.986000,376.111000,9.850000,306.113000
3036,658.975000,395.470000,6.650000,361.441000
3037,661.804000,343.761000,11.340000,272.383000
3038,443.860000,233.355000,6.990000,209.835000
3039,696.124000,434.740000,12.330000,346.202000
3040,607.395000,462.120000,13.899000,333.042000
3041,644.976000,339.183000,7.330000,270.343000
3042,609.835000,354.312000,9.289000,363.012000
3043,661.244000,416.928000,9.739000,331.343000
3044,607.916000,399.301000,9.289000,322.292000
3045,609.786000,350.992000,8.980000,255.894000
3046,689.354000,356.220000,15.319000,318.612000
3047,716.673000,385.132000,8.450000,303.932000
3048,637.155000,374.531000,11.800000,294.513000
3049,671.894000,375.410000,10.430000,323.993000
3050,681.233000,565.308000,19.340000,489.947000
3051,600.506000,349.643000,15.749000,303.403000
3052,448.769000,220.715000,14.079000,196.365000
3053,469.038000,207.555000,9.480000,196.595000
3054,427.420000,234.365000,6.651000,199.094000
3055,629.515000,378.671000,8.780000,299.854000
3056,669.403000,408.860000,7.479000,299.693000
3057,656.895000,395.350000,12.470000,308.062000
3058,581.876000,338.042000,9.970000,277.503000
3059,587.717000,339.402000,16.549000,285.963000
3060,768.642000,584.826000,17.729000,530.868000
3061,554.057000,319.012000,10.710000,269.773000
3062,681.574000,385.990000,13.580000,364.121000
3063,607.886000,417.880000,11.620000,362.743000
3064,644.125000,433.500000,10.530000,340.592000
3065,573.147000,358.822000,7.510000,342.903000
3066,615.125000,388.110000,6.809000,299.803000
3067,629.825000,413.580000,10.880000,533.708000
3068,695.323000,427.590000,41.600000,347.782000
3069,649.575000,370.982000,9.590000,285.013000
3070,789.321000,502.118000,21.380000,440.780000
3071,687.523000,516.519000,11.760000,390.341000
3072,528.407000,245.204000,6.389000,217.355000
3073,557.088000,333.282000,8.011000,305.251000
3074,541.158000,289.823000,8.060000,270.064000
3075,576.616000,315.732000,9.799000,289.053000
3076,321.522000,155.476000,12.310000,149.916000
3077,471.840000,278.783000,5.440000,254.205000
3078,1389.317000,333.923000,17.779000,261.083000
3079,810.670000,529.259000,9.410000,375.850000
3080,651.703000,536.438000,12.930000,644.455000
3081,664.433000,381.601000,12.040000,314.373000
3082,455.740000,209.515000,9.571000,193.845000
3083,448.209000,249.975000,11.270000,251.604000
3084,626.025000,376.811000,7.000000,271.674000
3085,766.602000,495.428000,8.099000,358.121000
3086,574.367000,334.492000,9.960000,284.372000
3087,564.826000,347.913000,8.180000,298.872000
3088,634.225000,381.291000,10.530000,317.553000
3089,665.773000,357.372000,6.490000,346.401000
3090,586.767000,421.061000,16.109000,291.313000
3091,681.754000,400.941000,11.190000,324.871000
3092,802.101000,488.969000,12.870000,402.411000
3093,423.401000,241.165000,8.299000,199.486000
3094,569.496000,326.662000,12.250000,314.783000
3095,605.646000,392.310000,7.230000,311.692000
3096,522.167000,281.623000,7.901000,265.723000
3097,677.373000,431.470000,8.978000,312.593000
3098,746.992000,442.641000,30.640000,331.843000
3099,566.627000,325.371000,9.979000,285.474000
3100,657.394000,511.978000,18.970000,430.000000
3101,715.213000,376.221000,11.400000,314.004000
3102,1842.296000,413.920000,17.489000,303.883000
3103,735.561000,452.679000,9.480000,364.971000
3104,575.987000,333.862000,7.910000,278.724000
3105,618.845000,369.332000,9.850000,347.791000
3106,573.966000,362.782000,8.430000,291.632000
3107,684.634000,434.910000,44.159000,344.542000
3108,626.585000,389.671000,8.170000,388.761000
3109,633.435000,394.841000,12.480000,317.002000
3110,605.686000,492.499000,18.100000,455.669000
3111,658.374000,579.256000,10.999000,514.548000
3112,593.246000,326.344000,13.150000,279.973000
3113,430.630000,226.006000,12.129000,202.966000
3114,597.437000,393.171000,6.110000,282.083000
3115,759.372000,437.370000,8.550000,357.771000
3116,532.307000,270.564000,8.360000,231.075000
3117,649.925000,357.982000,10.830000,289.544000
3118,699.133000,387.961000,18.040000,333.663000
3119,673.443000,285.133000,10.639000,235.505000
3120,817.451000,679.435000,21.229000,482.339000
3121,623.124000,381.842000,12.720000,280.063000
3122,584.535000,339.813000,9.929000,276.713000
3123,793.421000,449.119000,12.770000,346.972000
3124,574.827000,367.761000,11.371000,257.434000
3125,634.974000,408.151000,11.819000,353.272000
3126,676.344000,331.693000,13.280000,292.754000
3127,641.965000,418.890000,12.141000,318.233000
3128,677.353000,396.681000,11.169000,311.483000
3129,688.053000,416.460000,9.279000,319.133000
3130,736.942000,586.456000,15.800000,448.210000
3131,519.378000,277.203000,14.190000,257.345000
3132,635.465000,373.791000,10.729000,328.173000
3133,526.239000,317.792000,10.560000,281.003000
3134,592.336000,347.522000,9.290000,301.963000
3135,542.867000,315.693000,12.820000,258.553000
3136,586.376000,346.692000,16.390000,297.563000
3137,623.876000,371.441000,9.730000,303.843000
3138,548.757000,314.313000,7.690000,282.952000
3139,654.545000,498.789000,11.500000,318.241000
3140,546.398000,232.633000,11.540000,201.786000
3141,757.614000,406.780000,11.329000,328.813000
3142,643.455000,348.481000,11.130000,300.883000
3143,655.494000,403.590000,9.940000,358.522000
3144,705.093000,463.810000,9.649000,350.642000
3145,530.828000,279.603000,9.040000,233.735000
3146,647.115000,406.040000,8.409000,308.264000
3147,644.934000,430.810000,8.160000,331.033000
3148,755.162000,490.629000,15.000000,343.941000
3149,666.685000,415.019000,8.320000,328.411000
3150,1506.575000,587.766000,21.379000,507.239000
3151,958.197000,469.079000,15.189000,330.432000
3152,591.085000,333.961000,8.579000,294.324000
3153,622.745000,448.630000,7.640000,357.051000
3154,644.964000,383.290000,12.750000,301.813000
3155,626.775000,379.101000,7.720000,381.891000
3156,598.077000,336.131000,8.020000,280.104000
3157,485.329000,304.563000,10.670000,308.012000
3158,656.125000,416.930000,8.760000,320.873000
3159,577.577000,312.622000,9.910000,237.374000
3160,521.349000,416.220000,14.799000,385.862000
3161,545.307000,414.110000,15.350000,375.041000
3162,303.303000,157.968000,18.900000,155.296000
3163,615.115000,367.291000,6.939000,314.672000
3164,381.642000,178.476000,13.440000,176.856000
3165,705.362000,431.070000,8.341000,322.953000
3166,441.330000,234.565000,35.389000,200.705000
3167,706.053000,385.571000,5.780000,294.343000
3168,702.673000,369.512000,5.969000,312.923000
3169,663.955000,337.003000,12.330000,294.614000
3170,499.248000,395.181000,21.219000,353.281000
3171,500.618000,301.783000,10.880000,284.964000
3172,647.125000,345.382000,12.909000,335.932000
3173,729.533000,448.769000,6.979000,374.031000
3174,589.358000,381.290000,11.690000,280.113000
3175,734.053000,427.440000,9.629000,380.482000
3176,568.297000,259.054000,13.509000,214.064000
3177,627.515000,348.882000,6.660000,296.032000
3178,661.325000,280.514000,16.239000,232.244000
3179,681.684000,396.160000,6.989000,438.779000
3180,646.365000,528.097000,27.030000,568.366000
3181,600.856000,283.724000,9.091000,372.620000
3182,498.758000,278.723000,10.349000,251.235000
3183,573.286000,315.803000,10.880000,262.444000
3184,535.198000,289.514000,10.888000,244.844000
3185,611.045000,352.672000,9.930000,282.622000
3186,621.086000,326.503000,15.490000,271.203000
3187,827.050000,398.651000,7.339000,304.394000
3188,778.052000,349.532000,11.280000,342.092000
3189,640.204000,350.092000,6.829000,289.282000
3190,695.504000,518.997000,19.159000,325.163000
3191,796.121000,295.413000,13.880000,245.425000
3192,661.894000,344.662000,8.090000,310.823000
3193,551.337000,343.292000,9.200000,290.904000
3194,535.758000,324.583000,14.980000,283.143000
3195,547.847000,356.982000,16.890000,257.273000
3196,597.467000,349.702000,10.170000,263.093000
3197,700.544000,399.460000,44.428000,338.712000
3198,746.732000,425.029000,13.680000,441.220000
3199,552.327000,274.682000,5.109000,235.974000
3200,739.772000,548.457000,13.199000,389.501000
3201,577.276000,284.373000,7.899000,267.164000
3202,719.903000,367.101000,12.570000,327.813000
3203,562.646000,284.323000,17.639000,246.825000
3204,527.158000,281.383000,14.539000,291.803000
3205,640.104000,411.041000,7.429000,298.203000
3206,560.356000,305.283000,10.669000,271.113000
3207,635.305000,363.221000,13.740000,320.182000
3208,643.514000,369.971000,9.290000,513.988000
3209,586.057000,287.344000,52.217000,281.904000
3210,688.453000,598.526000,15.690000,353.893000
3211,854.020000,492.618000,7.130000,434.300000
3212,449.360000,198.945000,13.100000,193.165000
3213,729.703000,463.549000,9.160000,391.300000
3214,838.169000,458.019000,15.180000,302.522000
3215,725.534000,420.630000,5.899000,334.912000
3216,674.925000,417.520000,8.500000,318.762000
3217,713.633000,413.419000,17.129000,301.813000
3218,640.265000,362.871000,10.679000,344.462000
3219,627.815000,359.123000,16.509000,297.462000
3220,594.087000,412.150000,18.649000,300.623000
3221,493.600000,260.054000,43.409000,224.915000
3222,644.505000,361.022000,14.829000,310.382000
3223,574.856000,344.442000,15.061000,287.834000
3224,682.784000,382.532000,8.519000,298.934000
3225,684.434000,406.771000,9.859000,334.933000
3226,768.643000,426.099000,11.830000,334.423000
3227,566.087000,357.051000,15.570000,359.431000
3228,567.687000,310.533000,16.729000,257.935000
3229,489.218000,362.722000,12.170000,299.232000
3230,675.365000,483.800000,20.949000,354.370000
3231,635.215000,371.092000,13.269000,299.683000
3232,649.204000,367.502000,11.610000,325.493000
3233,560.356000,338.192000,13.750000,268.463000
3234,733.162000,533.167000,8.540000,380.042000
3235,498.078000,263.874000,9.880000,221.445000
3236,698.353000,207.545000,10.160000,177.066000
3237,826.701000,375.361000,14.210000,305.983000
3238,694.343000,381.272000,11.449000,294.683000
3239,700.594000,408.940000,7.250000,322.571000
3240,716.754000,623.745000,15.418000,538.489000
3241,661.314000,355.061000,11.670000,288.573000
3242,658.004000,349.291000,20.630000,296.083000
3243,672.984000,407.421000,9.560000,344.452000
3244,619.616000,365.831000,9.700000,340.671000
3245,671.065000,426.801000,13.261000,401.430000
3246,617.526000,392.991000,10.140000,305.574000
3247,430.640000,261.273000,9.969000,218.235000
3248,785.021000,379.672000,10.500000,307.192000
3249,875.920000,272.684000,8.640000,208.435000
3250,629.465000,335.051000,25.720000,274.693000
3251,547.888000,280.463000,14.540000,238.094000
3252,712.914000,406.961000,10.620000,340.042000
3253,687.344000,415.200000,10.500000,323.422000
3254,499.139000,322.852000,12.131000,256.634000
3255,501.520000,293.563000,9.690000,252.815000
3256,557.287000,324.073000,10.850000,257.132000
3257,498.818000,312.572000,11.979000,291.004000
3258,556.736000,353.011000,45.670000,318.223000
3259,329.861000,166.927000,9.460000,156.556000
3260,660.775000,332.171000,14.809000,260.604000
3261,656.885000,371.451000,9.540000,332.143000
3262,721.092000,440.580000,13.131000,350.031000
3263,703.153000,432.651000,8.830000,346.262000
3264,820.691000,327.892000,11.830000,260.204000
3265,505.508000,252.395000,8.440000,208.455000
3266,468.389000,272.042000,6.850000,238.625000
3267,675.344000,361.602000,7.611000,283.693000
3268,608.995000,349.361000,11.920000,276.354000
3269,694.663000,452.629000,87.058000,410.770000
3270,673.884000,369.721000,15.200000,367.411000
3271,483.929000,262.025000,11.749000,275.574000
3272,743.644000,393.980000,5.379000,313.662000
3273,702.004000,419.680000,8.568000,318.863000
3274,642.016000,356.412000,12.579000,295.374000
3275,555.137000,278.583000,10.820000,248.965000
3276,804.101000,372.832000,18.359000,311.953000
3277,639.465000,369.521000,9.650000,302.783000
3278,579.476000,317.133000,10.559000,253.705000
3279,575.237000,321.433000,6.920000,257.103000
3280,619.846000,478.439000,14.060000,351.441000
3281,638.844000,344.563000,15.300000,302.923000
3282,732.073000,473.608000,9.139000,460.140000
3283,576.967000,344.143000,16.748000,272.584000
3284,456.490000,251.734000,11.729000,218.075000
3285,676.414000,372.172000,44.108000,325.083000
3286,548.537000,314.274000,5.979000,255.104000
3287,492.499000,268.054000,9.190000,261.363000
3288,337.303000,216.184000,8.139000,218.015000
3289,728.813000,408.361000,10.750000,341.421000
3290,699.963000,358.183000,20.759000,301.013000
3291,714.344000,400.711000,12.680000,312.353000
3292,685.124000,390.521000,8.990000,340.021000
3293,679.005000,418.991000,12.659000,323.272000
3294,404.941000,210.395000,13.490000,185.586000
3295,587.647000,357.112000,12.740000,281.093000
3296,397.940000,241.105000,10.169000,219.146000
3297,560.277000,309.313000,7.150000,274.503000
3298,721.763000,419.880000,9.221000,322.041000
3299,670.474000,401.350000,13.149000,322.872000
3300,514.249000,316.273000,26.889000,298.673000
3301,825.391000,586.086000,13.949000,354.141000
3302,556.667000,310.353000,15.360000,316.203000
3303,694.473000,436.500000,14.318000,347.362000
3304,430.039000,295.062000,12.680000,269.133000
3305,506.639000,261.674000,13.870000,231.665000
3306,623.115000,388.270000,16.439000,317.223000
3307,507.547000,300.784000,15.649000,256.254000
3308,439.820000,283.414000,8.099000,265.503000
3309,760.251000,432.400000,9.649000,303.042000
3310,497.718000,380.310000,18.290000,347.111000
3311,686.194000,536.857000,13.019000,406.790000
3312,648.955000,391.430000,9.500000,310.422000
3313,622.416000,389.022000,9.340000,318.402000
3314,554.787000,323.553000,9.499000,298.623000
3315,559.637000,305.713000,11.510000,240.025000
3316,538.347000,313.713000,8.819000,282.152000
3317,731.903000,457.928000,10.320000,390.982000
3318,642.684000,362.762000,8.810000,297.873000
3319,711.194000,500.768000,6.821000,356.781000
3320,665.255000,511.378000,13.940000,347.621000
3321,421.350000,175.765000,14.430000,169.996000
3322,724.293000,398.911000,13.779000,308.434000
3323,646.995000,294.873000,13.010000,236.445000
3324,460.799000,205.465000,16.850000,181.386000
3325,718.422000,477.439000,7.980000,396.180000
3326,849.580000,448.690000,7.600000,423.080000
3327,708.783000,415.740000,6.870000,355.162000
3328,630.856000,397.311000,50.708000,337.283000
3329,536.937000,304.583000,9.360000,234.045000
3330,804.621000,416.031000,41.179000,343.921000
3331,631.435000,377.661000,51.537000,311.823000
3332,552.137000,356.101000,13.170000,284.534000
3333,516.238000,272.983000,8.880000,286.294000
3334,850.830000,496.958000,7.189000,390.002000
3335,789.203000,409.320000,12.370000,341.422000
3336,681.793000,405.361000,10.910000,344.893000
3337,617.076000,329.812000,14.320000,278.735000
3338,639.725000,418.011000,9.480000,357.322000
3339,609.565000,310.072000,8.389000,272.474000
3340,788.032000,654.004000,16.570000,506.368000
3341,653.975000,338.592000,10.640000,304.853000
3342,684.005000,437.510000,7.960000,335.893000
3343,708.314000,424.450000,15.990000,319.371000
3344,564.276000,376.502000,14.179000,304.933000
3345,571.427000,339.252000,17.020000,292.023000
3346,468.620000,220.844000,6.181000,186.786000
3347,553.586000,320.364000,4.559000,310.272000
3348,564.027000,326.643000,8.980000,292.453000
3349,863.170000,430.800000,10.500000,405.851000
3350,602.446000,321.033000,14.549000,278.015000
3351,605.436000,353.591000,12.049000,299.153000
3352,661.744000,380.011000,11.199000,316.512000
3353,614.775000,373.882000,13.429000,317.992000
3354,568.247000,370.683000,13.850000,303.621000
3355,531.998000,307.564000,11.670000,289.242000
3356,583.627000,346.492000,13.750000,279.142000
3357,591.207000,343.512000,51.659000,284.853000
3358,670.614000,287.184000,12.808000,263.474000
3359,592.527000,293.074000,9.140000,224.595000
3360,469.719000,298.723000,16.400000,253.344000
3361,662.954000,375.471000,11.360000,295.384000
3362,567.226000,345.372000,12.090000,273.123000
3363,590.986000,353.521000,12.150000,281.253000
3364,570.707000,329.663000,8.409000,270.903000
3365,580.856000,346.632000,14.110000,403.531000
3366,733.502000,461.559000,14.969000,372.761000
3367,524.108000,271.193000,10.541000,242.345000
3368,523.448000,313.452000,14.530000,290.343000
3369,413.021000,192.006000,10.980000,200.965000
3370,734.682000,369.272000,17.420000,320.303000
3371,711.173000,435.080000,12.640000,420.450000
3372,660.175000,391.790000,11.310000,326.542000
3373,621.736000,391.461000,10.520000,309.553000
3374,545.727000,319.443000,11.720000,291.783000
3375,699.584000,434.639000,11.989000,366.001000
3376,679.554000,364.782000,16.049000,320.363000
3377,638.716000,394.840000,8.740000,389.621000
3378,616.115000,383.731000,8.230000,301.594000
3379,480.588000,288.684000,10.379000,251.845000
3380,666.965000,492.349000,19.320000,455.659000
3381,729.782000,548.347000,19.299000,416.160000
3382,534.568000,252.163000,11.889000,215.135000
3383,514.009000,216.976000,9.250000,198.546000
3384,925.017000,460.060000,11.860000,373.961000
3385,692.533000,324.252000,22.119000,266.533000
3386,564.637000,379.700000,10.330000,299.212000
3387,646.224000,378.751000,13.360000,322.003000
3388,393.471000,213.945000,6.550000,191.205000
3389,544.517000,364.611000,11.980000,280.644000
3390,638.685000,515.797000,19.930000,346.772000
3391,549.458000,269.373000,10.540000,216.865000
3392,623.246000,348.783000,12.310000,294.973000
3393,415.350000,241.525000,12.160000,217.024000
3394,772.882000,465.779000,9.910000,352.571000
3395,675.514000,403.990000,10.520000,284.112000
3396,463.189000,226.654000,11.110000,209.776000
3397,675.375000,388.591000,7.190000,361.991000
3398,651.404000,451.650000,6.390000,341.871000
3399,769.721000,430.640000,10.030000,377.541000
3400,532.577000,294.074000,16.729000,267.963000
3401,363.772000,179.066000,11.360000,171.055000
3402,570.946000,313.112000,14.280000,290.993000
3403,464.139000,221.096000,11.789000,233.035000
3404,648.633000,376.992000,30.628000,327.313000
3405,761.782000,468.309000,49.639000,401.701000
3406,526.507000,283.584000,14.300000,237.244000
3407,656.904000,266.814000,12.540000,231.845000
3408,486.389000,258.473000,6.100000,204.545000
3409,717.573000,415.440000,7.700000,407.240000
3410,707.703000,559.098000,18.449000,517.048000
3411,686.474000,515.618000,10.250000,341.192000
3412,733.294000,350.092000,11.120000,302.944000
3413,603.256000,358.021000,14.040000,289.333000
3414,482.888000,252.205000,14.429000,214.104000
3415,480.437000,270.074000,10.051000,223.226000
3416,668.935000,343.521000,10.769000,280.683000
3417,636.996000,333.803000,48.839000,285.912000
3418,651.255000,365.422000,14.399000,295.394000
3419,1011.115000,402.160000,12.209000,314.223000
3420,761.712000,572.617000,15.730000,445.450000
3421,621.245000,299.014000,15.299000,272.433000
3422,582.456000,310.383000,11.959000,293.532000
3423,697.924000,387.551000,16.240000,318.812000
3424,522.039000,236.725000,11.199000,216.015000
3425,393.440000,210.735000,10.619000,193.846000
3426,729.432000,437.830000,9.110000,348.092000
3427,693.033000,424.480000,11.510000,318.723000
3428,662.003000,345.973000,11.480000,281.673000
3429,515.188000,318.752000,15.769000,301.813000
3430,549.987000,448.690000,19.480000,394.240000
3431,539.609000,352.612000,10.291000,232.784000
3432,474.137000,234.794000,14.640000,211.656000
3433,634.585000,351.712000,11.170000,288.554000
3434,391.651000,229.925000,10.720000,214.135000
3435,562.676000,325.782000,9.220000,297.964000
3436,645.356000,391.091000,6.730000,288.773000
3437,570.906000,340.612000,10.030000,265.464000
3438,768.883000,425.960000,12.689000,308.302000
3439,753.962000,411.331000,14.469000,385.051000
3440,730.383000,636.606000,26.610000,492.799000
3441,628.525000,393.221000,11.680000,307.752000
3442,724.083000,430.599000,18.660000,336.081000
3443,624.635000,391.181000,9.200000,306.544000
3444,762.441000,396.700000,9.060000,312.882000
3445,629.215000,370.832000,11.190000,278.412000
3446,746.082000,421.151000,9.760000,325.454000
3447,684.333000,398.381000,7.799000,343.433000
3448,479.808000,256.204000,8.590000,228.435000
3449,638.516000,374.421000,7.781000,320.211000
3450,660.884000,539.658000,17.971000,491.627000
3451,574.466000,348.842000,17.068000,295.533000
3452,516.789000,279.863000,13.140000,251.564000
3453,682.844000,404.321000,50.828000,375.951000
3454,645.846000,387.080000,10.920000,423.170000
3455,628.106000,367.861000,12.399000,313.003000
3456,625.176000,366.011000,7.590000,283.944000
3457,592.777000,366.250000,6.239000,311.673000
3458,656.195000,394.210000,9.000000,313.552000
3459,615.075000,365.911000,9.150000,280.215000
3460,726.524000,624.246000,14.130000,547.417000
3461,627.936000,480.229000,11.919000,427.160000
3462,630.915000,505.568000,13.529000,351.971000
3463,605.805000,348.832000,11.679000,273.313000
3464,520.619000,337.342000,16.769000,281.234000
3465,563.087000,369.231000,19.180000,318.493000
3466,468.658000,358.873000,13.088000,302.942000
3467,637.575000,412.621000,23.809000,315.133000
3468,670.844000,368.061000,13.430000,304.104000
3469,671.623000,370.391000,42.279000,318.933000
3470,721.733000,584.026000,16.049000,510.297000
3471,742.033000,437.620000,8.261000,294.272000
3472,600.036000,342.971000,9.811000,298.624000
3473,763.801000,423.200000,8.131000,314.544000
3474,520.218000,264.954000,12.260000,242.523000
3475,879.579000,352.702000,15.760000,288.673000
3476,514.799000,252.293000,10.850000,223.854000
3477,666.234000,350.871000,8.760000,276.204000
3478,612.065000,346.592000,12.550000,295.724000
3479,577.577000,351.721000,17.290000,315.533000
3480,672.314000,470.418000,25.310000,383.071000
3481,591.616000,292.513000,7.991000,257.014000
3482,607.076000,258.303000,16.000000,232.355000
3483,823.251000,429.780000,14.760000,320.852000
3484,352.702000,148.077000,14.040000,152.396000
3485,613.305000,286.204000,13.389000,247.265000
3486,468.539000,243.994000,9.610000,215.855000
3487,781.422000,393.111000,12.520000,304.313000
3488,596.366000,299.022000,13.479000,260.095000
3489,777.121000,441.970000,42.159000,393.240000
3490,651.174000,518.628000,16.219000,425.239000
3491,657.135000,512.587000,15.129000,345.242000
3492,736.003000,350.181000,13.719000,352.552000
3493,678.434000,443.250000,9.449000,341.502000
3494,642.515000,389.221000,11.890000,294.532000
3495,602.867000,310.722000,13.090000,276.834000
3496,545.406000,307.054000,12.629000,256.174000
3497,665.154000,369.452000,15.170000,305.463000
3498,625.595000,345.131000,13.080000,309.743000
3499,656.914000,289.013000,11.699000,227.335000
3500,732.292000,558.238000,14.059000,437.888000
3501,640.685000,310.513000,10.259000,290.103000
3502,684.194000,384.361000,13.600000,331.023000
3503,562.417000,311.872000,11.330000,253.974000
3504,655.104000,248.434000,12.730000,200.965000
3505,594.966000,290.953000,7.640000,271.354000
3506,640.835000,296.933000,8.139000,265.823000
3507,919.987000,537.569000,12.590000,400.511000
3508,745.671000,337.643000,22.428000,274.434000
3509,570.496000,296.803000,14.499000,257.184000
3510,778.723000,623.384000,22.480000,384.601000
3511,548.077000,255.194000,11.030000,246.834000
3512,729.214000,408.411000,11.760000,325.832000
3513,605.456000,346.111000,12.019000,340.463000
3514,567.336000,310.442000,12.140000,248.424000
3515,687.454000,384.410000,45.618000,332.512000
3516,717.444000,416.930000,9.180000,336.942000
3517,760.283000,371.792000,13.719000,295.003000
3518,450.229000,196.365000,8.579000,178.456000
3519,652.355000,327.302000,10.740000,291.103000
3520,641.905000,476.289000,19.889000,380.802000
3521,489.437000,206.475000,12.400000,196.376000
3522,603.655000,268.664000,6.540000,248.484000
3523,485.849000,245.334000,8.920000,220.705000
3524,717.473000,410.860000,15.750000,356.631000
3525,586.526000,335.373000,10.629000,274.584000
3526,617.685000,332.493000,13.059000,280.974000
3527,641.364000,322.691000,18.240000,278.274000
3528,480.779000,181.986000,17.810000,172.446000
3529,734.532000,383.001000,11.359000,393.762000
3530,718.802000,484.539000,22.340000,433.670000
3531,449.290000,323.342000,10.440000,253.714000
3532,717.623000,352.032000,13.349000,312.164000
3533,659.665000,367.371000,13.379000,305.152000
3534,677.594000,423.250000,14.010000,331.201000
3535,713.244000,397.871000,9.310000,311.752000
3536,625.925000,349.622000,10.730000,323.361000
3537,671.544000,356.482000,14.950000,406.860000
3538,602.706000,302.363000,7.970000,251.383000
3539,793.653000,383.252000,10.269000,305.153000
3540,642.565000,496.527000,18.680000,305.804000
3541,752.001000,333.952000,9.479000,311.992000
3542,829.571000,445.499000,7.580000,357.060000
3543,539.527000,327.182000,11.320000,257.355000
3544,600.086000,362.331000,12.230000,316.972000
3545,624.796000,366.701000,11.520000,280.732000
3546,632.215000,379.960000,9.720000,313.923000
3547,684.423000,351.003000,7.258000,309.583000
3548,552.746000,267.164000,7.299000,228.955000
3549,542.557000,287.944000,11.541000,246.985000
3550,447.139000,328.152000,16.500000,373.372000
3551,668.944000,530.777000,13.260000,303.963000
3552,592.806000,303.293000,18.339000,272.794000
3553,644.095000,359.901000,12.430000,298.713000
3554,610.676000,326.542000,11.390000,280.514000
3555,846.120000,449.549000,11.850000,323.763000
3556,1343.328000,347.562000,16.620000,256.514000
3557,442.229000,218.665000,9.840000,198.505000
3558,586.476000,263.374000,8.210000,227.934000
3559,715.163000,478.159000,13.459000,329.912000
3560,679.265000,557.647000,15.329000,396.450000
3561,665.525000,340.122000,9.270000,301.814000
3562,620.976000,332.963000,9.320000,281.023000
3563,538.528000,319.363000,61.038000,283.274000
3564,561.586000,353.741000,9.409000,281.574000
3565,630.705000,364.611000,8.070000,289.622000
3566,572.367000,300.932000,13.100000,276.344000
3567,448.309000,261.254000,10.680000,241.715000
3568,596.145000,287.654000,7.840000,235.184000
3569,784.312000,360.481000,14.989000,285.652000
3570,544.106000,200.025000,19.289000,207.875000
3571,647.975000,339.862000,9.899000,294.103000
3572,762.091000,364.201000,9.350000,334.033000
3573,590.097000,444.789000,8.679000,311.913000
3574,667.085000,398.060000,11.430000,342.902000
3575,456.760000,201.506000,18.639000,189.396000
3576,528.717000,306.984000,11.609000,281.733000
3577,754.192000,392.431000,14.729000,351.081000
3578,492.749000,215.485000,12.829000,199.375000
3579,676.804000,397.102000,8.288000,301.454000
3580,810.511000,378.272000,23.390000,264.393000
3581,658.295000,358.561000,11.461000,353.543000
3582,759.922000,310.424000,11.928000,259.074000
3583,469.439000,294.632000,14.139000,275.874000
3584,532.057000,310.463000,14.480000,267.524000
3585,410.760000,237.314000,9.440000,221.786000
3586,555.227000,298.203000,15.019000,240.625000
3587,663.805000,377.300000,16.080000,314.382000
3588,439.220000,230.136000,8.929000,206.275000
3589,618.765000,363.691000,9.540000,321.682000
3590,727.152000,544.568000,16.410000,465.178000
3591,634.815000,393.130000,12.019000,288.564000
3592,616.076000,340.341000,35.060000,285.725000
3593,543.577000,314.792000,11.890000,262.454000
3594,718.253000,473.737000,8.589000,352.202000
3595,744.922000,433.230000,8.479000,377.561000
3596,569.356000,340.203000,9.970000,291.803000
3597,606.706000,344.253000,15.100000,297.743000
3598,869.730000,542.717000,10.160000,421.270000
3599,699.924000,451.910000,13.608000,334.773000
3600,633.225000,504.848000,63.647000,333.133000
3601,720.423000,308.753000,11.790000,309.072000
3602,544.757000,270.892000,7.569000,245.525000
3603,520.998000,266.923000,11.800000,242.254000
3604,614.936000,344.312000,9.280000,264.125000
3605,651.395000,365.551000,15.009000,314.552000
3606,369.763000,165.926000,9.500000,166.316000
3607,504.627000,276.123000,8.940000,289.964000
3608,715.942000,339.402000,8.530000,292.424000
3609,400.330000,210.505000,12.009000,203.355000
3610,656.955000,502.259000,19.891000,307.562000
3611,357.901000,145.027000,14.710000,164.736000
3612,410.550000,204.105000,8.689000,195.295000
3613,510.177000,277.374000,9.011000,259.914000
3614,665.584000,411.310000,12.621000,312.483000
3615,610.056000,344.672000,15.119000,302.024000
3616,578.546000,313.782000,10.499000,265.984000
3617,397.572000,173.686000,17.340000,167.588000
3618,475.628000,249.384000,8.540000,221.305000
3619,560.286000,335.383000,12.489000,297.114000
3620,679.603000,344.662000,62.828000,345.511000
3621,626.755000,260.494000,14.338000,253.494000
3622,748.633000,406.381000,12.479000,388.592000
3623,700.743000,410.731000,9.570000,354.591000
3624,706.794000,439.170000,12.450000,336.071000
3625,528.909000,265.154000,15.008000,249.135000
3626,764.844000,376.570000,8.600000,308.373000
3627,662.395000,355.671000,7.460000,297.113000
3628,831.471000,320.452000,11.270000,237.645000
3629,549.447000,267.084000,11.080000,231.104000
3630,917.508000,313.052000,20.340000,270.874000
3631,655.655000,318.172000,10.320000,263.374000
3632,583.066000,323.283000,6.050000,274.483000
3633,754.373000,375.511000,15.759000,341.772000
3634,589.766000,354.083000,14.470000,294.373000
3635,670.624000,397.171000,11.939000,332.932000
3636,583.716000,348.183000,49.189000,293.834000
3637,493.319000,293.193000,12.129000,255.785000
3638,411.421000,227.605000,9.589000,230.624000
3639,663.615000,369.752000,8.850000,299.093000
3640,670.824000,532.107000,22.709000,467.440000
3641,861.790000,311.602000,16.800000,321.802000
3642,698.244000,360.681000,17.239000,304.714000
3643,596.675000,357.881000,14.649000,372.711000
3644,724.894000,371.532000,14.060000,335.391000
3645,615.746000,314.693000,13.650000,266.124000
3646,536.827000,328.952000,13.639000,306.453000
3647,715.993000,366.622000,11.169000,297.192000
3648,481.069000,271.683000,15.389000,241.575000
3649,560.396000,285.434000,18.611000,257.533000
3650,708.443000,422.201000,26.140000,293.624000
3651,619.695000,270.493000,11.730000,257.174000
3652,565.437000,314.622000,7.470000,297.883000
3653,496.968000,251.025000,6.780000,218.755000
3654,444.189000,219.816000,15.130000,187.176000
3655,434.300000,223.535000,9.280000,206.425000
3656,562.226000,345.653000,12.860000,272.943000
3657,666.396000,369.011000,16.540000,325.182000
3658,576.428000,320.852000,15.430000,295.693000
3659,411.380000,199.346000,18.519000,179.476000
3660,416.709000,315.393000,15.890000,268.814000
3661,604.825000,352.931000,18.890000,287.324000
3662,613.635000,338.404000,13.680000,319.612000
3663,686.825000,361.572000,5.811000,299.292000
3664,432.210000,209.956000,4.509000,183.116000
3665,791.022000,461.439000,8.490000,330.693000
3666,762.452000,452.850000,11.350000,357.711000
3667,650.565000,360.151000,8.700000,310.283000
3668,582.026000,356.332000,9.030000,266.674000
3669,642.405000,289.053000,9.130000,225.115000
3670,474.229000,249.584000,19.919000,224.395000
3671,797.551000,371.002000,15.229000,312.421000
3672,620.725000,357.482000,13.939000,306.404000
3673,536.427000,312.063000,13.398000,251.405000
3674,596.897000,323.673000,18.040000,290.722000
3675,824.891000,400.459000,16.559000,309.203000
3676,773.321000,396.660000,13.230000,331.093000
3677,583.975000,281.702000,9.870000,253.665000
3678,698.744000,371.512000,43.539000,310.353000
3679,821.762000,414.920000,13.740000,362.051000
3680,692.595000,547.776000,49.429000,420.040000
3681,625.745000,349.641000,13.289000,310.563000
3682,832.830000,320.032000,17.720000,301.613000
3683,586.417000,345.171000,11.420000,292.163000
3684,647.184000,383.621000,8.960000,320.183000
3685,544.596000,308.163000,8.929000,256.984000
3686,448.080000,262.844000,12.400000,247.284000
3687,757.601000,441.810000,11.100000,331.202000
3688,568.927000,302.114000,7.000000,248.395000
3689,499.567000,203.855000,13.319000,200.065000
3690,677.504000,583.706000,20.530000,501.969000
3691,632.556000,334.392000,13.739000,314.084000
3692,487.818000,273.374000,8.449000,264.654000
3693,623.565000,349.422000,8.499000,285.973000
3694,674.964000,421.830000,10.220000,317.833000
3695,572.466000,311.502000,11.950000,240.725000
3696,580.466000,338.292000,13.210000,281.413000
3697,583.487000,316.633000,20.490000,292.123000
3698,624.996000,348.493000,13.690000,297.532000
3699,511.148000,259.022000,12.670000,216.764000
3700,678.974000,384.811000,17.110000,345.472000
3701,608.596000,313.392000,8.770000,268.504000
3702,838.920000,425.630000,13.530000,334.222000
3703,646.265000,403.610000,8.710000,392.331000
3704,544.447000,289.524000,8.839000,233.174000
3705,756.123000,417.889000,7.691000,339.832000
3706,633.895000,326.803000,8.270000,263.394000
3707,485.767000,215.455000,11.110000,191.735000
3708,549.718000,301.042000,8.580000,321.623000
3709,690.943000,386.441000,6.790000,314.513000
3710,748.653000,618.595000,92.318000,489.649000
3711,660.965000,379.131000,22.229000,321.462000
3712,739.473000,412.471000,15.639000,348.592000
3713,1405.767000,457.549000,20.969000,330.682000
3714,680.163000,414.720000,12.868000,347.253000
3715,599.896000,355.231000,7.729000,271.354000
3716,591.466000,341.301000,10.780000,278.053000
3717,505.098000,240.284000,8.210000,214.176000
3718,527.587000,303.133000,7.509000,242.045000
3719,532.107000,303.404000,15.760000,266.493000
3720,731.673000,602.876000,17.020000,423.710000
3721,631.605000,359.252000,11.940000,313.772000
3722,607.816000,353.253000,14.359000,289.764000
3723,605.375000,336.122000,19.380000,315.033000
3724,586.286000,353.541000,9.570000,265.565000
3725,853.900000,408.621000,15.770000,318.442000
3726,1067.845000,336.362000,18.320000,266.434000
3727,634.825000,366.892000,10.480000,307.723000
3728,475.228000,240.704000,10.560000,220.335000
3729,750.822000,411.301000,10.780000,347.063000
3730,678.094000,523.408000,16.720000,373.530000
3731,701.344000,340.622000,46.740000,325.083000
3732,537.498000,304.632000,13.450000,256.675000
3733,421.140000,237.115000,15.619000,201.894000
3734,510.258000,287.404000,12.691000,255.263000
3735,669.624000,443.570000,10.530000,361.262000
3736,569.767000,326.242000,11.170000,271.963000
3737,804.661000,442.650000,12.530000,392.432000
3738,915.278000,373.351000,19.091000,297.103000
3739,676.964000,417.360000,10.579000,347.863000
3740,550.796000,435.350000,16.100000,344.392000
3741,602.906000,254.424000,16.320000,203.325000
3742,492.227000,256.664000,9.760000,217.065000
3743,560.296000,308.853000,9.529000,278.592000
3744,769.033000,411.870000,9.870000,336.122000
3745,551.957000,291.564000,16.290000,248.545000
3746,595.466000,354.931000,11.470000,284.074000
3747,560.316000,339.992000,13.699000,288.805000
3748,484.808000,283.883000,12.830000,256.244000
3749,485.828000,254.863000,12.480000,266.184000
3750,755.082000,605.826000,12.829000,522.738000
3751,634.265000,363.271000,10.650000,378.112000
3752,575.996000,339.862000,12.809000,322.124000
3753,579.356000,348.961000,10.430000,274.974000
3754,589.525000,371.311000,8.851000,278.005000
3755,453.758000,267.544000,15.679000,233.855000
3756,556.175000,347.301000,15.220000,346.073000
3757,458.038000,308.643000,12.760000,254.724000
3758,497.058000,287.284000,49.258000,229.384000
3759,463.389000,275.194000,10.430000,241.024000
3760,651.744000,529.137000,23.810000,327.452000
3761,660.775000,375.322000,10.350000,320.883000
3762,732.232000,412.071000,8.451000,323.792000
3763,682.595000,398.021000,9.060000,372.401000
3764,583.006000,340.983000,10.030000,295.122000
3765,564.647000,323.712000,16.219000,281.514000
3766,652.913000,365.652000,8.880000,282.122000
3767,775.413000,471.288000,12.250000,443.240000
3768,635.035000,366.012000,12.810000,311.053000
3769,528.508000,241.744000,19.430000,211.025000
3770,729.373000,587.456000,17.569000,480.650000
3771,494.129000,263.585000,14.520000,249.253000
3772,578.636000,346.841000,10.289000,293.373000
3773,540.176000,294.534000,9.260000,249.783000
3774,621.886000,371.783000,17.139000,292.282000
3775,725.403000,488.638000,9.759000,344.312000
3776,461.469000,243.385000,8.020000,211.125000
3777,695.513000,423.580000,10.439000,355.183000
3778,679.214000,397.180000,11.249000,302.814000
3779,672.555000,391.751000,9.310000,354.822000
3780,678.955000,555.257000,20.969000,417.820000
3781,550.047000,316.393000,16.290000,294.402000
3782,555.417000,324.462000,14.250000,328.192000
3783,591.167000,361.112000,48.768000,305.743000
3784,663.625000,433.219000,51.358000,349.383000
3785,636.435000,407.340000,8.230000,312.473000
3786,606.646000,313.083000,6.050000,273.123000
3787,632.065000,366.792000,8.680000,277.503000
3788,622.025000,306.923000,10.251000,227.884000
3789,644.375000,310.643000,13.780000,255.873000
3790,433.150000,326.512000,13.089000,272.814000
3791,650.655000,363.712000,44.089000,284.384000
3792,445.019000,222.614000,13.780000,205.206000
3793,371.242000,214.455000,10.589000,195.617000
3794,624.004000,384.552000,8.180000,321.842000
3795,531.648000,331.612000,11.559000,258.113000
3796,468.018000,249.395000,13.880000,208.655000
3797,499.498000,270.864000,9.300000,229.964000
3798,535.027000,308.403000,9.940000,237.325000
3799,661.054000,400.760000,9.200000,315.673000
3800,718.903000,532.358000,16.429000,392.490000
3801,735.734000,370.131000,12.190000,420.050000
3802,550.227000,322.242000,16.030000,281.833000
3803,670.245000,395.880000,15.320000,341.382000
3804,523.857000,314.823000,13.040000,262.323000
3805,510.338000,296.483000,9.820000,238.764000
3806,524.448000,302.532000,11.619000,280.974000
3807,374.271000,218.234000,12.350000,197.415000
3808,793.571000,479.209000,9.060000,345.660000
3809,743.234000,392.601000,13.730000,320.492000
3810,523.787000,391.881000,22.999000,262.284000
3811,595.847000,338.502000,10.610000,280.335000
3812,626.246000,375.571000,11.230000,335.582000
3813,682.935000,434.100000,10.470000,381.051000
3814,495.798000,265.453000,7.680000,220.035000
3815,667.855000,368.601000,10.650000,299.883000
3816,582.327000,358.992000,10.589000,304.974000
3817,800.061000,480.809000,9.160000,357.162000
3818,551.877000,292.503000,10.350000,300.304000
3819,599.896000,360.511000,9.150000,300.834000
3820,720.964000,543.157000,12.130000,451.090000
3821,464.280000,253.643000,17.260000,223.225000
3822,672.235000,367.682000,8.820000,296.264000
3823,770.532000,413.791000,12.829000,318.692000
3824,730.333000,390.531000,18.169000,298.892000
3825,639.775000,373.311000,11.020000,309.943000
3826,699.643000,386.751000,11.781000,330.673000
3827,466.759000,256.154000,10.531000,220.705000
3828,605.176000,383.201000,10.790000,301.923000
3829,611.075000,366.540000,14.190000,294.253000
3830,731.482000,643.755000,22.359000,525.177000
3831,616.205000,337.772000,17.639000,295.212000
3832,524.419000,271.113000,11.460000,240.684000
3833,580.616000,349.463000,12.729000,286.922000
3834,730.143000,445.740000,10.320000,334.002000
3835,533.819000,326.883000,9.301000,260.444000
3836,828.720000,490.678000,14.160000,359.832000
3837,521.818000,394.561000,13.970000,312.183000
3838,453.929000,250.735000,11.491000,205.694000
3839,540.077000,307.993000,9.009000,249.654000
3840,584.986000,454.500000,17.608000,410.831000
3841,612.285000,472.320000,17.229000,426.420000
3842,800.232000,697.664000,11.030000,499.678000
3843,441.389000,211.515000,9.150000,198.696000
3844,391.131000,200.235000,8.350000,186.806000
3845,680.345000,483.537000,52.820000,439.080000
3846,735.653000,421.740000,12.709000,360.163000
3847,550.057000,301.534000,6.509000,236.994000
3848,733.563000,388.101000,10.580000,373.221000
3849,606.645000,315.104000,15.809000,260.784000
3850,637.304000,496.859000,17.789000,415.880000
3851,355.332000,166.256000,9.540000,173.946000
3852,647.156000,363.212000,9.508000,300.794000
3853,621.175000,370.182000,13.379000,304.143000
3854,557.966000,346.061000,14.489000,343.793000
3855,598.706000,355.902000,16.540000,299.683000
3856,526.027000,311.922000,10.591000,263.105000
3857,664.594000,386.861000,12.600000,308.243000
3858,846.070000,560.157000,8.878000,439.560000
3859,1049.835000,560.197000,12.100000,335.732000
3860,917.728000,698.415000,17.789000,461.089000
3861,625.435000,344.181000,9.210000,294.064000
3862,611.476000,320.122000,53.780000,341.332000
3863,526.128000,271.053000,12.390000,265.424000
3864,688.574000,256.624000,14.259000,209.725000
3865,614.646000,353.581000,8.860000,337.753000
3866,439.001000,225.454000,9.530000,193.725000
3867,658.875000,390.261000,10.539000,309.723000
3868,686.683000,414.690000,10.050000,320.983000
3869,694.053000,385.162000,12.830000,301.682000
3870,575.776000,438.910000,19.600000,386.562000
3871,522.317000,242.024000,10.589000,201.625000
3872,561.377000,274.493000,8.421000,241.814000
3873,588.366000,347.992000,7.941000,319.661000
3874,410.120000,235.305000,8.170000,203.316000
3875,754.363000,521.287000,15.560000,354.981000
3876,546.157000,306.283000,15.371000,250.804000
3877,670.654000,358.882000,13.430000,330.782000
3878,426.250000,230.884000,14.760000,212.095000
3879,508.509000,285.602000,10.990000,262.765000
3880,585.717000,456.739000,20.009000,402.151000
3881,593.997000,317.052000,10.679000,295.183000
3882,644.394000,373.743000,10.879000,309.393000
3883,683.054000,354.421000,9.510000,270.215000
3884,713.182000,413.310000,10.880000,337.421000
3885,643.565000,340.822000,12.489000,275.132000
3886,551.767000,278.284000,7.699000,312.664000
3887,723.523000,416.110000,8.880000,316.992000
3888,710.873000,373.711000,12.269000,281.044000
3889,489.407000,244.245000,6.640000,209.435000
3890,626.025000,340.712000,14.180000,291.183000
3891,690.674000,385.931000,13.850000,400.541000
3892,418.120000,237.225000,13.330000,189.485000
3893,420.640000,197.685000,11.390000,195.696000
3894,586.136000,324.463000,12.179000,277.685000
3895,799.590000,469.650000,6.200000,365.831000
3896,810.210000,523.428000,9.760000,425.970000
3897,584.655000,313.602000,8.829000,272.834000
3898,719.114000,366.931000,10.270000,331.382000
3899,585.966000,370.001000,10.170000,302.063000
3900,684.135000,608.285000,18.290000,397.450000
3901,637.865000,285.125000,15.220000,287.133000
3902,657.676000,359.493000,9.799000,306.574000
3903,425.780000,217.044000,7.819000,185.986000
3904,720.022000,423.880000,10.340000,318.863000
3905,526.238000,284.633000,9.320000,239.044000
3906,579.795000,320.432000,61.049000,308.992000
3907,784.421000,376.602000,14.380000,306.802000
3908,536.307000,285.024000,8.560000,248.605000
3909,586.476000,274.994000,9.460000,288.533000
3910,984.756000,519.519000,19.149000,359.341000
3911,691.424000,362.982000,9.190000,388.831000
3912,556.436000,323.413000,8.251000,261.054000
3913,600.596000,293.834000,15.270000,242.034000
3914,509.438000,291.674000,40.510000,243.664000
3915,460.840000,268.684000,10.040000,246.444000
3916,448.409000,270.914000,10.360000,229.354000
3917,785.532000,442.970000,11.701000,447.659000
3918,626.685000,354.251000,15.470000,298.582000
3919,669.633000,392.641000,11.861000,321.343000
3920,596.735000,455.961000,18.810000,361.411000
3921,716.494000,467.299000,13.480000,327.272000
3922,628.755000,372.041000,18.080000,427.639000
3923,612.055000,330.523000,11.229000,296.922000
3924,531.677000,341.072000,13.450000,284.623000
3925,609.336000,376.931000,14.168000,297.693000
3926,782.671000,414.550000,15.679000,343.712000
3927,631.765000,330.573000,13.400000,331.622000
3928,632.164000,363.502000,9.320000,309.223000
3929,695.603000,271.864000,15.939000,232.655000
3930,533.288000,441.129000,24.290000,387.950000
3931,459.819000,335.812000,17.489000,256.184000
3932,614.546000,329.993000,11.869000,292.242000
3933,799.391000,330.113000,13.910000,258.513000
3934,636.195000,363.502000,13.399000,319.313000
3935,663.444000,373.720000,9.809000,299.824000
3936,492.748000,247.925000,7.550000,211.155000
3937,483.210000,229.155000,8.629000,210.895000
3938,606.566000,327.052000,8.200000,260.654000
3939,644.153000,310.893000,11.190000,281.634000
3940,490.019000,389.010000,15.640000,242.935000
3941,610.866000,297.624000,9.270000,296.792000
3942,464.260000,221.816000,8.000000,230.595000
3943,783.721000,421.980000,11.319000,302.623000
3944,658.085000,381.381000,8.430000,285.133000
3945,619.746000,354.051000,8.830000,346.021000
3946,593.426000,390.761000,10.950000,316.462000
3947,470.899000,230.095000,8.989000,205.125000
3948,815.341000,379.422000,11.859000,323.263000
3949,689.964000,373.060000,46.870000,321.952000
3950,501.168000,271.584000,16.529000,241.064000
3951,601.066000,339.103000,13.289000,298.892000
3952,540.648000,352.221000,15.560000,308.133000
3953,665.405000,409.991000,13.970000,348.311000
3954,671.305000,458.359000,10.430000,356.031000
3955,596.286000,349.912000,11.390000,296.864000
3956,459.840000,246.284000,9.010000,224.835000
3957,761.272000,399.891000,9.419000,355.302000
3958,671.274000,407.950000,10.160000,301.292000
3959,656.084000,334.152000,15.000000,322.913000
3960,740.074000,571.036000,15.930000,424.310000
3961,697.144000,411.439000,11.580000,365.302000
3962,720.343000,457.000000,10.860000,350.891000
3963,866.970000,571.096000,9.430000,428.320000
3964,720.593000,513.177000,10.969000,356.552000
3965,685.663000,413.051000,16.200000,329.252000
3966,439.870000,233.565000,10.520000,197.165000
3967,736.863000,412.441000,11.719000,321.273000
3968,695.944000,414.280000,12.009000,379.532000
3969,514.668000,246.354000,13.821000,209.076000
3970,660.633000,524.228000,17.139000,417.631000
3971,653.084000,324.783000,10.610000,284.943000
3972,683.235000,399.060000,7.670000,427.510000
3973,662.705000,416.320000,9.870000,327.532000
3974,640.205000,404.101000,13.100000,338.221000
3975,724.474000,473.160000,48.988000,426.419000
3976,608.575000,377.042000,14.379000,308.442000
3977,489.069000,261.203000,10.520000,221.896000
3978,535.828000,310.153000,11.359000,261.124000
3979,460.519000,271.443000,13.990000,241.644000
3980,628.414000,351.501000,18.980000,304.713000
3981,1350.307000,367.833000,17.980000,270.684000
3982,731.314000,468.469000,13.789000,361.022000
3983,751.222000,445.169000,11.310000,345.472000
3984,624.465000,335.442000,7.779000,296.724000
3985,634.905000,388.140000,11.490000,339.852000
3986,580.947000,342.713000,10.729000,290.043000
3987,649.496000,388.530000,14.120000,349.912000
3988,530.969000,269.714000,11.009000,237.274000
3989,582.786000,352.643000,13.070000,287.263000
3990,707.214000,373.601000,27.970000,316.242000
3991,438.150000,209.625000,12.600000,198.235000
3992,457.360000,257.004000,9.099000,229.654000
3993,621.455000,312.744000,10.550000,296.222000
3994,518.578000,251.145000,12.020000,227.124000
3995,574.538000,375.400000,12.529000,291.173000
3996,637.075000,413.310000,9.309000,310.403000
3997,520.547000,314.884000,9.410000,309.992000
3998,647.384000,363.191000,8.590000,280.764000
3999,733.192000,418.980000,2625.188000,570.356000
4000,643.996000,485.279000,16.539000,380.191000
4001,424.990000,213.865000,11.159000,188.365000
4002,543.697000,311.472000,10.261000,273.053000
4003,524.357000,276.993000,8.299000,231.545000
4004,593.137000,361.501000,14.180000,312.493000
4005,739.532000,425.920000,12.429000,313.782000
4006,777.491000,493.099000,8.360000,318.532000
4007,595.147000,359.111000,13.380000,284.762000
4008,591.106000,370.363000,10.101000,300.713000
4009,638.095000,293.954000,11.629000,230.734000
4010,618.256000,490.367000,58.309000,328.302000
4011,695.914000,393.331000,49.969000,353.831000
4012,580.876000,323.963000,10.630000,329.692000
4013,702.944000,449.419000,9.689000,348.063000
4014,652.113000,413.031000,11.798000,314.673000
4015,600.936000,349.551000,9.559000,280.925000
4016,473.359000,239.545000,12.009000,219.715000
4017,675.244000,401.991000,7.950000,310.743000
4018,506.218000,261.775000,14.100000,292.834000
4019,702.133000,449.330000,6.800000,318.122000
4020,722.702000,372.822000,14.530000,309.263000
4021,872.530000,415.070000,11.570000,326.622000
4022,653.415000,376.902000,9.749000,315.101000
4023,598.536000,292.683000,7.250000,237.604000
4024,706.943000,477.929000,11.770000,386.951000
4025,506.840000,283.313000,14.260000,273.624000
4026,585.986000,340.032000,8.100000,275.464000
4027,499.668000,304.544000,8.640000,266.764000
4028,554.876000,328.451000,11.290000,255.634000
4029,694.925000,416.011000,7.960000,345.352000
4030,874.029000,544.348000,25.079000,362.902000
4031,559.057000,302.604000,7.289000,279.683000
4032,688.244000,407.211000,8.550000,365.402000
4033,435.610000,210.575000,6.200000,182.186000
4034,811.821000,362.831000,14.360000,308.742000
4035,618.896000,370.542000,11.030000,307.192000
4036,519.829000,327.703000,7.510000,281.004000
4037,514.448000,271.384000,7.751000,241.865000
4038,496.229000,288.512000,8.380000,250.614000
4039,648.655000,391.721000,9.629000,297.902000
4040,640.485000,476.469000,19.360000,386.310000
4041,464.839000,275.063000,10.450000,330.083000
4042,579.186000,313.032000,8.390000,295.374000
4043,788.992000,443.570000,10.200000,358.471000
4044,627.875000,376.160000,7.669000,295.324000
4045,690.524000,402.131000,9.470000,302.203000
4046,662.004000,365.491000,7.680000,302.533000
4047,745.453000,457.829000,8.340000,368.461000
4048,816.911000,410.700000,8.890000,323.462000
4049,480.519000,266.993000,8.581000,238.385000
4050,440.531000,326.301000,19.340000,304.233000
4051,768.622000,619.585000,15.180000,539.227000
4052,647.204000,407.811000,10.580000,347.901000
4053,524.958000,306.953000,8.370000,248.825000
4054,778.941000,467.650000,8.030000,346.932000
4055,398.581000,248.705000,8.700000,204.145000
4056,563.026000,339.063000,7.980000,284.362000
4057,655.885000,391.441000,9.200000,307.493000
4058,588.716000,349.642000,62.539000,318.872000
4059,717.823000,412.591000,7.470000,311.252000
4060,664.185000,539.787000,15.759000,421.300000
4061,556.567000,309.903000,10.869000,271.015000
4062,566.417000,343.183000,13.208000,302.523000
4063,509.529000,330.722000,14.480000,287.782000
4064,477.619000,279.144000,15.830000,267.073000
4065,435.079000,229.465000,12.489000,209.635000
4066,744.672000,429.720000,8.480000,312.013000
4067,606.595000,340.061000,6.021000,294.724000
4068,509.098000,271.465000,10.640000,243.574000
4069,691.084000,423.900000,10.139000,313.453000
4070,870.990000,697.023000,17.169000,394.611000
4071,624.265000,368.730000,13.479000,314.304000
4072,612.846000,354.491000,11.970000,315.912000
4073,625.455000,373.973000,15.879000,310.533000
4074,491.347000,293.073000,12.660000,231.005000
4075,446.369000,231.404000,10.270000,204.985000
4076,620.226000,350.781000,13.210000,303.882000
4077,428.521000,237.314000,27.599000,213.915000
4078,1099.495000,320.443000,12.190000,239.505000
4079,1197.842000,387.050000,17.169000,296.823000
4080,579.618000,442.000000,19.769000,329.462000
4081,743.321000,294.263000,21.970000,256.143000
4082,584.766000,374.191000,12.619000,278.344000
4083,776.952000,445.129000,14.501000,389.011000
4084,649.164000,410.700000,14.050000,325.583000
4085,553.666000,309.114000,10.499000,267.092000
4086,671.824000,399.290000,10.731000,335.761000
4087,631.515000,379.121000,13.540000,333.973000
4088,590.167000,365.871000,8.851000,284.272000
4089,601.097000,352.111000,55.119000,279.372000
4090,700.354000,528.617000,17.309000,422.480000
4091,738.912000,390.461000,13.639000,268.643000
4092,512.728000,273.223000,8.380000,229.046000
4093,761.681000,472.389000,9.870000,342.491000
4094,609.346000,368.821000,11.680000,296.652000
4095,576.167000,336.892000,8.731000,299.022000
4096,627.536000,383.952000,7.590000,314.912000
4097,526.587000,336.943000,6.699000,292.582000
4098,560.018000,322.751000,9.720000,318.512000
4099,550.528000,358.581000,48.319000,346.211000
4100,563.466000,437.330000,21.770000,362.581000
4101,722.153000,398.480000,11.430000,349.621000
4102,329.472000,179.547000,13.509000,170.126000
4103,584.486000,312.933000,9.200000,257.253000
4104,573.307000,367.041000,6.930000,264.234000
4105,589.976000,346.731000,8.590000,320.143000
4106,558.407000,311.604000,7.819000,245.166000
4107,583.966000,344.893000,59.158000,281.153000
4108,609.296000,368.051000,7.960000,305.484000
4109,570.695000,316.141000,12.619000,277.834000
4110,928.619000,592.036000,19.210000,431.319000
4111,461.570000,221.025000,12.849000,202.696000
4112,756.512000,453.390000,8.311000,376.071000
4113,644.335000,400.811000,20.850000,333.222000
4114,452.770000,280.453000,13.579000,255.084000
4115,735.982000,399.170000,15.420000,309.163000
4116,452.339000,191.005000,12.950000,179.926000
4117,1150.692000,415.071000,14.220000,372.101000
4118,514.908000,271.943000,8.230000,229.085000
4119,707.683000,408.480000,8.040000,400.001000
4120,571.996000,465.539000,15.440000,448.980000
4121,667.254000,606.025000,10.050000,454.649000
4122,483.029000,258.864000,15.590000,235.315000
4123,695.812000,580.286000,12.439000,431.740000
4124,513.348000,306.472000,14.250000,264.874000
4125,449.319000,313.093000,46.909000,272.073000
4126,522.868000,334.022000,11.579000,273.314000
4127,766.262000,510.729000,10.979000,410.940000
4128,661.614000,355.722000,5.751000,285.023000
4129,718.853000,398.581000,6.450000,338.572000
4130,704.883000,499.308000,20.399000,441.200000
4131,619.005000,493.219000,13.360000,336.812000
4132,536.487000,260.214000,9.660000,231.434000
4133,598.285000,300.682000,9.221000,263.354000
4134,511.318000,270.833000,10.940000,232.515000
4135,647.105000,373.391000,6.820000,342.971000
4136,693.074000,370.731000,9.470000,346.752000
4137,684.044000,381.693000,10.729000,309.153000
4138,570.615000,306.483000,7.820000,300.892000
4139,663.674000,315.193000,7.949000,251.703000
4140,876.630000,510.498000,19.870000,330.983000
4141,615.835000,278.072000,11.450000,265.594000
4142,552.907000,267.933000,9.239000,248.684000
4143,727.253000,399.761000,14.289000,333.713000
4144,705.613000,462.439000,14.679000,352.102000
4145,654.865000,456.320000,8.010000,284.613000
4146,571.246000,324.334000,10.609000,259.354000
4147,566.766000,289.093000,7.380000,262.095000
4148,616.856000,335.622000,7.849000,279.605000
4149,579.717000,288.794000,13.999000,262.414000
4150,723.814000,607.606000,15.979000,580.927000
4151,706.043000,464.979000,12.449000,311.913000
4152,709.644000,421.040000,9.390000,323.762000
4153,627.695000,324.223000,11.409000,251.404000
4154,466.699000,233.315000,16.790000,199.456000
4155,552.297000,306.964000,11.979000,245.874000
4156,739.333000,428.159000,10.839000,350.211000
4157,700.093000,400.371000,14.579000,352.801000
4158,673.044000,415.520000,11.141000,311.103000
4159,721.573000,424.730000,8.189000,341.273000
4160,711.094000,579.556000,20.730000,438.008000
4161,409.241000,191.496000,13.029000,206.175000
4162,610.945000,367.733000,11.389000,298.002000
4163,418.371000,270.404000,14.640000,249.513000
4164,694.864000,385.081000,12.280000,302.653000
4165,627.426000,335.771000,14.610000,251.984000
4166,638.084000,390.512000,7.050000,307.372000
4167,674.044000,402.351000,12.280000,334.333000
4168,571.467000,313.152000,10.539000,262.684000
4169,570.646000,261.274000,9.369000,220.655000
4170,682.173000,567.306000,24.930000,529.108000
4171,788.621000,465.259000,16.730000,389.381000
4172,503.517000,314.874000,14.939000,281.023000
4173,632.895000,393.462000,16.758000,352.443000
4174,561.027000,340.252000,12.010000,265.495000
4175,712.663000,444.010000,46.869000,349.331000
4176,628.975000,321.553000,8.960000,278.513000
4177,944.289000,406.080000,10.529000,301.813000
4178,640.726000,305.172000,11.269000,247.375000
4179,607.016000,329.822000,7.240000,317.733000
4180,638.915000,498.639000,15.560000,340.592000
4181,581.687000,324.982000,10.630000,271.544000
4182,554.586000,378.021000,11.370000,272.134000
4183,503.719000,335.871000,12.370000,279.233000
4184,639.323000,390.653000,14.359000,304.283000
4185,720.933000,470.760000,10.790000,353.551000
4186,686.925000,434.091000,9.331000,333.422000
4187,722.563000,460.040000,8.260000,321.173000
4188,810.560000,452.119000,8.470000,320.372000
4189,770.743000,300.602000,11.880000,257.934000
4190,688.284000,550.948000,18.659000,411.911000
4191,655.194000,365.242000,12.790000,305.533000
4192,647.435000,347.511000,13.740000,282.704000
4193,528.137000,296.744000,9.920000,247.013000
4194,543.198000,285.653000,8.280000,235.664000
4195,677.285000,391.861000,13.029000,313.832000
4196,689.364000,403.951000,12.680000,318.102000
4197,739.623000,458.349000,12.938000,389.542000
4198,628.905000,390.220000,46.479000,328.593000
4199,473.750000,247.443000,8.020000,221.845000
4200,791.092000,484.238000,16.080000,401.170000
4201,710.164000,408.400000,9.780000,351.902000
4202,716.694000,427.209000,7.889000,314.833000
4203,636.345000,462.609000,17.209000,251.325000
4204,698.104000,403.581000,13.330000,334.832000
4205,670.065000,413.731000,10.820000,348.371000
4206,624.895000,411.560000,10.979000,319.062000
4207,871.960000,539.977000,11.740000,388.881000
4208,650.246000,427.811000,9.229000,362.801000
4209,589.836000,354.311000,11.340000,290.474000
4210,669.625000,574.387000,22.929000,511.269000
4211,728.073000,492.699000,16.870000,366.220000
4212,899.560000,426.570000,11.529000,310.792000
4213,838.040000,467.869000,10.520000,337.462000
4214,403.040000,194.266000,6.760000,174.045000
4215,839.731000,496.699000,8.650000,374.661000
4216,762.282000,334.232000,14.259000,285.774000
4217,620.616000,374.081000,10.670000,311.824000
4218,622.096000,383.270000,10.150000,270.814000
4219,562.806000,341.871000,10.800000,294.824000
4220,523.518000,295.134000,19.039000,253.214000
4221,462.509000,269.284000,10.251000,238.304000
4222,565.147000,283.193000,9.330000,247.603000
4223,559.488000,322.661000,10.850000,313.342000
4224,606.467000,345.252000,12.970000,289.802000
4225,467.199000,258.655000,5.231000,218.835000
4226,553.327000,291.274000,8.460000,245.905000
4227,652.684000,393.952000,7.570000,320.442000
4228,685.684000,369.200000,14.019000,305.253000
4229,737.653000,471.449000,6.490000,353.303000
4230,382.081000,210.355000,16.819000,187.286000
4231,679.825000,325.832000,9.519000,261.663000
4232,683.395000,395.040000,11.339000,352.391000
4233,485.509000,297.152000,10.620000,284.184000
4234,687.154000,458.660000,16.020000,357.932000
4235,483.339000,278.924000,10.380000,229.966000
4236,723.112000,442.300000,11.769000,343.282000
4237,646.675000,352.361000,10.060000,289.094000
4238,586.656000,342.232000,9.600000,273.024000
4239,576.356000,321.122000,10.280000,313.132000
4240,726.513000,549.046000,18.370000,464.739000
4241,472.977000,357.963000,10.249000,311.992000
4242,511.699000,263.873000,9.229000,229.395000
4243,766.142000,460.520000,9.259000,353.472000
4244,582.897000,323.103000,10.010000,262.464000
4245,713.803000,435.489000,11.130000,324.753000
4246,539.828000,324.032000,10.460000,287.404000
4247,388.411000,208.345000,12.419000,188.936000
4248,584.476000,356.893000,8.760000,284.273000
4249,668.275000,397.241000,7.729000,309.602000
4250,644.035000,440.859000,15.809000,304.962000
4251,615.385000,270.253000,10.279000,238.905000
4252,607.906000,355.841000,11.040000,293.963000
4253,697.573000,433.200000,9.029000,332.873000
4254,614.885000,381.591000,10.360000,321.023000
4255,556.526000,330.553000,9.350000,278.293000
4256,567.807000,310.393000,7.639000,267.874000
4257,506.218000,321.113000,11.159000,288.112000
4258,615.725000,374.281000,10.019000,308.222000
4259,532.907000,327.923000,10.240000,274.923000
4260,697.504000,542.557000,21.359000,487.858000
4261,641.253000,457.329000,15.800000,291.883000
4262,671.204000,372.452000,14.709000,307.614000
4263,644.415000,385.202000,12.829000,300.502000
4264,450.130000,222.705000,9.680000,197.005000
4265,524.058000,316.982000,6.170000,250.994000
4266,718.622000,497.618000,11.251000,385.882000
4267,720.903000,459.719000,10.960000,379.162000
4268,989.267000,392.551000,14.350000,291.932000
4269,683.874000,437.550000,12.320000,361.111000
4270,690.353000,381.900000,18.700000,308.853000
4271,555.197000,316.944000,18.289000,293.672000
4272,583.986000,355.142000,16.088000,305.133000
4273,582.996000,372.301000,11.930000,286.533000
4274,578.716000,354.631000,10.710000,299.654000
4275,695.124000,466.950000,9.149000,354.562000
4276,667.554000,411.871000,10.400000,412.880000
4277,654.675000,399.162000,10.269000,374.431000
4278,514.067000,273.423000,9.660000,228.875000
4279,613.225000,265.474000,17.069000,235.854000
4280,763.872000,660.684000,22.520000,579.936000
4281,498.367000,271.284000,48.259000,246.684000
4282,516.077000,296.213000,15.070000,248.203000
4283,481.429000,289.424000,43.039000,342.122000
4284,637.145000,405.180000,10.970000,325.692000
4285,687.144000,410.210000,14.290000,343.812000
4286,744.072000,446.748000,9.451000,354.332000
4287,631.075000,311.542000,12.940000,249.475000
4288,543.077000,331.213000,7.169000,265.144000
4289,695.255000,450.609000,13.330000,365.361000
4290,677.075000,565.496000,22.080000,512.338000
4291,618.426000,365.191000,10.370000,358.861000
4292,767.322000,454.530000,11.080000,335.972000
4293,480.629000,242.555000,8.450000,222.335000
4294,600.666000,398.501000,14.149000,305.962000
4295,657.735000,464.519000,8.970000,333.912000
4296,588.866000,308.113000,18.900000,276.994000
4297,569.736000,343.941000,13.699000,314.573000
4298,607.706000,371.211000,9.580000,300.392000
4299,667.825000,406.111000,9.380000,348.022000
4300,854.551000,693.084000,13.981000,499.738000
4301,679.424000,397.090000,18.260000,324.113000
4302,509.607000,268.754000,12.820000,259.264000
4303,635.735000,408.381000,9.858000,296.403000
4304,669.814000,397.751000,10.619000,313.192000
4305,438.041000,246.575000,8.039000,222.515000
4306,735.753000,451.610000,9.419000,353.522000
4307,595.075000,340.472000,16.419000,296.824000
4308,613.365000,367.571000,14.849000,334.423000
4309,506.728000,266.264000,14.030000,223.404000
4310,580.006000,420.320000,12.969000,381.441000
4311,542.507000,382.940000,10.590000,325.783000
4312,745.373000,367.452000,19.630000,256.244000
4313,766.462000,498.809000,8.639000,390.301000
4314,664.264000,401.140000,13.240000,330.323000
4315,751.322000,406.980000,16.520000,335.412000
4316,616.447000,393.401000,9.780000,321.772000
4317,598.925000,376.160000,9.560000,338.862000
4318,586.816000,372.181000,8.680000,326.142000
4319,570.198000,332.502000,9.180000,270.754000
4320,476.368000,346.943000,22.778000,306.404000
4321,650.966000,439.481000,13.430000,307.092000
4322,700.334000,225.465000,9.710000,190.706000
4323,697.274000,378.341000,12.190000,288.902000
4324,636.505000,407.141000,13.819000,317.272000
4325,519.528000,331.102000,11.130000,273.233000
4326,535.606000,305.014000,9.451000,243.464000
4327,562.616000,313.672000,10.980000,256.114000
4328,429.170000,227.225000,9.360000,198.406000
4329,630.235000,350.142000,6.210000,286.324000
4330,700.344000,559.167000,14.359000,457.420000
4331,659.454000,394.081000,15.040000,300.152000
4332,685.555000,427.910000,15.690000,351.002000
4333,548.756000,314.724000,11.989000,305.292000
4334,672.195000,483.339000,10.259000,348.852000
4335,579.586000,237.325000,12.451000,205.804000
4336,484.318000,239.405000,19.620000,215.305000
4337,689.154000,420.610000,12.440000,339.811000
4338,614.795000,366.151000,18.370000,354.062000
4339,614.536000,370.332000,15.571000,312.962000
4340,669.684000,433.130000,14.870000,319.082000
4341,645.825000,341.352000,8.519000,273.934000
4342,574.726000,333.942000,8.180000,284.744000
4343,719.123000,415.940000,10.309000,310.233000
4344,747.982000,474.329000,17.489000,386.702000
4345,636.364000,379.902000,13.840000,355.701000
4346,588.856000,341.402000,9.520000,326.873000
4347,539.977000,273.754000,6.270000,244.003000
4348,676.925000,349.861000,8.470000,272.694000
4349,554.267000,247.574000,12.260000,204.025000
4350,533.119000,448.139000,17.069000,382.672000
4351,662.654000,587.925000,14.200000,444.809000
4352,473.229000,233.945000,10.969000,202.466000
4353,633.425000,388.920000,7.461000,305.682000
4354,648.676000,427.560000,8.870000,338.862000
4355,660.174000,399.890000,13.170000,375.441000
4356,601.536000,361.421000,11.120000,323.331000
4357,652.544000,367.801000,9.769000,275.813000
4358,499.557000,269.704000,12.960000,231.935000
4359,734.453000,445.919000,7.969000,487.689000
4360,555.107000,344.052000,18.040000,319.473000
4361,584.026000,297.123000,7.700000,277.544000
4362,801.981000,411.571000,11.789000,405.570000
4363,569.366000,303.554000,10.579000,254.623000
4364,713.643000,492.499000,7.969000,411.760000
4365,459.109000,230.335000,6.600000,194.345000
4366,547.868000,343.642000,11.339000,263.233000
4367,521.099000,301.252000,11.240000,223.745000
4368,664.565000,410.649000,6.510000,368.142000
4369,596.046000,345.821000,23.710000,282.692000
4370,594.025000,471.518000,24.740000,447.250000
4371,803.350000,533.497000,16.170000,438.428000
4372,575.668000,348.441000,10.819000,304.533000
4373,552.817000,312.771000,18.319000,326.123000
4374,693.574000,429.450000,10.980000,335.853000
4375,562.976000,343.492000,9.040000,317.104000
4376,572.166000,328.042000,8.720000,278.533000
4377,696.383000,403.371000,8.819000,336.303000
4378,581.157000,302.643000,10.690000,241.114000
4379,646.115000,388.291000,46.389000,309.102000
4380,728.172000,392.211000,17.550000,328.352000
4381,582.208000,322.052000,9.570000,317.792000
4382,594.505000,318.854000,15.889000,279.353000
4383,597.336000,388.203000,14.171000,299.223000
4384,514.029000,309.932000,10.210000,256.075000
4385,646.835000,401.841000,11.569000,332.652000
4386,891.369000,368.700000,20.200000,287.653000
4387,677.174000,398.681000,10.350000,325.042000
4388,618.856000,355.171000,8.450000,279.214000
4389,714.964000,534.817000,9.350000,354.233000
4390,717.472000,536.679000,13.949000,449.450000
4391,714.823000,312.303000,13.850000,263.665000
4392,602.116000,342.262000,10.529000,280.804000
4393,552.177000,349.804000,9.759000,338.932000
4394,464.539000,278.353000,9.889000,246.124000
4395,507.849000,323.181000,9.011000,246.774000
4396,715.674000,426.130000,8.930000,344.892000
4397,581.617000,386.611000,8.160000,299.692000
4398,820.650000,342.412000,11.419000,274.214000
4399,458.339000,301.714000,9.809000,276.194000
4400,711.904000,518.387000,18.180000,341.432000
4401,611.255000,348.511000,7.870000,298.883000
4402,576.337000,337.341000,12.129000,278.763000
4403,649.965000,399.121000,47.538000,342.851000
4404,586.997000,381.201000,46.327000,308.414000
4405,676.254000,383.461000,15.249000,312.922000
4406,473.330000,265.724000,13.329000,245.883000
4407,542.278000,320.252000,16.251000,271.124000
4408,678.775000,300.382000,13.310000,245.794000
4409,575.226000,349.333000,9.509000,292.883000
4410,787.821000,605.126000,21.970000,428.160000
4411,604.245000,301.073000,14.640000,260.954000
4412,720.892000,395.161000,12.359000,309.873000
4413,509.077000,299.094000,11.849000,254.514000
4414,702.543000,425.080000,15.369000,561.237000
4415,448.070000,278.405000,16.570000,256.264000
4416,562.666000,374.970000,12.469000,327.971000
4417,512.348000,315.973000,13.499000,282.683000
4418,560.737000,335.312000,13.730000,290.043000
4419,390.001000,256.445000,13.139000,239.514000
4420,699.355000,429.579000,24.040000,409.250000
4421,787.152000,502.588000,8.649000,386.872000
4422,643.775000,373.522000,7.699000,331.472000
4423,559.786000,341.913000,10.348000,278.764000
4424,488.109000,237.274000,10.830000,191.375000
4425,536.086000,349.171000,8.330000,435.700000
4426,550.446000,337.593000,8.530000,302.842000
4427,566.387000,352.992000,12.210000,281.773000
4428,687.253000,400.560000,8.090000,357.211000
4429,534.548000,311.072000,11.680000,239.454000
4430,691.294000,511.689000,17.060000,383.781000
4431,651.584000,356.152000,17.350000,297.952000
4432,504.099000,286.162000,10.030000,250.284000
4433,540.867000,311.253000,11.450000,271.484000
4434,661.524000,321.732000,17.130000,282.373000
4435,775.982000,431.929000,8.959000,328.202000
4436,625.766000,409.650000,7.140000,317.023000
4437,685.844000,404.301000,7.080000,342.982000
4438,540.337000,300.173000,51.399000,263.344000
4439,582.006000,357.291000,8.140000,285.283000
4440,457.049000,335.052000,15.780000,259.444000
4441,799.021000,449.269000,52.239000,386.962000
4442,509.718000,292.882000,12.100000,253.834000
4443,559.047000,314.793000,11.550000,262.764000
4444,698.384000,372.101000,9.630000,317.563000
4445,670.353000,350.163000,42.299000,277.884000
4446,606.046000,356.761000,6.571000,277.504000
4447,531.907000,322.693000,5.440000,281.293000
4448,550.728000,282.262000,12.190000,278.854000
4449,580.646000,292.834000,13.618000,310.393000
4450,530.919000,405.701000,24.799000,384.851000
4451,695.213000,500.938000,10.520000,363.011000
4452,640.305000,329.093000,13.360000,312.273000
4453,711.853000,420.360000,11.970000,335.723000
4454,703.903000,407.210000,9.269000,365.431000
4455,569.007000,349.862000,39.679000,297.212000
4456,677.634000,369.951000,14.301000,330.863000
4457,697.943000,448.210000,7.530000,317.563000
4458,768.321000,426.771000,6.569000,317.971000
4459,573.445000,281.413000,10.480000,244.215000
4460,635.036000,327.142000,16.139000,276.733000
4461,674.194000,394.891000,11.080000,323.083000
4462,564.867000,322.152000,13.219000,264.455000
4463,521.488000,297.864000,13.349000,277.244000
4464,557.428000,320.022000,9.650000,264.674000
4465,496.978000,255.584000,14.240000,249.595000
4466,752.323000,417.781000,8.620000,300.744000
4467,832.429000,460.020000,8.730000,381.331000
4468,595.176000,318.523000,42.490000,268.853000
4469,573.547000,262.244000,9.540000,230.775000
4470,902.359000,617.486000,14.100000,367.220000
4471,595.626000,307.503000,9.760000,272.185000
4472,683.203000,392.990000,10.020000,340.272000
4473,809.892000,533.729000,7.609000,394.690000
4474,728.593000,458.350000,7.320000,347.771000
4475,663.154000,392.030000,11.781000,312.814000
4476,475.168000,235.315000,10.380000,215.635000
4477,531.798000,274.613000,9.479000,213.075000
4478,705.823000,360.691000,10.579000,321.971000
4479,476.850000,241.514000,6.320000,213.565000
4480,346.073000,160.507000,19.510000,153.746000
4481,686.244000,393.930000,7.890000,314.082000
4482,720.853000,413.131000,8.850000,381.280000
4483,684.653000,414.090000,7.650000,314.903000
4484,689.784000,442.139000,8.800000,315.803000
4485,605.916000,370.722000,14.009000,333.733000
4486,626.155000,379.643000,11.389000,307.502000
4487,550.567000,293.494000,10.889000,249.265000
4488,662.244000,368.183000,13.189000,345.952000
4489,617.186000,342.102000,12.889000,273.754000
4490,542.757000,433.380000,15.851000,379.542000
4491,705.193000,611.206000,12.439000,506.549000
4492,662.254000,395.621000,55.199000,312.313000
4493,589.656000,333.911000,7.080000,265.084000
4494,594.196000,350.471000,6.370000,271.824000
4495,612.155000,372.591000,7.510000,326.022000
4496,757.514000,404.691000,12.509000,331.652000
4497,536.977000,253.894000,11.051000,218.245000
4498,592.366000,314.363000,6.170000,249.134000
4499,660.885000,395.281000,7.530000,303.023000
4500,835.780000,723.673000,15.320000,479.348000
4501,693.854000,401.820000,10.510000,314.353000
4502,493.847000,263.934000,13.730000,235.254000
4503,664.295000,412.361000,11.639000,321.962000
4504,484.419000,324.962000,13.400000,323.854000
4505,626.584000,318.773000,10.150000,270.294000
4506,682.914000,432.320000,7.130000,358.021000
4507,640.186000,347.852000,7.280000,328.233000
4508,525.128000,296.943000,9.900000,249.733000
4509,642.455000,409.161000,9.049000,345.293000
4510,664.024000,543.528000,18.380000,401.661000
4511,445.619000,275.893000,13.829000,261.955000
4512,461.548000,236.845000,10.050000,201.435000
4513,759.893000,484.678000,13.779000,356.021000
4514,637.345000,423.960000,17.150000,346.332000
4515,520.248000,312.512000,14.680000,261.404000
4516,423.950000,246.535000,9.270000,214.125000
4517,459.850000,263.774000,12.270000,224.215000
4518,895.569000,592.136000,8.610000,506.879000
4519,637.234000,323.334000,12.370000,249.775000
4520,604.606000,275.124000,24.069000,231.665000
4521,568.467000,293.544000,12.470000,267.064000
4522,730.303000,509.128000,11.160000,369.821000
4523,604.715000,326.982000,14.350000,261.184000
4524,729.023000,452.838000,13.500000,370.842000
4525,618.245000,393.291000,10.110000,286.582000
4526,644.486000,401.741000,9.009000,312.883000
4527,600.565000,352.391000,13.770000,293.832000
4528,608.605000,355.073000,15.419000,314.712000
4529,528.567000,349.883000,14.019000,336.092000
4530,770.701000,593.017000,19.840000,473.660000
4531,605.456000,473.738000,13.830000,342.992000
4532,611.025000,375.131000,12.390000,304.022000
4533,469.759000,289.533000,8.280000,286.244000
4534,616.206000,387.271000,8.880000,340.412000
4535,432.579000,212.264000,10.760000,209.045000
4536,675.805000,397.011000,8.870000,347.552000
4537,556.458000,336.862000,46.089000,295.853000
4538,468.599000,309.284000,12.110000,291.993000
4539,641.764000,416.880000,83.019000,388.600000
4540,546.578000,443.370000,21.518000,391.062000
4541,708.723000,553.347000,9.390000,356.903000
4542,424.660000,189.505000,5.560000,187.455000
4543,552.177000,303.323000,6.291000,244.325000
4544,576.876000,330.001000,12.649000,302.414000
4545,959.067000,544.077000,15.220000,397.491000
4546,814.090000,443.451000,9.720000,341.962000
4547,658.255000,383.780000,14.559000,311.764000
4548,677.584000,333.483000,13.621000,303.463000
4549,712.614000,341.662000,14.339000,317.453000
4550,708.923000,575.637000,17.840000,431.089000
4551,681.414000,278.964000,9.710000,264.493000
4552,739.853000,383.391000,12.239000,320.262000
4553,588.405000,340.503000,15.080000,277.763000
4554,553.208000,300.392000,12.000000,225.074000
4555,563.347000,321.372000,11.350000,358.481000
4556,516.569000,228.095000,6.449000,209.645000
4557,484.060000,210.826000,10.720000,216.126000
4558,532.128000,243.174000,6.610000,208.985000
4559,720.384000,393.991000,8.349000,295.462000
4560,731.342000,582.757000,17.859000,337.812000
4561,570.617000,310.543000,15.650000,295.373000
4562,623.066000,364.622000,12.939000,313.723000
4563,548.026000,302.422000,11.040000,278.823000
4564,347.602000,206.295000,9.960000,244.174000
4565,508.578000,253.173000,11.108000,224.115000
4566,707.005000,331.942000,10.040000,252.814000
4567,838.660000,420.260000,9.150000,332.422000
4568,476.739000,226.795000,10.240000,200.885000
4569,606.325000,298.652000,15.950000,256.904000
4570,718.743000,611.066000,16.159000,409.670000
4571,629.535000,305.092000,12.450000,307.413000
4572,601.447000,326.102000,9.580000,326.843000
4573,494.037000,250.624000,9.580000,219.455000
4574,637.374000,435.949000,12.249000,327.802000
4575,650.445000,382.251000,10.040000,279.713000
4576,768.461000,406.900000,42.889000,355.702000
4577,653.435000,346.631000,7.150000,261.225000
4578,657.325000,399.021000,11.480000,311.312000
4579,519.618000,254.503000,14.410000,226.715000
4580,542.367000,246.454000,19.790000,397.921000
4581,596.736000,251.554000,13.229000,266.404000
4582,600.715000,373.222000,11.390000,333.352000
4583,535.907000,258.294000,10.490000,235.234000
4584,628.945000,296.472000,10.480000,240.224000
4585,658.115000,383.821000,13.540000,322.732000
4586,551.668000,301.122000,10.970000,269.174000
4587,499.939000,275.923000,11.099000,251.844000
4588,753.242000,497.738000,9.530000,358.081000
4589,415.970000,197.725000,12.860000,186.285000
4590,508.448000,383.600000,18.869000,343.642000
4591,847.860000,588.776000,12.160000,443.749000
4592,570.876000,262.324000,9.859000,246.084000
4593,607.046000,319.392000,8.831000,292.753000
4594,577.056000,350.952000,10.290000,311.683000
4595,672.204000,379.711000,13.260000,320.802000
4596,694.204000,394.261000,9.970000,347.182000
4597,596.285000,297.383000,8.500000,251.075000
4598,707.082000,358.951000,8.600000,284.964000
4599,695.144000,352.221000,9.460000,304.082000
4600,616.335000,483.427000,16.050000,303.893000
4601,863.600000,455.279000,10.459000,369.411000
4602,686.763000,371.362000,13.520000,307.093000
4603,572.337000,345.931000,9.810000,292.742000
4604,649.174000,361.031000,8.269000,288.602000
4605,588.656000,317.672000,6.700000,260.714000
4606,674.534000,372.482000,5.029000,322.802000
4607,644.166000,346.211000,7.790000,275.144000
4608,587.986000,332.933000,11.200000,291.573000
4609,680.365000,384.681000,12.300000,333.182000
4610,828.890000,580.476000,14.599000,692.623000
4611,515.658000,239.904000,12.480000,255.294000
4612,564.978000,257.014000,12.809000,239.214000
4613,575.216000,328.413000,10.830000,283.373000
4614,628.025000,349.682000,18.159000,283.463000
4615,618.985000,368.792000,6.549000,287.842000
4616,721.993000,387.130000,8.029000,298.482000
4617,953.919000,321.811000,11.989000,262.094000
4618,486.678000,229.154000,9.420000,245.635000
4619,725.562000,359.932000,12.010000,304.332000
4620,639.155000,509.248000,22.150000,287.703000
4621,697.363000,333.112000,11.019000,313.872000
4622,735.384000,428.879000,17.080000,352.252000
4623,566.057000,335.202000,14.160000,306.583000
4624,573.587000,324.002000,10.970000,258.794000
4625,512.887000,290.913000,10.319000,299.104000
4626,654.614000,396.550000,13.880000,320.263000
4627,640.814000,335.342000,9.600000,367.541000
4628,652.235000,365.643000,4.569000,326.642000
4629,849.150000,417.250000,9.520000,356.822000
4630,518.978000,315.443000,21.299000,267.714000
4631,587.216000,267.994000,7.600000,254.374000
4632,574.786000,268.704000,9.549000,249.514000
4633,613.096000,304.182000,8.650000,271.864000
4634,752.841000,449.580000,15.119000,365.701000
4635,686.585000,384.911000,10.620000,284.362000
4636,607.806000,339.572000,12.790000,310.993000
4637,656.434000,380.521000,13.750000,348.431000
4638,478.509000,228.625000,14.899000,219.795000
4639,627.344000,362.333000,10.280000,283.953000
4640,596.726000,460.639000,19.610000,385.840000
4641,603.705000,272.794000,11.130000,257.933000
4642,576.507000,266.033000,8.530000,254.674000
4643,477.359000,188.485000,17.349000,190.516000
4644,687.153000,394.931000,7.919000,325.122000
4645,520.008000,244.475000,9.610000,228.545000
4646,535.248000,274.382000,6.259000,236.025000
4647,565.296000,306.864000,11.750000,273.573000
4648,730.882000,468.029000,14.849000,327.841000
4649,534.636000,313.033000,48.459000,281.623000
4650,506.339000,382.802000,13.080000,335.332000
4651,701.453000,554.347000,48.529000,323.971000
4652,715.143000,275.613000,13.880000,247.604000
4653,549.517000,289.033000,13.090000,254.354000
4654,492.028000,295.264000,13.300000,261.893000
4655,637.594000,369.013000,9.480000,328.931000
4656,607.546000,337.821000,6.051000,295.694000
4657,603.656000,318.502000,10.539000,353.432000
4658,516.617000,212.906000,10.350000,196.786000
4659,579.965000,325.212000,10.369000,270.144000
4660,575.266000,464.739000,20.110000,317.282000
4661,633.595000,289.893000,9.800000,264.753000
4662,398.290000,200.605000,12.460000,197.766000
4663,529.798000,292.133000,11.630000,272.895000
4664,588.676000,325.903000,7.740000,269.893000
4665,459.460000,220.855000,7.150000,197.015000
4666,362.162000,211.415000,7.460000,209.885000
4667,781.272000,432.201000,8.160000,424.290000
4668,850.909000,481.269000,8.691000,368.522000
4669,600.546000,288.004000,7.249000,270.833000
4670,594.907000,419.390000,16.530000,373.862000
4671,512.348000,238.255000,15.780000,274.453000
4672,508.578000,229.905000,8.011000,274.145000
4673,596.636000,321.822000,44.620000,311.832000
4674,655.165000,399.640000,12.580000,369.871000
4675,541.867000,301.941000,11.510000,271.695000
4676,565.577000,246.486000,9.180000,226.655000
4677,472.418000,262.494000,7.410000,234.884000
4678,740.803000,409.500000,12.430000,304.713000
4679,850.300000,398.490000,13.319000,301.072000
4680,859.870000,708.294000,20.319000,485.047000
4681,644.455000,345.472000,11.509000,322.212000
4682,663.734000,325.682000,11.380000,310.803000
4683,775.162000,420.980000,8.991000,320.872000
4684,525.868000,256.155000,8.729000,244.664000
4685,699.535000,375.400000,8.310000,330.442000
4686,642.035000,372.792000,51.728000,321.773000
4687,393.171000,201.546000,12.669000,239.605000
4688,611.996000,346.801000,51.679000,288.082000
4689,648.436000,339.732000,12.310000,275.894000
4690,596.825000,433.590000,17.220000,373.671000
4691,908.089000,565.347000,15.670000,322.983000
4692,615.025000,296.283000,10.200000,274.354000
4693,531.318000,304.424000,12.380000,257.695000
4694,537.689000,284.503000,13.199000,266.604000
4695,580.716000,323.072000,8.320000,275.814000
4696,581.336000,373.721000,14.320000,297.874000
4697,651.575000,369.311000,10.530000,285.363000
4698,672.294000,400.922000,8.660000,322.881000
4699,466.199000,219.704000,13.390000,212.554000
4700,622.865000,513.588000,24.900000,450.409000
4701,692.123000,490.409000,18.909000,447.860000
4702,705.953000,271.194000,18.579000,262.434000
4703,691.223000,364.582000,8.621000,305.154000
4704,580.266000,285.774000,9.860000,263.083000
4705,664.304000,377.551000,8.569000,306.953000
4706,676.773000,365.432000,10.810000,293.223000
4707,580.187000,306.113000,11.750000,253.704000
4708,662.065000,371.382000,9.771000,308.593000
4709,492.847000,248.344000,12.490000,216.106000
4710,406.100000,280.363000,15.440000,228.525000
4711,694.444000,544.206000,21.099000,312.243000
4712,569.837000,281.524000,17.569000,284.443000
4713,652.175000,351.541000,10.550000,307.152000
4714,650.425000,344.331000,11.959000,307.543000
4715,543.467000,176.016000,8.709000,163.006000
4716,726.672000,409.371000,7.171000,354.913000
4717,686.674000,511.058000,7.110000,424.611000
4718,718.823000,342.462000,8.301000,334.383000
4719,692.403000,356.552000,12.720000,303.843000
4720,679.453000,523.728000,16.300000,438.280000
4721,690.153000,465.229000,13.620000,377.771000
4722,683.615000,340.281000,13.850000,306.824000
4723,540.737000,300.764000,12.849000,267.483000
4724,390.950000,245.143000,12.120000,244.534000
4725,617.956000,349.202000,9.980000,280.483000
4726,705.132000,411.831000,15.459000,311.492000
4727,546.536000,273.184000,9.590000,236.383000
4728,724.173000,402.930000,8.569000,317.702000
4729,749.143000,393.071000,6.380000,362.771000
4730,637.065000,397.950000,17.619000,354.591000
4731,792.501000,484.250000,9.240000,344.202000
4732,605.066000,321.852000,13.749000,301.331000
4733,562.446000,290.303000,12.699000,305.683000
4734,711.904000,473.909000,12.380000,351.303000
4735,641.794000,360.631000,10.630000,299.322000
4736,398.241000,188.716000,8.370000,199.645000
4737,1159.044000,440.529000,16.710000,305.372000
4738,526.439000,266.244000,8.099000,218.306000
4739,713.704000,318.692000,7.420000,353.452000
4740,753.772000,630.545000,18.280000,474.609000
4741,582.757000,238.643000,11.859000,226.095000
4742,502.808000,274.294000,10.100000,267.543000
4743,584.706000,328.583000,10.550000,286.444000
4744,546.328000,320.112000,9.790000,263.814000
4745,582.596000,339.062000,12.861000,280.855000
4746,514.607000,278.784000,9.790000,253.335000
4747,682.593000,357.972000,5.960000,280.603000
4748,689.493000,376.682000,9.131000,304.873000
4749,700.283000,375.462000,12.129000,355.942000
4750,740.494000,535.897000,14.969000,311.153000
4751,422.790000,164.556000,7.470000,182.205000
4752,609.685000,263.834000,9.890000,256.884000
4753,630.645000,305.384000,10.469000,415.859000
4754,554.196000,292.873000,10.630000,259.105000
4755,629.786000,314.782000,18.189000,257.914000
4756,543.147000,289.424000,16.280000,221.005000
4757,633.615000,358.152000,13.379000,306.343000
4758,693.362000,369.792000,11.090000,344.633000
4759,936.768000,501.699000,14.960000,370.981000
4760,638.295000,490.760000,19.320000,382.271000
4761,770.721000,353.532000,10.470000,302.572000
4762,679.115000,535.667000,9.470000,340.013000
4763,606.436000,314.493000,8.270000,269.684000
4764,516.067000,309.543000,10.399000,269.402000
4765,630.995000,355.823000,11.850000,325.662000
4766,463.659000,250.154000,13.048000,235.334000
4767,700.054000,400.790000,14.089000,352.112000
4768,707.933000,379.122000,17.170000,333.521000
4769,705.613000,372.841000,14.261000,297.872000
4770,751.442000,609.245000,22.969000,575.767000
4771,630.083000,293.294000,15.490000,280.804000
4772,433.709000,186.766000,11.880000,189.425000
4773,462.488000,217.835000,12.760000,200.824000
4774,1592.823000,433.360000,17.779000,272.543000
4775,632.766000,326.273000,7.609000,308.402000
4776,601.976000,321.004000,6.120000,260.593000
4777,811.801000,437.890000,9.420000,348.211000
4778,696.963000,369.761000,11.049000,300.093000
4779,685.962000,360.062000,14.718000,307.964000
4780,744.403000,553.677000,19.649000,432.300000
4781,702.673000,355.771000,12.709000,276.493000
4782,694.114000,339.142000,10.870000,317.893000
4783,618.765000,372.362000,13.030000,304.204000
4784,626.956000,371.801000,17.190000,340.911000
4785,751.572000,445.309000,120.418000,337.022000
4786,976.407000,537.308000,10.480000,346.232000
4787,629.086000,233.364000,12.780000,203.316000
4788,667.345000,401.002000,9.160000,329.512000
4789,600.076000,290.703000,10.759000,263.504000
4790,744.333000,441.590000,19.689000,358.081000
4791,617.686000,293.972000,10.501000,268.163000
4792,567.957000,300.964000,12.330000,287.164000
4793,625.736000,330.622000,48.857000,287.304000
4794,491.349000,259.333000,13.590000,220.625000
4795,710.523000,444.050000,10.140000,334.191000
4796,720.683000,380.392000,10.729000,361.092000
4797,578.146000,347.442000,12.810000,386.610000
4798,578.568000,288.653000,12.780000,255.015000
4799,991.737000,358.881000,10.549000,275.944000
4800,667.245000,538.187000,19.070000,366.671000
4801,696.695000,331.321000,12.740000,344.733000
4802,660.715000,343.032000,14.680000,323.112000
4803,578.695000,295.634000,12.070000,263.583000
4804,706.824000,305.433000,12.251000,250.653000
4805,480.699000,245.414000,11.190000,222.005000
4806,666.663000,406.791000,11.800000,316.424000
4807,679.133000,401.231000,12.549000,355.543000
4808,615.945000,338.902000,6.600000,266.085000
4809,595.786000,391.880000,48.279000,322.041000
4810,560.517000,433.549000,58.559000,287.184000
4811,613.805000,256.004000,10.771000,225.134000
4812,539.638000,286.903000,9.089000,266.994000
4813,674.025000,381.440000,9.790000,313.811000
4814,586.637000,316.092000,15.971000,266.563000
4815,534.158000,261.494000,8.059000,216.115000
4816,588.586000,321.904000,7.399000,281.904000
4817,481.218000,227.085000,10.300000,221.665000
4818,584.816000,281.294000,9.400000,249.245000
4819,649.685000,366.152000,9.920000,280.872000
4820,770.642000,336.262000,22.020000,310.622000
4821,575.407000,291.852000,9.470000,305.664000
4822,440.850000,257.463000,11.780000,266.125000
4823,751.283000,399.881000,12.179000,379.502000
4824,602.145000,346.322000,10.660000,296.743000
4825,608.695000,335.162000,11.449000,296.493000
4826,565.927000,261.393000,12.040000,217.975000
4827,560.058000,308.672000,11.360000,286.863000
4828,601.476000,375.461000,11.430000,326.142000
4829,623.696000,349.141000,10.869000,281.474000
4830,641.905000,307.301000,21.630000,290.644000
4831,704.533000,363.382000,13.038000,321.793000
4832,661.514000,350.842000,11.760000,312.612000
4833,485.419000,291.564000,12.539000,238.144000
4834,644.255000,358.951000,13.451000,297.543000
4835,616.965000,342.581000,9.920000,298.685000
4836,488.648000,243.944000,6.939000,209.016000
4837,524.369000,244.004000,9.759000,208.625000
4838,699.584000,400.051000,10.649000,313.513000
4839,578.916000,341.461000,11.640000,313.963000
4840,928.408000,701.554000,19.039000,669.633000
4841,544.197000,248.284000,11.549000,244.544000
4842,539.927000,315.662000,12.830000,288.143000
4843,706.983000,351.021000,15.639000,292.254000
4844,739.632000,411.670000,12.200000,319.003000
4845,608.816000,357.821000,12.010000,299.492000
4846,596.407000,358.181000,11.750000,304.002000
4847,748.493000,369.081000,14.920000,298.413000
4848,716.682000,389.121000,8.189000,303.044000
4849,635.695000,349.681000,6.851000,296.912000
4850,698.484000,479.850000,17.209000,438.639000
4851,351.481000,152.407000,18.390000,190.285000
4852,687.243000,383.400000,10.439000,288.034000
4853,673.824000,367.061000,10.030000,292.653000
4854,694.864000,427.160000,8.630000,315.032000
4855,777.903000,495.797000,11.240000,446.679000
4856,753.151000,441.070000,15.940000,338.642000
4857,606.226000,351.823000,17.669000,307.943000
4858,495.158000,307.482000,15.920000,256.875000
4859,749.153000,424.030000,13.609000,332.323000
4860,860.551000,660.094000,11.100000,486.879000
4861,704.023000,405.330000,11.070000,418.450000
4862,669.994000,392.841000,9.589000,360.081000
4863,718.913000,328.572000,16.589000,281.153000
4864,727.463000,403.781000,10.139000,341.902000
4865,696.334000,386.292000,11.340000,333.311000
4866,597.785000,322.903000,9.889000,358.482000
4867,533.467000,279.434000,7.221000,230.823000
4868,603.477000,302.522000,11.330000,240.185000
4869,672.044000,372.800000,9.159000,317.642000
4870,697.894000,582.966000,20.370000,415.361000
4871,701.243000,336.124000,12.491000,330.382000
4872,772.932000,229.376000,15.969000,221.945000
4873,692.734000,367.371000,10.670000,306.992000
4874,787.371000,374.531000,15.559000,314.493000
4875,544.297000,330.643000,13.750000,250.073000
4876,802.741000,440.789000,11.731000,381.511000
4877,589.755000,301.222000,7.969000,257.495000
4878,514.797000,255.784000,9.410000,226.185000
4879,419.471000,227.265000,9.009000,214.264000
4880,778.562000,596.837000,54.918000,469.538000
4881,625.106000,316.473000,15.269000,287.414000
4882,576.716000,284.485000,12.909000,257.164000
4883,537.937000,286.363000,12.480000,250.785000
4884,565.227000,266.744000,12.139000,222.495000
4885,597.616000,376.752000,10.580000,306.793000
4886,511.418000,326.502000,45.059000,316.742000
4887,692.514000,252.884000,15.669000,228.924000
4888,575.827000,326.501000,11.180000,274.624000
4889,615.565000,376.060000,11.700000,318.442000
4890,576.946000,463.950000,18.179000,448.999000
4891,572.817000,298.883000,15.678000,237.574000
4892,703.844000,377.561000,12.130000,311.932000
4893,661.115000,372.331000,9.249000,359.552000
4894,596.177000,360.201000,42.009000,329.202000
4895,718.773000,467.089000,11.800000,359.412000
4896,770.361000,447.980000,15.510000,290.493000
4897,580.906000,277.373000,10.369000,219.955000
4898,670.784000,387.851000,10.029000,282.973000
4899,624.805000,316.863000,14.150000,252.764000
4900,676.144000,557.638000,17.269000,379.611000
4901,704.304000,379.391000,17.699000,397.351000
4902,742.002000,407.850000,15.819000,306.533000
4903,536.067000,377.371000,13.270000,352.431000
4904,758.722000,479.029000,53.649000,396.151000
4905,584.736000,361.332000,14.329000,294.123000
4906,571.847000,319.323000,11.120000,265.003000
4907,469.010000,282.645000,11.400000,260.803000
4908,866.510000,351.962000,14.899000,289.383000
4909,682.134000,435.640000,18.870000,374.652000
4910,700.194000,590.306000,22.130000,446.689000
4911,622.465000,377.121000,13.520000,402.711000
4912,419.030000,218.524000,14.470000,216.795000
4913,693.023000,410.501000,15.110000,314.563000
4914,519.887000,327.852000,12.489000,290.253000
4915,565.957000,325.653000,7.600000,255.124000
4916,560.077000,363.691000,11.960000,315.713000
4917,622.606000,406.400000,13.439000,333.913000
4918,587.916000,326.632000,15.870000,273.284000
4919,624.835000,377.682000,15.590000,323.512000
4920,727.413000,616.214000,20.968000,490.339000
4921,618.526000,290.173000,16.538000,255.654000
4922,659.825000,384.950000,8.980000,331.374000
4923,492.188000,266.494000,10.310000,228.655000
4924,563.367000,326.123000,14.328000,287.205000
4925,541.997000,286.693000,17.940000,263.253000
4926,632.696000,370.252000,18.419000,307.972000
4927,555.997000,312.051000,9.110000,252.954000
4928,675.594000,434.669000,10.101000,328.174000
4929,460.248000,236.504000,9.040000,272.984000
4930,710.532000,582.336000,18.270000,427.270000
4931,562.667000,303.291000,12.309000,247.795000
4932,593.415000,321.082000,15.179000,283.175000
4933,685.524000,388.212000,11.120000,371.951000
4934,722.972000,477.288000,10.949000,336.952000
4935,702.244000,359.622000,17.559000,302.612000
4936,619.995000,306.664000,22.410000,246.615000
4937,522.097000,318.683000,9.840000,280.433000
4938,643.595000,352.981000,10.140000,283.684000
4939,524.779000,303.442000,15.379000,261.934000
4940,786.511000,583.366000,23.240000,450.019000
4941,526.668000,268.424000,10.430000,225.085000
4942,666.564000,387.700000,13.581000,313.483000
4943,631.844000,354.191000,16.309000,354.051000
4944,563.656000,344.593000,9.380000,286.783000
4945,639.825000,392.061000,9.479000,324.452000
4946,693.614000,391.161000,6.571000,338.991000
4947,525.028000,251.584000,5.471000,219.065000
4948,653.333000,394.221000,11.160000,316.183000
4949,701.393000,436.131000,9.539000,352.662000
4950,781.292000,701.453000,19.509000,459.470000
4951,512.617000,273.514000,16.440000,244.264000
4952,628.845000,373.172000,16.170000,320.492000
4953,717.174000,568.286000,10.860000,392.071000
4954,639.385000,417.761000,12.580000,386.811000
4955,600.435000,347.863000,14.929000,288.344000
4956,455.540000,246.354000,14.789000,210.935000
4957,569.436000,328.072000,9.770000,325.464000
4958,659.445000,345.312000,7.851000,275.672000
4959,497.170000,283.162000,10.560000,244.114000
4960,742.103000,513.458000,18.859000,404.531000
4961,595.726000,311.603000,14.080000,282.473000
4962,612.226000,324.843000,11.380000,266.562000
4963,652.695000,418.040000,10.510000,334.542000
4964,667.045000,361.231000,16.520000,337.014000
4965,701.292000,396.960000,17.440000,309.463000
4966,671.823000,412.640000,7.480000,336.683000
4967,682.613000,416.541000,9.449000,324.463000
4968,576.847000,328.332000,16.799000,297.764000
4969,610.015000,382.001000,10.660000,321.873000
4970,953.247000,292.544000,17.030000,266.344000
4971,712.242000,452.670000,11.090000,388.171000
4972,669.034000,374.091000,7.150000,317.922000
4973,588.867000,319.373000,7.380000,246.114000
4974,726.942000,448.420000,9.080000,341.873000
4975,658.124000,397.991000,9.910000,342.992000
4976,657.013000,393.080000,17.790000,324.793000
4977,623.566000,378.091000,15.349000,310.173000
4978,611.355000,368.722000,13.559000,313.473000
4979,544.857000,292.954000,13.910000,243.934000
4980,775.791000,663.215000,22.820000,417.539000
4981,602.537000,373.712000,26.170000,318.223000
4982,692.885000,394.691000,9.930000,309.642000
4983,663.305000,465.510000,9.210000,350.772000
4984,572.767000,333.892000,11.390000,256.254000
4985,680.914000,398.100000,10.400000,345.671000
4986,675.114000,414.141000,9.220000,316.812000
4987,668.605000,396.480000,15.150000,299.094000
4988,630.446000,394.810000,12.240000,383.690000
4989,658.065000,384.620000,11.480000,315.072000
4990,680.714000,529.028000,22.449000,375.681000
4991,619.735000,342.021000,12.520000,278.055000
4992,517.648000,318.053000,18.599000,284.883000
4993,596.426000,349.101000,8.920000,278.823000
4994,680.674000,342.342000,6.600000,268.224000
4995,1020.085000,337.241000,16.860000,251.624000
4996,812.701000,483.088000,12.910000,380.412000
4997,789.972000,431.820000,20.479000,445.368000
4998,604.177000,361.221000,12.000000,276.193000
4999,429.280000,213.995000,2590.010000,324.862000
5000,638.425000,517.878000,17.479000,401.551000
5001,483.217000,247.164000,11.931000,226.214000
5002,549.097000,341.522000,11.070000,254.073000
5003,527.118000,318.481000,12.409000,271.824000
5004,485.898000,310.954000,12.731000,267.095000
5005,666.665000,401.940000,13.040000,307.323000
5006,610.686000,374.301000,12.749000,291.583000
5007,714.793000,387.680000,8.461000,331.673000
5008,710.283000,319.233000,9.350000,271.873000
5009,583.697000,326.062000,7.309000,269.044000
5010,952.587000,519.487000,13.290000,435.700000
5011,639.875000,339.813000,8.530000,280.803000
5012,694.164000,423.440000,12.670000,362.821000
5013,510.938000,316.463000,13.859000,276.954000
5014,727.513000,419.580000,14.830000,393.661000
5015,779.812000,515.069000,10.130000,338.832000
5016,743.922000,413.771000,9.091000,407.321000
5017,680.124000,377.551000,9.749000,304.123000
5018,692.003000,374.020000,7.080000,297.714000
5019,653.516000,373.571000,10.189000,310.583000
5020,519.498000,382.001000,22.219000,239.163000
5021,595.576000,265.615000,7.930000,245.935000
5022,473.858000,358.702000,7.900000,284.573000
5023,632.706000,330.043000,9.551000,282.623000
5024,701.193000,405.661000,11.730000,335.402000
5025,554.577000,283.164000,13.080000,222.964000
5026,687.644000,383.560000,9.290000,326.002000
5027,392.181000,190.636000,8.621000,173.907000
5028,560.047000,321.843000,12.100000,275.374000
5029,646.535000,348.071000,11.741000,287.874000
5030,1033.795000,763.292000,15.630000,558.436000
5031,893.449000,329.511000,18.610000,270.154000
5032,584.596000,246.094000,9.440000,208.285000
5033,656.385000,363.311000,10.269000,326.632000
5034,629.235000,355.722000,9.630000,280.243000
5035,690.274000,384.871000,11.849000,347.401000
5036,528.508000,289.102000,10.469000,264.274000
5037,654.486000,361.311000,9.309000,291.353000
5038,663.805000,371.842000,9.491000,355.032000
5039,583.217000,310.353000,12.190000,286.523000
5040,635.995000,524.127000,16.659000,451.739000
5041,614.825000,284.014000,18.390000,265.524000
5042,648.935000,296.653000,18.790000,291.814000
5043,673.064000,371.331000,8.810000,385.502000
5044,496.308000,314.993000,9.719000,284.313000
5045,676.724000,344.981000,9.550000,290.994000
5046,628.985000,345.562000,10.520000,285.073000
5047,704.003000,408.911000,11.120000,366.042000
5048,703.943000,366.102000,9.480000,302.614000
5049,609.895000,337.972000,9.660000,306.263000
5050,814.791000,590.056000,16.939000,459.349000
5051,422.590000,188.975000,12.301000,183.776000
5052,549.437000,275.704000,18.739000,265.783000
5053,674.755000,413.841000,11.750000,326.043000
5054,633.585000,345.342000,9.200000,327.273000
5055,700.533000,393.050000,8.670000,358.122000
5056,681.344000,352.513000,12.549000,340.722000
5057,743.392000,400.090000,13.100000,327.273000
5058,498.868000,236.034000,8.780000,202.595000
5059,596.046000,324.433000,8.410000,249.663000
5060,661.695000,309.842000,17.070000,301.973000
5061,583.496000,248.184000,8.459000,273.674000
5062,623.566000,320.742000,9.609000,287.793000
5063,502.809000,263.764000,12.910000,246.185000
5064,574.676000,297.734000,12.710000,253.123000
5065,523.368000,327.462000,11.059000,304.324000
5066,378.260000,179.795000,9.699000,171.246000
5067,992.647000,581.187000,10.931000,434.680000
5068,763.242000,369.431000,10.780000,283.333000
5069,729.512000,381.621000,9.840000,344.023000
5070,747.373000,567.526000,23.439000,510.549000
5071,680.904000,488.508000,13.770000,321.564000
5072,603.965000,339.652000,13.410000,293.794000
5073,633.214000,273.964000,12.970000,229.345000
5074,465.859000,249.183000,7.200000,214.355000
5075,693.224000,435.099000,11.189000,367.391000
5076,699.603000,366.122000,9.600000,335.261000
5077,578.626000,299.304000,52.748000,264.003000
5078,673.394000,372.760000,10.710000,300.734000
5079,1104.714000,377.861000,19.870000,258.624000
5080,794.572000,645.674000,16.040000,571.876000
5081,1054.684000,456.069000,17.160000,361.731000
5082,532.387000,281.024000,12.280000,297.203000
5083,646.705000,297.223000,13.160000,253.664000
5084,714.793000,387.180000,11.291000,374.902000
5085,691.743000,383.311000,8.059000,327.242000
5086,597.676000,309.522000,7.259000,377.431000
5087,566.447000,282.983000,10.200000,240.464000
5088,717.594000,402.250000,6.840000,319.672000
5089,532.738000,255.585000,7.000000,231.685000
5090,477.428000,357.642000,20.120000,291.953000
5091,711.453000,369.302000,9.600000,302.552000
5092,833.620000,343.332000,14.810000,295.462000
5093,554.136000,297.753000,8.771000,232.304000
5094,357.551000,194.546000,6.531000,174.426000
5095,561.917000,336.853000,37.329000,289.283000
5096,603.746000,367.262000,8.479000,288.453000
5097,511.928000,271.082000,8.960000,236.944000
5098,631.075000,348.383000,10.529000,286.364000
5099,437.640000,211.115000,7.160000,184.915000
5100,909.519000,738.673000,47.718000,574.908000
5101,392.850000,208.245000,9.059000,189.505000
5102,559.206000,307.963000,15.749000,271.894000
5103,746.442000,452.819000,16.580000,382.891000
5104,710.293000,445.879000,15.540000,339.162000
5105,717.392000,369.501000,8.239000,287.293000
5106,613.565000,361.061000,11.040000,305.763000
5107,683.673000,407.051000,13.730000,316.113000
5108,635.385000,397.280000,13.240000,358.872000
5109,734.423000,448.519000,11.469000,346.083000
5110,781.881000,650.455000,25.220000,511.998000
5111,573.116000,322.973000,14.000000,308.592000
5112,565.756000,305.633000,9.520000,303.323000
5113,598.517000,340.022000,10.710000,297.184000
5114,558.557000,340.561000,12.029000,277.214000
5115,612.135000,379.101000,13.759000,333.431000
5116,716.964000,405.770000,11.940000,485.119000
5117,633.375000,377.202000,11.170000,296.533000
5118,693.144000,456.569000,11.689000,340.013000
5119,561.997000,281.233000,10.029000,249.384000
5120,1140.314000,519.518000,23.208000,332.364000
5121,702.793000,337.833000,20.760000,281.063000
5122,748.823000,435.880000,9.470000,346.401000
5123,690.604000,405.830000,9.220000,336.263000
5124,648.326000,408.171000,11.170000,356.371000
5125,569.396000,311.533000,17.430000,286.093000
5126,595.416000,360.662000,10.690000,297.114000
5127,719.742000,433.110000,72.648000,366.642000
5128,927.759000,454.120000,10.920000,316.712000
5129,657.775000,380.101000,9.640000,348.781000
5130,704.845000,640.766000,12.350000,402.741000
5131,885.358000,389.040000,17.060000,359.492000
5132,642.854000,395.291000,14.269000,333.033000
5133,434.590000,223.945000,13.409000,212.694000
5134,509.347000,292.783000,9.290000,251.485000
5135,518.077000,316.224000,9.599000,237.904000
5136,478.120000,266.604000,8.030000,233.424000
5137,607.696000,382.021000,10.690000,298.812000
5138,619.356000,379.171000,17.179000,312.694000
5139,439.829000,280.034000,18.729000,260.795000
5140,667.685000,405.071000,20.280000,360.931000
5141,508.048000,403.031000,10.880000,351.023000
5142,765.632000,536.677000,16.050000,493.229000
5143,1237.320000,317.823000,16.190000,254.044000
5144,664.115000,291.012000,12.621000,258.274000
5145,319.432000,159.287000,10.360000,146.326000
5146,800.981000,274.605000,18.130000,241.544000
5147,598.165000,374.471000,15.480000,401.301000
5148,646.374000,396.430000,15.190000,340.892000
5149,632.996000,341.752000,12.720000,309.163000
5150,727.243000,588.857000,22.920000,512.599000
5151,587.186000,359.522000,14.421000,299.563000
5152,648.584000,431.441000,11.381000,340.232000
5153,633.145000,416.430000,11.230000,380.241000
5154,446.070000,253.293000,9.150000,216.835000
5155,702.934000,452.529000,11.810000,333.762000
5156,561.497000,318.293000,13.000000,227.075000
5157,660.134000,382.651000,11.880000,317.223000
5158,574.186000,357.671000,10.900000,322.902000
5159,546.667000,344.432000,10.310000,304.092000
5160,656.685000,518.659000,14.661000,445.909000
5161,544.028000,308.022000,12.290000,252.534000
5162,552.957000,303.024000,14.140000,275.593000
5163,608.776000,362.232000,9.621000,285.732000
5164,399.080000,229.355000,9.850000,201.635000
5165,752.983000,445.210000,9.588000,366.622000
5166,947.977000,389.601000,15.140000,269.453000
5167,506.767000,290.844000,9.901000,261.695000
5168,670.944000,344.783000,9.470000,289.223000
5169,557.227000,314.053000,23.589000,269.944000
5170,665.444000,512.949000,15.660000,341.522000
5171,600.826000,348.201000,12.570000,289.142000
5172,557.656000,325.704000,13.670000,267.513000
5173,673.065000,405.611000,16.291000,349.892000
5174,598.666000,389.871000,49.589000,331.022000
5175,630.376000,384.111000,10.479000,300.984000
5176,637.905000,379.980000,9.600000,320.192000
5177,767.833000,448.358000,13.010000,353.443000
5178,622.155000,381.801000,10.900000,340.601000
5179,703.174000,356.112000,13.230000,290.284000
5180,746.502000,525.948000,13.539000,477.178000
5181,619.856000,490.839000,16.640000,375.421000
5182,641.446000,371.161000,10.460000,316.563000
5183,584.177000,386.991000,14.760000,290.093000
5184,523.297000,263.704000,16.680000,252.833000
5185,679.494000,399.010000,16.300000,331.832000
5186,399.160000,234.815000,12.650000,215.205000
5187,761.653000,446.968000,10.029000,396.541000
5188,696.995000,392.860000,43.108000,307.192000
5189,727.063000,364.440000,5.840000,284.794000
5190,548.228000,415.700000,15.780000,427.809000
5191,554.438000,329.892000,10.780000,267.714000
5192,469.518000,289.784000,11.110000,263.734000
5193,421.540000,250.393000,12.260000,198.726000
5194,747.204000,468.689000,8.510000,391.642000
5195,528.977000,283.553000,8.370000,239.094000
5196,735.292000,448.099000,15.250000,339.181000
5197,616.816000,347.712000,13.331000,305.333000
5198,397.141000,184.095000,11.181000,188.976000
5199,583.176000,288.894000,15.049000,254.293000
5200,730.113000,615.206000,24.309000,365.542000
5201,917.739000,326.602000,16.039000,284.483000
5202,505.118000,245.254000,10.750000,226.385000
5203,786.901000,423.600000,14.300000,323.522000
5204,685.594000,390.421000,10.221000,320.192000
5205,628.096000,355.322000,10.139000,297.363000
5206,658.555000,348.492000,8.149000,298.523000
5207,590.526000,292.182000,5.830000,335.422000
5208,856.320000,445.759000,10.960000,340.903000
5209,692.473000,398.832000,10.329000,347.632000
5210,447.459000,188.425000,15.630000,184.396000
5211,710.805000,241.754000,17.640000,244.235000
5212,569.866000,287.993000,15.090000,275.824000
5213,658.604000,358.341000,15.910000,325.912000
5214,557.858000,298.532000,9.910000,271.974000
5215,626.475000,376.971000,46.389000,325.332000
5216,504.359000,332.652000,11.160000,288.044000
5217,388.641000,166.476000,14.690000,163.725000
5218,848.100000,330.122000,14.080000,254.984000
5219,442.600000,205.666000,10.650000,198.015000
5220,598.606000,268.733000,18.649000,255.904000
5221,677.234000,542.006000,11.500000,344.662000
5222,474.969000,233.154000,13.120000,225.115000
5223,616.415000,343.782000,10.689000,298.804000
5224,649.505000,371.332000,13.370000,298.952000
5225,599.956000,302.943000,8.730000,262.544000
5226,447.859000,214.655000,7.160000,183.445000
5227,716.724000,361.611000,6.420000,317.573000
5228,660.174000,353.452000,7.130000,305.522000
5229,562.996000,286.144000,6.640000,253.044000
5230,717.603000,563.007000,13.778000,333.943000
5231,679.213000,331.723000,11.870000,323.933000
5232,458.100000,200.796000,10.221000,190.136000
5233,582.796000,300.734000,11.240000,232.213000
5234,560.097000,302.243000,11.571000,257.585000
5235,569.366000,319.963000,7.110000,266.402000
5236,615.346000,306.934000,12.100000,291.024000
5237,677.593000,398.330000,9.080000,313.052000
5238,736.171000,273.933000,9.840000,223.324000
5239,614.896000,319.422000,10.730000,348.432000
5240,623.275000,473.330000,17.309000,406.221000
5241,728.772000,547.248000,14.569000,359.301000
5242,506.298000,233.735000,8.690000,243.604000
5243,541.999000,269.503000,9.699000,235.565000
5244,644.905000,395.001000,9.980000,453.830000
5245,604.546000,317.873000,9.069000,276.144000
5246,481.038000,228.505000,11.549000,208.085000
5247,485.678000,245.354000,7.499000,223.564000
5248,728.904000,407.400000,36.960000,316.033000
5249,513.099000,284.923000,15.169000,252.994000
5250,720.873000,550.968000,17.811000,420.679000
5251,627.586000,291.664000,13.120000,277.174000
5252,685.363000,337.823000,9.181000,352.652000
5253,1201.701000,260.413000,15.210000,203.475000
5254,782.382000,315.934000,11.720000,288.232000
5255,577.965000,303.902000,7.420000,278.922000
5256,484.979000,255.775000,8.800000,239.284000
5257,669.183000,350.152000,7.920000,341.132000
5258,657.675000,358.231000,7.430000,352.311000
5259,717.273000,399.711000,7.461000,351.992000
5260,857.410000,685.154000,17.640000,395.891000
5261,688.674000,341.972000,12.810000,323.054000
5262,729.982000,424.560000,8.720000,375.751000
5263,867.240000,284.774000,17.539000,217.305000
5264,640.665000,341.853000,9.160000,304.792000
5265,450.319000,218.315000,7.850000,191.985000
5266,544.986000,265.445000,7.651000,243.945000
5267,701.934000,405.881000,11.109000,392.710000
5268,602.156000,304.073000,9.129000,238.865000
5269,484.659000,287.172000,12.910000,269.014000
5270,585.296000,411.000000,22.060000,327.502000
5271,410.459000,185.377000,11.650000,206.385000
5272,598.926000,283.523000,13.509000,239.834000
5273,567.846000,320.973000,11.880000,282.663000
5274,730.033000,421.420000,21.250000,331.641000
5275,740.232000,387.342000,7.289000,294.513000
5276,756.902000,409.850000,10.750000,334.053000
5277,563.006000,264.454000,41.578000,270.794000
5278,709.734000,367.511000,7.390000,275.502000
5279,661.824000,386.251000,14.440000,330.312000
5280,606.515000,447.869000,21.908000,332.272000
5281,668.835000,357.502000,13.790000,390.301000
5282,635.565000,363.001000,10.770000,311.152000
5283,632.075000,369.111000,11.099000,309.653000
5284,636.696000,405.371000,14.189000,309.563000
5285,587.916000,362.232000,9.720000,315.382000
5286,576.466000,353.783000,10.499000,315.171000
5287,732.962000,272.743000,11.869000,208.384000
5288,622.076000,353.332000,8.780000,299.093000
5289,673.194000,366.881000,8.070000,343.711000
5290,774.882000,619.076000,15.150000,325.143000
5291,551.427000,274.913000,11.180000,266.423000
5292,640.995000,360.492000,16.209000,294.514000
5293,592.756000,378.492000,11.459000,315.164000
5294,457.768000,223.715000,10.851000,192.156000
5295,656.104000,373.641000,12.150000,354.332000
5296,684.024000,384.442000,14.859000,352.771000
5297,530.188000,228.864000,17.910000,202.215000
5298,484.748000,249.505000,12.971000,225.105000
5299,705.494000,277.623000,18.759000,228.445000
5300,520.327000,292.402000,18.020000,186.236000
5301,632.546000,279.903000,8.700000,267.343000
5302,775.493000,313.813000,14.569000,287.093000
5303,628.866000,396.150000,47.689000,324.412000
5304,681.234000,420.661000,12.268000,381.182000
5305,575.486000,360.222000,14.339000,286.004000
5306,787.461000,577.727000,15.479000,396.520000
5307,675.024000,409.140000,13.749000,361.382000
5308,638.084000,379.941000,10.941000,338.352000
5309,614.635000,310.643000,11.689000,271.543000
5310,821.111000,383.672000,16.219000,366.371000
5311,715.422000,337.023000,7.889000,301.554000
5312,589.926000,291.274000,10.731000,279.812000
5313,684.365000,375.052000,13.120000,345.191000
5314,634.095000,319.503000,10.360000,271.354000
5315,545.507000,289.014000,8.650000,239.104000
5316,736.374000,402.470000,8.380000,309.042000
5317,634.845000,367.451000,13.310000,278.524000
5318,596.425000,316.863000,13.418000,294.944000
5319,736.873000,404.280000,11.830000,313.744000
5320,685.014000,572.656000,58.999000,360.441000
5321,720.224000,318.142000,11.969000,299.514000
5322,562.847000,361.211000,13.360000,302.872000
5323,545.507000,251.835000,9.170000,212.224000
5324,717.903000,394.231000,8.300000,321.512000
5325,615.376000,259.794000,12.219000,229.965000
5326,654.544000,339.951000,9.449000,276.704000
5327,767.121000,380.660000,9.250000,290.273000
5328,598.755000,335.422000,8.819000,361.983000
5329,587.007000,261.674000,6.848000,219.296000
5330,371.271000,164.836000,14.869000,173.526000
5331,684.654000,293.663000,14.070000,287.954000
5332,610.366000,285.103000,12.570000,269.434000
5333,626.526000,331.302000,12.779000,305.463000
5334,585.266000,300.614000,18.800000,286.093000
5335,467.589000,260.754000,13.580000,236.764000
5336,430.320000,213.816000,9.659000,245.425000
5337,511.389000,267.613000,6.320000,240.285000
5338,563.757000,341.701000,11.090000,316.901000
5339,383.951000,165.347000,16.289000,170.747000
5340,740.673000,336.061000,18.170000,337.931000
5341,314.124000,121.797000,10.549000,143.946000
5342,576.536000,243.314000,9.090000,239.064000
5343,563.228000,288.313000,9.821000,250.315000
5344,417.070000,230.524000,8.479000,231.545000
5345,655.543000,378.982000,10.660000,312.472000
5346,691.244000,401.041000,16.880000,331.042000
5347,629.525000,348.572000,14.470000,300.734000
5348,590.896000,302.222000,5.960000,271.454000
5349,649.985000,341.012000,6.840000,287.994000
5350,773.662000,562.177000,16.530000,363.792000
5351,743.592000,319.773000,13.208000,303.504000
5352,411.010000,176.945000,9.689000,184.036000
5353,639.136000,348.633000,11.520000,320.332000
5354,627.256000,295.763000,10.888000,243.144000
5355,273.184000,156.126000,12.080000,164.167000
5356,702.693000,337.842000,13.690000,298.003000
5357,702.442000,387.451000,14.490000,345.082000
5358,501.188000,257.964000,13.389000,227.405000
5359,573.937000,304.593000,10.740000,269.854000
5360,942.878000,675.464000,20.880000,505.799000
5361,805.301000,317.852000,16.330000,289.033000
5362,658.705000,291.602000,14.629000,268.514000
5363,713.013000,420.900000,7.220000,344.512000
5364,619.176000,287.043000,14.270000,239.294000
5365,730.622000,410.361000,47.349000,382.711000
5366,360.862000,172.096000,7.240000,170.145000
5367,643.235000,373.001000,49.069000,358.892000
5368,688.853000,375.941000,48.719000,308.522000
5369,698.403000,405.551000,12.800000,313.902000
5370,544.587000,246.333000,19.839000,243.194000
5371,563.756000,262.974000,15.180000,273.834000
5372,722.062000,337.403000,9.579000,355.131000
5373,576.127000,277.744000,12.270000,252.024000
5374,719.762000,406.420000,9.370000,290.104000
5375,426.220000,203.726000,10.150000,193.584000
5376,779.031000,415.531000,13.460000,356.180000
5377,515.518000,233.403000,12.969000,225.145000
5378,332.173000,157.056000,8.710000,152.596000
5379,828.900000,452.060000,6.150000,346.681000
5380,700.882000,561.528000,17.140000,450.188000
5381,590.086000,300.162000,14.209000,288.753000
5382,611.426000,325.232000,15.979000,302.782000
5383,603.737000,312.103000,19.729000,273.414000
5384,686.263000,383.121000,8.040000,325.724000
5385,662.813000,419.571000,7.280000,345.013000
5386,615.386000,348.511000,11.809000,296.724000
5387,644.115000,393.101000,10.880000,323.941000
5388,488.209000,168.835000,11.260000,170.476000
5389,648.574000,357.342000,6.689000,303.883000
5390,653.815000,515.059000,60.818000,297.633000
5391,531.527000,267.064000,11.200000,238.446000
5392,557.926000,291.823000,16.979000,273.223000
5393,614.395000,336.373000,16.820000,330.202000
5394,676.904000,373.801000,9.260000,307.492000
5395,532.618000,275.583000,11.880000,268.734000
5396,626.885000,363.131000,52.509000,294.102000
5397,613.096000,307.552000,5.840000,254.384000
5398,639.215000,330.932000,11.420000,317.503000
5399,724.174000,397.331000,11.390000,327.232000
5400,499.368000,376.871000,12.380000,221.754000
5401,780.472000,394.691000,11.280000,379.132000
5402,449.879000,221.515000,9.650000,211.715000
5403,655.815000,381.311000,9.260000,338.651000
5404,679.015000,395.181000,9.889000,311.953000
5405,783.422000,442.079000,42.729000,463.699000
5406,627.085000,310.412000,13.569000,269.245000
5407,492.598000,249.794000,14.070000,230.925000
5408,673.043000,374.893000,16.490000,313.112000
5409,508.678000,238.414000,12.309000,208.935000
5410,569.365000,426.879000,14.369000,291.494000
5411,767.732000,412.571000,8.790000,321.032000
5412,712.235000,278.254000,17.470000,245.594000
5413,618.266000,322.913000,14.629000,263.293000
5414,633.475000,337.902000,10.000000,285.383000
5415,671.194000,483.959000,6.630000,345.342000
5416,764.051000,388.350000,9.690000,421.290000
5417,531.068000,303.702000,13.030000,265.224000
5418,600.026000,302.543000,8.690000,337.072000
5419,459.509000,234.395000,6.409000,206.395000
5420,506.800000,390.001000,16.570000,294.304000
5421,1119.673000,398.041000,15.089000,234.754000
5422,401.381000,200.786000,8.299000,185.595000
5423,635.156000,294.044000,32.419000,301.562000
5424,607.576000,313.333000,6.740000,261.292000
5425,625.745000,387.161000,14.078000,298.483000
5426,679.314000,381.601000,13.720000,302.183000
5427,632.916000,360.161000,11.960000,278.754000
5428,650.425000,358.691000,11.030000,305.512000
5429,465.010000,222.725000,9.100000,209.735000
5430,400.570000,263.034000,20.669000,259.754000
5431,787.842000,620.896000,12.519000,364.041000
5432,720.624000,354.681000,8.460000,312.402000
5433,367.402000,192.156000,7.100000,199.436000
5434,1128.045000,373.101000,15.270000,281.974000
5435,619.346000,285.803000,11.830000,227.384000
5436,690.605000,358.492000,9.891000,286.384000
5437,574.655000,291.134000,13.769000,270.944000
5438,579.247000,326.853000,8.829000,297.623000
5439,708.204000,393.960000,46.409000,365.580000
5440,742.712000,335.702000,12.389000,310.922000
5441,584.396000,278.864000,12.430000,268.884000
5442,532.918000,313.004000,12.600000,305.603000
5443,549.486000,299.254000,14.950000,260.164000
5444,435.639000,233.025000,12.420000,220.486000
5445,615.475000,373.441000,11.240000,344.482000
5446,574.906000,243.484000,10.990000,210.705000
5447,514.757000,292.814000,46.308000,284.134000
5448,592.936000,311.644000,6.951000,267.974000
5449,639.724000,379.172000,10.800000,302.032000
5450,625.496000,477.529000,15.290000,356.342000
5451,443.800000,201.826000,9.010000,209.505000
5452,694.914000,376.911000,13.930000,317.503000
5453,669.555000,421.301000,13.030000,330.352000
5454,543.977000,302.312000,14.009000,272.614000
5455,686.294000,392.642000,8.700000,360.922000
5456,619.366000,387.600000,15.169000,298.833000
5457,590.336000,341.342000,16.030000,291.093000
5458,668.434000,355.921000,13.720000,290.614000
5459,661.244000,323.253000,13.240000,265.064000
5460,748.713000,374.001000,16.140000,318.282000
5461,597.826000,276.454000,12.300000,275.664000
5462,730.933000,393.791000,12.070000,350.001000
5463,449.330000,230.944000,13.360000,230.235000
5464,740.782000,439.281000,13.580000,397.790000
5465,887.410000,318.232000,17.340000,236.705000
5466,562.617000,289.253000,15.221000,255.434000
5467,439.860000,200.376000,21.409000,182.686000
5468,623.675000,357.291000,11.230000,309.992000
5469,628.265000,357.553000,14.910000,337.541000
5470,844.340000,409.141000,25.789000,272.003000
5471,594.365000,270.123000,10.120000,246.245000
5472,440.670000,152.316000,18.290000,188.166000
5473,673.805000,349.712000,12.340000,307.903000
5474,656.394000,389.481000,10.070000,303.513000
5475,418.760000,229.735000,7.950000,199.475000
5476,775.601000,530.277000,10.929000,321.773000
5477,603.055000,316.962000,15.149000,278.883000
5478,511.678000,277.904000,13.950000,248.125000
5479,522.457000,244.765000,10.970000,225.794000
5480,671.473000,513.538000,58.829000,311.812000
5481,630.596000,304.913000,15.360000,294.722000
5482,477.059000,247.934000,10.070000,233.564000
5483,698.853000,411.670000,7.400000,328.322000
5484,769.031000,423.150000,7.350000,301.473000
5485,670.285000,358.722000,9.150000,282.494000
5486,501.228000,246.255000,9.861000,209.275000
5487,593.635000,299.894000,13.929000,280.273000
5488,635.105000,352.551000,9.000000,301.494000
5489,482.420000,247.333000,10.089000,224.816000
5490,525.987000,230.055000,16.200000,235.625000
5491,865.988000,372.112000,9.379000,375.811000
5492,606.946000,313.892000,12.800000,298.283000
5493,512.018000,274.884000,13.340000,247.195000
5494,517.597000,327.763000,8.299000,293.413000
5495,616.616000,367.991000,16.379000,306.183000
5496,697.513000,377.933000,11.051000,307.972000
5497,612.146000,348.222000,9.509000,330.603000
5498,416.570000,188.525000,9.689000,161.865000
5499,643.555000,375.812000,8.971000,350.062000
5500,577.267000,429.598000,20.079000,368.062000
5501,584.337000,297.282000,11.639000,274.503000
5502,553.736000,278.194000,50.209000,266.194000
5503,490.908000,266.383000,11.110000,233.445000
5504,737.432000,465.319000,11.609000,368.751000
5505,654.214000,442.349000,12.180000,358.891000
5506,578.216000,341.602000,12.040000,253.234000
5507,631.725000,326.302000,10.219000,260.424000
5508,517.268000,296.313000,7.450000,270.524000
5509,567.226000,348.421000,8.859000,260.535000
5510,648.265000,497.119000,18.639000,271.983000
5511,511.009000,222.355000,9.011000,223.284000
5512,711.912000,341.073000,9.559000,290.502000
5513,685.125000,389.071000,8.970000,331.892000
5514,675.955000,390.531000,11.699000,324.613000
5515,539.418000,276.123000,13.299000,259.914000
5516,619.345000,343.042000,11.100000,279.763000
5517,526.739000,245.705000,11.608000,222.795000
5518,605.226000,339.442000,9.320000,264.043000
5519,710.803000,269.053000,17.489000,233.163000
5520,960.876000,563.476000,24.080000,459.329000
5521,756.482000,625.955000,18.940000,414.021000
5522,651.795000,364.011000,13.640000,312.614000
5523,699.063000,399.990000,13.380000,347.531000
5524,578.037000,355.421000,13.670000,288.694000
5525,562.856000,348.522000,11.800000,400.360000
5526,593.516000,357.872000,12.870000,325.432000
5527,727.393000,415.490000,14.499000,289.714000
5528,578.637000,289.144000,16.750000,248.384000
5529,615.836000,328.813000,9.889000,303.062000
5530,729.593000,603.936000,58.329000,479.389000
5531,767.663000,294.633000,15.491000,268.194000
5532,559.427000,275.984000,9.680000,264.852000
5533,652.735000,348.161000,8.891000,314.374000
5534,472.768000,240.395000,6.710000,223.534000
5535,599.476000,284.274000,11.270000,231.235000
5536,571.016000,279.363000,44.849000,229.985000
5537,541.467000,261.014000,8.270000,266.455000
5538,672.714000,346.102000,8.880000,310.952000
5539,677.614000,324.793000,45.128000,290.784000
5540,626.965000,272.673000,20.340000,242.803000
5541,640.465000,278.244000,19.349000,271.164000
5542,468.739000,170.945000,20.779000,185.236000
5543,606.255000,290.584000,10.470000,253.595000
5544,526.147000,278.984000,10.910000,245.904000
5545,532.837000,279.384000,9.570000,236.855000
5546,634.363000,372.062000,11.350000,281.523000
5547,565.198000,266.612000,9.289000,248.435000
5548,528.928000,312.363000,11.870000,272.664000
5549,587.746000,323.333000,15.989000,287.624000
5550,628.955000,448.970000,15.029000,284.703000
5551,512.139000,232.775000,12.070000,239.525000
5552,600.056000,302.543000,11.771000,265.234000
5553,647.075000,377.060000,12.000000,336.821000
5554,583.947000,332.953000,11.939000,269.242000
5555,653.104000,398.200000,9.760000,340.712000
5556,912.859000,309.022000,13.980000,249.394000
5557,702.194000,358.942000,12.140000,332.592000
5558,654.704000,324.712000,12.869000,261.933000
5559,406.751000,186.335000,9.890000,180.784000
5560,548.687000,423.590000,61.169000,357.332000
5561,524.478000,254.332000,13.310000,260.234000
5562,715.304000,350.382000,12.220000,320.401000
5563,621.595000,341.793000,11.129000,296.152000
5564,728.434000,417.790000,47.217000,357.381000
5565,680.623000,403.021000,15.450000,319.704000
5566,591.106000,315.522000,14.790000,268.724000
5567,585.966000,330.961000,42.489000,295.584000
5568,693.573000,374.532000,6.030000,309.854000
5569,750.462000,393.311000,5.710000,358.153000
5570,663.535000,485.847000,17.240000,384.721000
5571,487.850000,208.986000,10.550000,221.065000
5572,745.531000,281.234000,16.350000,287.973000
5573,473.620000,246.064000,10.380000,223.815000
5574,730.374000,364.482000,7.230000,288.953000
5575,534.718000,285.174000,8.709000,245.224000
5576,648.046000,350.491000,20.670000,322.133000
5577,682.814000,374.280000,8.150000,274.064000
5578,522.187000,328.193000,13.369000,285.584000
5579,444.689000,227.765000,11.920000,198.375000
5580,706.204000,503.708000,12.709000,339.863000
5581,746.293000,357.072000,13.909000,352.882000
5582,663.215000,295.273000,14.920000,240.734000
5583,661.895000,380.341000,10.730000,315.533000
5584,707.473000,415.291000,46.489000,361.852000
5585,629.046000,425.531000,8.541000,300.452000
5586,586.207000,336.343000,14.858000,314.723000
5587,602.866000,312.412000,45.129000,282.744000
5588,679.524000,363.540000,7.860000,285.473000
5589,508.679000,284.394000,16.438000,281.744000
5590,725.513000,322.243000,19.969000,310.843000
5591,532.868000,255.414000,13.131000,262.255000
5592,624.345000,305.702000,9.679000,280.164000
5593,488.128000,225.886000,5.858000,221.455000
5594,679.294000,378.850000,10.499000,355.252000
5595,626.705000,403.402000,11.410000,349.172000
5596,533.707000,263.504000,12.239000,245.554000
5597,488.250000,253.735000,9.370000,231.505000
5598,644.745000,370.572000,9.729000,296.143000
5599,382.771000,200.085000,7.189000,211.014000
5600,673.374000,528.408000,14.020000,467.218000
5601,580.707000,312.213000,17.740000,311.853000
5602,588.996000,304.972000,9.710000,296.444000
5603,710.844000,337.703000,15.120000,337.462000
5604,722.683000,356.812000,10.440000,324.462000
5605,629.285000,314.452000,8.449000,345.533000
5606,502.397000,205.586000,6.370000,186.045000
5607,577.757000,280.394000,8.899000,239.545000
5608,396.671000,155.307000,10.529000,162.196000
5609,492.579000,250.324000,9.070000,227.635000
5610,533.308000,399.261000,15.310000,285.023000
5611,545.357000,256.004000,11.300000,258.024000
5612,729.552000,346.642000,14.070000,319.022000
5613,601.795000,333.912000,15.170000,303.773000
5614,560.116000,385.890000,14.880000,346.331000
5615,643.764000,366.841000,18.210000,306.613000
5616,570.417000,369.201000,15.040000,307.553000
5617,666.994000,359.691000,12.179000,283.175000
5618,575.037000,281.144000,8.068000,256.885000
5619,519.359000,258.534000,11.030000,237.865000
5620,691.383000,488.288000,21.270000,440.080000
5621,771.611000,310.851000,15.251000,309.024000
5622,546.417000,310.193000,16.079000,291.093000
5623,566.947000,341.652000,11.500000,265.695000
5624,565.396000,355.092000,45.768000,294.723000
5625,472.929000,280.274000,10.720000,240.564000
5626,473.918000,284.753000,14.299000,238.595000
5627,647.904000,376.823000,10.860000,358.421000
5628,753.972000,414.550000,12.190000,340.381000
5629,1101.075000,336.072000,16.760000,272.354000
5630,656.375000,402.730000,18.380000,236.125000
5631,689.703000,367.362000,10.429000,396.412000
5632,644.854000,303.673000,17.849000,264.484000
5633,583.965000,320.413000,14.610000,266.154000
5634,472.909000,280.273000,11.850000,260.644000
5635,498.048000,262.634000,9.051000,229.696000
5636,414.020000,201.465000,11.661000,162.417000
5637,622.466000,359.372000,9.779000,288.624000
5638,478.179000,230.275000,12.970000,210.975000
5639,707.242000,333.483000,16.249000,294.614000
5640,727.013000,537.927000,26.210000,379.610000
5641,536.248000,216.445000,19.820000,224.224000
5642,570.806000,296.014000,10.779000,281.833000
5643,766.353000,321.283000,17.779000,254.705000
5644,605.395000,320.401000,8.240000,292.244000
5645,543.337000,270.384000,11.509000,229.244000
5646,483.648000,224.845000,9.760000,209.155000
5647,530.489000,284.372000,8.489000,299.164000
5648,382.440000,229.334000,7.420000,213.025000
5649,781.532000,436.159000,9.650000,350.551000
5650,603.566000,265.114000,19.449000,321.482000
5651,710.524000,324.872000,9.100000,295.993000
5652,714.693000,336.903000,10.369000,322.521000
5653,712.034000,426.960000,11.220000,371.161000
5654,551.477000,256.075000,17.929000,229.044000
5655,707.223000,366.361000,9.900000,289.214000
5656,573.866000,337.571000,10.890000,286.553000
5657,750.992000,398.350000,8.830000,358.632000
5658,564.216000,306.532000,11.159000,242.854000
5659,308.413000,140.076000,6.220000,151.246000
5660,727.222000,603.176000,17.349000,320.633000
5661,340.181000,147.356000,10.910000,166.557000
5662,757.632000,391.111000,8.680000,392.680000
5663,604.516000,322.762000,14.920000,294.284000
5664,563.806000,291.303000,13.289000,233.623000
5665,511.979000,263.154000,6.989000,246.424000
5666,674.705000,323.542000,7.099000,318.512000
5667,667.733000,335.862000,6.640000,326.053000
5668,756.902000,400.141000,10.449000,309.264000
5669,663.743000,401.800000,13.770000,319.384000
5670,637.865000,293.893000,21.739000,274.284000
5671,771.422000,326.531000,12.000000,339.821000
5672,549.797000,262.972000,12.900000,258.044000
5673,615.156000,334.112000,8.760000,286.124000
5674,488.448000,262.133000,11.590000,219.135000
5675,480.379000,246.114000,9.690000,221.793000
5676,593.326000,314.923000,12.990000,273.883000
5677,758.382000,342.142000,15.040000,317.953000
5678,700.164000,355.583000,5.389000,287.873000
5679,739.043000,391.651000,13.150000,333.882000
5680,739.803000,395.251000,18.210000,327.192000
5681,623.656000,369.222000,14.860000,291.344000
5682,723.713000,374.721000,15.449000,337.082000
5683,505.978000,238.435000,15.790000,218.575000
5684,509.348000,291.781000,10.320000,254.585000
5685,679.415000,419.050000,13.369000,312.483000
5686,546.607000,282.893000,11.230000,255.305000
5687,556.417000,334.202000,10.339000,304.364000
5688,457.739000,223.564000,15.490000,195.226000
5689,460.710000,233.254000,13.790000,219.455000
5690,738.081000,556.177000,15.259000,357.891000
5691,707.134000,293.962000,8.371000,316.454000
5692,656.685000,340.412000,11.849000,328.831000
5693,603.976000,450.979000,10.350000,323.723000
5694,545.447000,291.363000,11.030000,246.745000
5695,597.076000,343.412000,9.390000,339.182000
5696,558.326000,300.582000,12.669000,304.132000
5697,650.225000,353.512000,9.250000,311.433000
5698,482.929000,228.154000,11.029000,210.414000
5699,587.328000,321.552000,16.009000,264.584000
5700,507.708000,398.480000,19.130000,344.562000
5701,705.744000,325.582000,18.560000,345.821000
5702,531.408000,229.774000,10.620000,217.515000
5703,638.314000,328.232000,9.771000,264.584000
5704,601.096000,340.151000,9.970000,312.104000
5705,616.535000,292.002000,13.250000,247.734000
5706,685.013000,315.163000,10.900000,259.224000
5707,659.724000,304.364000,20.099000,269.673000
5708,603.547000,313.822000,40.320000,261.434000
5709,570.627000,298.303000,46.479000,302.194000
5710,677.123000,430.690000,59.299000,302.622000
5711,652.125000,340.033000,11.919000,313.253000
5712,601.835000,316.322000,12.129000,275.744000
5713,673.634000,342.591000,13.490000,269.883000
5714,711.743000,511.999000,6.760000,374.042000
5715,773.341000,465.079000,11.219000,313.544000
5716,456.109000,197.545000,9.140000,184.295000
5717,462.669000,245.584000,7.200000,217.905000
5718,485.829000,196.945000,11.688000,174.296000
5719,742.323000,407.340000,8.189000,298.073000
5720,659.165000,473.938000,19.450000,302.834000
5721,663.834000,287.703000,11.709000,270.333000
5722,649.864000,313.452000,12.799000,326.522000
5723,515.108000,281.203000,13.730000,263.604000
5724,500.088000,278.763000,12.440000,251.894000
5725,703.132000,411.720000,11.061000,326.423000
5726,641.575000,346.342000,9.231000,268.544000
5727,524.237000,223.714000,9.870000,208.414000
5728,713.504000,399.771000,12.979000,320.432000
5729,669.814000,372.241000,13.519000,307.603000
5730,677.334000,409.990000,23.850000,398.990000
5731,758.902000,613.895000,14.640000,534.457000
5732,640.115000,428.780000,49.329000,325.762000
5733,551.108000,291.833000,11.379000,260.704000
5734,485.049000,292.392000,10.439000,265.834000
5735,679.265000,370.021000,8.491000,300.292000
5736,442.760000,204.985000,13.130000,187.196000
5737,439.440000,288.352000,10.539000,247.754000
5738,610.015000,373.640000,13.959000,395.850000
5739,499.658000,275.704000,13.850000,232.803000
5740,696.365000,550.827000,18.560000,442.869000
5741,533.947000,220.255000,8.060000,274.095000
5742,607.795000,304.182000,7.171000,278.344000
5743,601.376000,339.301000,9.899000,284.833000
5744,482.828000,170.536000,8.960000,162.867000
5745,678.684000,366.312000,10.170000,327.863000
5746,695.834000,386.770000,9.049000,319.043000
5747,606.966000,297.263000,9.889000,283.944000
5748,609.006000,324.013000,52.050000,294.013000
5749,592.626000,258.874000,16.360000,224.615000
5750,660.634000,313.582000,18.290000,337.913000
5751,656.084000,324.253000,11.729000,300.232000
5752,706.763000,359.861000,10.850000,288.753000
5753,677.294000,494.359000,12.440000,380.770000
5754,597.695000,355.731000,11.960000,268.094000
5755,641.715000,363.841000,15.200000,280.304000
5756,542.637000,273.323000,11.750000,226.173000
5757,660.275000,371.183000,10.249000,304.322000
5758,733.483000,423.110000,18.269000,330.522000
5759,614.926000,333.512000,11.810000,272.354000
5760,564.987000,481.349000,18.828000,421.210000
5761,711.733000,525.119000,14.418000,314.633000
5762,841.391000,483.229000,12.770000,386.261000
5763,555.887000,268.625000,15.190000,285.143000
5764,503.048000,232.175000,19.009000,250.384000
5765,795.931000,444.080000,10.020000,326.422000
5766,695.203000,333.492000,10.950000,283.764000
5767,687.364000,208.575000,17.969000,212.703000
5768,574.827000,328.602000,10.019000,275.493000
5769,552.227000,328.852000,11.740000,281.064000
5770,611.625000,491.738000,18.580000,426.661000
5771,746.822000,480.749000,18.200000,439.030000
5772,688.854000,601.986000,15.349000,539.337000
5773,397.391000,192.285000,12.200000,175.316000
5774,623.196000,354.241000,12.880000,332.782000
5775,606.286000,297.803000,11.781000,244.594000
5776,945.979000,296.543000,13.870000,247.124000
5777,646.265000,311.773000,11.260000,272.594000
5778,723.103000,390.110000,14.309000,306.113000
5779,705.933000,389.372000,12.030000,317.162000
5780,749.114000,266.054000,22.329000,257.455000
5781,734.113000,343.352000,16.260000,315.842000
5782,650.275000,264.074000,18.769000,279.655000
5783,589.266000,323.733000,8.550000,299.902000
5784,639.625000,391.732000,9.970000,331.733000
5785,732.342000,467.080000,14.490000,406.341000
5786,461.960000,229.394000,10.338000,194.507000
5787,716.342000,378.142000,12.159000,302.833000
5788,681.153000,382.400000,15.451000,312.292000
5789,987.287000,352.621000,22.749000,261.654000
5790,631.825000,337.351000,21.209000,351.171000
5791,778.151000,375.163000,8.570000,336.101000
5792,595.156000,236.446000,13.770000,216.115000
5793,649.305000,364.271000,9.480000,310.832000
5794,630.535000,337.862000,10.630000,256.584000
5795,626.436000,334.892000,12.660000,278.525000
5796,540.957000,283.334000,13.660000,249.364000
5797,577.586000,306.343000,16.190000,276.654000
5798,652.025000,381.411000,11.550000,333.723000
5799,447.200000,235.035000,12.690000,227.735000
5800,778.271000,286.673000,12.170000,293.893000
5801,869.399000,434.730000,14.239000,391.341000
5802,602.906000,303.112000,8.600000,239.295000
5803,661.954000,330.392000,12.379000,325.703000
5804,599.795000,350.531000,14.169000,266.315000
5805,667.934000,384.201000,10.770000,291.882000
5806,688.105000,381.271000,8.720000,333.832000
5807,528.938000,235.535000,12.460000,204.986000
5808,731.453000,370.411000,11.360000,332.122000
5809,542.258000,285.063000,11.480000,257.334000
5810,497.749000,389.261000,31.240000,258.863000
5811,658.155000,324.953000,18.050000,283.044000
5812,1216.771000,448.919000,18.250000,313.182000
5813,657.675000,339.622000,7.500000,269.914000
5814,406.240000,186.055000,8.780000,177.436000
5815,590.666000,328.822000,9.800000,263.593000
5816,558.998000,314.962000,10.430000,268.424000
5817,384.110000,181.436000,8.999000,174.235000
5818,575.647000,278.764000,7.831000,230.994000
5819,329.252000,182.797000,8.380000,178.177000
5820,690.123000,315.304000,17.410000,312.572000
5821,518.219000,231.344000,15.969000,214.224000
5822,707.553000,346.151000,12.789000,302.443000
5823,572.337000,311.802000,12.981000,280.134000
5824,756.582000,382.681000,12.139000,352.052000
5825,687.563000,333.983000,11.320000,340.031000
5826,718.483000,339.611000,11.579000,288.724000
5827,593.866000,319.732000,12.310000,279.605000
5828,706.423000,410.661000,12.510000,318.532000
5829,615.886000,333.942000,10.889000,269.214000
5830,704.725000,547.369000,17.239000,328.523000
5831,821.100000,416.579000,23.680000,392.140000
5832,711.803000,402.341000,12.940000,364.072000
5833,537.097000,307.642000,15.959000,278.614000
5834,572.946000,320.443000,12.950000,303.732000
5835,410.310000,201.366000,16.129000,179.856000
5836,705.244000,362.191000,12.570000,317.314000
5837,689.473000,301.203000,11.900000,243.235000
5838,689.154000,370.631000,9.369000,305.464000
5839,743.002000,460.070000,10.229000,362.252000
5840,856.731000,505.108000,14.950000,322.252000
5841,671.555000,328.112000,10.760000,289.154000
5842,711.194000,367.601000,13.550000,381.641000
5843,573.777000,358.890000,10.061000,395.290000
5844,535.158000,283.763000,11.980000,235.455000
5845,690.895000,461.069000,10.680000,351.332000
5846,637.634000,356.413000,12.029000,324.702000
5847,665.165000,349.101000,12.780000,284.474000
5848,725.273000,331.072000,11.350000,298.323000
5849,502.599000,253.323000,8.059000,226.845000
5850,710.773000,261.794000,15.371000,239.155000
5851,733.452000,354.162000,11.069000,355.781000
5852,616.906000,310.461000,8.480000,270.114000
5853,781.862000,333.392000,15.039000,268.264000
5854,634.725000,373.161000,10.830000,329.633000
5855,451.049000,221.834000,10.210000,201.076000
5856,630.956000,319.903000,10.479000,255.105000
5857,542.867000,300.372000,15.160000,268.954000
5858,649.455000,356.842000,18.209000,292.844000
5859,520.077000,266.114000,19.729000,222.584000
5860,573.796000,445.430000,59.299000,379.861000
5861,688.954000,403.050000,14.400000,353.170000
5862,434.790000,189.095000,9.590000,189.316000
5863,559.137000,215.146000,10.850000,203.756000
5864,842.401000,425.440000,10.370000,402.510000
5865,668.255000,381.342000,12.329000,321.582000
5866,600.366000,340.223000,11.809000,269.713000
5867,709.863000,391.931000,10.110000,303.894000
5868,603.397000,341.123000,15.269000,281.303000
5869,650.465000,371.051000,12.939000,356.262000
5870,692.204000,447.130000,23.000000,402.211000
5871,729.023000,610.907000,12.349000,541.418000
5872,536.947000,431.630000,14.940000,326.712000
5873,447.060000,237.635000,9.530000,205.966000
5874,773.212000,310.353000,16.259000,258.884000
5875,670.965000,386.751000,11.600000,335.012000
5876,536.198000,261.734000,7.590000,224.014000
5877,556.218000,264.593000,15.381000,247.985000
5878,590.767000,341.854000,12.090000,277.883000
5879,523.208000,298.942000,12.470000,242.145000
5880,537.177000,403.841000,18.740000,266.154000
5881,607.966000,333.381000,14.009000,310.143000
5882,672.614000,361.811000,16.820000,309.253000
5883,630.836000,388.851000,14.080000,315.582000
5884,464.789000,249.965000,16.720000,207.835000
5885,759.961000,399.471000,12.251000,318.384000
5886,586.226000,364.961000,11.071000,295.704000
5887,570.056000,313.813000,6.809000,255.324000
5888,570.597000,320.373000,9.199000,278.375000
5889,679.015000,363.861000,12.580000,303.003000
5890,805.621000,692.963000,25.199000,610.496000
5891,540.568000,301.463000,17.160000,288.232000
5892,559.295000,328.894000,14.851000,294.403000
5893,649.875000,437.620000,47.860000,340.192000
5894,626.155000,376.261000,11.300000,315.533000
5895,560.247000,352.341000,15.260000,335.772000
5896,596.066000,360.500000,94.969000,312.673000
5897,684.973000,271.953000,18.920000,220.385000
5898,877.769000,417.450000,11.070000,348.311000
5899,670.774000,398.990000,11.330000,303.243000
5900,588.837000,302.822000,21.459000,245.875000
5901,298.462000,166.957000,9.350000,150.917000
5902,716.851000,373.302000,13.229000,321.251000
5903,692.904000,399.390000,15.210000,342.752000
5904,651.444000,393.771000,12.229000,311.832000
5905,656.094000,443.119000,13.010000,324.712000
5906,529.628000,334.242000,19.220000,282.243000
5907,796.001000,469.560000,15.498000,335.823000
5908,540.977000,323.103000,11.930000,267.633000
5909,505.199000,326.152000,11.550000,304.613000
5910,818.091000,668.494000,19.409000,503.098000
5911,651.174000,365.882000,43.928000,324.762000
5912,386.000000,155.646000,11.230000,165.476000
5913,627.705000,353.742000,9.999000,300.452000
5914,701.744000,421.481000,10.839000,283.074000
5915,654.535000,319.462000,7.640000,292.534000
5916,779.302000,391.881000,49.760000,369.561000
5917,637.096000,316.383000,6.730000,311.623000
5918,572.426000,305.543000,11.179000,266.943000
5919,470.967000,224.885000,10.620000,200.155000
5920,627.774000,481.149000,21.039000,280.273000
5921,432.931000,185.716000,8.690000,196.956000
5922,611.586000,291.534000,14.000000,287.863000
5923,934.868000,382.031000,10.810000,278.413000
5924,510.139000,269.834000,8.589000,246.515000
5925,503.818000,267.783000,7.970000,236.925000
5926,559.297000,390.891000,6.920000,281.343000
5927,514.408000,299.402000,8.580000,239.385000
5928,684.314000,404.180000,11.750000,395.491000
5929,483.618000,273.082000,8.410000,216.175000
5930,594.986000,497.569000,16.829000,422.501000
5931,709.763000,552.238000,15.930000,404.831000
5932,435.251000,198.545000,16.630000,197.425000
5933,745.703000,423.171000,47.899000,411.820000
5934,604.826000,299.052000,13.100000,267.064000
5935,699.263000,358.042000,16.100000,271.642000
5936,437.030000,193.576000,9.940000,185.095000
5937,802.361000,412.011000,9.009000,286.994000
5938,614.725000,318.011000,13.739000,255.824000
5939,698.595000,341.171000,45.939000,277.223000
5940,779.121000,557.098000,19.829000,281.473000
5941,711.633000,343.161000,11.680000,327.732000
5942,549.147000,255.223000,12.930000,251.694000
5943,599.156000,272.784000,12.360000,238.594000
5944,726.992000,379.970000,17.900000,309.694000
5945,615.046000,292.332000,18.140000,246.665000
5946,551.507000,293.544000,6.150000,340.062000
5947,698.084000,355.201000,14.639000,286.293000
5948,757.811000,394.590000,9.930000,314.683000
5949,641.525000,332.043000,7.680000,274.513000
5950,762.971000,344.491000,13.851000,322.774000
5951,656.644000,313.552000,11.670000,313.704000
5952,353.922000,161.265000,15.069000,173.196000
5953,580.496000,305.114000,10.531000,249.353000
5954,398.140000,224.875000,8.850000,197.246000
5955,731.284000,434.129000,8.750000,326.552000
5956,867.770000,448.980000,17.220000,327.492000
5957,711.833000,488.428000,13.130000,418.950000
5958,1022.326000,422.790000,13.169000,295.982000
5959,996.626000,448.609000,16.560000,361.841000
5960,690.364000,321.672000,21.200000,286.873000
5961,764.982000,342.552000,9.480000,334.872000
5962,609.716000,352.441000,8.430000,344.941000
5963,486.018000,237.524000,8.380000,205.785000
5964,655.874000,398.922000,12.119000,325.342000
5965,577.686000,319.843000,11.530000,274.883000
5966,612.476000,423.060000,16.500000,388.021000
5967,553.227000,266.174000,15.870000,218.545000
5968,548.258000,353.292000,8.651000,315.452000
5969,529.759000,250.863000,13.659000,222.334000
5970,696.863000,555.797000,19.579000,493.779000
5971,652.145000,494.397000,19.571000,466.669000
5972,681.674000,551.297000,15.160000,542.377000
5973,556.896000,311.553000,8.940000,277.202000
5974,770.303000,460.630000,10.259000,332.843000
5975,614.696000,343.662000,11.690000,272.613000
5976,477.089000,254.963000,11.940000,242.914000
5977,663.145000,394.480000,15.710000,355.801000
5978,488.038000,203.266000,13.620000,179.466000
5979,328.852000,160.027000,13.390000,165.906000
5980,766.402000,591.866000,18.160000,419.620000
5981,457.409000,191.195000,15.360000,196.115000
5982,632.195000,324.522000,10.379000,306.483000
5983,654.124000,256.434000,10.590000,227.825000
5984,431.619000,225.845000,12.339000,210.145000
5985,497.649000,245.755000,5.660000,201.145000
5986,682.364000,373.412000,10.520000,305.153000
5987,537.809000,254.124000,8.819000,227.184000
5988,539.148000,284.042000,12.949000,247.124000
5989,630.415000,334.472000,8.150000,263.725000
5990,794.372000,619.286000,16.919000,429.719000
5991,706.704000,349.971000,12.379000,304.473000
5992,652.476000,425.758000,12.889000,318.574000
5993,624.036000,325.572000,9.960000,305.653000
5994,646.816000,375.012000,12.750000,357.151000
5995,580.897000,345.913000,10.140000,270.433000
5996,636.525000,407.300000,8.369000,305.713000
5997,563.517000,287.732000,9.259000,246.134000
5998,756.921000,445.579000,8.990000,339.703000
5999,604.876000,298.232000,2653.138000,429.491000
6000,804.031000,356.333000,20.068000,371.333000
6001,648.044000,283.204000,14.770000,264.474000
6002,611.635000,252.573000,15.749000,230.305000
6003,609.717000,329.922000,10.079000,267.833000
6004,571.927000,309.042000,13.330000,255.514000
6005,521.387000,316.533000,10.840000,260.402000
6006,549.668000,320.832000,14.260000,292.333000
6007,678.013000,364.153000,10.270000,292.253000
6008,632.724000,353.681000,11.570000,311.403000
6009,657.834000,391.091000,56.519000,354.881000
6010,698.863000,539.428000,20.370000,447.428000
6011,690.134000,345.462000,12.379000,288.794000
6012,654.695000,330.222000,8.501000,278.444000
6013,592.326000,305.932000,7.219000,300.494000
6014,745.422000,415.430000,9.280000,380.001000
6015,467.979000,251.275000,9.250000,221.355000
6016,673.344000,320.182000,8.170000,388.982000
6017,258.574000,134.708000,13.339000,177.386000
6018,660.425000,344.261000,10.560000,304.163000
6019,719.194000,457.849000,8.760000,318.872000
6020,798.061000,548.889000,15.379000,330.812000
6021,564.386000,163.027000,12.389000,170.647000
6022,432.100000,195.156000,8.240000,188.085000
6023,616.545000,334.452000,8.320000,328.213000
6024,774.832000,480.499000,7.929000,339.764000
6025,576.987000,303.513000,7.830000,323.272000
6026,665.695000,375.511000,9.540000,307.242000
6027,721.984000,397.931000,9.869000,364.551000
6028,398.151000,178.346000,8.531000,163.125000
6029,486.708000,221.475000,13.010000,197.265000
6030,720.693000,565.566000,18.710000,431.900000
6031,570.786000,363.651000,10.040000,331.121000
6032,601.916000,286.734000,7.010000,250.903000
6033,621.686000,323.502000,8.510000,275.954000
6034,330.162000,143.116000,7.709000,140.428000
6035,651.845000,348.161000,5.120000,291.653000
6036,786.853000,458.248000,9.230000,321.922000
6037,640.705000,368.770000,15.499000,321.162000
6038,645.315000,343.742000,12.099000,299.994000
6039,582.016000,312.033000,13.270000,238.075000
6040,698.344000,423.650000,21.670000,374.001000
6041,670.495000,532.077000,13.729000,407.021000
6042,608.755000,330.213000,11.330000,329.123000
6043,523.677000,312.474000,15.000000,270.863000
6044,571.536000,317.052000,8.650000,237.294000
6045,508.078000,240.624000,6.950000,218.485000
6046,595.846000,385.981000,8.971000,321.962000
6047,850.790000,419.191000,10.199000,363.862000
6048,696.854000,394.961000,50.529000,316.574000
6049,635.136000,336.201000,5.769000,272.774000
6050,739.494000,588.466000,16.820000,607.475000
6051,692.003000,564.338000,17.870000,483.298000
6052,650.565000,379.821000,12.430000,323.843000
6053,558.896000,300.554000,9.910000,259.172000
6054,621.665000,358.772000,82.048000,309.673000
6055,577.506000,308.103000,8.160000,255.595000
6056,727.093000,380.782000,6.720000,292.172000
6057,641.395000,323.882000,6.380000,316.994000
6058,675.064000,349.771000,6.930000,280.392000
6059,748.334000,434.620000,10.050000,347.712000
6060,758.223000,446.100000,19.209000,334.494000
6061,573.417000,276.584000,12.250000,274.463000
6062,668.894000,335.731000,11.580000,315.013000
6063,632.956000,408.340000,10.231000,323.612000
6064,533.577000,294.764000,8.899000,277.474000
6065,567.466000,362.091000,9.800000,288.803000
6066,378.521000,170.756000,12.449000,169.646000
6067,666.135000,386.580000,11.170000,308.113000
6068,646.565000,393.651000,10.060000,304.232000
6069,411.260000,173.646000,7.359000,173.545000
6070,587.607000,464.299000,15.539000,386.531000
6071,715.903000,389.841000,12.150000,329.702000
6072,671.535000,402.981000,9.110000,318.352000
6073,653.435000,398.310000,12.941000,324.402000
6074,536.698000,329.942000,13.180000,278.523000
6075,460.569000,248.785000,9.189000,224.305000
6076,585.117000,286.223000,13.240000,243.903000
6077,542.327000,308.064000,42.798000,305.493000
6078,575.007000,327.894000,11.971000,269.163000
6079,602.416000,349.193000,75.708000,338.163000
6080,777.661000,537.128000,12.700000,492.467000
6081,459.639000,265.945000,9.890000,202.676000
6082,631.075000,448.540000,11.220000,321.971000
6083,838.199000,484.878000,9.480000,344.062000
6084,622.605000,352.172000,13.250000,304.084000
6085,481.918000,297.663000,14.660000,256.265000
6086,607.066000,369.051000,13.360000,323.812000
6087,483.629000,281.993000,7.581000,237.775000
6088,675.914000,410.141000,6.450000,313.152000
6089,653.965000,388.280000,55.269000,311.293000
6090,699.574000,351.552000,16.849000,293.204000
6091,656.135000,375.501000,14.300000,326.342000
6092,578.216000,321.293000,12.780000,255.613000
6093,475.409000,290.833000,9.531000,263.404000
6094,533.599000,308.012000,8.500000,256.274000
6095,654.304000,373.241000,7.070000,413.800000
6096,566.566000,321.372000,8.150000,267.063000
6097,589.667000,307.343000,7.340000,256.413000
6098,679.753000,379.261000,7.781000,299.502000
6099,640.635000,340.532000,11.340000,279.533000
6100,907.499000,410.621000,16.820000,475.148000
6101,663.175000,380.651000,13.990000,328.703000
6102,595.986000,369.262000,16.920000,295.072000
6103,556.638000,327.601000,12.220000,269.574000
6104,673.563000,420.129000,83.228000,423.540000
6105,828.351000,327.933000,12.659000,255.924000
6106,619.956000,412.940000,11.770000,314.182000
6107,529.739000,294.732000,7.901000,285.464000
6108,621.736000,361.621000,45.379000,282.163000
6109,680.913000,414.360000,9.810000,326.093000
6110,651.735000,464.780000,16.279000,395.512000
6111,723.902000,551.427000,52.439000,388.770000
6112,503.688000,262.124000,12.890000,240.525000
6113,548.398000,323.292000,12.060000,290.653000
6114,531.867000,340.822000,16.270000,283.093000
6115,506.157000,271.374000,16.640000,235.655000
6116,472.229000,383.651000,13.179000,290.152000
6117,812.701000,306.074000,13.779000,253.354000
6118,643.806000,353.632000,6.460000,285.553000
6119,555.627000,304.292000,6.190000,248.764000
6120,649.436000,494.908000,18.780000,345.062000
6121,728.964000,431.300000,12.131000,332.071000
6122,698.775000,438.079000,11.240000,426.430000
6123,512.597000,304.382000,11.830000,254.185000
6124,601.416000,340.921000,14.050000,301.372000
6125,658.835000,387.611000,48.130000,314.602000
6126,696.454000,406.922000,8.769000,331.752000
6127,676.425000,427.050000,12.990000,362.342000
6128,654.835000,386.421000,11.400000,323.783000
6129,972.518000,287.693000,16.120000,228.065000
6130,566.956000,436.550000,21.939000,390.141000
6131,591.745000,401.731000,12.840000,295.763000
6132,628.566000,392.451000,10.640000,330.413000
6133,620.276000,346.231000,10.691000,284.174000
6134,585.296000,342.671000,12.230000,277.834000
6135,611.146000,348.081000,10.090000,422.090000
6136,480.429000,309.302000,8.000000,209.384000
6137,631.866000,356.742000,9.200000,263.482000
6138,691.304000,499.968000,8.870000,304.583000
6139,576.556000,350.033000,9.959000,287.244000
6140,694.404000,609.326000,63.278000,467.580000
6141,655.524000,332.013000,10.430000,273.184000
6142,554.817000,335.483000,12.830000,297.473000
6143,649.015000,410.731000,12.730000,321.602000
6144,585.436000,317.182000,13.830000,283.103000
6145,556.467000,343.831000,11.650000,295.833000
6146,576.477000,301.452000,11.690000,251.254000
6147,558.347000,328.564000,13.330000,365.731000
6148,709.573000,437.420000,11.419000,388.400000
6149,515.189000,294.442000,11.960000,250.514000
6150,844.241000,723.114000,18.480000,567.627000
6151,776.471000,432.350000,14.159000,367.612000
6152,527.269000,294.133000,16.279000,242.844000
6153,604.316000,359.441000,10.200000,311.603000
6154,818.761000,335.062000,12.950000,247.295000
6155,600.066000,330.161000,13.429000,266.904000
6156,764.932000,436.150000,7.609000,451.120000
6157,648.145000,374.180000,11.109000,378.940000
6158,579.885000,345.932000,9.030000,306.972000
6159,642.764000,359.631000,42.329000,284.373000
6160,707.323000,571.036000,18.140000,385.242000
6161,700.803000,389.701000,11.190000,296.843000
6162,813.741000,622.136000,9.331000,461.258000
6163,415.110000,236.015000,10.990000,191.896000
6164,684.284000,349.322000,15.709000,316.902000
6165,725.362000,429.701000,8.780000,328.641000
6166,917.439000,355.311000,17.701000,276.704000
6167,680.323000,398.681000,10.150000,335.693000
6168,720.663000,404.770000,7.280000,324.223000
6169,477.719000,255.065000,6.649000,224.095000
6170,559.927000,273.693000,15.920000,248.113000
6171,634.365000,350.273000,7.440000,295.382000
6172,612.986000,395.522000,42.290000,317.983000
6173,495.509000,253.134000,8.830000,246.785000
6174,716.492000,471.528000,9.080000,416.521000
6175,548.507000,334.442000,10.280000,258.024000
6176,607.816000,365.032000,17.171000,314.402000
6177,677.194000,410.781000,14.720000,351.771000
6178,573.837000,363.431000,7.800000,292.323000
6179,719.402000,394.750000,8.669000,338.752000
6180,696.424000,462.759000,16.409000,396.560000
6181,657.415000,502.667000,10.219000,398.380000
6182,584.216000,363.072000,13.308000,303.434000
6183,580.017000,332.473000,11.480000,272.693000
6184,615.026000,382.832000,8.168000,303.183000
6185,535.317000,290.893000,16.510000,237.604000
6186,420.001000,208.525000,16.559000,200.485000
6187,422.350000,216.515000,7.910000,197.456000
6188,674.304000,398.370000,11.919000,313.793000
6189,703.903000,486.780000,14.259000,348.901000
6190,531.367000,424.501000,14.619000,361.290000
6191,1061.524000,354.491000,10.180000,304.893000
6192,699.312000,371.051000,10.300000,272.004000
6193,608.875000,286.284000,8.739000,242.104000
6194,539.798000,355.262000,11.659000,293.002000
6195,575.347000,350.391000,49.668000,373.951000
6196,742.233000,425.490000,9.309000,334.793000
6197,424.109000,237.625000,8.950000,209.325000
6198,642.145000,378.361000,61.699000,407.750000
6199,554.148000,336.542000,10.630000,282.873000
6200,531.369000,409.081000,19.490000,285.492000
6201,574.007000,311.543000,11.451000,277.773000
6202,628.656000,325.522000,12.220000,286.864000
6203,620.055000,319.142000,9.980000,248.795000
6204,490.818000,250.604000,5.530000,220.795000
6205,699.954000,394.231000,8.440000,311.552000
6206,692.274000,386.021000,7.710000,352.712000
6207,631.735000,345.411000,10.090000,301.404000
6208,603.476000,371.092000,7.259000,287.003000
6209,728.302000,412.531000,13.180000,309.782000
6210,696.614000,586.857000,25.309000,540.148000
6211,668.276000,574.566000,15.850000,414.490000
6212,606.306000,410.490000,15.990000,293.152000
6213,654.555000,431.310000,12.079000,376.241000
6214,464.009000,260.675000,10.919000,221.365000
6215,671.694000,384.511000,9.330000,301.764000
6216,732.872000,390.030000,11.661000,308.664000
6217,693.623000,325.663000,13.989000,245.063000
6218,630.816000,331.322000,9.530000,256.984000
6219,560.496000,300.072000,8.480000,245.604000
6220,692.913000,568.327000,16.219000,447.360000
6221,700.845000,363.852000,10.931000,319.731000
6222,571.267000,355.292000,12.730000,324.542000
6223,497.288000,311.722000,11.440000,296.214000
6224,621.765000,397.561000,14.700000,334.081000
6225,576.647000,352.752000,14.460000,294.862000
6226,552.048000,354.541000,15.800000,286.763000
6227,604.626000,336.503000,12.169000,267.004000
6228,499.117000,297.153000,12.410000,238.725000
6229,517.908000,296.323000,12.199000,253.934000
6230,1371.068000,583.437000,15.649000,610.436000
6231,562.896000,273.474000,15.880000,233.595000
6232,616.285000,381.591000,9.359000,313.672000
6233,545.327000,252.624000,14.680000,262.603000
6234,612.355000,305.083000,14.021000,298.794000
6235,583.357000,349.281000,13.590000,305.444000
6236,444.740000,228.465000,17.168000,206.696000
6237,561.387000,340.542000,9.229000,286.933000
6238,566.556000,297.162000,6.630000,273.634000
6239,646.535000,361.791000,6.179000,302.714000
6240,534.548000,396.240000,14.390000,224.485000
6241,583.605000,282.273000,9.280000,256.214000
6242,498.789000,255.403000,7.899000,239.294000
6243,711.784000,365.752000,7.390000,299.814000
6244,494.997000,197.025000,7.679000,173.496000
6245,574.007000,337.982000,9.420000,354.472000
6246,787.841000,479.698000,10.310000,423.400000
6247,512.008000,212.295000,13.719000,200.065000
6248,456.740000,271.825000,9.190000,239.385000
6249,576.106000,324.481000,12.590000,343.332000
6250,652.914000,558.817000,21.299000,412.970000
6251,944.938000,420.321000,12.069000,337.251000
6252,925.149000,366.321000,17.199000,282.273000
6253,603.525000,367.173000,8.140000,374.381000
6254,700.163000,413.590000,7.710000,356.023000
6255,452.969000,219.544000,14.930000,201.545000
6256,659.105000,387.882000,12.259000,304.583000
6257,636.215000,358.410000,10.240000,290.783000
6258,644.505000,479.569000,8.630000,338.302000
6259,597.165000,330.023000,13.549000,279.992000
6260,537.207000,428.370000,24.249000,411.970000
6261,335.663000,165.165000,12.780000,166.436000
6262,537.777000,335.923000,12.449000,273.564000
6263,726.003000,395.590000,9.280000,314.923000
6264,670.335000,390.000000,10.110000,310.332000
6265,612.576000,391.130000,9.359000,390.301000
6266,628.455000,282.683000,9.890000,224.685000
6267,330.462000,164.836000,13.560000,161.147000
6268,652.495000,386.001000,9.000000,374.362000
6269,600.736000,343.042000,7.800000,274.384000
6270,482.948000,254.365000,17.659000,224.544000
6271,691.794000,327.343000,13.960000,285.043000
6272,699.374000,438.590000,12.731000,482.938000
6273,461.959000,260.964000,14.230000,226.856000
6274,571.337000,366.191000,10.869000,290.293000
6275,741.822000,507.109000,13.310000,378.671000
6276,581.546000,358.852000,10.810000,352.593000
6277,575.626000,366.561000,9.400000,292.423000
6278,680.145000,443.000000,9.110000,431.720000
6279,532.377000,387.341000,9.129000,289.113000
6280,424.200000,234.444000,17.861000,199.845000
6281,665.413000,373.802000,13.609000,310.752000
6282,638.175000,331.712000,12.320000,275.255000
6283,392.041000,212.325000,12.950000,203.455000
6284,475.348000,284.454000,8.140000,259.504000
6285,703.003000,449.679000,46.449000,342.501000
6286,596.447000,393.450000,13.889000,419.810000
6287,622.876000,390.101000,14.030000,299.232000
6288,739.173000,393.821000,9.609000,354.502000
6289,815.911000,411.299000,14.400000,327.811000
6290,593.646000,323.903000,15.569000,269.514000
6291,634.296000,349.571000,13.970000,288.943000
6292,724.634000,320.872000,11.350000,266.203000
6293,655.464000,402.391000,8.539000,513.258000
6294,705.034000,438.449000,11.821000,331.912000
6295,632.395000,397.091000,15.949000,323.222000
6296,665.715000,403.441000,13.740000,389.221000
6297,599.266000,335.323000,11.629000,285.594000
6298,579.006000,337.763000,11.099000,290.122000
6299,426.440000,223.775000,7.830000,197.985000
6300,752.863000,615.456000,12.830000,434.640000
6301,558.777000,319.022000,8.519000,285.674000
6302,420.221000,213.325000,14.630000,203.875000
6303,666.664000,407.110000,10.740000,320.082000
6304,445.160000,247.864000,9.780000,203.476000
6305,650.624000,411.550000,15.680000,323.743000
6306,516.638000,312.163000,24.530000,259.683000
6307,424.360000,229.554000,10.230000,206.946000
6308,627.535000,381.670000,12.211000,307.902000
6309,774.283000,493.888000,43.789000,396.700000
6310,468.500000,376.250000,19.309000,302.341000
6311,578.296000,323.893000,13.550000,281.783000
6312,599.006000,320.753000,8.290000,325.322000
6313,619.296000,373.321000,8.410000,296.494000
6314,589.925000,376.880000,8.741000,279.493000
6315,472.219000,301.392000,7.120000,285.644000
6316,522.018000,334.973000,43.989000,256.255000
6317,484.819000,282.404000,8.889000,262.754000
6318,561.357000,310.073000,6.981000,268.254000
6319,637.575000,378.762000,8.520000,294.352000
6320,599.156000,421.720000,21.889000,344.832000
6321,712.164000,354.162000,15.380000,287.113000
6322,768.623000,496.088000,11.359000,372.682000
6323,480.839000,282.994000,13.619000,254.623000
6324,626.565000,411.141000,12.879000,324.763000
6325,618.195000,368.731000,12.230000,358.601000
6326,595.276000,377.322000,11.268000,301.503000
6327,513.629000,488.407000,9.410000,315.593000
6328,592.876000,350.001000,14.419000,306.084000
6329,645.733000,376.101000,13.098000,309.423000
6330,566.367000,506.318000,18.340000,467.358000
6331,654.384000,423.870000,14.300000,337.083000
6332,651.893000,367.263000,12.729000,310.181000
6333,488.679000,279.962000,11.590000,241.445000
6334,598.105000,387.931000,9.840000,306.333000
6335,464.739000,308.774000,8.530000,257.724000
6336,426.500000,216.423000,7.740000,184.516000
6337,667.304000,376.452000,8.019000,293.884000
6338,568.006000,306.363000,10.750000,241.524000
6339,529.529000,290.133000,5.199000,280.614000
6340,716.783000,571.738000,11.710000,530.766000
6341,608.616000,343.252000,11.480000,289.413000
6342,667.755000,381.881000,9.240000,338.802000
6343,925.689000,372.421000,17.989000,282.673000
6344,492.099000,289.123000,11.129000,285.033000
6345,456.739000,294.923000,8.000000,324.463000
6346,571.647000,357.892000,9.520000,292.484000
6347,498.849000,251.383000,9.160000,219.484000
6348,545.118000,325.152000,12.300000,322.782000
6349,818.571000,381.012000,12.109000,304.184000
6350,733.863000,422.280000,20.240000,369.161000
6351,696.283000,578.786000,10.969000,460.800000
6352,544.727000,360.332000,9.210000,323.623000
6353,636.764000,396.610000,11.949000,298.833000
6354,432.370000,237.494000,10.800000,208.095000
6355,684.373000,313.004000,13.389000,245.484000
6356,370.041000,234.633000,10.070000,220.035000
6357,541.788000,306.642000,12.179000,245.154000
6358,503.697000,268.113000,13.199000,228.114000
6359,708.704000,322.272000,14.770000,256.594000
6360,583.386000,494.289000,24.790000,455.519000
6361,729.403000,421.121000,15.261000,287.964000
6362,545.137000,320.243000,10.089000,295.482000
6363,757.762000,406.531000,10.159000,375.092000
6364,443.889000,287.234000,11.690000,270.703000
6365,579.487000,367.722000,40.058000,338.571000
6366,663.614000,465.089000,11.840000,350.972000
6367,638.576000,384.271000,12.099000,318.832000
6368,489.699000,284.013000,10.320000,246.535000
6369,715.234000,436.140000,15.178000,351.592000
6370,635.685000,518.449000,15.260000,434.209000
6371,678.964000,415.990000,13.600000,381.741000
6372,645.695000,386.051000,9.309000,321.822000
6373,571.987000,339.331000,9.589000,271.234000
6374,717.944000,440.318000,13.269000,346.752000
6375,886.368000,524.368000,12.369000,371.401000
6376,799.522000,344.571000,20.199000,299.473000
6377,453.420000,227.734000,9.870000,206.055000
6378,580.697000,342.792000,9.590000,286.493000
6379,548.228000,330.922000,7.440000,264.414000
6380,704.742000,571.407000,15.679000,515.988000
6381,654.035000,380.071000,14.020000,362.831000
6382,556.797000,341.971000,12.920000,288.093000
6383,615.315000,367.472000,10.590000,299.952000
6384,563.776000,334.943000,18.489000,283.942000
6385,579.325000,375.541000,16.229000,297.933000
6386,505.597000,283.293000,7.670000,252.005000
6387,682.593000,437.720000,10.519000,338.993000
6388,629.545000,389.700000,9.459000,315.843000
6389,660.214000,385.791000,11.310000,336.804000
6390,693.003000,590.408000,17.958000,495.298000
6391,1092.825000,349.061000,17.710000,315.492000
6392,605.906000,354.372000,10.000000,311.192000
6393,658.425000,368.090000,14.250000,288.264000
6394,541.127000,299.614000,12.849000,239.483000
6395,625.627000,351.752000,10.630000,306.853000
6396,496.408000,295.261000,11.810000,231.085000
6397,566.676000,345.952000,12.710000,336.111000
6398,559.006000,322.433000,8.910000,261.563000
6399,628.955000,362.533000,9.171000,339.832000
6400,706.014000,568.656000,15.869000,406.730000
6401,512.148000,279.603000,9.350000,251.475000
6402,668.425000,391.131000,9.950000,327.161000
6403,583.095000,352.922000,13.699000,309.933000
6404,664.455000,432.129000,69.577000,344.933000
6405,360.021000,182.915000,9.700000,171.556000
6406,640.325000,371.411000,10.920000,294.973000
6407,556.786000,331.233000,12.160000,292.322000
6408,658.635000,377.661000,17.600000,361.991000
6409,523.968000,267.193000,12.520000,237.665000
6410,796.120000,371.792000,17.920000,244.034000
6411,500.518000,215.625000,9.329000,203.656000
6412,624.995000,359.832000,12.710000,289.873000
6413,703.543000,380.171000,11.069000,362.562000
6414,509.507000,319.283000,10.000000,288.193000
6415,545.377000,348.922000,12.180000,275.453000
6416,475.580000,276.154000,7.181000,215.515000
6417,606.055000,354.641000,9.021000,294.893000
6418,704.244000,407.980000,9.470000,319.592000
6419,631.765000,413.660000,25.900000,280.464000
6420,522.068000,401.731000,17.371000,361.751000
6421,693.482000,550.447000,12.270000,448.830000
6422,472.919000,230.065000,7.920000,191.546000
6423,604.836000,272.314000,8.309000,278.863000
6424,757.672000,494.429000,8.251000,371.760000
6425,472.858000,285.504000,8.429000,263.844000
6426,839.561000,377.351000,18.040000,259.773000
6427,605.515000,343.252000,11.649000,263.483000
6428,593.396000,330.422000,8.130000,277.393000
6429,526.159000,282.094000,6.109000,257.334000
6430,517.299000,379.531000,16.039000,249.563000
6431,676.084000,355.362000,12.670000,287.934000
6432,595.016000,307.184000,62.428000,298.354000
6433,457.929000,249.433000,19.410000,232.655000
6434,800.082000,410.151000,11.390000,308.513000
6435,456.568000,254.315000,7.249000,232.124000
6436,591.106000,312.403000,7.830000,262.873000
6437,614.875000,346.532000,6.781000,275.152000
6438,572.288000,285.884000,6.830000,261.674000
6439,828.421000,502.519000,11.649000,365.741000
6440,711.683000,581.657000,20.020000,489.348000
6441,679.675000,378.060000,13.840000,338.763000
6442,633.615000,400.490000,11.479000,305.893000
6443,627.865000,396.120000,12.770000,334.501000
6444,501.439000,276.073000,11.020000,244.315000
6445,703.774000,427.330000,9.110000,343.492000
6446,502.227000,337.602000,15.919000,315.162000
6447,515.158000,183.486000,16.840000,174.196000
6448,580.126000,360.851000,9.219000,286.033000
6449,794.361000,390.361000,14.940000,317.104000
6450,648.325000,525.887000,18.129000,484.939000
6451,681.494000,372.231000,13.700000,341.242000
6452,559.336000,270.784000,15.100000,229.324000
6453,610.486000,344.701000,9.781000,264.004000
6454,706.983000,442.940000,14.710000,348.372000
6455,493.748000,301.382000,14.270000,234.635000
6456,475.999000,258.594000,11.360000,227.664000
6457,685.754000,364.871000,16.550000,324.193000
6458,588.127000,321.502000,7.920000,277.324000
6459,613.465000,331.731000,7.940000,289.394000
6460,924.088000,492.809000,18.200000,343.271000
6461,686.243000,464.548000,11.910000,381.751000
6462,609.146000,382.492000,11.049000,341.771000
6463,619.826000,368.211000,12.119000,282.294000
6464,637.006000,400.350000,8.910000,326.832000
6465,571.826000,330.043000,8.091000,267.013000
6466,509.988000,230.575000,42.279000,207.225000
6467,478.168000,249.065000,17.840000,240.154000
6468,716.783000,377.521000,51.709000,361.111000
6469,487.568000,268.093000,9.631000,256.163000
6470,559.247000,534.286000,14.611000,374.431000
6471,554.016000,243.615000,7.230000,204.116000
6472,726.623000,306.092000,8.890000,259.964000
6473,633.436000,227.645000,14.539000,221.715000
6474,709.224000,421.410000,11.651000,412.461000
6475,712.052000,410.310000,7.859000,312.993000
6476,651.814000,393.622000,6.290000,312.092000
6477,457.879000,231.774000,7.290000,205.315000
6478,722.682000,450.899000,12.390000,321.993000
6479,602.866000,379.211000,8.419000,319.652000
6480,675.915000,360.831000,17.860000,320.414000
6481,575.217000,328.642000,14.200000,340.111000
6482,707.234000,393.330000,11.931000,321.393000
6483,936.269000,337.552000,14.741000,256.404000
6484,646.034000,292.323000,14.980000,249.875000
6485,648.665000,388.370000,10.530000,342.771000
6486,707.834000,400.551000,8.340000,334.352000
6487,538.996000,325.412000,9.650000,260.623000
6488,543.337000,333.161000,13.340000,268.864000
6489,647.765000,383.220000,12.380000,293.754000
6490,571.346000,462.609000,24.959000,342.722000
6491,714.614000,434.560000,12.068000,348.532000
6492,757.471000,485.469000,9.600000,379.551000
6493,522.747000,322.572000,9.899000,276.102000
6494,555.298000,362.041000,13.910000,297.734000
6495,965.236000,410.880000,12.941000,284.983000
6496,564.696000,310.392000,10.409000,250.345000
6497,429.550000,250.734000,10.950000,236.403000
6498,556.428000,296.873000,11.309000,262.694000
6499,522.856000,305.473000,10.300000,273.442000
6500,479.819000,248.815000,14.651000,214.195000
6501,614.345000,355.452000,16.319000,298.292000
6502,697.294000,342.132000,13.429000,337.941000
6503,694.353000,468.669000,10.560000,384.901000
6504,527.757000,296.074000,14.259000,321.512000
6505,646.085000,396.080000,7.900000,338.393000
6506,551.777000,302.142000,7.989000,262.924000
6507,585.226000,380.342000,10.950000,285.072000
6508,894.069000,555.156000,9.579000,381.280000
6509,657.624000,341.222000,12.670000,277.005000
6510,578.267000,364.132000,23.750000,284.803000
6511,678.884000,444.450000,12.870000,341.392000
6512,564.627000,314.293000,14.458000,295.684000
6513,647.774000,401.151000,12.699000,333.681000
6514,586.095000,367.491000,11.498000,279.023000
6515,529.998000,306.052000,12.571000,256.255000
6516,611.666000,364.891000,11.290000,299.223000
6517,594.846000,363.522000,10.460000,302.202000
6518,587.586000,350.933000,12.050000,335.502000
6519,458.779000,267.723000,15.340000,218.394000
6520,884.000000,648.125000,22.320000,609.375000
6521,606.876000,409.150000,8.071000,297.673000
6522,434.579000,228.355000,11.491000,202.315000
6523,599.395000,309.873000,16.759000,259.253000
6524,579.067000,374.201000,15.099000,359.892000
6525,495.278000,262.273000,19.140000,222.905000
6526,705.913000,377.431000,11.691000,318.842000
6527,717.764000,389.980000,15.080000,314.131000
6528,609.585000,357.492000,13.649000,302.104000
6529,639.285000,369.191000,10.959000,319.702000
6530,609.325000,482.738000,16.460000,352.083000
6531,430.960000,234.544000,13.879000,221.995000
6532,541.247000,281.502000,9.920000,242.265000
6533,613.226000,372.371000,9.150000,285.434000
6534,685.793000,462.719000,9.099000,332.262000
6535,549.317000,346.231000,14.210000,297.703000
6536,659.615000,367.262000,14.879000,289.534000
6537,656.835000,393.490000,11.320000,321.232000
6538,733.014000,459.789000,11.490000,340.861000
6539,598.346000,304.884000,16.559000,340.422000
6540,640.326000,463.458000,21.899000,432.570000
6541,760.122000,624.787000,14.458000,424.620000
6542,594.397000,342.771000,15.409000,349.091000
6543,541.578000,295.643000,9.750000,265.044000
6544,589.026000,371.941000,10.120000,293.453000
6545,620.616000,332.362000,8.181000,306.373000
6546,660.025000,372.551000,10.220000,289.333000
6547,632.305000,274.053000,14.409000,240.884000
6548,654.735000,355.131000,7.650000,344.322000
6549,694.953000,414.541000,8.221000,352.681000
6550,574.836000,457.599000,18.380000,356.971000
6551,565.937000,285.313000,12.439000,331.792000
6552,591.066000,309.723000,14.839000,268.753000
6553,502.228000,281.004000,14.339000,271.234000
6554,488.909000,261.964000,13.528000,225.395000
6555,548.178000,315.912000,11.690000,248.424000
6556,1038.336000,403.882000,17.169000,324.083000
6557,574.636000,304.992000,8.990000,256.255000
6558,518.798000,279.224000,15.390000,255.653000
6559,830.391000,490.827000,14.070000,397.590000
6560,603.207000,426.060000,18.360000,400.331000
6561,595.555000,407.700000,10.129000,328.401000
6562,620.466000,324.623000,7.270000,269.193000
6563,667.184000,438.170000,7.670000,360.112000
6564,440.760000,240.165000,10.439000,207.795000
6565,413.351000,240.314000,9.010000,216.255000
6566,568.377000,332.582000,9.130000,280.333000
6567,444.740000,295.473000,10.950000,189.325000
6568,669.644000,365.090000,49.768000,305.953000
6569,1710.019000,385.081000,22.239000,266.124000
6570,813.082000,590.886000,26.960000,447.521000
6571,558.756000,318.253000,12.490000,255.114000
6572,563.386000,350.340000,45.959000,294.694000
6573,555.147000,320.682000,9.450000,255.834000
6574,427.690000,279.424000,9.800000,248.113000
6575,713.804000,402.780000,10.920000,287.902000
6576,724.173000,340.112000,15.380000,291.913000
6577,401.940000,204.896000,20.229000,185.236000
6578,680.753000,392.012000,10.159000,321.934000
6579,581.056000,362.812000,10.931000,363.921000
6580,612.265000,510.058000,16.630000,479.368000
6581,785.462000,521.908000,13.969000,396.731000
6582,817.820000,466.490000,10.610000,348.511000
6583,666.145000,361.101000,8.720000,314.024000
6584,462.088000,289.463000,11.100000,239.255000
6585,559.477000,269.804000,8.480000,242.144000
6586,505.549000,272.695000,11.630000,245.174000
6587,754.353000,462.298000,8.819000,356.092000
6588,623.856000,383.922000,53.658000,303.564000
6589,720.692000,446.080000,13.240000,318.743000
6590,724.342000,385.890000,19.160000,339.983000
6591,610.225000,339.771000,16.580000,324.383000
6592,711.333000,409.451000,10.840000,476.400000
6593,573.188000,321.623000,11.040000,291.543000
6594,462.438000,190.755000,15.350000,185.616000
6595,542.108000,279.672000,10.101000,249.925000
6596,799.001000,379.091000,16.189000,319.494000
6597,680.893000,355.931000,8.340000,319.832000
6598,722.993000,393.670000,11.010000,307.113000
6599,553.007000,342.902000,10.351000,329.262000
6600,581.617000,404.871000,14.190000,358.332000
6601,592.706000,310.843000,8.709000,282.925000
6602,699.344000,409.560000,10.559000,381.521000
6603,583.937000,361.362000,13.960000,292.563000
6604,505.348000,281.254000,48.019000,232.453000
6605,740.364000,410.580000,8.019000,342.861000
6606,880.060000,421.661000,11.620000,401.851000
6607,600.486000,345.711000,12.570000,270.874000
6608,639.105000,397.430000,13.530000,308.952000
6609,499.619000,246.924000,9.180000,204.875000
6610,589.366000,312.143000,9.470000,304.693000
6611,631.455000,383.520000,51.739000,337.411000
6612,624.996000,362.651000,12.550000,338.863000
6613,546.377000,321.733000,12.449000,316.913000
6614,496.959000,352.111000,10.380000,299.792000
6615,598.516000,333.393000,9.490000,308.752000
6616,664.574000,452.400000,10.490000,332.342000
6617,521.299000,286.543000,9.901000,247.315000
6618,630.615000,355.242000,6.290000,294.764000
6619,660.243000,357.623000,7.299000,287.082000
6620,544.098000,437.639000,18.129000,299.934000
6621,553.156000,312.452000,11.980000,286.503000
6622,639.745000,361.671000,9.070000,315.903000
6623,563.907000,341.342000,11.150000,286.794000
6624,477.649000,294.862000,13.710000,284.183000
6625,474.499000,259.673000,9.400000,240.766000
6626,574.316000,358.423000,9.689000,302.482000
6627,486.149000,279.222000,9.460000,250.144000
6628,556.137000,362.741000,10.679000,301.204000
6629,483.669000,286.092000,10.040000,247.714000
6630,697.704000,535.907000,16.030000,462.539000
6631,667.734000,510.738000,12.159000,363.132000
6632,639.065000,395.791000,12.550000,322.052000
6633,566.716000,298.524000,14.120000,247.505000
6634,613.545000,396.601000,9.150000,301.903000
6635,402.561000,218.395000,10.910000,201.475000
6636,1010.677000,393.320000,15.940000,367.832000
6637,522.627000,305.324000,10.689000,245.194000
6638,602.986000,291.553000,15.050000,242.045000
6639,473.109000,287.182000,7.489000,235.794000
6640,685.913000,529.908000,13.980000,427.150000
6641,646.564000,404.480000,12.190000,312.602000
6642,867.360000,354.011000,13.290000,296.123000
6643,430.929000,187.126000,8.471000,178.236000
6644,308.432000,142.547000,8.510000,151.097000
6645,716.663000,423.310000,8.130000,295.844000
6646,659.994000,344.822000,7.290000,275.203000
6647,690.844000,385.541000,5.840000,321.623000
6648,641.684000,400.201000,9.260000,313.963000
6649,633.145000,355.702000,9.250000,274.004000
6650,620.276000,516.849000,15.969000,352.932000
6651,542.007000,302.483000,10.790000,254.265000
6652,649.844000,341.503000,8.230000,327.862000
6653,464.769000,239.864000,14.040000,227.875000
6654,686.162000,293.793000,11.140000,249.764000
6655,449.370000,354.981000,15.780000,321.552000
6656,536.518000,261.983000,7.640000,219.165000
6657,669.154000,374.631000,9.650000,300.843000
6658,567.447000,289.252000,6.050000,255.235000
6659,488.509000,245.973000,36.119000,213.115000
6660,717.804000,329.812000,15.029000,337.633000
6661,488.458000,218.355000,11.510000,223.535000
6662,561.856000,272.464000,10.220000,278.583000
6663,683.825000,378.881000,15.390000,306.624000
6664,773.812000,412.730000,15.380000,351.311000
6665,515.838000,258.664000,16.949000,227.584000
6666,874.880000,398.781000,12.680000,316.743000
6667,755.702000,356.372000,8.209000,292.713000
6668,617.636000,292.933000,8.340000,251.905000
6669,699.864000,362.982000,9.099000,296.013000
6670,788.221000,542.957000,21.489000,409.241000
6671,501.298000,210.075000,10.280000,207.445000
6672,766.172000,379.461000,10.150000,386.781000
6673,620.786000,406.510000,11.080000,327.573000
6674,681.104000,429.730000,10.400000,323.513000
6675,636.165000,420.940000,9.880000,329.003000
6676,474.588000,224.925000,9.720000,232.564000
6677,744.273000,377.900000,13.280000,336.292000
6678,297.494000,124.157000,15.799000,157.887000
6679,812.211000,324.443000,12.260000,255.223000
6680,649.955000,513.848000,13.220000,449.099000
6681,520.279000,336.531000,10.130000,242.045000
6682,656.344000,339.263000,15.619000,307.941000
6683,510.298000,238.835000,9.781000,247.084000
6684,611.865000,358.312000,8.649000,291.763000
6685,508.709000,297.942000,54.529000,334.372000
6686,599.145000,310.774000,8.840000,264.554000
6687,604.086000,291.084000,12.090000,262.095000
6688,288.732000,127.667000,10.520000,137.876000
6689,647.924000,367.331000,9.660000,315.653000
6690,621.055000,504.438000,16.980000,365.661000
6691,638.355000,271.264000,14.059000,262.364000
6692,648.205000,310.433000,14.370000,285.163000
6693,621.866000,398.161000,14.450000,290.843000
6694,569.697000,306.713000,8.070000,299.242000
6695,782.382000,405.382000,12.159000,308.334000
6696,680.824000,457.069000,11.590000,361.441000
6697,681.834000,350.722000,11.490000,299.892000
6698,446.089000,198.155000,14.709000,186.336000
6699,720.512000,405.601000,13.039000,330.593000
6700,724.283000,549.137000,20.710000,338.832000
6701,644.683000,315.273000,12.150000,287.544000
6702,703.193000,353.401000,10.809000,288.124000
6703,601.216000,321.002000,12.740000,289.192000
6704,640.365000,358.411000,10.240000,248.685000
6705,634.415000,381.850000,10.430000,284.834000
6706,700.543000,386.111000,13.830000,326.573000
6707,718.463000,353.922000,14.130000,285.334000
6708,552.217000,308.253000,8.930000,483.569000
6709,716.532000,360.581000,48.909000,308.613000
6710,636.305000,500.238000,18.531000,434.019000
6711,350.212000,239.304000,19.899000,178.425000
6712,589.446000,295.282000,13.320000,289.574000
6713,503.047000,311.453000,15.240000,318.102000
6714,595.036000,316.864000,19.659000,273.952000
6715,677.624000,397.000000,6.000000,309.634000
6716,633.725000,365.412000,7.301000,310.093000
6717,776.811000,621.995000,11.800000,395.551000
6718,655.775000,395.411000,10.460000,345.582000
6719,668.304000,362.261000,7.650000,294.753000
6720,711.524000,642.395000,14.460000,459.939000
6721,640.554000,338.313000,12.829000,305.932000
6722,443.380000,196.636000,11.220000,202.765000
6723,684.224000,390.620000,10.810000,318.581000
6724,660.864000,397.030000,8.880000,341.332000
6725,471.878000,281.044000,11.810000,225.625000
6726,849.630000,495.888000,8.560000,379.461000
6727,660.354000,356.072000,13.589000,309.153000
6728,520.738000,277.194000,10.709000,239.145000
6729,699.043000,408.070000,10.120000,321.403000
6730,647.766000,513.009000,15.609000,343.372000
6731,754.502000,384.451000,9.821000,357.571000
6732,751.601000,418.091000,7.010000,343.131000
6733,620.716000,404.911000,15.230000,354.711000
6734,626.276000,339.463000,14.840000,309.012000
6735,560.856000,318.163000,10.409000,293.253000
6736,596.366000,367.602000,10.019000,298.392000
6737,474.949000,274.624000,9.569000,231.405000
6738,479.818000,295.483000,11.220000,261.903000
6739,540.858000,344.221000,15.160000,330.672000
6740,419.270000,281.194000,28.998000,260.664000
6741,769.743000,558.367000,13.089000,438.080000
6742,641.645000,455.508000,53.700000,373.380000
6743,472.759000,353.981000,8.380000,308.623000
6744,648.424000,368.272000,22.160000,281.802000
6745,487.409000,267.953000,9.530000,241.875000
6746,570.037000,342.052000,7.429000,293.482000
6747,522.258000,259.933000,17.880000,232.685000
6748,552.148000,282.823000,11.430000,266.354000
6749,701.204000,382.271000,11.369000,294.613000
6750,597.086000,268.695000,14.701000,282.083000
6751,550.798000,288.973000,9.850000,278.943000
6752,559.707000,264.244000,6.240000,266.184000
6753,534.448000,338.662000,11.170000,271.093000
6754,745.371000,442.940000,11.659000,357.573000
6755,646.443000,313.444000,9.360000,244.284000
6756,643.355000,372.831000,12.079000,298.802000
6757,630.255000,336.742000,15.260000,306.152000
6758,530.367000,303.343000,10.989000,239.065000
6759,700.082000,423.870000,7.449000,421.150000
6760,714.173000,606.185000,17.780000,382.862000
6761,636.105000,358.981000,12.439000,347.193000
6762,642.265000,328.792000,9.289000,302.222000
6763,539.158000,271.063000,7.539000,251.745000
6764,720.033000,424.280000,9.449000,383.461000
6765,625.196000,347.942000,10.390000,284.415000
6766,552.477000,282.224000,8.000000,233.555000
6767,784.201000,317.821000,15.179000,282.983000
6768,529.878000,311.893000,7.869000,267.683000
6769,619.166000,321.053000,7.269000,296.392000
6770,750.852000,577.376000,15.139000,459.619000
6771,608.725000,465.370000,13.659000,358.481000
6772,562.626000,242.975000,18.069000,234.755000
6773,672.965000,448.090000,14.429000,354.302000
6774,596.836000,324.752000,14.730000,268.423000
6775,609.115000,354.780000,12.000000,325.382000
6776,1095.914000,534.197000,14.809000,399.440000
6777,686.214000,367.711000,6.701000,316.984000
6778,476.460000,224.814000,8.788000,250.984000
6779,641.774000,340.793000,9.110000,292.212000
6780,701.303000,535.298000,15.130000,466.339000
6781,740.142000,333.792000,8.830000,302.933000
6782,686.254000,395.139000,11.070000,331.534000
6783,719.903000,429.430000,12.260000,327.033000
6784,535.619000,278.823000,38.608000,221.886000
6785,630.724000,341.591000,8.240000,268.394000
6786,624.846000,374.671000,52.799000,355.791000
6787,478.349000,292.334000,12.610000,264.943000
6788,754.523000,369.991000,7.960000,250.334000
6789,873.709000,288.944000,11.310000,242.785000
6790,667.455000,521.738000,18.598000,400.132000
6791,781.992000,374.701000,11.310000,359.701000
6792,554.587000,275.114000,13.010000,253.034000
6793,711.363000,438.710000,10.029000,357.061000
6794,706.684000,430.910000,11.600000,348.251000
6795,535.427000,262.674000,13.430000,225.006000
6796,536.037000,288.964000,10.180000,292.872000
6797,635.086000,270.304000,13.120000,233.754000
6798,583.577000,363.911000,13.750000,349.043000
6799,547.066000,258.004000,22.080000,230.934000
6800,450.259000,340.933000,21.690000,301.592000
6801,651.965000,463.150000,9.140000,298.752000
6802,958.637000,509.278000,5.910000,461.389000
6803,585.605000,316.162000,7.440000,281.194000
6804,557.836000,293.824000,12.110000,302.973000
6805,546.077000,329.512000,12.870000,253.554000
6806,424.320000,256.814000,9.340000,243.823000
6807,698.144000,316.183000,12.009000,286.203000
6808,478.648000,261.493000,11.270000,223.434000
6809,417.520000,229.614000,13.440000,229.015000
6810,672.344000,523.867000,17.839000,318.333000
6811,442.800000,200.875000,12.189000,207.825000
6812,599.906000,310.573000,10.631000,275.354000
6813,724.842000,382.161000,10.621000,337.343000
6814,499.508000,292.423000,11.101000,256.683000
6815,480.379000,231.685000,9.790000,196.965000
6816,524.008000,302.203000,9.731000,231.644000
6817,654.844000,395.960000,9.839000,334.683000
6818,708.934000,357.421000,9.139000,298.733000
6819,582.855000,302.522000,12.050000,258.884000
6820,652.734000,438.040000,17.950000,261.345000
6821,945.947000,365.761000,11.460000,441.489000
6822,557.367000,301.313000,11.451000,260.265000
6823,629.646000,336.603000,13.339000,265.284000
6824,737.932000,401.800000,10.779000,348.703000
6825,644.815000,304.292000,9.050000,237.864000
6826,625.715000,230.695000,16.310000,220.654000
6827,682.465000,356.231000,6.309000,299.553000
6828,626.125000,334.491000,6.840000,301.123000
6829,1052.506000,490.577000,16.919000,346.912000
6830,453.808000,317.153000,21.509000,270.382000
6831,702.024000,336.311000,12.209000,323.604000
6832,612.076000,288.823000,9.619000,263.133000
6833,566.577000,306.834000,18.609000,266.844000
6834,574.686000,361.362000,14.379000,302.383000
6835,647.104000,385.292000,127.216000,362.001000
6836,584.346000,326.853000,9.730000,257.983000
6837,559.787000,229.285000,9.909000,216.585000
6838,645.715000,359.882000,10.709000,290.853000
6839,645.654000,308.273000,7.950000,268.084000
6840,771.042000,573.976000,12.780000,345.471000
6841,592.177000,273.953000,9.720000,272.394000
6842,784.402000,335.601000,17.990000,295.294000
6843,557.826000,308.763000,14.421000,261.123000
6844,433.390000,206.576000,10.501000,191.715000
6845,677.434000,488.598000,11.820000,342.442000
6846,606.125000,345.961000,12.699000,295.284000
6847,454.961000,244.384000,12.139000,228.414000
6848,420.480000,265.015000,13.450000,240.345000
6849,844.970000,407.391000,11.430000,365.061000
6850,747.412000,543.517000,14.790000,342.791000
6851,719.862000,332.083000,7.790000,319.693000
6852,589.266000,299.004000,7.960000,292.694000
6853,633.524000,345.221000,64.499000,298.652000
6854,738.012000,399.650000,11.020000,287.544000
6855,695.074000,361.742000,13.670000,329.912000
6856,533.158000,279.523000,15.620000,265.405000
6857,575.997000,330.442000,9.849000,327.242000
6858,660.624000,370.013000,7.600000,337.982000
6859,595.776000,318.013000,10.960000,272.923000
6860,524.408000,261.854000,30.409000,251.325000
6861,499.258000,237.265000,9.080000,298.992000
6862,561.768000,269.393000,6.950000,249.414000
6863,499.979000,276.953000,7.870000,232.555000
6864,992.697000,398.261000,14.570000,275.034000
6865,642.084000,339.992000,10.540000,276.064000
6866,548.667000,275.414000,13.020000,250.024000
6867,480.268000,266.383000,7.100000,205.475000
6868,790.461000,448.880000,11.610000,360.721000
6869,520.038000,277.103000,9.550000,234.815000
6870,586.817000,334.831000,19.659000,287.693000
6871,382.231000,238.065000,15.939000,223.495000
6872,439.330000,230.255000,12.210000,214.285000
6873,676.935000,378.370000,13.960000,322.872000
6874,659.925000,404.360000,13.260000,340.352000
6875,607.616000,357.472000,8.430000,291.693000
6876,712.703000,441.219000,15.670000,337.332000
6877,583.245000,384.581000,17.470000,323.722000
6878,510.528000,313.032000,11.220000,320.213000
6879,716.413000,413.001000,12.249000,329.553000
6880,725.593000,601.786000,18.819000,509.149000
6881,636.065000,312.912000,13.131000,246.834000
6882,514.748000,247.594000,14.600000,233.815000
6883,649.215000,389.661000,8.069000,305.623000
6884,827.430000,520.237000,9.781000,378.821000
6885,505.848000,299.274000,11.259000,252.245000
6886,500.869000,272.533000,9.080000,250.474000
6887,561.057000,304.494000,8.760000,267.683000
6888,683.384000,393.410000,7.459000,306.713000
6889,520.098000,242.714000,9.490000,233.034000
6890,663.115000,542.067000,21.190000,473.500000
6891,619.885000,371.871000,9.450000,309.233000
6892,512.518000,257.844000,14.260000,220.805000
6893,635.174000,393.541000,10.550000,293.302000
6894,538.798000,314.072000,10.380000,274.974000
6895,770.932000,483.468000,9.929000,357.293000
6896,424.010000,187.705000,10.549000,196.845000
6897,317.012000,171.546000,7.980000,164.846000
6898,619.277000,404.991000,8.410000,305.313000
6899,551.007000,341.303000,47.390000,279.743000
6900,806.751000,534.127000,17.290000,341.383000
6901,742.892000,405.910000,9.710000,342.011000
6902,521.159000,309.261000,8.680000,277.994000
6903,446.070000,264.863000,7.460000,231.606000
6904,609.466000,324.003000,12.299000,296.962000
6905,739.342000,473.509000,11.449000,369.072000
6906,573.946000,317.633000,11.059000,280.944000
6907,390.321000,203.155000,8.420000,174.456000
6908,589.476000,326.771000,11.769000,264.933000
6909,556.987000,310.804000,17.779000,293.463000
6910,671.084000,557.467000,21.009000,412.930000
6911,555.958000,292.124000,10.619000,236.335000
6912,665.655000,441.118000,6.931000,378.401000
6913,558.658000,289.444000,7.820000,244.084000
6914,552.378000,320.521000,13.019000,315.262000
6915,551.038000,313.062000,9.950000,283.723000
6916,403.991000,229.295000,11.729000,228.134000
6917,463.508000,266.015000,10.611000,216.405000
6918,365.980000,218.544000,10.331000,203.336000
6919,562.877000,321.643000,8.410000,282.522000
6920,776.651000,588.016000,23.319000,425.801000
6921,511.897000,280.534000,13.729000,258.415000
6922,591.246000,329.803000,13.560000,279.242000
6923,740.824000,466.528000,12.490000,355.672000
6924,2059.622000,358.991000,17.460000,298.453000
6925,643.825000,333.183000,8.640000,278.993000
6926,670.495000,458.509000,6.880000,379.291000
6927,718.743000,410.440000,7.180000,328.143000
6928,489.729000,265.514000,11.310000,220.015000
6929,727.072000,395.461000,12.909000,426.690000
6930,696.254000,553.237000,20.200000,577.947000
6931,350.632000,178.906000,15.679000,182.616000
6932,620.286000,375.051000,51.879000,336.942000
6933,655.085000,401.802000,11.560000,317.662000
6934,693.524000,461.688000,12.640000,317.133000
6935,731.103000,395.122000,12.880000,295.103000
6936,513.058000,286.593000,9.979000,233.825000
6937,710.303000,417.360000,14.800000,334.403000
6938,626.526000,399.460000,16.730000,301.002000
6939,693.044000,385.111000,13.080000,364.911000
6940,707.094000,343.882000,14.760000,289.492000
6941,605.476000,329.553000,11.279000,301.793000
6942,625.045000,347.762000,12.759000,283.694000
6943,627.465000,379.601000,14.410000,306.603000
6944,629.285000,367.212000,16.099000,310.732000
6945,508.318000,308.192000,12.160000,276.745000
6946,483.268000,299.824000,9.670000,273.453000
6947,600.827000,522.538000,13.399000,337.711000
6948,538.388000,305.692000,10.510000,258.434000
6949,682.514000,430.531000,8.630000,336.722000
6950,755.072000,686.144000,16.000000,540.006000
6951,759.253000,315.772000,13.160000,251.294000
6952,536.937000,291.453000,12.870000,247.374000
6953,542.348000,319.272000,8.149000,257.245000
6954,731.533000,492.749000,10.910000,381.301000
6955,393.841000,167.416000,14.240000,153.416000
6956,734.023000,438.040000,14.440000,316.392000
6957,639.896000,341.213000,17.120000,295.263000
6958,539.827000,307.704000,17.131000,250.825000
6959,685.762000,356.003000,11.100000,274.323000
6960,672.053000,451.309000,18.420000,317.553000
6961,709.402000,351.862000,16.010000,300.564000
6962,652.475000,367.961000,13.349000,344.531000
6963,545.998000,339.152000,10.909000,293.433000
6964,607.196000,340.881000,10.790000,310.822000
6965,620.806000,378.261000,7.880000,293.022000
6966,425.560000,230.755000,8.510000,196.595000
6967,690.634000,375.561000,15.070000,325.952000
6968,563.706000,326.333000,44.948000,251.074000
6969,647.505000,389.521000,42.739000,329.432000
6970,756.422000,403.430000,21.829000,352.512000
6971,429.730000,222.295000,15.049000,199.696000
6972,699.904000,378.360000,10.289000,312.723000
6973,566.467000,295.824000,12.239000,313.922000
6974,646.596000,410.310000,12.189000,316.052000
6975,548.617000,314.072000,7.541000,292.144000
6976,584.106000,290.984000,10.549000,245.284000
6977,611.275000,396.971000,9.319000,309.221000
6978,563.056000,333.432000,11.130000,271.524000
6979,637.475000,383.771000,11.209000,295.463000
6980,630.225000,501.498000,17.290000,444.949000
6981,667.585000,519.947000,20.000000,466.869000
6982,684.924000,377.211000,18.040000,314.752000
6983,617.066000,372.702000,11.339000,328.133000
6984,678.634000,299.223000,9.890000,243.185000
6985,691.504000,365.141000,12.939000,327.762000
6986,625.616000,365.971000,9.649000,298.393000
6987,432.880000,222.915000,10.130000,214.585000
6988,721.542000,371.642000,12.649000,284.644000
6989,329.242000,148.256000,13.960000,155.527000
6990,685.513000,555.507000,15.960000,493.930000
6991,629.075000,334.982000,12.399000,364.191000
6992,659.165000,388.770000,11.101000,314.193000
6993,466.288000,277.093000,9.650000,224.424000
6994,591.216000,366.191000,10.240000,294.074000
6995,525.978000,314.363000,12.460000,265.213000
6996,975.927000,523.618000,14.369000,347.912000
6997,716.912000,417.200000,7.340000,345.691000
6998,583.166000,342.123000,7.550000,293.812000
6999,592.196000,400.421000,2576.561000,570.177000
7000,622.486000,473.458000,18.909000,334.244000
7001,490.638000,207.895000,16.620000,207.055000
7002,718.343000,404.851000,13.250000,344.762000
7003,717.152000,392.561000,12.249000,318.073000
7004,576.045000,328.802000,14.859000,304.363000
7005,795.112000,561.366000,11.590000,350.823000
7006,559.546000,317.292000,14.840000,262.254000
7007,591.076000,348.702000,12.800000,294.863000
7008,657.116000,343.712000,12.439000,270.724000
7009,663.314000,413.131000,9.350000,325.552000
7010,506.368000,268.964000,12.070000,232.915000
7011,596.546000,351.402000,12.400000,292.493000
7012,499.948000,280.544000,10.690000,261.784000
7013,469.749000,258.014000,13.449000,243.764000
7014,706.723000,432.070000,10.379000,377.461000
7015,590.326000,338.163000,9.840000,269.393000
7016,573.456000,357.631000,11.029000,324.322000
7017,542.618000,309.261000,16.781000,255.145000
7018,501.138000,272.065000,14.090000,233.445000
7019,579.415000,331.232000,12.279000,289.154000
7020,764.822000,661.473000,16.690000,439.230000
7021,897.159000,329.961000,15.560000,259.683000
7022,601.776000,330.972000,11.450000,276.804000
7023,624.696000,386.711000,11.339000,326.112000
7024,596.356000,379.461000,9.910000,306.943000
7025,716.672000,497.789000,8.530000,401.581000
7026,605.236000,349.372000,14.240000,303.723000
7027,614.965000,365.711000,10.200000,293.663000
7028,608.136000,367.481000,9.370000,291.234000
7029,667.414000,382.162000,11.530000,295.583000
7030,579.537000,492.428000,17.790000,424.599000
7031,621.176000,503.229000,14.810000,384.332000
7032,485.370000,283.923000,11.410000,257.204000
7033,596.166000,319.902000,10.140000,257.584000
7034,680.415000,415.220000,11.160000,309.341000
7035,694.725000,390.790000,11.880000,301.232000
7036,538.028000,358.401000,10.519000,304.872000
7037,717.443000,441.169000,8.939000,332.971000
7038,534.838000,341.292000,11.860000,278.494000
7039,541.476000,299.953000,7.700000,299.892000
7040,796.681000,725.564000,14.309000,613.146000
7041,743.522000,353.022000,16.050000,323.052000
7042,516.268000,338.911000,14.129000,299.424000
7043,583.146000,361.182000,21.030000,292.833000
7044,752.072000,450.369000,9.030000,400.910000
7045,694.772000,390.561000,6.590000,300.933000
7046,702.563000,384.632000,14.720000,331.861000
7047,679.144000,418.791000,15.250000,384.842000
7048,654.305000,381.340000,9.610000,315.172000
7049,670.255000,308.683000,13.650000,305.243000
7050,597.496000,406.541000,18.280000,368.952000
7051,599.436000,470.958000,11.210000,397.270000
7052,504.429000,280.613000,8.310000,240.314000
7053,669.014000,376.552000,8.070000,303.503000
7054,551.438000,323.104000,7.980000,283.623000
7055,465.239000,293.594000,8.939000,270.244000
7056,604.506000,398.370000,40.820000,355.531000
7057,674.314000,395.120000,9.280000,321.423000
7058,437.789000,235.604000,9.210000,252.844000
7059,715.424000,427.069000,8.800000,338.703000
7060,597.066000,487.768000,15.809000,386.871000
7061,452.629000,228.625000,12.159000,211.855000
7062,630.945000,363.881000,7.660000,343.231000
7063,742.173000,441.100000,7.410000,333.772000
7064,597.276000,377.250000,12.510000,348.843000
7065,467.438000,249.695000,7.950000,200.695000
7066,612.216000,375.382000,8.730000,308.714000
7067,548.617000,322.584000,9.898000,252.675000
7068,630.055000,370.731000,18.479000,303.553000
7069,728.853000,544.848000,8.500000,391.620000
7070,699.474000,499.568000,11.509000,328.032000
7071,684.914000,388.251000,8.400000,323.992000
7072,648.335000,362.071000,7.180000,336.193000
7073,513.328000,277.354000,8.971000,288.413000
7074,800.402000,536.517000,10.789000,353.091000
7075,697.824000,374.031000,13.520000,288.474000
7076,398.660000,196.925000,13.809000,179.206000
7077,566.637000,354.991000,10.331000,295.833000
7078,773.322000,411.880000,14.500000,349.702000
7079,632.576000,389.501000,9.799000,323.102000
7080,861.640000,549.496000,25.291000,557.908000
7081,882.388000,468.390000,14.019000,386.901000
7082,668.634000,362.402000,13.980000,367.342000
7083,645.896000,413.290000,8.100000,388.720000
7084,512.608000,297.113000,15.710000,236.725000
7085,594.596000,342.852000,8.620000,297.723000
7086,479.449000,333.553000,9.130000,273.783000
7087,607.005000,330.522000,9.369000,269.234000
7088,671.353000,361.002000,9.290000,317.543000
7089,611.936000,334.473000,5.730000,286.683000
7090,668.234000,442.420000,52.919000,338.491000
7091,883.349000,269.843000,17.630000,242.625000
7092,697.184000,393.240000,11.290000,315.892000
7093,815.221000,451.489000,7.169000,333.561000
7094,395.240000,199.985000,5.060000,184.768000
7095,686.743000,332.473000,5.899000,300.684000
7096,624.026000,341.231000,10.701000,372.280000
7097,541.147000,290.923000,7.589000,289.814000
7098,601.056000,355.121000,9.120000,339.473000
7099,956.797000,304.023000,15.130000,259.803000
7100,645.415000,354.711000,21.299000,291.153000
7101,744.822000,373.781000,13.060000,284.204000
7102,511.697000,268.174000,14.250000,248.425000
7103,603.525000,289.264000,17.460000,237.702000
7104,507.969000,281.444000,10.310000,296.143000
7105,583.666000,374.931000,11.499000,298.704000
7106,604.287000,344.963000,15.069000,289.444000
7107,626.155000,292.504000,23.228000,240.965000
7108,740.783000,380.021000,9.080000,439.299000
7109,470.708000,250.664000,7.580000,222.524000
7110,653.875000,502.557000,16.179000,358.042000
7111,603.755000,371.361000,13.539000,314.932000
7112,621.526000,356.152000,13.470000,302.314000
7113,505.677000,318.513000,12.919000,295.112000
7114,620.775000,403.391000,16.130000,347.163000
7115,541.336000,363.912000,13.119000,322.833000
7116,550.607000,352.711000,10.689000,293.074000
7117,550.667000,350.313000,11.090000,288.012000
7118,753.133000,263.463000,10.299000,215.605000
7119,664.235000,410.361000,8.190000,313.472000
7120,709.273000,535.908000,17.570000,387.251000
7121,813.861000,354.171000,15.759000,299.173000
7122,631.835000,302.823000,14.210000,254.024000
7123,632.255000,392.480000,12.100000,330.632000
7124,653.775000,438.900000,13.029000,338.472000
7125,513.598000,248.234000,15.219000,232.395000
7126,681.144000,411.061000,89.077000,321.363000
7127,629.136000,361.901000,12.030000,277.894000
7128,334.172000,153.887000,15.699000,161.015000
7129,576.408000,312.832000,11.040000,272.683000
7130,535.477000,334.393000,18.290000,288.183000
7131,637.545000,301.664000,6.429000,236.525000
7132,777.002000,419.840000,11.491000,342.811000
7133,545.398000,279.502000,12.821000,219.545000
7134,751.993000,354.612000,11.630000,276.803000
7135,603.106000,376.232000,12.790000,280.353000
7136,470.179000,270.425000,9.869000,231.644000
7137,509.299000,289.943000,7.950000,252.984000
7138,638.925000,357.942000,11.270000,286.574000
7139,495.209000,294.092000,6.710000,246.154000
7140,544.717000,454.289000,13.260000,397.660000
7141,502.389000,401.340000,15.421000,356.302000
7142,981.507000,534.388000,18.820000,306.632000
7143,609.505000,341.811000,8.770000,294.794000
7144,734.653000,415.640000,10.130000,295.554000
7145,719.444000,402.790000,9.621000,284.503000
7146,658.574000,405.680000,11.190000,339.062000
7147,551.327000,265.323000,9.319000,219.685000
7148,602.046000,373.813000,10.659000,314.721000
7149,829.620000,431.740000,11.590000,369.211000
7150,510.687000,361.291000,20.719000,337.303000
7151,569.856000,432.590000,18.289000,337.021000
7152,601.226000,434.200000,12.219000,301.223000
7153,648.454000,418.790000,30.920000,343.433000
7154,588.986000,362.841000,15.040000,286.803000
7155,525.098000,259.204000,9.250000,214.705000
7156,715.052000,442.131000,7.649000,360.651000
7157,627.896000,402.261000,8.240000,313.303000
7158,659.625000,383.421000,39.620000,305.902000
7159,544.457000,323.373000,9.190000,276.124000
7160,464.479000,362.351000,16.510000,356.882000
7161,732.123000,417.690000,9.960000,351.002000
7162,607.566000,333.312000,10.670000,297.242000
7163,723.643000,387.061000,14.129000,323.282000
7164,604.967000,379.931000,11.699000,306.602000
7165,599.266000,384.271000,9.940000,315.983000
7166,585.246000,332.132000,8.940000,256.635000
7167,611.375000,332.282000,13.249000,259.684000
7168,616.485000,372.371000,8.620000,298.914000
7169,827.981000,349.032000,13.579000,276.083000
7170,599.466000,332.102000,21.380000,276.283000
7171,680.794000,359.191000,13.700000,300.712000
7172,617.556000,363.102000,12.459000,322.762000
7173,591.436000,353.172000,11.120000,293.793000
7174,563.057000,319.024000,12.438000,271.575000
7175,434.629000,265.514000,11.290000,229.655000
7176,576.846000,375.531000,9.750000,311.233000
7177,652.714000,410.561000,11.110000,335.513000
7178,619.575000,386.251000,12.060000,379.770000
7179,729.543000,383.351000,9.240000,301.633000
7180,694.854000,350.632000,15.040000,286.282000
7181,878.410000,342.662000,11.439000,303.034000
7182,664.954000,384.641000,9.799000,332.472000
7183,578.186000,341.203000,9.369000,361.722000
7184,602.236000,369.921000,10.420000,347.843000
7185,603.356000,353.281000,10.289000,280.554000
7186,651.334000,358.873000,11.460000,303.632000
7187,514.939000,270.654000,20.249000,253.023000
7188,611.895000,392.381000,53.908000,302.083000
7189,533.318000,302.073000,6.459000,273.114000
7190,563.577000,468.058000,16.970000,355.051000
7191,945.619000,410.490000,12.559000,318.891000
7192,609.806000,321.094000,13.149000,263.473000
7193,761.393000,537.476000,9.179000,557.667000
7194,706.264000,468.429000,7.849000,337.192000
7195,649.794000,388.122000,8.651000,310.412000
7196,708.303000,363.401000,9.690000,281.954000
7197,492.998000,253.844000,13.180000,225.435000
7198,725.582000,405.820000,8.580000,352.103000
7199,699.764000,433.411000,11.330000,322.622000
7200,727.024000,542.237000,20.280000,471.039000
7201,591.416000,514.617000,18.849000,470.149000
7202,628.775000,374.211000,11.050000,334.001000
7203,663.525000,438.960000,11.540000,321.772000
7204,787.812000,435.020000,12.079000,308.992000
7205,641.985000,405.610000,9.720000,307.984000
7206,564.848000,314.363000,7.370000,286.523000
7207,594.726000,319.812000,11.270000,276.614000
7208,604.967000,391.360000,8.020000,306.392000
7209,604.435000,292.014000,10.789000,233.694000
7210,759.002000,444.290000,16.590000,344.852000
7211,798.351000,416.520000,11.570000,425.150000
7212,612.665000,355.021000,11.370000,291.344000
7213,557.557000,370.582000,12.499000,378.592000
7214,512.397000,337.672000,14.469000,291.594000
7215,574.276000,357.882000,10.830000,263.394000
7216,1105.105000,433.220000,12.360000,323.813000
7217,525.359000,305.381000,7.630000,342.701000
7218,680.575000,350.531000,10.849000,302.533000
7219,577.126000,352.882000,14.559000,324.172000
7220,643.205000,349.161000,17.960000,282.194000
7221,563.366000,250.275000,27.459000,222.975000
7222,575.726000,346.262000,10.280000,323.423000
7223,651.644000,391.041000,14.140000,342.551000
7224,618.105000,388.840000,13.221000,320.622000
7225,559.428000,354.371000,11.590000,309.742000
7226,559.977000,335.802000,9.089000,304.402000
7227,591.256000,340.373000,12.780000,273.032000
7228,670.254000,375.811000,12.090000,294.493000
7229,924.269000,515.809000,15.100000,451.200000
7230,656.014000,563.846000,19.890000,476.570000
7231,703.803000,403.080000,14.420000,331.492000
7232,522.147000,296.303000,10.820000,285.103000
7233,566.287000,358.961000,11.790000,322.182000
7234,723.394000,496.457000,13.549000,367.671000
7235,548.198000,357.171000,12.350000,306.763000
7236,756.172000,413.450000,14.350000,333.602000
7237,479.089000,289.493000,9.821000,235.315000
7238,662.515000,379.860000,11.899000,350.952000
7239,664.804000,407.841000,12.619000,321.201000
7240,691.123000,556.867000,12.770000,483.139000
7241,757.502000,329.623000,20.319000,279.273000
7242,561.067000,349.793000,9.310000,297.423000
7243,427.470000,178.276000,15.510000,176.356000
7244,753.423000,486.408000,12.940000,362.831000
7245,597.977000,356.411000,13.270000,264.085000
7246,592.937000,325.612000,8.779000,285.034000
7247,719.583000,429.721000,10.850000,461.130000
7248,671.044000,317.543000,13.409000,285.164000
7249,533.157000,332.361000,10.619000,333.014000
7250,636.644000,515.797000,22.589000,466.650000
7251,567.697000,444.480000,15.210000,420.820000
7252,1901.064000,484.119000,18.800000,373.010000
7253,607.536000,485.600000,11.510000,355.372000
7254,639.505000,405.290000,10.910000,359.291000
7255,616.746000,301.783000,21.639000,244.394000
7256,688.123000,317.833000,8.960000,241.224000
7257,583.036000,360.072000,12.280000,303.243000
7258,634.535000,415.510000,57.349000,332.082000
7259,638.705000,355.942000,9.440000,294.552000
7260,562.457000,438.330000,22.869000,401.200000
7261,556.558000,468.368000,15.580000,325.483000
7262,659.543000,398.580000,11.550000,330.352000
7263,494.428000,326.803000,12.020000,283.853000
7264,357.583000,179.496000,14.830000,168.686000
7265,1144.113000,535.658000,16.490000,370.101000
7266,665.325000,419.740000,13.661000,339.192000
7267,561.227000,373.820000,12.620000,311.694000
7268,635.845000,386.951000,12.050000,298.052000
7269,635.515000,388.001000,8.210000,368.422000
7270,645.536000,531.218000,12.909000,480.610000
7271,723.474000,469.758000,12.420000,378.691000
7272,565.457000,335.642000,12.430000,339.451000
7273,679.405000,394.492000,13.010000,394.821000
7274,520.987000,304.243000,8.310000,274.744000
7275,634.334000,392.592000,11.308000,307.543000
7276,435.369000,257.173000,11.630000,237.033000
7277,574.668000,251.723000,5.851000,206.165000
7278,713.073000,387.770000,4.980000,427.130000
7279,682.834000,358.282000,8.621000,353.951000
7280,675.155000,536.507000,18.750000,436.249000
7281,634.126000,299.723000,14.270000,321.392000
7282,579.816000,323.973000,7.899000,270.743000
7283,592.685000,348.202000,9.800000,284.822000
7284,665.175000,454.519000,14.020000,398.961000
7285,667.623000,409.341000,12.420000,316.313000
7286,565.567000,353.162000,10.700000,306.764000
7287,742.672000,456.160000,8.710000,360.741000
7288,664.105000,416.320000,8.700000,311.272000
7289,697.084000,339.273000,15.488000,329.883000
7290,763.093000,606.806000,17.101000,537.498000
7291,540.068000,271.833000,11.489000,234.204000
7292,458.720000,250.425000,9.261000,228.405000
7293,724.602000,464.869000,8.630000,368.642000
7294,953.908000,670.556000,9.839000,503.758000
7295,535.457000,320.841000,8.150000,260.263000
7296,563.236000,342.073000,8.540000,269.913000
7297,492.878000,305.051000,9.150000,308.623000
7298,693.153000,410.090000,8.620000,386.182000
7299,590.146000,334.592000,10.390000,278.564000
7300,625.925000,529.597000,55.149000,409.731000
7301,670.135000,384.751000,12.160000,383.861000
7302,588.917000,349.332000,9.659000,340.333000
7303,597.386000,368.461000,11.170000,309.423000
7304,570.577000,315.242000,9.290000,255.255000
7305,326.094000,147.196000,11.770000,156.317000
7306,681.034000,377.031000,9.860000,283.852000
7307,489.859000,264.814000,10.350000,225.665000
7308,562.198000,318.211000,11.570000,284.414000
7309,708.072000,415.560000,13.769000,328.663000
7310,504.690000,391.250000,21.499000,366.121000
7311,672.975000,525.778000,10.720000,372.320000
7312,570.746000,332.684000,13.179000,283.712000
7313,656.595000,379.612000,9.959000,328.893000
7314,708.233000,352.621000,12.580000,273.104000
7315,628.375000,355.252000,10.709000,325.694000
7316,754.442000,436.610000,7.860000,335.231000
7317,684.084000,424.930000,9.090000,315.182000
7318,729.483000,397.290000,14.560000,360.742000
7319,555.147000,308.203000,12.891000,254.822000
7320,642.185000,488.408000,18.720000,320.863000
7321,554.126000,317.903000,10.559000,286.664000
7322,447.659000,217.855000,9.290000,204.585000
7323,503.388000,249.884000,8.659000,228.185000
7324,636.115000,396.911000,14.159000,306.943000
7325,809.721000,389.171000,13.820000,331.942000
7326,481.208000,219.995000,10.209000,189.766000
7327,626.825000,391.821000,6.649000,352.691000
7328,337.552000,166.346000,4.709000,157.937000
7329,759.662000,462.809000,6.219000,387.492000
7330,628.075000,489.069000,14.790000,328.041000
7331,461.479000,229.854000,12.489000,209.795000
7332,732.853000,414.220000,7.630000,374.501000
7333,578.536000,343.483000,9.310000,274.564000
7334,544.538000,324.922000,13.520000,279.654000
7335,644.446000,405.400000,12.280000,315.741000
7336,611.595000,373.921000,8.859000,308.844000
7337,518.286000,318.014000,12.449000,292.752000
7338,730.114000,404.341000,6.750000,328.303000
7339,755.982000,466.510000,10.131000,336.942000
7340,724.762000,585.777000,18.919000,427.800000
7341,492.349000,241.234000,13.750000,217.695000
7342,807.821000,449.099000,11.171000,349.882000
7343,533.319000,326.121000,16.630000,274.374000
7344,557.887000,354.151000,16.919000,339.452000
7345,567.047000,347.681000,12.270000,282.244000
7346,453.769000,243.742000,14.590000,213.545000
7347,435.211000,213.694000,12.440000,196.245000
7348,481.229000,285.994000,9.550000,279.423000
7349,604.455000,411.881000,13.061000,252.354000
7350,1043.475000,628.586000,20.140000,597.586000
7351,653.234000,486.897000,11.819000,459.458000
7352,507.539000,280.553000,10.770000,233.265000
7353,694.794000,427.571000,10.731000,433.399000
7354,707.684000,457.699000,8.850000,324.382000
7355,531.937000,306.913000,9.421000,246.625000
7356,627.425000,360.361000,11.940000,311.092000
7357,564.227000,329.771000,13.270000,255.194000
7358,508.618000,381.672000,10.230000,325.832000
7359,697.733000,392.741000,9.350000,328.022000
7360,694.694000,581.146000,15.300000,540.308000
7361,670.333000,363.513000,12.529000,308.823000
7362,558.056000,331.323000,12.360000,284.252000
7363,638.166000,387.950000,11.700000,357.223000
7364,780.412000,471.128000,8.040000,323.052000
7365,568.486000,367.311000,14.350000,301.783000
7366,549.487000,217.075000,15.449000,188.196000
7367,761.792000,464.249000,6.890000,404.060000
7368,677.494000,388.991000,58.927000,326.432000
7369,664.705000,377.291000,9.960000,297.682000
7370,1139.263000,433.590000,18.409000,352.561000
7371,602.186000,296.572000,13.870000,270.044000
7372,528.917000,309.733000,8.740000,285.573000
7373,419.460000,207.275000,13.890000,188.826000
7374,792.432000,479.580000,7.120000,365.451000
7375,753.484000,437.400000,9.230000,417.570000
7376,587.147000,309.263000,8.480000,261.943000
7377,587.275000,344.882000,9.089000,263.514000
7378,767.461000,375.441000,15.891000,292.794000
7379,660.125000,349.771000,15.411000,297.232000
7380,682.324000,472.649000,18.839000,267.823000
7381,442.900000,171.257000,13.880000,183.215000
7382,661.464000,332.221000,12.370000,309.333000
7383,698.563000,436.670000,12.700000,351.262000
7384,528.707000,326.622000,15.520000,341.742000
7385,639.045000,417.131000,13.909000,351.242000
7386,697.323000,466.739000,11.370000,358.621000
7387,489.829000,194.605000,10.780000,183.955000
7388,531.756000,281.873000,11.580000,233.484000
7389,687.134000,347.852000,6.320000,268.884000
7390,607.115000,489.909000,21.109000,458.279000
7391,557.417000,307.272000,11.280000,315.323000
7392,550.846000,337.901000,10.740000,269.863000
7393,597.385000,328.293000,10.789000,304.594000
7394,490.648000,300.533000,8.910000,248.845000
7395,496.918000,302.734000,8.780000,236.555000
7396,594.166000,331.101000,12.240000,274.284000
7397,588.026000,360.811000,11.190000,340.402000
7398,528.489000,291.813000,13.470000,282.534000
7399,730.032000,395.361000,9.680000,311.833000
7400,937.648000,531.108000,26.799000,493.798000
7401,518.868000,261.034000,13.550000,277.663000
7402,553.227000,316.703000,8.940000,278.344000
7403,631.016000,385.520000,9.800000,307.662000
7404,636.945000,357.441000,10.061000,297.344000
7405,592.317000,313.193000,7.691000,315.252000
7406,612.325000,399.060000,13.230000,335.921000
7407,678.865000,371.460000,11.530000,325.764000
7408,546.946000,304.083000,8.830000,277.614000
7409,646.005000,398.361000,8.979000,336.112000
7410,593.036000,504.128000,19.720000,447.549000
7411,532.348000,316.672000,9.971000,268.634000
7412,508.318000,282.743000,8.491000,253.725000
7413,665.145000,414.010000,8.370000,315.253000
7414,671.164000,403.930000,9.680000,334.161000
7415,688.234000,416.740000,10.270000,287.614000
7416,624.604000,404.531000,12.328000,313.284000
7417,522.837000,270.375000,11.600000,225.874000
7418,544.626000,303.473000,9.369000,256.113000
7419,584.178000,396.701000,18.300000,317.712000
7420,581.187000,304.303000,21.270000,251.463000
7421,702.394000,345.661000,15.549000,279.574000
7422,523.428000,286.604000,10.760000,233.615000
7423,1158.172000,406.061000,14.589000,330.902000
7424,730.424000,415.870000,8.940000,385.101000
7425,533.006000,291.213000,8.930000,243.663000
7426,589.307000,365.972000,9.650000,303.923000
7427,544.028000,376.141000,7.870000,337.172000
7428,620.655000,362.332000,7.720000,275.652000
7429,687.584000,408.240000,8.550000,338.451000
7430,693.202000,584.068000,14.170000,415.610000
7431,677.003000,384.491000,14.320000,292.214000
7432,468.310000,299.622000,15.719000,257.224000
7433,355.441000,211.555000,9.360000,215.686000
7434,631.875000,378.980000,13.210000,332.572000
7435,582.666000,360.922000,10.659000,314.603000
7436,572.127000,357.912000,9.220000,297.624000
7437,782.452000,383.982000,12.120000,346.433000
7438,594.556000,318.011000,11.590000,338.153000
7439,590.316000,358.052000,5.410000,308.633000
7440,652.114000,356.861000,12.250000,291.023000
7441,662.485000,381.571000,13.889000,310.513000
7442,511.809000,294.092000,15.239000,251.065000
7443,553.297000,283.173000,20.230000,283.913000
7444,478.258000,270.024000,12.670000,252.364000
7445,553.857000,353.521000,10.460000,317.763000
7446,541.677000,323.312000,11.169000,292.433000
7447,537.457000,332.183000,13.550000,281.953000
7448,755.252000,440.570000,10.430000,341.042000
7449,840.261000,294.423000,13.500000,224.224000
7450,731.143000,592.966000,15.409000,482.130000
7451,724.082000,394.840000,11.369000,324.894000
7452,732.041000,409.310000,15.680000,335.722000
7453,594.746000,376.463000,9.719000,314.272000
7454,585.686000,377.011000,8.610000,300.973000
7455,537.137000,334.733000,11.760000,269.083000
7456,420.359000,253.864000,8.980000,258.875000
7457,591.416000,306.264000,10.421000,251.804000
7458,593.165000,366.411000,15.690000,308.703000
7459,555.057000,330.923000,12.909000,273.442000
7460,735.382000,589.956000,19.650000,489.739000
7461,689.604000,457.090000,14.430000,368.251000
7462,541.266000,285.434000,11.139000,256.804000
7463,525.928000,315.513000,8.949000,260.223000
7464,662.674000,417.880000,8.310000,353.511000
7465,601.055000,337.323000,10.760000,292.852000
7466,550.289000,311.792000,10.750000,272.744000
7467,542.437000,320.133000,13.630000,274.662000
7468,413.840000,207.655000,10.700000,193.425000
7469,554.978000,313.852000,12.350000,273.375000
7470,485.339000,253.384000,20.510000,211.675000
7471,744.493000,427.379000,61.729000,360.591000
7472,601.335000,332.412000,9.680000,278.733000
7473,534.398000,324.102000,11.130000,262.944000
7474,717.382000,386.941000,13.700000,294.633000
7475,613.075000,317.012000,11.280000,253.454000
7476,632.955000,402.210000,11.990000,321.463000
7477,601.716000,344.842000,8.289000,321.432000
7478,672.344000,415.280000,10.691000,316.852000
7479,494.777000,276.534000,8.840000,222.365000
7480,684.323000,556.197000,18.091000,492.458000
7481,625.625000,451.799000,19.629000,315.682000
7482,550.107000,282.463000,15.460000,259.374000
7483,599.035000,364.501000,13.159000,314.643000
7484,586.236000,376.511000,10.650000,315.923000
7485,561.336000,213.256000,10.079000,183.566000
7486,734.672000,446.500000,9.199000,395.751000
7487,636.785000,410.060000,10.120000,289.764000
7488,569.556000,331.832000,11.339000,302.224000
7489,554.487000,330.922000,11.869000,302.412000
7490,620.655000,446.390000,19.049000,525.258000
7491,601.196000,445.801000,85.589000,315.722000
7492,717.774000,451.158000,10.320000,341.813000
7493,624.715000,373.551000,12.950000,303.352000
7494,451.980000,260.165000,14.120000,231.014000
7495,520.348000,297.953000,10.981000,262.674000
7496,716.043000,430.370000,11.170000,341.191000
7497,379.572000,222.414000,11.000000,212.095000
7498,712.594000,417.770000,8.110000,336.852000
7499,443.420000,209.715000,9.690000,184.186000
7500,523.988000,293.843000,23.040000,234.625000
7501,674.153000,452.709000,12.920000,333.553000
7502,574.756000,337.661000,11.830000,298.414000
7503,572.047000,342.592000,12.980000,278.234000
7504,484.239000,250.535000,16.879000,217.015000
7505,600.846000,379.141000,12.520000,370.011000
7506,406.812000,241.224000,10.709000,211.456000
7507,504.509000,272.634000,16.620000,247.583000
7508,636.456000,342.242000,8.978000,280.234000
7509,596.456000,344.682000,6.919000,289.013000
7510,646.135000,515.816000,14.870000,401.041000
7511,557.907000,367.151000,13.691000,309.341000
7512,716.193000,402.721000,15.710000,343.492000
7513,791.501000,323.953000,16.800000,269.704000
7514,698.245000,444.829000,9.270000,341.163000
7515,724.912000,384.111000,10.260000,359.532000
7516,587.256000,321.062000,14.249000,284.143000
7517,654.705000,372.831000,13.589000,296.932000
7518,638.215000,386.952000,13.128000,357.462000
7519,597.126000,349.592000,9.249000,289.423000
7520,733.383000,670.023000,18.909000,543.408000
7521,807.722000,416.980000,15.990000,357.601000
7522,587.606000,325.433000,10.199000,257.794000
7523,628.165000,328.122000,10.550000,292.602000
7524,809.270000,438.079000,9.649000,350.201000
7525,659.165000,375.771000,7.860000,319.793000
7526,807.311000,293.763000,9.160000,242.665000
7527,355.401000,159.907000,12.979000,168.276000
7528,730.952000,374.811000,12.820000,265.683000
7529,559.336000,328.903000,17.110000,289.282000
7530,668.644000,588.156000,20.310000,494.659000
7531,612.905000,345.602000,13.150000,306.662000
7532,624.556000,337.683000,15.610000,325.882000
7533,555.337000,252.524000,9.629000,206.015000
7534,524.877000,301.803000,8.461000,252.424000
7535,772.923000,498.578000,10.530000,374.441000
7536,915.988000,399.740000,14.490000,349.812000
7537,667.715000,381.501000,11.139000,306.952000
7538,594.087000,347.372000,7.430000,265.733000
7539,665.685000,406.900000,6.630000,318.254000
7540,490.789000,251.333000,18.520000,243.344000
7541,404.760000,184.556000,21.240000,184.545000
7542,584.276000,312.643000,15.970000,271.583000
7543,471.619000,297.603000,16.510000,279.083000
7544,618.475000,339.123000,14.420000,316.592000
7545,466.450000,266.674000,9.239000,216.215000
7546,653.336000,369.872000,7.960000,295.092000
7547,789.612000,442.700000,9.770000,351.431000
7548,557.528000,350.981000,14.100000,309.112000
7549,383.251000,184.676000,19.839000,187.587000
7550,684.204000,564.767000,16.789000,445.639000
7551,633.465000,341.632000,15.150000,295.903000
7552,629.215000,377.261000,11.620000,302.672000
7553,681.664000,441.220000,11.949000,344.362000
7554,445.480000,242.434000,12.039000,217.125000
7555,516.388000,283.742000,7.160000,246.124000
7556,677.464000,380.971000,9.560000,307.503000
7557,615.626000,367.781000,9.880000,325.751000
7558,587.658000,362.420000,9.950000,297.581000
7559,719.715000,382.231000,16.240000,308.982000
7560,727.104000,624.225000,23.380000,548.326000
7561,519.969000,293.222000,10.300000,265.174000
7562,522.038000,343.882000,10.739000,303.492000
7563,525.578000,301.883000,11.050000,286.684000
7564,479.368000,310.193000,7.290000,265.734000
7565,517.827000,330.231000,10.530000,268.894000
7566,632.455000,397.081000,15.089000,308.212000
7567,644.105000,373.042000,12.400000,305.584000
7568,685.214000,376.461000,8.709000,301.522000
7569,567.326000,317.694000,9.491000,275.383000
7570,723.484000,308.562000,11.890000,315.323000
7571,604.446000,284.012000,8.780000,310.643000
7572,650.323000,317.443000,54.279000,329.152000
7573,602.296000,291.404000,11.629000,253.394000
7574,1323.929000,402.830000,15.460000,306.274000
7575,586.757000,269.534000,9.160000,221.385000
7576,656.725000,334.422000,9.100000,297.532000
7577,733.004000,384.480000,12.699000,326.472000
7578,559.677000,366.251000,14.510000,336.972000
7579,494.397000,282.683000,11.610000,237.334000
7580,661.264000,536.348000,22.149000,322.912000
7581,515.689000,242.483000,12.980000,235.814000
7582,554.816000,270.884000,12.580000,260.254000
7583,636.245000,352.591000,10.280000,278.482000
7584,635.596000,350.583000,6.999000,281.703000
7585,505.989000,244.065000,7.150000,211.036000
7586,848.660000,448.688000,10.280000,388.483000
7587,458.698000,194.226000,15.469000,182.956000
7588,620.645000,409.100000,9.590000,309.204000
7589,553.837000,330.152000,10.141000,273.472000
7590,714.223000,607.345000,17.719000,375.690000
7591,396.381000,168.455000,11.689000,181.685000
7592,596.266000,304.482000,13.109000,306.413000
7593,561.097000,311.363000,13.020000,264.853000
7594,526.608000,327.542000,9.420000,307.894000
7595,594.336000,334.902000,7.889000,276.823000
7596,579.286000,281.283000,11.740000,244.804000
7597,778.731000,432.720000,11.621000,390.551000
7598,607.325000,340.271000,10.179000,323.022000
7599,774.573000,403.040000,10.210000,306.432000
7600,634.635000,457.039000,15.230000,292.643000
7601,591.706000,251.654000,13.850000,246.423000
7602,508.478000,277.095000,10.000000,274.623000
7603,865.989000,496.849000,11.299000,412.381000
7604,555.716000,312.273000,11.060000,294.682000
7605,526.768000,273.303000,10.860000,249.915000
7606,779.611000,386.301000,14.560000,292.914000
7607,489.647000,296.324000,12.400000,250.814000
7608,504.938000,300.613000,10.400000,263.203000
7609,594.306000,300.994000,7.960000,257.844000
7610,729.503000,591.346000,18.409000,536.077000
7611,634.705000,399.290000,13.940000,352.412000
7612,654.734000,410.021000,10.229000,329.582000
7613,620.635000,342.582000,14.649000,287.024000
7614,495.808000,288.363000,13.780000,230.505000
7615,518.657000,315.353000,14.650000,275.103000
7616,453.980000,223.065000,12.380000,196.185000
7617,565.107000,376.212000,10.209000,280.394000
7618,504.428000,252.723000,13.860000,224.334000
7619,771.631000,434.040000,10.200000,359.261000
7620,489.259000,217.434000,13.160000,228.475000
7621,624.976000,279.213000,12.489000,280.414000
7622,595.977000,283.205000,9.700000,263.073000
7623,776.563000,431.580000,7.380000,337.823000
7624,616.715000,332.171000,10.590000,255.225000
7625,615.235000,368.011000,8.890000,305.524000
7626,430.060000,199.925000,13.170000,181.026000
7627,410.721000,190.315000,8.800000,201.835000
7628,602.866000,285.424000,10.159000,233.764000
7629,626.705000,343.752000,9.510000,280.853000
7630,584.527000,438.339000,12.880000,279.594000
7631,726.023000,308.692000,13.280000,290.664000
7632,515.437000,212.385000,11.190000,233.835000
7633,662.184000,357.781000,9.109000,316.442000
7634,679.335000,347.522000,9.240000,258.744000
7635,661.984000,362.610000,8.900000,290.094000
7636,695.332000,398.951000,11.099000,317.203000
7637,523.818000,297.343000,12.110000,271.253000
7638,555.827000,320.452000,14.971000,283.183000
7639,427.620000,265.364000,12.530000,234.035000
7640,699.322000,410.431000,67.968000,385.540000
7641,610.166000,373.371000,54.309000,330.352000
7642,646.355000,384.101000,12.160000,323.413000
7643,542.837000,318.513000,8.440000,261.903000
7644,726.513000,455.530000,8.780000,421.040000
7645,615.046000,322.003000,12.370000,256.834000
7646,624.865000,354.691000,14.569000,279.953000
7647,801.901000,346.342000,18.239000,282.313000
7648,501.939000,244.714000,14.760000,212.315000
7649,646.464000,358.612000,8.010000,282.233000
7650,619.735000,516.748000,16.598000,463.689000
7651,729.854000,613.575000,17.900000,421.140000
7652,629.785000,391.971000,57.178000,301.573000
7653,490.419000,300.712000,13.769000,243.384000
7654,618.416000,366.611000,13.210000,280.253000
7655,680.743000,328.002000,12.010000,248.645000
7656,607.566000,275.553000,6.051000,313.443000
7657,683.133000,365.992000,6.888000,284.034000
7658,772.932000,413.471000,7.810000,298.434000
7659,710.952000,432.950000,7.480000,301.483000
7660,753.242000,586.487000,15.820000,389.751000
7661,587.866000,306.082000,12.579000,272.034000
7662,422.200000,194.316000,12.569000,182.535000
7663,531.767000,313.824000,15.029000,268.573000
7664,539.328000,285.873000,16.119000,245.895000
7665,663.324000,416.760000,10.891000,321.491000
7666,572.176000,324.913000,10.259000,267.613000
7667,740.973000,398.311000,10.460000,335.132000
7668,476.469000,276.883000,37.840000,264.813000
7669,606.466000,339.734000,11.620000,297.532000
7670,1394.789000,641.425000,26.120000,399.541000
7671,596.096000,303.093000,9.259000,299.063000
7672,578.076000,285.542000,8.059000,278.984000
7673,512.909000,235.633000,13.730000,205.066000
7674,662.994000,407.240000,38.830000,329.582000
7675,599.956000,368.201000,14.459000,314.043000
7676,622.256000,369.452000,16.169000,283.664000
7677,530.117000,247.134000,11.050000,215.095000
7678,618.866000,363.740000,9.369000,290.683000
7679,683.904000,361.202000,11.850000,386.450000
7680,608.576000,372.962000,15.650000,214.865000
7681,617.316000,221.225000,11.840000,220.745000
7682,553.467000,293.584000,10.070000,250.054000
7683,557.077000,309.023000,12.299000,277.824000
7684,453.079000,275.864000,8.489000,244.184000
7685,330.582000,166.806000,10.520000,156.586000
7686,653.684000,357.371000,8.000000,283.504000
7687,388.320000,202.635000,7.429000,180.055000
7688,659.495000,359.991000,8.530000,305.462000
7689,376.041000,211.525000,37.299000,205.765000
7690,634.874000,289.354000,17.840000,329.882000
7691,509.168000,229.354000,14.179000,227.784000
7692,647.945000,286.494000,10.140000,271.073000
7693,592.166000,302.192000,13.280000,259.285000
7694,543.137000,354.062000,9.989000,321.253000
7695,662.574000,306.913000,11.860000,256.154000
7696,534.098000,332.523000,7.920000,286.083000
7697,568.047000,315.162000,7.970000,262.634000
7698,616.116000,345.522000,9.800000,306.504000
7699,477.788000,301.243000,10.700000,264.193000
7700,687.534000,355.791000,15.980000,316.043000
7701,457.999000,219.715000,8.689000,208.636000
7702,612.427000,311.193000,18.020000,311.983000
7703,633.486000,369.912000,15.778000,290.093000
7704,745.991000,424.690000,13.009000,328.623000
7705,678.134000,370.492000,22.509000,295.824000
7706,646.336000,381.791000,56.909000,318.403000
7707,593.606000,273.984000,11.589000,238.944000
7708,698.954000,382.461000,14.080000,351.753000
7709,589.506000,337.312000,8.020000,397.380000
7710,699.943000,561.506000,14.760000,498.259000
7711,641.244000,476.100000,18.039000,384.472000
7712,596.266000,364.451000,51.809000,340.222000
7713,719.733000,426.940000,8.729000,380.141000
7714,543.817000,312.823000,10.310000,313.572000
7715,454.380000,177.415000,18.260000,196.855000
7716,689.114000,360.792000,11.569000,360.481000
7717,525.498000,230.464000,18.710000,208.115000
7718,623.385000,390.960000,8.030000,300.393000
7719,614.796000,335.052000,8.260000,322.021000
7720,825.131000,271.815000,20.020000,235.815000
7721,731.732000,340.402000,12.720000,308.264000
7722,644.956000,371.021000,14.310000,325.102000
7723,420.351000,224.744000,9.709000,196.946000
7724,585.786000,308.344000,9.869000,313.602000
7725,640.954000,357.251000,9.290000,303.953000
7726,580.326000,283.304000,12.010000,242.145000
7727,510.708000,262.544000,12.929000,236.495000
7728,632.075000,347.201000,7.789000,278.924000
7729,699.393000,419.249000,9.690000,325.072000
7730,595.525000,368.640000,15.720000,279.814000
7731,649.043000,310.713000,9.800000,290.214000
7732,792.181000,398.100000,11.430000,347.542000
7733,705.112000,414.550000,13.320000,423.950000
7734,713.443000,439.379000,17.430000,357.782000
7735,710.084000,395.490000,20.960000,379.341000
7736,596.697000,305.423000,14.809000,264.293000
7737,529.088000,264.685000,14.200000,230.775000
7738,624.066000,336.681000,54.569000,276.633000
7739,524.908000,296.714000,6.320000,261.523000
7740,472.599000,203.846000,16.350000,200.486000
7741,751.662000,364.491000,7.219000,399.750000
7742,650.356000,335.092000,7.040000,309.202000
7743,451.199000,242.615000,8.059000,229.175000
7744,701.823000,351.863000,14.540000,279.983000
7745,579.157000,317.352000,15.200000,262.544000
7746,661.524000,365.863000,13.800000,295.273000
7747,831.200000,457.190000,17.240000,360.592000
7748,606.536000,350.292000,10.080000,296.663000
7749,861.540000,419.239000,17.930000,301.003000
7750,863.440000,666.144000,26.059000,414.230000
7751,548.276000,273.084000,11.120000,285.663000
7752,502.498000,245.634000,11.051000,230.645000
7753,585.726000,283.134000,11.439000,240.555000
7754,647.855000,327.153000,9.550000,293.753000
7755,643.035000,320.103000,8.250000,287.902000
7756,688.195000,344.923000,11.030000,285.813000
7757,625.555000,321.522000,19.179000,289.824000
7758,590.836000,327.842000,16.850000,260.304000
7759,465.340000,190.464000,6.760000,166.246000
7760,596.366000,479.669000,16.249000,343.403000
7761,667.174000,340.393000,15.099000,378.791000
7762,539.016000,284.204000,10.740000,236.446000
7763,721.143000,325.892000,15.998000,303.384000
7764,568.276000,366.161000,14.450000,271.244000
7765,538.347000,333.613000,10.171000,298.512000
7766,600.466000,344.013000,8.169000,281.423000
7767,736.494000,366.091000,11.750000,310.804000
7768,736.933000,431.700000,9.590000,459.240000
7769,402.050000,182.626000,7.760000,171.777000
7770,638.955000,412.181000,16.619000,301.893000
7771,482.118000,221.035000,11.350000,208.886000
7772,593.656000,285.604000,12.070000,270.174000
7773,603.736000,372.873000,10.370000,284.773000
7774,603.645000,346.322000,13.120000,310.143000
7775,609.746000,385.871000,10.990000,336.872000
7776,608.606000,332.083000,14.810000,280.103000
7777,569.707000,331.822000,7.940000,273.965000
7778,708.503000,358.232000,7.230000,283.752000
7779,496.329000,261.055000,9.190000,229.055000
7780,737.582000,595.167000,17.850000,331.732000
7781,531.197000,257.844000,12.890000,238.145000
7782,663.484000,404.920000,10.399000,357.791000
7783,655.514000,360.820000,15.600000,285.144000
7784,498.928000,312.523000,14.870000,282.602000
7785,661.614000,393.631000,16.051000,315.253000
7786,704.323000,377.331000,9.380000,301.403000
7787,406.821000,175.286000,11.749000,185.265000
7788,612.755000,329.862000,12.790000,287.424000
7789,595.847000,320.443000,14.950000,269.605000
7790,538.057000,409.420000,16.829000,299.883000
7791,552.616000,364.232000,15.670000,286.074000
7792,647.046000,333.762000,14.520000,294.324000
7793,372.111000,210.344000,10.840000,204.285000
7794,859.260000,284.932000,14.560000,236.765000
7795,463.090000,255.364000,12.230000,233.505000
7796,475.228000,258.514000,8.560000,222.115000
7797,788.931000,399.480000,9.379000,348.241000
7798,419.571000,174.746000,7.459000,183.076000
7799,655.735000,421.739000,11.090000,330.862000
7800,686.514000,535.936000,22.570000,325.233000
7801,646.625000,321.112000,12.250000,290.913000
7802,726.724000,384.212000,8.009000,311.662000
7803,770.483000,470.009000,7.670000,388.841000
7804,732.362000,472.699000,12.940000,351.332000
7805,554.238000,292.982000,61.679000,275.842000
7806,624.566000,370.143000,9.920000,317.051000
7807,384.181000,148.217000,9.409000,149.786000
7808,719.043000,411.950000,6.530000,377.011000
7809,452.440000,206.136000,13.869000,196.515000
7810,634.725000,272.523000,28.519000,293.414000
7811,612.516000,295.722000,10.560000,267.644000
7812,465.440000,254.065000,14.000000,253.143000
7813,486.429000,274.524000,12.230000,240.105000
7814,720.893000,378.531000,11.610000,300.344000
7815,863.579000,505.019000,7.429000,362.022000
7816,461.530000,249.974000,6.610000,235.653000
7817,774.853000,346.932000,11.331000,277.594000
7818,656.585000,415.790000,9.800000,330.132000
7819,636.525000,338.232000,10.880000,288.643000
7820,711.854000,605.517000,20.899000,432.119000
7821,747.683000,383.471000,13.040000,335.441000
7822,488.539000,236.544000,8.349000,204.725000
7823,635.955000,390.041000,47.209000,339.361000
7824,563.966000,359.212000,14.080000,297.902000
7825,632.285000,381.941000,16.440000,400.910000
7826,702.364000,258.013000,20.850000,229.205000
7827,594.245000,298.384000,10.900000,318.423000
7828,528.238000,262.254000,9.619000,229.265000
7829,586.517000,307.772000,8.300000,255.624000
7830,598.836000,496.168000,16.449000,331.503000
7831,689.703000,325.372000,14.869000,316.463000
7832,799.551000,439.230000,11.310000,339.151000
7833,429.731000,180.816000,14.789000,179.045000
7834,608.287000,355.271000,9.549000,296.682000
7835,585.517000,366.091000,16.390000,325.312000
7836,620.305000,364.572000,13.130000,302.824000
7837,561.077000,314.261000,9.190000,280.605000
7838,414.491000,261.074000,8.249000,233.234000
7839,677.884000,356.392000,14.578000,355.983000
7840,766.071000,357.463000,18.789000,358.452000
7841,620.975000,354.641000,11.499000,284.403000
7842,552.527000,357.402000,15.799000,315.193000
7843,822.680000,324.142000,15.620000,293.452000
7844,488.388000,297.784000,11.310000,267.603000
7845,586.766000,290.153000,11.010000,246.584000
7846,789.711000,385.282000,114.937000,467.289000
7847,611.145000,345.151000,10.400000,285.272000
7848,584.347000,323.302000,9.490000,282.593000
7849,704.124000,401.901000,8.399000,355.741000
7850,460.769000,341.052000,15.659000,256.924000
7851,801.960000,288.423000,11.740000,267.843000
7852,475.579000,227.025000,7.260000,203.525000
7853,748.112000,400.911000,11.409000,317.553000
7854,549.536000,278.184000,9.530000,222.774000
7855,583.816000,299.692000,13.960000,242.095000
7856,651.965000,384.261000,56.039000,370.911000
7857,731.573000,486.628000,10.630000,335.472000
7858,627.115000,337.222000,13.820000,282.463000
7859,590.777000,352.592000,7.210000,268.193000
7860,534.998000,224.145000,15.458000,217.066000
7861,687.525000,334.951000,10.520000,324.633000
7862,481.368000,208.335000,16.270000,275.274000
7863,1397.776000,425.139000,19.200000,337.362000
7864,1002.678000,323.852000,23.210000,275.834000
7865,832.110000,460.109000,11.061000,323.563000
7866,598.236000,306.612000,7.609000,255.964000
7867,607.966000,274.044000,8.440000,220.375000
7868,730.132000,405.450000,10.460000,311.863000
7869,896.089000,544.777000,12.359000,388.192000
7870,668.504000,542.748000,18.529000,443.848000
7871,579.257000,271.803000,11.870000,290.864000
7872,752.142000,410.921000,10.350000,330.003000
7873,633.535000,371.533000,9.048000,317.823000
7874,496.209000,238.673000,9.990000,204.555000
7875,685.415000,391.730000,8.460000,307.753000
7876,551.846000,242.045000,9.699000,203.245000
7877,555.616000,334.753000,8.719000,282.044000
7878,541.156000,324.313000,47.380000,316.202000
7879,625.265000,327.292000,10.309000,438.700000
7880,658.805000,475.259000,16.390000,349.471000
7881,752.523000,363.601000,12.560000,320.553000
7882,670.394000,343.161000,12.400000,294.732000
7883,615.616000,361.693000,13.359000,304.303000
7884,565.866000,315.374000,13.729000,258.742000
7885,608.606000,267.714000,21.250000,230.004000
7886,662.084000,387.040000,11.880000,322.602000
7887,621.565000,356.091000,9.470000,321.843000
7888,576.746000,309.902000,8.090000,329.313000
7889,623.106000,318.682000,7.089000,283.314000
7890,582.986000,463.589000,16.080000,348.931000
7891,764.271000,438.389000,8.880000,386.671000
7892,666.514000,360.580000,9.199000,336.263000
7893,609.586000,322.912000,15.189000,292.293000
7894,605.607000,341.691000,13.680000,320.752000
7895,555.998000,307.932000,11.720000,264.604000
7896,518.817000,284.944000,8.560000,250.534000
7897,408.431000,195.795000,12.380000,181.116000
7898,573.807000,287.944000,6.750000,268.225000
7899,607.976000,312.333000,6.220000,279.813000
7900,642.875000,245.954000,13.499000,243.055000
7901,703.813000,352.573000,10.640000,319.222000
7902,692.114000,345.221000,12.089000,350.252000
7903,641.086000,439.649000,46.739000,360.450000
7904,668.565000,394.859000,9.111000,369.900000
7905,561.297000,364.982000,12.280000,309.732000
7906,657.965000,392.071000,12.179000,375.601000
7907,666.735000,357.382000,10.500000,387.901000
7908,530.487000,307.803000,22.388000,280.202000
7909,775.992000,368.571000,21.690000,330.491000
7910,561.037000,452.430000,22.540000,327.702000
7911,589.906000,272.964000,12.469000,270.612000
7912,796.362000,346.533000,11.360000,305.642000
7913,841.740000,523.097000,8.710000,396.821000
7914,542.327000,269.914000,49.549000,228.245000
7915,614.935000,353.902000,10.410000,280.713000
7916,810.681000,406.771000,7.469000,357.783000
7917,658.664000,342.042000,10.359000,299.792000
7918,437.680000,249.834000,12.080000,215.975000
7919,649.565000,324.022000,12.419000,282.423000
7920,589.797000,459.938000,18.939000,291.774000
7921,634.835000,230.515000,14.500000,219.203000
7922,503.178000,258.814000,9.500000,243.994000
7923,655.193000,382.251000,14.450000,315.412000
7924,830.301000,346.312000,16.050000,266.143000
7925,513.409000,294.833000,14.051000,258.734000
7926,618.006000,342.331000,12.341000,294.774000
7927,476.128000,252.904000,12.030000,212.415000
7928,504.918000,250.804000,52.359000,221.315000
7929,391.770000,200.396000,6.950000,174.585000
7930,482.530000,218.635000,15.540000,219.634000
7931,610.997000,311.292000,12.701000,302.274000
7932,333.762000,190.575000,12.570000,217.015000
7933,577.346000,327.362000,10.070000,287.914000
7934,566.377000,286.523000,17.180000,248.644000
7935,590.376000,407.920000,9.690000,338.871000
7936,505.658000,318.324000,10.149000,252.994000
7937,384.841000,258.003000,9.990000,230.815000
7938,593.497000,358.752000,10.360000,295.302000
7939,444.931000,255.375000,9.790000,226.425000
7940,783.781000,580.437000,22.129000,489.739000
7941,707.955000,352.992000,19.009000,360.532000
7942,624.125000,345.632000,9.701000,309.592000
7943,564.567000,324.463000,9.399000,329.992000
7944,673.095000,442.680000,10.719000,359.651000
7945,603.695000,366.591000,11.200000,343.221000
7946,619.256000,348.581000,50.399000,316.723000
7947,631.315000,314.062000,10.140000,259.544000
7948,617.806000,253.243000,13.069000,229.364000
7949,662.435000,336.462000,9.369000,273.904000
7950,720.984000,522.278000,14.100000,391.111000
7951,675.944000,319.533000,6.990000,298.083000
7952,719.604000,351.381000,14.930000,341.900000
7953,480.609000,231.665000,9.171000,220.405000
7954,475.808000,217.855000,11.950000,202.715000
7955,618.605000,343.872000,11.370000,312.363000
7956,680.574000,365.471000,14.819000,310.432000
7957,720.614000,369.521000,20.320000,289.713000
7958,629.115000,375.480000,10.221000,279.914000
7959,633.665000,369.021000,15.320000,288.474000
7960,757.592000,333.602000,16.560000,309.054000
7961,709.892000,330.943000,7.909000,321.501000
7962,629.165000,334.963000,6.640000,275.963000
7963,585.976000,350.892000,5.840000,279.822000
7964,530.608000,277.203000,6.660000,241.104000
7965,637.564000,347.702000,31.179000,280.934000
7966,426.550000,212.385000,8.830000,193.715000
7967,805.061000,385.951000,13.320000,299.252000
7968,624.495000,364.341000,11.678000,300.583000
7969,503.429000,272.842000,9.660000,238.905000
7970,533.518000,245.835000,13.140000,236.375000
7971,808.481000,629.205000,10.160000,456.259000
7972,446.230000,208.195000,12.719000,207.755000
7973,523.838000,249.344000,6.000000,218.314000
7974,652.305000,389.551000,7.160000,305.282000
7975,610.536000,336.932000,10.099000,268.593000
7976,606.535000,284.443000,12.000000,237.674000
7977,647.313000,364.082000,10.410000,309.813000
7978,421.570000,184.115000,10.160000,177.786000
7979,537.838000,288.842000,10.461000,275.135000
7980,533.258000,411.811000,18.139000,300.964000
7981,752.561000,375.800000,10.119000,329.913000
7982,522.847000,264.855000,12.890000,249.644000
7983,555.616000,324.731000,16.600000,244.825000
7984,660.874000,397.810000,8.940000,320.152000
7985,1006.786000,438.270000,10.940000,357.991000
7986,587.437000,262.643000,33.079000,248.605000
7987,635.005000,361.671000,8.029000,302.924000
7988,708.982000,410.660000,20.320000,344.152000
7989,583.666000,343.992000,9.780000,301.623000
7990,695.163000,560.776000,19.280000,359.272000
7991,541.697000,284.274000,7.770000,319.332000
7992,624.235000,318.613000,12.310000,308.763000
7993,452.929000,215.215000,11.608000,193.286000
7994,709.933000,376.922000,9.930000,287.404000
7995,502.278000,255.784000,12.000000,247.294000
7996,665.664000,448.379000,9.479000,300.963000
7997,437.159000,204.536000,13.899000,210.906000
7998,665.895000,378.850000,42.399000,301.512000
7999,812.991000,499.128000,2639.559000,601.536000
8000,581.226000,235.945000,12.760000,218.624000
8001,696.583000,351.792000,13.280000,331.093000
8002,608.046000,306.623000,10.550000,276.135000
8003,620.755000,331.591000,11.599000,251.505000
8004,621.056000,328.373000,8.709000,297.044000
8005,503.188000,211.366000,12.379000,183.807000
8006,758.274000,387.580000,9.739000,466.778000
8007,683.063000,515.508000,8.420000,343.811000
8008,601.835000,299.153000,11.809000,255.823000
8009,662.954000,372.212000,6.900000,300.713000
8010,601.556000,396.421000,11.539000,272.374000
8011,781.122000,420.160000,12.560000,296.063000
8012,826.600000,335.662000,15.930000,296.014000
8013,601.166000,331.951000,8.110000,249.784000
8014,698.874000,393.171000,8.000000,302.851000
8015,477.589000,213.955000,8.711000,201.865000
8016,603.866000,320.432000,16.350000,263.965000
8017,631.566000,310.933000,12.190000,276.663000
8018,539.778000,283.122000,8.880000,255.885000
8019,660.495000,327.822000,9.139000,276.494000
8020,602.275000,451.319000,19.329000,286.584000
8021,743.552000,292.433000,10.390000,267.854000
8022,520.859000,269.822000,8.501000,255.185000
8023,474.980000,198.375000,9.220000,194.786000
8024,659.014000,397.910000,13.340000,385.631000
8025,446.019000,237.404000,9.680000,217.075000
8026,715.024000,431.190000,9.229000,413.101000
8027,603.566000,338.672000,11.429000,317.822000
8028,636.255000,358.961000,12.090000,298.792000
8029,588.937000,258.783000,11.510000,206.585000
8030,623.066000,445.629000,22.779000,389.541000
8031,395.362000,230.334000,15.760000,159.716000
8032,567.697000,295.723000,12.230000,302.702000
8033,778.321000,347.582000,50.050000,387.581000
8034,752.133000,363.090000,11.200000,283.372000
8035,514.508000,269.025000,11.168000,229.014000
8036,673.245000,344.241000,12.050000,308.103000
8037,925.108000,353.142000,15.150000,280.482000
8038,632.014000,281.735000,12.950000,238.274000
8039,495.378000,278.874000,8.490000,239.734000
8040,745.613000,333.721000,15.549000,313.573000
8041,566.876000,282.182000,10.030000,245.194000
8042,690.694000,398.811000,33.300000,303.222000
8043,617.965000,283.154000,14.050000,283.784000
8044,660.364000,383.402000,10.660000,298.183000
8045,571.556000,338.373000,11.439000,280.463000
8046,820.901000,302.833000,15.980000,242.854000
8047,480.459000,185.816000,16.369000,193.385000
8048,629.985000,385.450000,8.870000,320.213000
8049,599.436000,277.033000,10.360000,228.315000
8050,653.414000,477.718000,15.690000,385.970000
8051,664.905000,325.593000,11.420000,290.684000
8052,482.539000,246.074000,14.498000,252.004000
8053,525.358000,248.514000,14.740000,237.425000
8054,546.138000,298.283000,8.770000,239.525000
8055,360.591000,178.256000,11.560000,191.086000
8056,456.910000,262.375000,13.939000,250.275000
8057,464.509000,242.173000,11.049000,231.845000
8058,553.537000,309.872000,8.610000,272.655000
8059,729.243000,393.261000,10.819000,358.082000
8060,653.476000,480.539000,18.659000,262.993000
8061,756.983000,287.613000,12.720000,320.883000
8062,546.266000,261.225000,7.950000,244.334000
8063,687.345000,373.311000,10.889000,338.143000
8064,633.145000,347.452000,14.040000,308.542000
8065,703.704000,390.831000,46.669000,394.631000
8066,671.153000,428.421000,10.320000,364.450000
8067,545.617000,259.502000,8.620000,226.435000
8068,556.098000,281.692000,9.570000,242.375000
8069,682.295000,363.361000,15.520000,293.253000
8070,744.883000,546.558000,18.981000,412.030000
8071,528.548000,232.324000,8.610000,232.464000
8072,812.212000,455.338000,7.630000,368.911000
8073,588.597000,177.076000,13.970000,174.426000
8074,503.177000,313.093000,8.340000,254.473000
8075,631.715000,376.952000,8.220000,270.933000
8076,513.949000,270.324000,11.600000,242.115000
8077,616.595000,345.932000,9.249000,286.783000
8078,718.822000,365.632000,11.240000,316.462000
8079,481.709000,271.313000,11.270000,267.295000
8080,614.675000,477.528000,18.800000,424.830000
8081,1014.906000,523.509000,18.600000,384.920000
8082,476.059000,214.395000,29.638000,197.906000
8083,939.029000,360.511000,14.750000,302.984000
8084,658.853000,358.292000,8.030000,315.742000
8085,579.736000,325.353000,9.750000,285.862000
8086,542.757000,252.304000,9.499000,246.514000
8087,662.636000,368.262000,10.051000,310.313000
8088,622.954000,311.333000,13.850000,255.884000
8089,648.324000,350.363000,9.569000,285.323000
8090,735.143000,565.687000,19.799000,348.082000
8091,485.808000,200.976000,19.560000,216.045000
8092,789.701000,425.321000,14.720000,338.443000
8093,356.861000,154.866000,11.510000,166.826000
8094,606.055000,315.614000,13.930000,278.063000
8095,566.608000,272.213000,12.370000,225.125000
8096,269.343000,154.046000,10.150000,162.306000
8097,750.423000,433.760000,7.070000,385.410000
8098,656.935000,407.720000,10.850000,312.732000
8099,627.116000,369.890000,12.640000,321.113000
8100,584.306000,478.349000,18.170000,423.500000
8101,599.056000,468.678000,18.569000,450.069000
8102,672.694000,447.081000,13.390000,302.853000
8103,588.996000,342.443000,54.978000,290.894000
8104,621.376000,383.861000,9.570000,304.122000
8105,574.167000,342.931000,7.499000,275.043000
8106,669.123000,419.210000,10.070000,344.992000
8107,886.419000,393.472000,20.659000,307.494000
8108,749.742000,381.982000,15.968000,342.203000
8109,430.140000,212.375000,10.820000,178.935000
8110,740.822000,548.796000,13.520000,372.211000
8111,627.955000,341.663000,10.819000,306.033000
8112,567.876000,375.482000,13.649000,311.083000
8113,432.690000,272.173000,15.329000,237.555000
8114,509.708000,294.733000,12.800000,245.404000
8115,637.845000,444.899000,47.319000,357.691000
8116,544.076000,345.751000,9.190000,297.903000
8117,610.725000,370.921000,11.840000,287.243000
8118,553.036000,329.943000,9.379000,251.254000
8119,643.655000,338.023000,6.029000,272.713000
8120,790.623000,530.287000,23.510000,419.770000
8121,602.316000,350.602000,15.490000,299.474000
8122,534.187000,353.261000,10.780000,311.233000
8123,662.425000,412.970000,12.090000,331.292000
8124,578.036000,321.983000,8.799000,287.444000
8125,632.875000,412.570000,12.380000,343.321000
8126,601.016000,379.121000,8.860000,307.143000
8127,486.369000,274.703000,9.319000,231.675000
8128,659.304000,368.911000,11.310000,301.413000
8129,574.287000,346.712000,11.300000,291.643000
8130,550.357000,463.289000,17.430000,360.010000
8131,780.541000,387.641000,14.950000,320.332000
8132,685.402000,362.942000,14.200000,365.832000
8133,744.392000,394.950000,11.859000,300.483000
8134,506.007000,261.614000,9.910000,243.324000
8135,734.013000,483.369000,12.070000,406.230000
8136,643.425000,404.270000,15.089000,364.933000
8137,577.806000,327.453000,11.549000,285.784000
8138,550.256000,342.252000,6.380000,263.934000
8139,579.506000,335.882000,9.410000,295.433000
8140,689.665000,583.746000,17.390000,484.479000
8141,523.077000,268.594000,14.990000,240.415000
8142,666.345000,383.591000,13.370000,356.391000
8143,603.275000,367.831000,9.449000,283.724000
8144,571.906000,313.464000,6.249000,250.644000
8145,713.913000,445.959000,8.120000,326.882000
8146,658.374000,387.920000,11.140000,321.262000
8147,671.685000,352.482000,8.690000,276.574000
8148,781.932000,425.590000,9.900000,395.031000
8149,608.355000,365.171000,8.890000,278.294000
8150,691.744000,606.196000,18.880000,504.157000
8151,746.403000,358.742000,17.019000,289.293000
8152,598.325000,373.010000,16.059000,323.242000
8153,683.405000,445.470000,50.449000,353.331000
8154,508.687000,310.863000,11.540000,284.113000
8155,614.775000,488.209000,13.079000,422.760000
8156,1429.146000,441.470000,15.259000,332.141000
8157,569.727000,351.063000,12.609000,300.123000
8158,676.344000,379.330000,11.899000,312.632000
8159,571.098000,370.441000,9.289000,312.063000
8160,743.493000,445.529000,21.109000,305.323000
8161,672.695000,386.101000,10.380000,307.403000
8162,535.248000,340.812000,11.220000,264.604000
8163,491.817000,291.063000,12.350000,267.134000
8164,695.623000,382.431000,10.729000,297.853000
8165,709.953000,422.200000,8.480000,357.872000
8166,566.167000,328.982000,10.359000,300.963000
8167,617.346000,381.751000,32.240000,294.272000
8168,753.612000,405.870000,22.800000,331.303000
8169,575.327000,358.261000,7.959000,299.264000
8170,684.834000,604.327000,16.270000,516.517000
8171,646.795000,495.909000,52.289000,354.882000
8172,660.084000,457.029000,12.800000,384.521000
8173,713.324000,427.820000,8.451000,334.031000
8174,710.854000,443.660000,7.400000,378.501000
8175,640.134000,381.911000,10.150000,334.062000
8176,647.925000,390.631000,11.860000,304.512000
8177,542.318000,297.803000,10.990000,249.974000
8178,624.705000,357.361000,11.680000,305.742000
8179,487.978000,255.585000,8.449000,218.715000
8180,659.063000,367.421000,11.250000,328.372000
8181,694.584000,347.362000,5.440000,281.044000
8182,697.913000,402.040000,10.260000,312.844000
8183,390.821000,179.506000,12.470000,171.996000
8184,661.495000,358.881000,10.570000,252.454000
8185,686.562000,411.700000,12.720000,320.563000
8186,810.520000,517.247000,10.059000,389.011000
8187,595.236000,267.133000,11.680000,221.945000
8188,592.106000,318.983000,48.619000,271.824000
8189,836.661000,512.039000,13.709000,419.139000
8190,562.667000,438.450000,19.750000,365.611000
8191,625.865000,376.191000,11.400000,319.884000
8192,838.339000,463.569000,10.510000,370.841000
8193,569.786000,336.583000,6.219000,248.584000
8194,834.570000,467.819000,6.549000,400.950000
8195,628.595000,302.784000,10.489000,251.404000
8196,643.844000,386.492000,10.149000,308.472000
8197,729.633000,471.578000,15.809000,348.073000
8198,508.738000,271.645000,9.861000,231.355000
8199,601.705000,344.822000,7.449000,265.384000
8200,619.246000,533.088000,13.781000,398.800000
8201,625.465000,375.861000,9.639000,304.304000
8202,516.207000,284.393000,11.119000,279.284000
8203,474.678000,293.053000,14.649000,269.953000
8204,571.646000,325.282000,19.599000,277.714000
8205,582.126000,292.933000,9.990000,242.445000
8206,526.068000,323.452000,10.639000,265.774000
8207,589.415000,323.913000,9.338000,352.563000
8208,796.051000,421.470000,65.417000,355.092000
8209,519.998000,241.584000,11.880000,212.395000
8210,683.345000,552.847000,55.209000,445.680000
8211,663.716000,364.242000,10.459000,297.852000
8212,676.054000,343.492000,9.310000,313.383000
8213,499.119000,277.844000,13.109000,227.614000
8214,602.856000,370.180000,10.510000,381.211000
8215,412.190000,209.805000,17.240000,190.916000
8216,585.706000,309.073000,13.230000,262.815000
8217,714.133000,354.812000,13.699000,281.553000
8218,1292.000000,324.602000,18.180000,262.035000
8219,624.795000,374.171000,8.700000,327.843000
8220,636.325000,365.661000,14.079000,348.833000
8221,609.186000,311.012000,7.710000,298.394000
8222,987.197000,315.842000,14.640000,284.374000
8223,585.137000,321.703000,11.840000,300.893000
8224,608.425000,398.941000,13.770000,326.093000
8225,728.104000,339.702000,16.380000,287.753000
8226,523.409000,244.234000,10.470000,219.845000
8227,584.086000,306.902000,47.348000,280.634000
8228,558.636000,295.014000,13.309000,251.363000
8229,584.456000,298.513000,7.329000,245.704000
8230,715.712000,639.745000,17.139000,569.067000
8231,556.607000,386.991000,11.731000,244.955000
8232,720.263000,381.541000,12.960000,360.432000
8233,863.991000,382.601000,10.850000,275.424000
8234,659.836000,247.564000,11.779000,211.206000
8235,497.489000,267.413000,9.889000,245.924000
8236,608.925000,315.263000,12.270000,269.003000
8237,583.676000,297.983000,12.400000,256.204000
8238,726.403000,418.820000,11.760000,348.952000
8239,639.424000,349.802000,9.270000,277.282000
8240,681.414000,563.827000,17.449000,418.200000
8241,638.845000,307.412000,9.440000,296.583000
8242,655.105000,366.302000,9.549000,307.283000
8243,640.085000,361.853000,8.270000,311.482000
8244,636.295000,352.391000,8.781000,278.984000
8245,630.085000,347.021000,7.260000,314.922000
8246,590.857000,313.792000,5.901000,267.403000
8247,576.956000,287.773000,8.250000,265.893000
8248,571.946000,348.092000,6.700000,287.912000
8249,743.833000,394.360000,8.059000,303.072000
8250,663.355000,482.189000,19.980000,316.652000
8251,635.005000,355.820000,15.490000,317.584000
8252,633.136000,355.571000,11.830000,308.062000
8253,719.483000,434.779000,9.569000,370.041000
8254,716.303000,467.989000,10.030000,343.472000
8255,713.013000,374.481000,7.050000,272.284000
8256,1182.612000,462.419000,12.340000,304.853000
8257,685.963000,382.700000,12.160000,314.222000
8258,636.015000,358.963000,9.430000,321.392000
8259,562.126000,267.084000,11.020000,242.795000
8260,722.312000,627.256000,17.669000,487.419000
8261,628.764000,372.031000,9.189000,287.082000
8262,621.896000,418.250000,11.189000,309.023000
8263,657.385000,382.570000,10.930000,325.322000
8264,410.980000,212.186000,9.329000,194.656000
8265,464.369000,207.435000,16.430000,205.245000
8266,654.693000,348.802000,9.910000,272.413000
8267,1445.716000,379.841000,16.030000,275.453000
8268,632.736000,354.512000,9.360000,291.943000
8269,685.844000,381.841000,41.719000,317.363000
8270,1146.233000,622.465000,20.720000,439.430000
8271,638.316000,381.891000,10.720000,348.581000
8272,658.785000,393.510000,13.840000,340.552000
8273,528.618000,354.332000,16.800000,308.912000
8274,596.556000,370.571000,12.649000,312.773000
8275,583.866000,374.041000,12.320000,322.283000
8276,628.386000,426.730000,9.210000,425.209000
8277,581.518000,356.492000,12.290000,301.882000
8278,570.947000,299.092000,12.619000,239.445000
8279,707.325000,391.941000,10.720000,330.932000
8280,792.200000,662.064000,14.360000,629.305000
8281,714.584000,396.830000,12.349000,324.443000
8282,389.830000,179.817000,11.930000,178.675000
8283,749.902000,493.648000,8.640000,444.570000
8284,714.963000,437.070000,7.919000,319.813000
8285,667.763000,381.741000,13.109000,319.643000
8286,578.255000,398.520000,13.940000,334.732000
8287,651.815000,398.650000,12.630000,313.673000
8288,633.375000,379.471000,85.557000,329.814000
8289,460.620000,242.255000,9.370000,214.904000
8290,1105.803000,480.349000,22.799000,416.040000
8291,431.340000,277.244000,21.740000,267.323000
8292,789.951000,575.747000,17.130000,438.921000
8293,556.876000,339.012000,17.510000,273.104000
8294,639.465000,419.880000,13.449000,303.773000
8295,501.059000,347.701000,11.581000,275.824000
8296,549.546000,287.323000,19.829000,244.254000
8297,583.285000,332.273000,11.030000,283.152000
8298,504.189000,301.663000,12.519000,258.804000
8299,560.637000,332.931000,11.700000,264.374000
8300,749.392000,638.204000,17.810000,514.498000
8301,756.481000,445.160000,12.090000,361.712000
8302,660.843000,415.820000,9.230000,379.573000
8303,926.888000,401.699000,10.649000,286.234000
8304,618.666000,360.611000,10.550000,277.872000
8305,674.754000,409.781000,9.640000,335.003000
8306,676.465000,354.811000,8.839000,277.724000
8307,636.285000,390.560000,9.360000,324.904000
8308,496.378000,266.714000,9.550000,240.095000
8309,672.785000,393.101000,10.200000,300.922000
8310,680.954000,491.909000,22.769000,345.573000
8311,785.541000,413.690000,15.459000,394.611000
8312,570.987000,388.880000,16.889000,326.364000
8313,530.298000,303.174000,15.329000,314.373000
8314,514.019000,318.142000,47.259000,287.224000
8315,677.253000,428.620000,6.620000,332.322000
8316,521.078000,235.814000,15.800000,212.415000
8317,575.466000,321.563000,13.770000,256.305000
8318,748.252000,427.720000,46.020000,361.250000
8319,580.387000,294.323000,9.670000,241.274000
8320,449.379000,326.863000,19.080000,298.823000
8321,633.945000,544.706000,12.829000,497.739000
8322,558.727000,295.554000,11.739000,255.434000
8323,621.175000,359.252000,14.429000,287.074000
8324,704.353000,444.600000,12.079000,329.942000
8325,655.605000,396.990000,10.830000,297.114000
8326,635.265000,402.660000,78.087000,322.673000
8327,679.214000,399.650000,9.331000,300.583000
8328,666.944000,361.231000,17.920000,304.722000
8329,734.984000,338.392000,16.189000,293.592000
8330,976.607000,645.935000,25.318000,529.978000
8331,662.454000,396.320000,12.880000,293.023000
8332,567.508000,350.451000,9.600000,285.434000
8333,572.007000,380.431000,118.836000,347.862000
8334,443.810000,263.073000,8.980000,221.865000
8335,426.890000,199.655000,16.400000,190.645000
8336,702.654000,407.370000,13.139000,348.252000
8337,613.096000,382.001000,9.510000,307.762000
8338,607.096000,369.162000,10.740000,308.502000
8339,851.340000,499.197000,9.769000,366.192000
8340,775.091000,576.017000,19.349000,524.318000
8341,655.954000,539.537000,16.660000,446.569000
8342,662.443000,419.870000,10.609000,318.383000
8343,519.887000,339.773000,9.749000,324.392000
8344,609.675000,313.003000,9.629000,285.382000
8345,706.184000,420.421000,9.600000,323.011000
8346,660.415000,310.013000,20.600000,247.435000
8347,652.116000,353.162000,9.139000,316.772000
8348,536.656000,292.472000,9.230000,282.604000
8349,708.103000,404.021000,14.960000,350.122000
8350,683.744000,545.987000,28.920000,474.887000
8351,852.740000,516.979000,16.629000,364.981000
8352,789.421000,416.450000,11.740000,310.473000
8353,597.886000,305.812000,13.700000,272.203000
8354,642.406000,413.891000,8.980000,312.503000
8355,677.104000,348.911000,14.850000,270.695000
8356,683.444000,379.101000,9.330000,292.842000
8357,563.756000,331.813000,12.360000,269.413000
8358,496.318000,282.654000,8.689000,235.604000
8359,735.874000,457.979000,7.590000,385.481000
8360,684.494000,587.927000,15.019000,508.059000
8361,694.465000,382.480000,51.498000,367.032000
8362,602.586000,367.071000,11.310000,312.213000
8363,787.330000,328.482000,10.590000,252.604000
8364,651.575000,380.991000,10.510000,316.222000
8365,561.297000,369.622000,10.101000,305.233000
8366,544.168000,380.941000,11.309000,312.583000
8367,798.901000,485.909000,11.300000,355.951000
8368,356.672000,171.786000,8.050000,164.335000
8369,421.671000,204.085000,8.720000,177.526000
8370,710.762000,565.157000,18.239000,424.539000
8371,632.515000,358.592000,11.730000,299.402000
8372,594.646000,381.822000,12.500000,337.361000
8373,563.227000,392.630000,48.030000,338.212000
8374,679.764000,420.011000,8.781000,347.652000
8375,730.814000,485.828000,11.410000,425.790000
8376,614.285000,352.332000,9.770000,287.672000
8377,678.295000,374.921000,41.399000,316.842000
8378,559.838000,296.713000,6.490000,226.805000
8379,589.485000,349.681000,10.180000,299.743000
8380,680.855000,586.655000,16.199000,413.410000
8381,643.415000,396.482000,11.140000,302.112000
8382,481.879000,240.695000,14.770000,214.585000
8383,507.988000,302.793000,8.970000,267.882000
8384,670.975000,398.070000,44.310000,320.683000
8385,441.569000,260.634000,11.590000,281.504000
8386,627.826000,370.161000,12.990000,308.642000
8387,452.480000,249.914000,9.950000,221.496000
8388,585.487000,331.622000,9.429000,258.694000
8389,514.587000,299.213000,6.221000,249.134000
8390,643.014000,550.257000,15.149000,396.951000
8391,716.733000,406.710000,8.360000,312.923000
8392,508.528000,297.113000,8.470000,247.243000
8393,783.342000,459.069000,9.570000,342.732000
8394,705.633000,453.900000,13.219000,356.222000
8395,489.409000,287.093000,53.998000,264.394000
8396,550.487000,333.083000,10.941000,274.262000
8397,730.583000,445.939000,9.741000,332.322000
8398,446.290000,244.614000,13.510000,233.134000
8399,636.425000,354.533000,15.919000,300.262000
8400,577.927000,432.560000,16.308000,303.434000
8401,755.591000,384.982000,10.120000,306.132000
8402,704.353000,407.210000,12.270000,344.681000
8403,590.876000,354.171000,12.619000,295.653000
8404,457.759000,291.733000,11.210000,256.255000
8405,539.537000,387.411000,11.280000,321.433000
8406,528.697000,324.553000,9.680000,294.092000
8407,509.568000,297.343000,11.839000,255.544000
8408,445.949000,236.075000,8.979000,210.435000
8409,582.796000,300.122000,10.530000,246.265000
8410,425.730000,324.953000,27.088000,304.573000
8411,716.194000,635.855000,16.588000,419.500000
8412,653.245000,398.710000,10.019000,326.483000
8413,556.537000,336.952000,11.110000,277.134000
8414,544.226000,318.243000,12.059000,255.785000
8415,648.733000,396.591000,12.880000,325.113000
8416,633.265000,367.772000,11.300000,373.651000
8417,672.524000,410.950000,7.180000,320.971000
8418,616.415000,355.932000,7.190000,288.783000
8419,611.866000,394.851000,51.209000,344.681000
8420,565.437000,462.639000,16.059000,373.701000
8421,625.635000,345.583000,8.970000,286.463000
8422,646.755000,396.261000,48.949000,395.061000
8423,651.115000,407.861000,16.360000,337.182000
8424,663.555000,453.570000,10.660000,351.342000
8425,667.685000,377.181000,11.040000,322.323000
8426,568.867000,340.232000,9.960000,282.084000
8427,644.884000,383.812000,39.848000,331.142000
8428,570.206000,321.144000,6.071000,295.023000
8429,652.204000,325.133000,13.569000,266.274000
8430,666.554000,573.706000,17.930000,480.619000
8431,688.673000,421.100000,14.260000,366.471000
8432,623.695000,370.032000,10.289000,329.061000
8433,604.616000,384.241000,12.349000,310.972000
8434,599.176000,375.831000,56.858000,302.343000
8435,432.700000,233.275000,8.729000,203.945000
8436,574.227000,375.492000,15.779000,325.213000
8437,492.198000,280.214000,6.790000,254.855000
8438,591.926000,291.322000,13.730000,266.484000
8439,601.115000,354.782000,9.080000,283.524000
8440,679.154000,569.307000,17.789000,494.549000
8441,657.905000,368.010000,57.289000,347.552000
8442,658.334000,365.071000,9.200000,356.721000
8443,696.144000,414.310000,7.790000,324.742000
8444,606.865000,355.162000,10.120000,294.792000
8445,444.890000,310.503000,9.240000,279.113000
8446,399.530000,195.325000,12.780000,178.536000
8447,602.016000,359.602000,10.939000,320.581000
8448,552.758000,312.433000,12.739000,271.073000
8449,873.049000,440.710000,9.679000,491.739000
8450,725.604000,583.876000,12.030000,513.737000
8451,606.997000,372.461000,10.120000,305.142000
8452,688.424000,385.691000,9.209000,412.320000
8453,618.705000,391.000000,15.159000,314.542000
8454,512.968000,297.074000,12.819000,235.773000
8455,566.217000,350.082000,47.739000,301.612000
8456,596.077000,400.240000,11.020000,355.072000
8457,684.383000,401.171000,11.251000,366.103000
8458,592.235000,348.882000,8.550000,293.482000
8459,545.338000,306.421000,15.640000,254.964000
8460,782.182000,625.804000,25.611000,450.960000
8461,772.842000,436.180000,17.300000,384.361000
8462,503.200000,267.363000,9.391000,222.215000
8463,549.567000,323.013000,10.740000,279.383000
8464,765.293000,432.740000,10.779000,441.549000
8465,659.294000,437.270000,12.139000,341.782000
8466,688.393000,289.894000,16.070000,233.195000
8467,634.055000,384.370000,9.540000,348.022000
8468,609.456000,348.251000,12.059000,283.384000
8469,437.260000,229.414000,14.689000,203.215000
8470,701.944000,403.550000,19.259000,345.831000
8471,689.205000,394.430000,12.270000,325.961000
8472,467.919000,237.744000,9.139000,242.454000
8473,745.983000,368.141000,12.860000,286.563000
8474,531.378000,335.701000,13.970000,320.483000
8475,484.848000,299.613000,11.560000,293.653000
8476,642.724000,376.023000,8.450000,297.544000
8477,564.647000,343.203000,11.370000,280.204000
8478,683.015000,407.640000,10.900000,346.792000
8479,559.388000,325.221000,10.929000,311.023000
8480,640.475000,498.028000,15.520000,492.788000
8481,654.263000,365.212000,16.549000,297.462000
8482,560.446000,240.895000,11.400000,206.995000
8483,403.931000,201.165000,22.769000,186.105000
8484,473.859000,252.344000,16.330000,236.314000
8485,694.373000,452.839000,11.340000,334.892000
8486,697.394000,393.631000,7.769000,284.203000
8487,642.995000,344.033000,9.548000,274.893000
8488,655.435000,349.992000,9.030000,276.084000
8489,569.617000,319.224000,10.040000,251.474000
8490,493.307000,234.454000,16.049000,205.825000
8491,681.294000,396.901000,11.130000,346.441000
8492,658.724000,362.721000,12.690000,301.634000
8493,554.116000,331.682000,11.989000,275.053000
8494,585.737000,377.930000,11.720000,358.522000
8495,649.135000,378.151000,11.870000,301.803000
8496,533.667000,311.293000,10.470000,267.293000
8497,508.439000,300.663000,47.739000,275.074000
8498,438.790000,171.356000,11.599000,172.836000
8499,566.296000,308.624000,7.391000,261.653000
8500,604.506000,398.900000,17.840000,299.054000
8501,656.764000,366.142000,10.840000,299.383000
8502,615.125000,322.073000,15.771000,308.983000
8503,569.717000,322.962000,9.960000,257.694000
8504,651.025000,398.290000,12.560000,353.732000
8505,719.203000,419.880000,14.720000,320.483000
8506,504.407000,273.473000,9.930000,253.224000
8507,789.263000,420.750000,8.559000,304.693000
8508,502.708000,244.413000,6.650000,203.485000
8509,457.749000,217.854000,12.710000,196.906000
8510,803.761000,580.876000,16.430000,400.162000
8511,527.228000,297.743000,13.011000,286.693000
8512,648.025000,300.242000,6.581000,292.544000
8513,634.545000,309.442000,11.950000,281.754000
8514,610.746000,370.491000,11.490000,310.823000
8515,692.392000,354.943000,11.119000,277.284000
8516,522.048000,259.182000,17.651000,245.345000
8517,573.837000,367.882000,12.090000,289.803000
8518,707.694000,386.661000,17.140000,325.592000
8519,630.516000,394.521000,10.899000,305.544000
8520,576.376000,427.729000,16.890000,292.513000
8521,534.228000,289.683000,12.180000,268.834000
8522,639.305000,380.011000,52.819000,475.618000
8523,667.534000,394.871000,20.940000,255.454000
8524,681.464000,402.339000,11.341000,321.202000
8525,649.495000,379.751000,10.570000,311.473000
8526,640.725000,448.769000,10.711000,334.073000
8527,815.021000,429.250000,14.329000,350.202000
8528,574.186000,321.642000,13.240000,251.235000
8529,470.830000,222.785000,8.480000,194.986000
8530,601.746000,296.723000,26.899000,275.684000
8531,619.716000,363.062000,15.619000,285.194000
8532,626.506000,360.871000,12.750000,407.380000
8533,488.419000,255.634000,16.619000,231.385000
8534,694.104000,415.649000,43.699000,314.112000
8535,701.724000,379.231000,10.939000,287.074000
8536,670.364000,451.519000,11.839000,374.721000
8537,631.165000,366.712000,10.960000,287.023000
8538,592.447000,354.581000,7.860000,263.024000
8539,720.073000,593.565000,9.619000,440.969000
8540,796.781000,689.524000,21.010000,399.550000
8541,535.157000,285.444000,12.349000,250.105000
8542,653.753000,469.940000,13.029000,406.720000
8543,668.944000,399.011000,48.039000,400.361000
8544,522.086000,317.743000,11.350000,281.442000
8545,468.709000,252.915000,10.330000,202.165000
8546,719.583000,401.221000,10.430000,326.042000
8547,555.677000,357.151000,9.080000,245.303000
8548,661.314000,397.500000,10.570000,319.203000
8549,1247.021000,372.292000,19.879000,279.364000
8550,510.647000,405.390000,26.770000,286.095000
8551,652.935000,479.479000,10.660000,303.983000
8552,453.090000,187.135000,13.060000,184.886000
8553,594.256000,325.943000,11.090000,305.522000
8554,624.676000,416.671000,17.699000,327.052000
8555,652.365000,418.821000,15.869000,324.573000
8556,563.317000,346.771000,10.399000,307.353000
8557,590.486000,369.881000,8.170000,287.763000
8558,502.327000,290.014000,6.909000,242.124000
8559,885.918000,360.132000,10.709000,286.873000
8560,796.351000,373.351000,20.839000,308.843000
8561,637.665000,281.163000,15.880000,245.406000
8562,618.534000,356.202000,11.180000,289.843000
8563,522.778000,308.664000,13.320000,268.143000
8564,616.175000,385.251000,9.189000,304.663000
8565,610.355000,394.831000,9.310000,312.762000
8566,895.040000,451.369000,17.420000,373.051000
8567,557.647000,352.902000,40.420000,309.702000
8568,573.836000,355.323000,10.659000,333.352000
8569,558.687000,311.933000,12.350000,262.743000
8570,716.033000,602.536000,18.080000,526.847000
8571,683.194000,414.061000,14.949000,326.791000
8572,343.713000,179.986000,7.909000,170.446000
8573,598.005000,386.290000,9.710000,327.342000
8574,581.706000,334.893000,10.350000,260.933000
8575,654.675000,329.763000,12.030000,255.713000
8576,666.795000,383.401000,8.989000,300.453000
8577,1285.860000,312.712000,21.309000,241.704000
8578,524.627000,312.303000,10.620000,280.204000
8579,657.074000,404.070000,11.429000,309.283000
8580,707.843000,628.225000,63.918000,436.969000
8581,661.015000,408.530000,15.339000,315.892000
8582,526.738000,347.142000,14.580000,309.371000
8583,564.907000,300.912000,9.489000,238.945000
8584,702.924000,445.850000,9.589000,342.183000
8585,657.534000,311.973000,12.299000,259.594000
8586,700.303000,390.701000,11.420000,330.913000
8587,604.066000,343.862000,8.460000,314.003000
8588,696.273000,403.800000,47.820000,330.062000
8589,707.824000,366.512000,43.430000,353.122000
8590,606.276000,455.378000,23.580000,372.071000
8591,689.834000,393.351000,14.150000,326.752000
8592,492.659000,287.165000,14.360000,240.794000
8593,452.259000,284.813000,13.330000,244.214000
8594,423.620000,224.254000,10.180000,194.945000
8595,548.398000,276.884000,11.939000,235.225000
8596,549.936000,386.490000,6.531000,288.984000
8597,569.136000,308.563000,9.179000,253.724000
8598,813.411000,470.177000,12.030000,330.493000
8599,632.915000,364.071000,16.011000,312.072000
8600,675.044000,550.898000,25.009000,402.901000
8601,471.488000,210.624000,11.560000,209.916000
8602,713.433000,349.672000,44.439000,281.094000
8603,721.182000,367.222000,17.220000,342.433000
8604,533.456000,271.405000,9.461000,237.033000
8605,637.435000,354.142000,12.330000,283.273000
8606,483.039000,263.773000,12.189000,294.903000
8607,662.324000,385.812000,14.480000,320.101000
8608,706.143000,312.893000,15.040000,258.844000
8609,452.619000,193.965000,12.840000,184.736000
8610,677.905000,483.040000,14.079000,379.781000
8611,588.516000,256.545000,8.050000,234.285000
8612,555.497000,274.254000,8.480000,275.543000
8613,682.275000,372.331000,7.750000,336.283000
8614,916.827000,420.101000,18.240000,309.891000
8615,645.715000,365.681000,9.610000,301.494000
8616,513.898000,288.084000,13.579000,263.725000
8617,641.845000,357.832000,11.710000,273.732000
8618,471.709000,279.044000,9.991000,241.724000
8619,597.426000,357.563000,9.450000,285.493000
8620,550.846000,426.780000,16.170000,390.581000
8621,682.743000,373.912000,11.440000,314.373000
8622,713.264000,462.650000,12.370000,423.380000
8623,602.566000,347.902000,6.790000,302.643000
8624,544.168000,334.333000,9.449000,270.215000
8625,578.525000,310.813000,10.109000,243.424000
8626,585.176000,378.941000,13.409000,307.013000
8627,586.136000,333.022000,16.839000,323.644000
8628,622.094000,344.552000,9.780000,306.163000
8629,657.685000,340.313000,13.858000,295.813000
8630,528.177000,436.219000,25.550000,338.682000
8631,438.661000,238.564000,13.929000,216.626000
8632,686.015000,398.250000,9.650000,324.453000
8633,530.537000,311.543000,7.019000,275.603000
8634,613.106000,376.202000,7.020000,295.883000
8635,811.791000,390.211000,18.289000,299.193000
8636,530.966000,304.383000,9.580000,269.273000
8637,567.826000,201.135000,16.730000,182.925000
8638,333.374000,199.165000,10.971000,216.086000
8639,557.266000,311.312000,9.770000,260.094000
8640,521.787000,291.314000,15.949000,255.184000
8641,552.927000,314.101000,10.760000,257.624000
8642,678.834000,327.933000,17.099000,349.371000
8643,456.161000,271.354000,14.710000,253.153000
8644,774.743000,480.318000,9.650000,430.931000
8645,442.900000,238.015000,11.451000,207.614000
8646,797.442000,555.808000,9.628000,432.190000
8647,647.715000,357.911000,12.009000,327.463000
8648,623.175000,334.322000,46.369000,281.094000
8649,534.607000,379.131000,10.190000,265.015000
8650,520.098000,277.963000,12.169000,252.714000
8651,414.140000,208.216000,12.439000,207.775000
8652,624.855000,329.082000,7.661000,279.464000
8653,551.277000,353.712000,16.050000,322.072000
8654,626.455000,379.851000,16.489000,311.273000
8655,557.836000,351.611000,14.090000,300.014000
8656,425.579000,275.503000,10.560000,241.884000
8657,692.764000,452.449000,8.339000,348.462000
8658,774.362000,294.664000,10.210000,233.313000
8659,649.216000,356.782000,16.389000,281.663000
8660,567.477000,454.039000,12.530000,399.601000
8661,704.764000,568.037000,15.289000,395.041000
8662,557.248000,309.492000,12.920000,281.855000
8663,532.347000,322.963000,10.219000,345.220000
8664,505.059000,285.613000,9.559000,231.835000
8665,697.314000,468.798000,10.451000,346.892000
8666,678.963000,392.501000,16.529000,300.883000
8667,458.419000,242.153000,15.729000,230.635000
8668,551.998000,323.902000,21.280000,275.824000
8669,699.234000,446.360000,8.519000,404.591000
8670,680.833000,591.495000,15.880000,428.590000
8671,649.124000,293.504000,15.209000,269.732000
8672,721.443000,415.191000,17.280000,362.001000
8673,604.356000,363.033000,10.190000,282.602000
8674,466.070000,233.315000,11.370000,203.715000
8675,396.790000,238.084000,9.189000,241.274000
8676,612.305000,345.892000,10.350000,294.353000
8677,653.765000,375.291000,11.230000,319.713000
8678,607.915000,346.502000,43.809000,285.143000
8679,606.257000,361.420000,11.091000,357.702000
8680,584.627000,358.241000,13.659000,285.353000
8681,496.799000,287.443000,10.899000,258.374000
8682,731.344000,406.340000,8.150000,339.092000
8683,630.926000,385.820000,9.119000,303.753000
8684,571.747000,351.351000,9.529000,308.882000
8685,613.806000,370.681000,10.079000,303.632000
8686,657.505000,382.701000,10.840000,323.742000
8687,544.757000,315.214000,13.950000,274.283000
8688,767.702000,431.260000,49.519000,331.662000
8689,604.286000,359.122000,7.419000,319.142000
8690,594.915000,409.800000,14.630000,297.923000
8691,490.439000,273.264000,11.420000,248.304000
8692,543.858000,296.233000,15.929000,240.274000
8693,689.004000,372.001000,14.580000,294.942000
8694,555.588000,222.605000,10.799000,209.355000
8695,919.970000,386.831000,11.820000,286.294000
8696,640.693000,381.371000,11.739000,311.211000
8697,580.037000,278.125000,14.989000,236.564000
8698,682.923000,429.930000,9.359000,340.642000
8699,489.447000,313.733000,7.779000,271.963000
8700,614.785000,483.528000,13.730000,379.671000
8701,581.526000,324.133000,12.950000,283.122000
8702,520.539000,319.181000,12.360000,272.343000
8703,668.875000,411.900000,17.410000,324.362000
8704,620.625000,399.641000,19.830000,313.922000
8705,564.548000,377.991000,12.500000,313.432000
8706,531.718000,298.722000,11.280000,240.605000
8707,614.356000,324.162000,7.460000,254.434000
8708,766.462000,375.951000,16.800000,314.254000
8709,602.265000,347.832000,10.710000,300.083000
8710,562.896000,322.533000,15.199000,222.095000
8711,635.215000,366.051000,7.390000,293.083000
8712,657.574000,375.881000,10.910000,317.282000
8713,680.345000,428.310000,11.230000,438.790000
8714,522.887000,324.073000,10.760000,312.692000
8715,391.281000,217.755000,11.870000,193.486000
8716,419.490000,239.505000,8.340000,208.666000
8717,628.076000,371.691000,8.890000,293.264000
8718,553.347000,298.403000,13.920000,252.313000
8719,590.086000,313.693000,12.100000,265.394000
8720,816.881000,290.134000,14.720000,236.115000
8721,648.375000,351.132000,9.381000,304.633000
8722,721.344000,420.741000,8.980000,350.591000
8723,732.153000,434.361000,10.280000,346.792000
8724,659.184000,403.480000,18.709000,335.901000
8725,568.816000,330.982000,13.459000,262.974000
8726,569.548000,448.568000,9.440000,321.174000
8727,591.835000,348.042000,14.649000,291.274000
8728,596.686000,348.112000,10.680000,309.104000
8729,495.018000,263.974000,9.230000,222.085000
8730,838.070000,596.286000,15.730000,527.718000
8731,535.199000,283.343000,11.749000,258.394000
8732,628.026000,388.841000,8.440000,323.713000
8733,544.836000,337.812000,9.339000,274.913000
8734,591.186000,368.412000,7.250000,306.052000
8735,664.175000,424.500000,12.350000,331.272000
8736,1066.074000,380.810000,16.999000,303.242000
8737,736.193000,411.690000,47.739000,353.451000
8738,619.515000,407.910000,8.930000,315.184000
8739,507.407000,325.934000,12.898000,269.434000
8740,560.037000,441.851000,15.178000,369.901000
8741,607.456000,363.771000,47.360000,293.133000
8742,902.629000,352.111000,16.660000,272.994000
8743,651.985000,373.951000,8.960000,325.272000
8744,781.113000,487.317000,10.600000,338.004000
8745,642.834000,303.583000,15.359000,252.785000
8746,473.817000,255.424000,9.270000,207.496000
8747,655.595000,365.332000,8.110000,354.382000
8748,842.370000,310.573000,20.790000,266.343000
8749,674.824000,402.461000,9.240000,345.301000
8750,612.096000,474.648000,18.819000,329.852000
8751,633.845000,318.423000,14.959000,281.334000
8752,620.255000,380.351000,15.300000,322.503000
8753,531.356000,308.913000,50.849000,288.364000
8754,694.133000,496.799000,10.710000,391.010000
8755,607.155000,405.480000,12.891000,347.373000
8756,523.718000,276.484000,10.080000,276.023000
8757,725.113000,368.661000,11.690000,289.803000
8758,439.320000,194.006000,11.270000,207.625000
8759,670.224000,366.191000,8.430000,306.793000
8760,604.346000,506.019000,18.381000,453.149000
8761,611.775000,371.701000,12.749000,353.602000
8762,643.394000,378.031000,14.480000,319.562000
8763,541.258000,321.642000,48.599000,314.292000
8764,454.320000,231.884000,13.820000,199.146000
8765,518.489000,294.523000,13.210000,234.255000
8766,590.116000,288.064000,7.000000,233.554000
8767,545.936000,306.684000,7.479000,280.963000
8768,469.410000,227.784000,14.400000,203.455000
8769,492.588000,244.404000,11.239000,204.125000
8770,714.283000,391.142000,17.239000,315.993000
8771,695.473000,414.881000,52.399000,379.461000
8772,618.926000,341.213000,7.259000,288.003000
8773,629.295000,393.041000,8.780000,329.414000
8774,535.127000,317.283000,10.670000,265.593000
8775,428.129000,229.204000,11.230000,206.475000
8776,718.613000,476.597000,8.600000,332.572000
8777,737.662000,437.790000,9.199000,368.182000
8778,661.355000,393.060000,10.679000,301.283000
8779,631.065000,371.961000,12.840000,298.523000
8780,594.978000,484.157000,22.110000,358.241000
8781,595.757000,312.882000,14.940000,274.424000
8782,636.356000,354.161000,12.600000,335.072000
8783,463.810000,244.384000,10.339000,214.445000
8784,569.317000,357.312000,10.120000,316.482000
8785,701.803000,443.879000,10.959000,460.300000
8786,578.535000,317.562000,8.131000,262.853000
8787,590.126000,341.342000,9.020000,294.362000
8788,425.030000,250.384000,11.470000,230.976000
8789,646.055000,403.661000,60.089000,342.892000
8790,627.886000,523.527000,58.158000,410.710000
8791,581.727000,211.965000,16.590000,194.425000
8792,735.663000,417.900000,7.290000,394.861000
8793,570.376000,328.013000,11.210000,273.213000
8794,612.626000,389.560000,8.630000,427.290000
8795,828.300000,360.820000,12.999000,269.324000
8796,659.264000,400.991000,11.371000,319.762000
8797,682.864000,403.511000,8.769000,389.050000
8798,640.164000,369.222000,13.931000,309.243000
8799,645.336000,437.649000,51.578000,417.741000
8800,691.193000,604.795000,19.110000,464.839000
8801,501.719000,257.404000,11.408000,235.255000
8802,548.517000,362.850000,9.279000,291.334000
8803,673.183000,418.459000,11.260000,372.581000
8804,642.065000,368.481000,11.990000,334.053000
8805,673.863000,437.940000,10.930000,325.173000
8806,593.636000,316.692000,14.940000,264.285000
8807,751.312000,426.221000,38.480000,375.931000
8808,521.478000,286.534000,9.919000,242.304000
8809,506.769000,316.983000,10.360000,258.615000
8810,582.566000,462.609000,18.499000,414.550000
8811,725.974000,399.731000,35.639000,329.512000
8812,590.946000,339.493000,15.630000,281.724000
8813,642.726000,380.721000,12.198000,311.984000
8814,481.259000,268.763000,9.940000,223.644000
8815,808.962000,385.501000,15.520000,368.852000
8816,655.165000,348.763000,8.730000,316.403000
8817,675.634000,401.941000,7.571000,324.292000
8818,729.664000,392.420000,10.890000,317.492000
8819,617.756000,318.303000,9.699000,278.102000
8820,707.924000,417.310000,17.670000,391.911000
8821,559.076000,331.892000,17.840000,304.483000
8822,671.594000,455.899000,14.690000,296.443000
8823,446.510000,225.984000,7.071000,212.764000
8824,736.444000,444.199000,46.838000,336.002000
8825,800.010000,563.996000,12.160000,424.441000
8826,645.644000,408.031000,14.470000,302.033000
8827,610.445000,359.811000,7.020000,279.892000
8828,464.019000,210.804000,12.830000,195.035000
8829,607.456000,386.292000,10.370000,357.132000
8830,671.075000,492.169000,22.099000,365.391000
8831,661.924000,358.661000,11.799000,314.392000
8832,641.336000,403.101000,11.859000,306.373000
8833,554.886000,337.322000,12.790000,282.684000
8834,471.779000,238.804000,16.860000,210.256000
8835,502.689000,294.713000,14.799000,249.285000
8836,579.287000,335.841000,13.981000,272.824000
8837,553.477000,308.753000,8.890000,309.352000
8838,426.370000,272.164000,10.200000,250.795000
8839,1049.065000,512.087000,14.929000,381.911000
8840,676.074000,500.447000,20.550000,413.350000
8841,689.874000,382.941000,15.720000,333.492000
8842,639.655000,340.013000,12.280000,290.233000
8843,591.346000,366.642000,13.870000,308.442000
8844,594.226000,384.160000,16.649000,308.054000
8845,590.217000,385.722000,11.301000,326.362000
8846,570.226000,351.402000,11.300000,276.612000
8847,321.172000,153.377000,15.570000,157.596000
8848,678.744000,677.263000,47.960000,482.829000
8849,745.362000,422.540000,9.880000,332.302000
8850,643.145000,358.281000,18.519000,293.513000
8851,596.536000,290.113000,11.470000,277.694000
8852,678.375000,331.891000,6.560000,310.542000
8853,563.096000,293.324000,9.900000,263.204000
8854,621.026000,364.732000,6.780000,279.834000
8855,591.346000,313.493000,13.981000,271.743000
8856,614.005000,305.433000,14.400000,261.433000
8857,691.844000,393.421000,11.009000,329.232000
8858,578.407000,305.203000,14.079000,256.324000
8859,618.775000,356.431000,12.190000,297.832000
8860,655.264000,537.677000,22.150000,372.192000
8861,554.397000,294.003000,15.298000,302.183000
8862,763.432000,395.741000,12.940000,352.962000
8863,697.362000,425.741000,12.410000,346.041000
8864,609.766000,354.802000,10.220000,343.361000
8865,636.945000,355.431000,9.050000,282.474000
8866,468.109000,243.024000,12.370000,236.445000
8867,668.484000,328.592000,13.940000,301.083000
8868,637.635000,369.611000,9.190000,292.152000
8869,611.555000,333.173000,13.560000,278.534000
8870,554.096000,458.979000,22.619000,398.141000
8871,589.177000,471.177000,13.030000,320.922000
8872,801.771000,374.611000,14.910000,330.822000
8873,675.695000,411.581000,15.250000,332.972000
8874,648.985000,320.753000,16.639000,268.693000
8875,457.940000,271.944000,10.129000,242.033000
8876,613.126000,368.392000,6.470000,302.503000
8877,417.580000,190.545000,7.819000,185.745000
8878,643.405000,366.453000,12.390000,307.112000
8879,487.689000,237.855000,11.119000,204.886000
8880,587.806000,428.940000,22.110000,245.143000
8881,705.244000,320.722000,11.710000,307.183000
8882,521.817000,259.314000,10.170000,242.734000
8883,583.546000,317.821000,11.720000,276.495000
8884,581.827000,338.673000,8.859000,296.063000
8885,703.643000,455.809000,11.319000,337.932000
8886,451.739000,217.425000,10.429000,194.105000
8887,591.685000,306.534000,8.800000,268.024000
8888,570.217000,318.242000,5.730000,274.534000
8889,619.866000,339.881000,6.200000,245.144000
8890,650.964000,520.757000,21.629000,408.081000
8891,738.963000,232.834000,15.880000,224.204000
8892,647.915000,316.853000,9.300000,271.033000
8893,552.428000,304.762000,8.771000,293.463000
8894,608.775000,323.971000,8.789000,254.154000
8895,725.042000,427.400000,12.400000,385.940000
8896,807.941000,450.730000,16.340000,321.083000
8897,653.774000,350.933000,43.368000,284.464000
8898,658.655000,356.902000,13.809000,290.234000
8899,625.016000,336.611000,18.500000,276.784000
8900,601.936000,491.608000,23.130000,466.948000
8901,663.134000,337.303000,14.918000,301.863000
8902,508.418000,255.373000,8.510000,256.964000
8903,688.624000,437.070000,9.940000,336.991000
8904,607.205000,311.944000,8.629000,298.133000
8905,662.024000,463.679000,48.810000,338.602000
8906,628.235000,351.541000,10.540000,267.173000
8907,522.058000,262.864000,10.790000,246.143000
8908,503.448000,268.054000,10.600000,233.463000
8909,639.625000,350.872000,13.069000,344.953000
8910,587.966000,476.508000,20.989000,294.523000
8911,524.377000,267.545000,16.479000,245.015000
8912,559.086000,246.735000,12.261000,222.625000
8913,674.265000,397.361000,9.610000,296.022000
8914,664.304000,387.891000,12.150000,312.752000
8915,568.467000,285.573000,9.289000,257.164000
8916,689.525000,413.771000,8.630000,324.922000
8917,692.804000,372.681000,8.559000,289.673000
8918,683.584000,417.630000,6.880000,305.983000
8919,772.073000,433.839000,9.280000,319.483000
8920,682.994000,555.746000,55.669000,345.001000
8921,604.126000,289.433000,12.610000,291.603000
8922,643.524000,360.052000,14.580000,341.303000
8923,677.473000,380.422000,11.160000,385.811000
8924,648.945000,364.091000,14.340000,396.661000
8925,692.263000,359.882000,12.120000,304.703000
8926,677.475000,322.382000,9.000000,240.675000
8927,545.046000,309.714000,8.290000,262.433000
8928,616.546000,356.712000,12.539000,313.782000
8929,648.645000,374.931000,13.109000,330.171000
8930,665.254000,434.289000,21.219000,319.463000
8931,512.668000,220.704000,12.800000,237.084000
8932,742.093000,391.470000,13.510000,338.562000
8933,544.117000,326.262000,55.060000,263.384000
8934,663.174000,455.260000,8.270000,311.553000
8935,626.565000,361.192000,12.590000,286.522000
8936,557.208000,288.662000,85.899000,240.014000
8937,1194.391000,318.803000,13.849000,228.305000
8938,501.888000,230.885000,9.560000,220.185000
8939,572.317000,300.704000,7.291000,255.124000
8940,752.053000,574.396000,17.290000,367.231000
8941,492.738000,211.415000,7.640000,198.235000
8942,706.524000,326.322000,8.910000,270.274000
8943,477.248000,229.284000,7.470000,214.175000
8944,629.795000,308.642000,9.211000,290.664000
8945,597.816000,343.102000,13.910000,270.984000
8946,453.259000,249.433000,13.090000,222.484000
8947,633.284000,369.652000,12.240000,286.304000
8948,527.767000,322.393000,11.120000,271.533000
8949,671.304000,326.242000,8.760000,265.574000
8950,690.744000,359.991000,16.079000,204.995000
8951,711.804000,340.852000,9.990000,333.373000
8952,399.161000,171.116000,8.849000,166.127000
8953,391.641000,211.935000,7.860000,197.075000
8954,1015.006000,627.135000,14.340000,450.089000
8955,595.866000,307.323000,15.159000,286.473000
8956,635.465000,387.810000,9.740000,300.022000
8957,483.589000,230.584000,9.450000,194.645000
8958,720.973000,337.893000,12.220000,268.033000
8959,722.693000,422.370000,8.209000,372.521000
8960,780.822000,623.766000,18.559000,357.712000
8961,541.308000,255.794000,12.409000,260.554000
8962,494.429000,234.895000,8.769000,227.514000
8963,596.707000,330.591000,6.350000,276.824000
8964,425.390000,248.995000,9.080000,234.455000
8965,707.094000,396.671000,14.971000,308.382000
8966,581.846000,317.452000,10.880000,280.362000
8967,451.820000,235.634000,7.880000,212.574000
8968,354.502000,166.407000,12.969000,177.206000
8969,831.971000,394.311000,79.677000,403.000000
8970,420.590000,166.926000,19.070000,173.665000
8971,597.637000,272.623000,11.219000,291.123000
8972,602.766000,393.610000,13.070000,286.003000
8973,350.923000,198.864000,9.889000,189.776000
8974,651.295000,317.513000,12.960000,283.794000
8975,654.914000,384.041000,12.790000,314.242000
8976,587.696000,323.603000,10.279000,268.594000
8977,412.910000,246.224000,8.250000,200.955000
8978,565.897000,329.411000,13.280000,295.704000
8979,575.896000,371.581000,49.459000,321.083000
8980,683.243000,565.218000,21.340000,397.271000
8981,553.617000,272.804000,9.989000,263.964000
8982,614.546000,358.622000,15.240000,311.402000
8983,593.556000,330.293000,12.710000,297.363000
8984,466.150000,301.293000,16.181000,253.415000
8985,468.349000,261.804000,77.168000,300.813000
8986,721.563000,385.181000,10.540000,316.343000
8987,633.845000,294.283000,14.100000,263.484000
8988,511.588000,262.934000,12.190000,232.284000
8989,695.034000,381.352000,11.420000,302.403000
8990,684.524000,570.536000,15.890000,430.910000
8991,709.184000,292.822000,16.940000,297.233000
8992,693.624000,380.701000,14.550000,320.752000
8993,624.245000,324.533000,8.240000,300.492000
8994,509.379000,258.973000,9.511000,223.456000
8995,581.836000,328.632000,12.990000,270.164000
8996,495.548000,261.514000,10.920000,236.004000
8997,671.963000,402.750000,7.570000,341.062000
8998,627.455000,322.342000,8.300000,286.144000
8999,576.245000,306.232000,2554.941000,411.370000
9000,662.744000,315.544000,17.629000,287.273000
9001,758.503000,361.971000,15.150000,308.652000
9002,748.713000,293.023000,14.099000,263.714000
9003,699.694000,384.092000,11.400000,349.931000
9004,513.137000,315.252000,6.420000,279.553000
9005,530.898000,296.604000,14.470000,270.342000
9006,627.516000,353.802000,13.129000,294.703000
9007,628.655000,319.782000,9.420000,288.233000
9008,578.306000,364.940000,10.581000,309.353000
9009,561.536000,298.033000,12.930000,239.274000
9010,526.738000,226.785000,10.060000,221.954000
9011,651.363000,300.584000,10.790000,278.483000
9012,581.467000,314.581000,12.380000,279.424000
9013,487.087000,266.204000,8.731000,254.794000
9014,520.577000,340.873000,13.560000,276.473000
9015,632.716000,412.131000,13.310000,370.572000
9016,656.935000,384.450000,40.180000,342.783000
9017,609.125000,341.352000,7.740000,310.932000
9018,682.474000,371.732000,9.011000,339.971000
9019,671.875000,373.441000,7.830000,306.944000
9020,654.545000,536.267000,62.198000,425.950000
9021,610.415000,378.211000,16.180000,319.072000
9022,718.524000,366.370000,12.381000,312.102000
9023,537.898000,262.844000,7.751000,246.264000
9024,610.266000,319.221000,18.210000,250.884000
9025,568.055000,299.164000,9.100000,256.383000
9026,583.686000,331.343000,7.910000,271.613000
9027,689.404000,400.840000,9.279000,325.423000
9028,714.643000,412.460000,10.539000,367.911000
9029,549.698000,256.584000,15.050000,249.364000
9030,584.897000,436.130000,18.189000,330.422000
9031,672.873000,392.341000,15.020000,302.574000
9032,595.266000,312.012000,14.840000,287.554000
9033,444.929000,259.323000,17.429000,251.284000
9034,616.045000,364.061000,9.580000,293.864000
9035,566.386000,322.783000,6.360000,273.923000
9036,575.878000,335.552000,7.870000,280.694000
9037,761.702000,374.861000,9.660000,326.163000
9038,694.323000,334.431000,12.030000,358.953000
9039,645.175000,352.063000,8.509000,310.082000
9040,589.155000,260.173000,12.749000,249.854000
9041,705.872000,324.652000,12.440000,299.813000
9042,571.416000,265.434000,19.040000,299.793000
9043,635.925000,350.113000,14.590000,296.052000
9044,551.838000,326.922000,11.120000,283.892000
9045,509.578000,259.135000,6.440000,210.645000
9046,427.360000,251.812000,8.169000,216.385000
9047,391.392000,223.734000,5.190000,205.835000
9048,567.877000,254.614000,40.578000,231.474000
9049,808.301000,319.852000,10.089000,248.634000
9050,754.462000,443.500000,18.600000,319.461000
9051,847.600000,315.393000,16.849000,275.822000
9052,645.025000,315.184000,18.139000,320.934000
9053,495.388000,295.383000,10.200000,289.954000
9054,607.805000,303.653000,15.010000,262.404000
9055,661.605000,376.420000,11.460000,333.192000
9056,611.395000,375.442000,18.829000,306.153000
9057,481.059000,216.675000,19.469000,201.396000
9058,601.616000,326.491000,11.550000,260.845000
9059,735.862000,238.484000,9.769000,202.715000
9060,815.841000,668.973000,16.531000,580.466000
9061,695.224000,286.313000,15.600000,257.474000
9062,414.810000,177.055000,18.220000,180.395000
9063,594.736000,350.622000,9.000000,296.783000
9064,643.925000,376.451000,12.869000,291.813000
9065,683.433000,406.260000,12.959000,321.612000
9066,528.326000,295.184000,14.460000,249.014000
9067,668.644000,406.870000,55.018000,347.883000
9068,342.981000,143.757000,12.220000,159.076000
9069,610.195000,336.694000,10.270000,296.173000
9070,719.693000,572.317000,16.970000,475.868000
9071,765.273000,359.942000,14.379000,305.604000
9072,492.968000,273.764000,12.299000,236.734000
9073,432.579000,277.133000,9.030000,250.984000
9074,744.562000,370.001000,9.820000,337.003000
9075,491.849000,328.013000,12.559000,267.813000
9076,569.447000,329.291000,9.269000,272.174000
9077,825.920000,407.100000,17.029000,328.472000
9078,758.802000,509.277000,13.769000,372.340000
9079,475.299000,252.984000,7.959000,267.164000
9080,701.612000,594.857000,17.860000,505.688000
9081,678.764000,403.771000,53.758000,416.801000
9082,595.246000,355.823000,11.420000,296.933000
9083,513.138000,321.832000,13.110000,272.605000
9084,639.975000,439.408000,10.540000,324.123000
9085,645.225000,355.961000,8.190000,291.334000
9086,450.869000,201.365000,9.789000,186.065000
9087,664.074000,333.923000,7.619000,275.903000
9088,694.424000,429.041000,13.729000,313.621000
9089,601.706000,328.233000,11.400000,263.453000
9090,670.356000,511.947000,17.359000,472.480000
9091,804.461000,462.078000,11.100000,363.383000
9092,623.925000,357.652000,13.050000,297.832000
9093,443.490000,311.393000,16.299000,281.923000
9094,522.028000,324.072000,13.150000,277.374000
9095,490.448000,289.364000,10.870000,242.264000
9096,834.111000,514.268000,8.710000,385.211000
9097,655.015000,392.791000,8.560000,320.463000
9098,594.026000,329.202000,9.550000,284.584000
9099,427.390000,229.695000,9.150000,197.565000
9100,712.824000,530.097000,20.020000,440.439000
9101,666.765000,361.871000,13.209000,322.582000
9102,598.216000,363.461000,11.100000,325.773000
9103,659.534000,342.641000,13.570000,313.053000
9104,557.627000,306.502000,56.919000,318.691000
9105,654.344000,397.031000,8.120000,313.183000
9106,473.848000,275.124000,40.759000,406.350000
9107,348.021000,160.976000,10.260000,166.036000
9108,715.473000,385.241000,11.870000,299.753000
9109,650.625000,378.371000,6.210000,312.072000
9110,644.495000,384.921000,10.929000,318.563000
9111,721.263000,539.768000,14.169000,415.689000
9112,609.216000,326.952000,14.590000,288.023000
9113,703.483000,415.040000,10.270000,321.232000
9114,396.971000,195.485000,8.370000,183.416000
9115,734.203000,430.810000,8.180000,390.931000
9116,473.758000,245.554000,15.460000,232.514000
9117,791.071000,516.288000,10.640000,401.621000
9118,569.226000,358.031000,10.860000,277.134000
9119,636.745000,380.242000,52.299000,314.592000
9120,590.795000,320.293000,10.050000,291.542000
9121,616.056000,377.152000,14.828000,313.713000
9122,652.254000,433.190000,14.550000,336.261000
9123,649.554000,377.981000,18.091000,308.892000
9124,608.446000,374.512000,13.900000,294.543000
9125,580.396000,353.942000,13.039000,343.173000
9126,504.238000,337.803000,10.990000,299.833000
9127,504.169000,284.303000,9.890000,235.395000
9128,573.666000,327.934000,10.131000,277.473000
9129,583.466000,332.223000,11.489000,295.213000
9130,504.407000,419.780000,18.261000,312.104000
9131,636.406000,360.631000,17.150000,312.263000
9132,607.306000,323.612000,14.180000,273.873000
9133,629.305000,385.182000,10.989000,370.193000
9134,530.077000,330.131000,8.800000,266.373000
9135,556.887000,341.322000,11.499000,287.902000
9136,666.255000,379.970000,10.950000,347.811000
9137,637.755000,382.072000,9.809000,322.403000
9138,650.734000,367.311000,9.249000,336.443000
9139,449.650000,226.235000,6.781000,197.236000
9140,590.806000,447.219000,13.910000,357.412000
9141,592.076000,332.412000,10.489000,300.023000
9142,717.833000,411.880000,69.049000,317.042000
9143,545.118000,286.244000,18.119000,240.814000
9144,812.570000,526.779000,7.611000,370.391000
9145,453.440000,222.444000,7.360000,177.436000
9146,893.668000,467.650000,10.870000,352.861000
9147,427.180000,180.006000,16.990000,183.716000
9148,664.225000,372.702000,7.230000,308.294000
9149,451.129000,211.365000,6.689000,189.987000
9150,410.141000,214.974000,13.460000,208.876000
9151,659.265000,421.601000,8.809000,324.244000
9152,626.465000,357.772000,10.699000,347.851000
9153,656.145000,394.751000,10.019000,345.731000
9154,524.808000,280.574000,8.589000,248.684000
9155,655.494000,389.372000,10.000000,297.274000
9156,737.242000,396.630000,9.559000,310.033000
9157,993.597000,512.138000,11.709000,375.921000
9158,627.066000,300.563000,9.499000,244.814000
9159,460.330000,241.234000,8.529000,225.124000
9160,658.004000,319.043000,14.270000,284.433000
9161,815.311000,232.105000,15.889000,230.515000
9162,459.249000,200.516000,8.880000,200.956000
9163,576.426000,307.563000,6.320000,353.631000
9164,588.896000,313.673000,9.459000,254.525000
9165,572.138000,357.921000,12.970000,308.272000
9166,845.020000,226.744000,17.150000,194.476000
9167,772.102000,479.720000,11.509000,356.061000
9168,410.400000,187.975000,10.359000,187.736000
9169,703.154000,367.131000,4.890000,369.641000
9170,665.525000,449.030000,9.059000,255.155000
9171,656.094000,307.474000,7.999000,318.484000
9172,623.265000,307.103000,8.760000,269.223000
9173,663.474000,380.371000,8.500000,313.102000
9174,322.603000,147.566000,10.250000,155.486000
9175,628.415000,285.964000,13.120000,260.134000
9176,569.986000,340.482000,13.360000,318.993000
9177,630.316000,373.801000,12.100000,294.842000
9178,495.459000,249.655000,13.910000,226.555000
9179,517.897000,337.631000,14.049000,286.184000
9180,525.718000,425.721000,21.500000,329.292000
9181,693.114000,319.302000,8.960000,287.535000
9182,723.083000,340.132000,9.021000,286.544000
9183,588.156000,318.523000,13.070000,310.122000
9184,639.395000,452.369000,9.280000,365.612000
9185,493.907000,273.324000,7.520000,247.624000
9186,511.718000,232.874000,13.760000,205.525000
9187,549.748000,283.533000,10.071000,237.705000
9188,633.045000,365.901000,10.821000,330.533000
9189,560.517000,332.411000,7.710000,276.844000
9190,833.361000,495.329000,21.339000,355.272000
9191,594.725000,329.913000,14.060000,309.402000
9192,494.638000,282.472000,16.630000,267.994000
9193,455.520000,245.284000,10.398000,222.915000
9194,586.907000,349.151000,7.790000,293.013000
9195,423.210000,230.945000,7.550000,193.885000
9196,550.038000,194.096000,17.969000,168.747000
9197,746.152000,462.870000,8.501000,413.541000
9198,598.166000,309.182000,10.600000,263.624000
9199,472.109000,221.134000,8.700000,199.146000
9200,480.358000,232.925000,13.560000,200.875000
9201,603.446000,363.462000,14.029000,276.674000
9202,579.296000,313.264000,45.728000,288.574000
9203,610.025000,380.221000,15.531000,305.104000
9204,352.541000,192.355000,10.310000,185.086000
9205,1083.575000,365.771000,18.141000,282.124000
9206,475.179000,397.331000,8.550000,315.273000
9207,829.550000,374.291000,15.040000,340.222000
9208,625.125000,261.864000,11.190000,213.805000
9209,613.996000,355.062000,8.510000,271.744000
9210,789.051000,669.674000,15.430000,574.397000
9211,541.696000,260.784000,9.809000,211.025000
9212,664.144000,390.041000,11.730000,345.163000
9213,685.453000,386.232000,11.139000,297.963000
9214,571.226000,361.772000,12.659000,318.371000
9215,610.386000,348.512000,12.960000,343.143000
9216,476.728000,262.374000,8.020000,214.185000
9217,594.586000,381.710000,16.500000,307.323000
9218,569.137000,328.122000,12.849000,276.704000
9219,839.441000,419.120000,6.590000,380.471000
9220,665.465000,557.107000,15.579000,490.178000
9221,673.375000,417.310000,56.769000,339.301000
9222,704.794000,393.501000,12.600000,334.221000
9223,619.185000,360.402000,12.100000,313.063000
9224,540.197000,351.171000,52.179000,300.144000
9225,602.675000,364.290000,6.489000,270.584000
9226,584.426000,338.221000,10.170000,262.154000
9227,575.337000,337.532000,7.760000,291.503000
9228,516.977000,289.993000,10.260000,248.174000
9229,722.223000,435.320000,11.910000,369.501000
9230,653.284000,541.849000,18.999000,353.822000
9231,476.197000,244.445000,10.200000,223.025000
9232,719.694000,513.117000,9.280000,374.782000
9233,658.654000,414.290000,11.360000,317.332000
9234,519.109000,353.182000,13.870000,309.692000
9235,600.826000,385.751000,14.629000,333.092000
9236,643.765000,394.691000,13.021000,272.394000
9237,1070.695000,390.420000,19.259000,275.823000
9238,680.924000,363.391000,44.740000,305.003000
9239,570.636000,348.602000,14.089000,285.024000
9240,709.963000,575.647000,18.300000,529.787000
9241,555.168000,324.392000,18.150000,292.343000
9242,696.463000,323.624000,10.790000,252.454000
9243,419.320000,200.775000,9.059000,186.007000
9244,672.984000,392.171000,11.820000,307.944000
9245,544.277000,345.302000,10.310000,302.713000
9246,612.237000,387.731000,8.360000,290.002000
9247,643.465000,420.040000,9.849000,313.422000
9248,491.738000,266.754000,8.310000,233.355000
9249,649.845000,389.191000,9.640000,360.982000
9250,780.422000,433.570000,17.440000,377.782000
9251,706.744000,415.070000,94.458000,393.711000
9252,480.318000,257.164000,12.709000,224.214000
9253,603.956000,372.561000,8.570000,311.084000
9254,642.484000,408.830000,12.140000,324.203000
9255,679.543000,387.182000,10.620000,313.543000
9256,616.356000,370.290000,12.470000,296.304000
9257,544.477000,306.612000,10.219000,263.064000
9258,671.084000,358.102000,8.000000,296.293000
9259,767.782000,476.439000,4.981000,383.841000
9260,698.193000,585.136000,18.149000,592.246000
9261,615.445000,370.392000,15.850000,396.500000
9262,567.536000,369.411000,14.500000,310.723000
9263,413.821000,225.135000,13.799000,183.076000
9264,249.143000,129.498000,12.849000,142.797000
9265,594.226000,278.634000,16.430000,230.385000
9266,541.717000,310.583000,15.019000,263.695000
9267,507.638000,304.264000,7.289000,268.894000
9268,611.705000,343.511000,12.350000,306.653000
9269,717.183000,431.820000,11.990000,361.302000
9270,505.998000,251.663000,19.540000,224.845000
9271,712.753000,411.491000,8.520000,351.681000
9272,426.650000,208.315000,7.970000,187.846000
9273,651.394000,400.160000,10.689000,330.032000
9274,525.609000,300.783000,12.579000,246.374000
9275,816.651000,534.077000,10.860000,447.519000
9276,524.618000,327.571000,8.811000,257.575000
9277,589.136000,342.722000,10.250000,295.714000
9278,467.489000,281.504000,9.560000,235.914000
9279,539.766000,336.033000,8.200000,286.042000
9280,606.765000,426.269000,15.030000,291.933000
9281,659.116000,356.311000,9.211000,293.162000
9282,675.574000,401.910000,9.040000,315.262000
9283,531.058000,324.083000,10.469000,295.183000
9284,485.149000,316.652000,8.390000,297.583000
9285,830.220000,498.338000,10.890000,416.490000
9286,617.685000,392.351000,8.581000,312.843000
9287,573.496000,333.892000,44.330000,272.274000
9288,660.044000,395.830000,8.839000,338.571000
9289,540.067000,284.974000,16.810000,269.365000
9290,888.648000,540.297000,15.949000,467.249000
9291,726.292000,388.381000,8.929000,354.541000
9292,638.105000,451.590000,9.909000,314.113000
9293,592.687000,330.132000,11.109000,299.413000
9294,569.567000,321.073000,11.531000,281.854000
9295,412.801000,210.366000,10.040000,186.566000
9296,669.185000,410.741000,10.809000,298.693000
9297,595.556000,341.811000,18.280000,291.744000
9298,473.167000,238.334000,16.540000,212.025000
9299,663.665000,335.011000,15.010000,267.534000
9300,676.295000,387.282000,15.980000,309.572000
9301,574.806000,309.251000,10.729000,279.943000
9302,713.062000,435.000000,58.208000,499.170000
9303,650.845000,364.281000,11.981000,299.932000
9304,557.357000,334.081000,7.180000,281.993000
9305,810.142000,332.831000,10.550000,246.704000
9306,765.781000,452.269000,7.919000,349.802000
9307,471.959000,194.146000,12.959000,182.696000
9308,713.412000,435.020000,8.181000,411.471000
9309,544.437000,327.152000,12.189000,284.223000
9310,493.808000,297.163000,22.039000,247.544000
9311,676.174000,356.391000,10.929000,297.934000
9312,676.594000,440.649000,9.090000,335.033000
9313,569.466000,358.501000,9.870000,275.564000
9314,593.125000,349.142000,11.010000,281.434000
9315,671.283000,446.840000,11.270000,337.633000
9316,700.863000,418.220000,10.009000,450.719000
9317,539.987000,259.025000,6.230000,270.794000
9318,497.508000,283.284000,6.980000,275.415000
9319,531.547000,263.674000,8.621000,218.515000
9320,591.077000,351.581000,16.510000,347.351000
9321,676.794000,402.931000,15.060000,333.272000
9322,537.827000,344.822000,18.460000,303.374000
9323,698.773000,292.853000,17.459000,247.124000
9324,402.840000,263.094000,12.159000,241.046000
9325,719.404000,437.379000,13.120000,336.312000
9326,642.995000,399.031000,11.030000,344.221000
9327,671.704000,402.471000,16.170000,368.811000
9328,815.181000,400.551000,11.520000,396.690000
9329,570.487000,355.271000,9.910000,311.063000
9330,692.854000,585.636000,21.259000,512.448000
9331,560.777000,455.169000,19.849000,379.911000
9332,699.744000,418.520000,49.179000,380.200000
9333,565.266000,300.623000,9.780000,247.383000
9334,271.454000,132.886000,9.790000,137.508000
9335,656.206000,399.550000,15.199000,294.353000
9336,649.655000,393.651000,10.049000,393.891000
9337,566.807000,331.282000,10.839000,275.873000
9338,500.589000,274.312000,9.010000,243.935000
9339,481.529000,272.814000,11.500000,233.054000
9340,665.245000,568.906000,15.990000,401.651000
9341,661.335000,356.721000,8.300000,305.014000
9342,668.414000,376.402000,11.140000,352.841000
9343,561.877000,338.082000,9.800000,271.283000
9344,653.464000,529.218000,10.300000,389.880000
9345,640.945000,402.850000,12.088000,336.873000
9346,602.926000,360.281000,18.789000,314.112000
9347,716.794000,434.641000,13.419000,348.802000
9348,429.230000,235.225000,8.969000,191.616000
9349,592.706000,365.761000,9.630000,295.304000
9350,608.056000,516.338000,19.070000,464.079000
9351,595.445000,505.188000,15.820000,446.240000
9352,558.697000,386.920000,16.050000,270.434000
9353,787.471000,483.098000,9.729000,346.532000
9354,532.758000,341.331000,9.960000,296.394000
9355,635.406000,411.010000,9.819000,302.044000
9356,488.209000,293.392000,7.089000,254.524000
9357,401.761000,210.145000,11.370000,196.765000
9358,636.804000,345.611000,10.620000,316.613000
9359,677.244000,363.952000,8.920000,279.794000
9360,501.767000,294.593000,17.580000,246.544000
9361,604.486000,374.761000,12.270000,317.723000
9362,735.954000,417.800000,11.740000,355.291000
9363,555.296000,312.023000,10.890000,236.115000
9364,699.133000,400.531000,10.990000,354.452000
9365,647.944000,394.381000,5.659000,329.731000
9366,595.576000,284.674000,9.929000,259.054000
9367,821.680000,335.103000,17.860000,295.273000
9368,456.599000,265.834000,9.419000,231.973000
9369,780.543000,470.328000,10.949000,379.942000
9370,613.586000,490.608000,18.710000,322.223000
9371,639.605000,371.622000,124.787000,353.371000
9372,689.674000,417.541000,11.299000,349.382000
9373,529.747000,296.214000,11.469000,240.695000
9374,674.663000,423.710000,14.780000,309.413000
9375,680.704000,411.841000,14.600000,340.922000
9376,571.466000,331.652000,10.240000,272.944000
9377,569.296000,367.693000,12.948000,329.183000
9378,651.394000,329.951000,16.310000,270.324000
9379,691.593000,427.380000,8.380000,329.253000
9380,597.497000,481.878000,16.510000,329.183000
9381,699.754000,417.221000,10.659000,328.592000
9382,433.370000,237.865000,13.640000,287.963000
9383,533.747000,270.634000,11.279000,233.114000
9384,736.534000,479.829000,51.419000,415.461000
9385,548.187000,332.142000,13.880000,277.464000
9386,733.832000,457.218000,16.540000,430.880000
9387,528.667000,346.203000,13.969000,321.741000
9388,581.037000,293.285000,13.359000,254.504000
9389,499.489000,254.364000,7.810000,210.085000
9390,505.148000,361.253000,15.821000,320.252000
9391,563.507000,456.459000,11.580000,365.092000
9392,710.034000,466.648000,16.520000,321.223000
9393,651.495000,313.052000,12.860000,260.234000
9394,455.348000,283.164000,11.490000,257.084000
9395,593.386000,376.841000,9.600000,300.113000
9396,495.018000,325.953000,13.480000,271.353000
9397,704.454000,458.770000,15.269000,348.831000
9398,493.019000,302.372000,11.650000,256.704000
9399,687.083000,408.141000,8.769000,316.913000
9400,467.819000,241.004000,18.838000,223.086000
9401,812.132000,346.911000,11.329000,273.625000
9402,742.463000,420.960000,8.349000,372.351000
9403,712.633000,399.511000,10.689000,317.003000
9404,489.259000,275.623000,9.660000,225.435000
9405,608.606000,379.701000,10.390000,311.353000
9406,573.717000,351.411000,9.299000,286.783000
9407,462.968000,266.944000,8.379000,233.004000
9408,663.854000,415.521000,8.150000,363.461000
9409,714.743000,416.720000,8.200000,395.081000
9410,786.571000,604.036000,22.379000,524.387000
9411,592.655000,484.499000,20.539000,351.151000
9412,654.055000,347.902000,13.999000,309.823000
9413,636.545000,383.371000,9.589000,308.262000
9414,690.154000,439.450000,8.609000,354.261000
9415,485.189000,242.574000,8.328000,204.085000
9416,466.039000,328.822000,9.160000,255.233000
9417,479.080000,247.884000,6.000000,220.385000
9418,655.493000,359.113000,9.170000,292.143000
9419,500.359000,241.105000,12.770000,195.986000
9420,590.107000,549.746000,14.090000,335.601000
9421,652.155000,363.820000,15.779000,322.473000
9422,493.528000,251.525000,15.510000,238.034000
9423,496.459000,293.242000,11.129000,269.125000
9424,484.619000,314.274000,8.210000,266.773000
9425,1049.855000,350.163000,17.190000,264.433000
9426,1265.971000,420.090000,15.120000,318.123000
9427,537.028000,311.131000,10.950000,280.734000
9428,665.194000,405.961000,4.930000,323.072000
9429,591.837000,334.113000,5.981000,322.712000
9430,548.866000,469.269000,14.880000,343.321000
9431,502.797000,236.136000,13.090000,219.395000
9432,708.963000,441.400000,16.090000,369.331000
9433,601.996000,361.901000,8.830000,480.789000
9434,554.376000,329.783000,11.809000,261.892000
9435,611.925000,358.342000,45.928000,327.203000
9436,551.797000,333.333000,9.210000,316.812000
9437,443.740000,267.503000,9.109000,259.894000
9438,690.894000,391.061000,7.209000,311.202000
9439,592.977000,341.581000,7.099000,284.364000
9440,679.574000,548.267000,14.980000,469.679000
9441,640.384000,387.991000,13.670000,321.472000
9442,576.247000,357.183000,10.820000,279.063000
9443,510.539000,296.482000,8.619000,240.015000
9444,639.056000,423.770000,13.490000,428.449000
9445,498.847000,294.923000,13.840000,257.964000
9446,676.163000,424.680000,13.190000,323.603000
9447,744.362000,442.690000,12.400000,351.362000
9448,488.370000,277.003000,12.780000,295.784000
9449,649.216000,328.901000,18.829000,269.274000
9450,558.576000,410.370000,30.799000,379.411000
9451,665.684000,542.517000,10.860000,391.702000
9452,667.413000,418.680000,13.129000,419.451000
9453,687.925000,390.671000,12.820000,290.644000
9454,532.058000,322.261000,8.909000,376.820000
9455,856.490000,438.769000,12.990000,411.580000
9456,472.559000,215.714000,9.340000,195.215000
9457,648.875000,405.861000,64.379000,359.121000
9458,566.207000,323.792000,9.780000,277.764000
9459,605.795000,327.182000,17.459000,277.394000
9460,679.364000,560.136000,21.580000,566.947000
9461,520.027000,287.405000,14.559000,268.013000
9462,701.894000,458.090000,10.250000,389.101000
9463,588.996000,334.861000,8.490000,262.185000
9464,622.526000,399.450000,6.850000,294.932000
9465,602.156000,383.332000,8.160000,282.263000
9466,493.618000,283.652000,10.490000,232.535000
9467,583.415000,347.153000,10.089000,272.093000
9468,560.478000,327.472000,13.379000,270.114000
9469,468.009000,268.994000,14.990000,234.555000
9470,732.122000,509.258000,16.830000,438.810000
9471,550.826000,408.940000,18.059000,277.204000
9472,690.614000,406.730000,31.149000,356.471000
9473,610.817000,345.702000,12.249000,317.112000
9474,573.738000,225.244000,14.679000,195.805000
9475,779.762000,266.553000,13.190000,215.465000
9476,609.605000,338.133000,7.509000,271.834000
9477,662.574000,392.860000,7.500000,347.721000
9478,468.320000,254.064000,7.940000,225.605000
9479,520.407000,275.794000,13.220000,255.935000
9480,659.845000,468.999000,15.070000,335.973000
9481,622.086000,380.831000,11.389000,313.451000
9482,598.986000,308.013000,14.539000,277.212000
9483,687.734000,458.719000,16.280000,357.291000
9484,529.868000,320.072000,12.941000,308.643000
9485,524.858000,315.302000,16.400000,243.084000
9486,445.519000,241.244000,10.570000,198.165000
9487,717.302000,395.971000,7.310000,300.614000
9488,773.202000,589.296000,8.091000,440.360000
9489,623.925000,332.301000,9.790000,255.994000
9490,641.735000,519.747000,20.590000,402.340000
9491,487.409000,304.073000,13.349000,245.804000
9492,673.064000,374.161000,7.540000,293.024000
9493,633.674000,367.932000,6.609000,338.782000
9494,486.209000,252.745000,14.368000,233.644000
9495,458.490000,263.454000,14.920000,311.152000
9496,600.376000,315.613000,12.259000,326.341000
9497,621.035000,353.672000,12.349000,366.302000
9498,628.366000,351.133000,11.720000,343.732000
9499,822.391000,420.160000,13.029000,337.242000
9500,679.235000,531.027000,19.750000,412.610000
9501,695.514000,350.322000,13.360000,330.902000
9502,605.106000,310.834000,13.110000,315.982000
9503,686.634000,324.972000,15.520000,285.874000
9504,457.810000,225.874000,13.059000,240.484000
9505,625.495000,382.861000,10.530000,312.033000
9506,628.476000,362.352000,11.059000,318.202000
9507,602.118000,338.192000,7.700000,270.833000
9508,737.893000,493.237000,10.869000,365.282000
9509,456.018000,228.255000,12.220000,209.365000
9510,575.727000,477.508000,57.119000,353.431000
9511,842.071000,266.505000,9.659000,268.554000
9512,711.063000,389.821000,9.920000,315.302000
9513,549.147000,287.263000,12.488000,259.274000
9514,673.154000,374.311000,10.980000,308.513000
9515,655.674000,362.922000,11.119000,315.772000
9516,685.094000,399.740000,9.270000,346.102000
9517,619.366000,333.582000,9.179000,278.853000
9518,636.895000,295.483000,16.640000,256.304000
9519,535.588000,218.045000,17.570000,208.235000
9520,597.976000,396.571000,24.219000,353.923000
9521,680.463000,558.447000,17.678000,412.110000
9522,509.559000,302.072000,15.119000,290.943000
9523,977.556000,360.232000,19.129000,329.263000
9524,432.230000,204.575000,18.809000,188.956000
9525,449.989000,285.504000,28.650000,266.425000
9526,573.866000,376.281000,10.240000,349.351000
9527,669.175000,304.343000,13.589000,255.163000
9528,518.288000,272.454000,10.630000,218.254000
9529,710.314000,376.580000,5.899000,307.693000
9530,630.096000,445.891000,14.620000,291.493000
9531,617.195000,323.932000,15.620000,301.633000
9532,575.436000,311.762000,16.229000,289.903000
9533,518.527000,333.602000,12.400000,303.362000
9534,532.347000,288.343000,12.730000,265.745000
9535,703.683000,334.943000,10.029000,262.273000
9536,781.541000,404.920000,10.990000,299.824000
9537,663.404000,368.582000,8.619000,308.304000
9538,473.758000,229.494000,9.600000,208.875000
9539,700.475000,417.780000,5.911000,342.982000
9540,740.773000,606.537000,59.608000,411.981000
9541,484.609000,236.474000,12.790000,267.583000
9542,626.225000,373.723000,52.057000,327.873000
9543,558.857000,333.912000,13.900000,259.293000
9544,625.646000,371.331000,11.160000,329.752000
9545,526.018000,292.285000,9.690000,254.713000
9546,661.574000,386.891000,9.209000,307.843000
9547,437.921000,215.125000,7.880000,201.224000
9548,715.102000,378.791000,7.030000,338.532000
9549,711.672000,367.281000,10.800000,292.824000
9550,679.003000,555.957000,22.569000,321.761000
9551,529.628000,239.504000,9.130000,220.225000
9552,503.158000,241.814000,6.811000,224.505000
9553,722.063000,418.170000,10.989000,350.872000
9554,538.138000,305.623000,11.091000,276.744000
9555,653.695000,405.900000,9.440000,375.941000
9556,582.776000,298.963000,7.520000,254.514000
9557,605.047000,334.253000,8.010000,291.852000
9558,601.605000,342.783000,12.430000,284.004000
9559,478.069000,300.444000,11.710000,287.052000
9560,864.300000,562.176000,16.210000,375.631000
9561,430.060000,191.295000,9.530000,188.736000
9562,314.983000,142.538000,9.799000,153.865000
9563,655.425000,320.472000,10.230000,280.694000
9564,651.074000,374.492000,11.080000,318.832000
9565,539.997000,281.134000,12.879000,249.204000
9566,646.674000,349.952000,13.320000,289.923000
9567,479.689000,270.634000,10.830000,249.064000
9568,704.353000,427.690000,6.950000,401.541000
9569,569.677000,308.194000,12.739000,284.252000
9570,656.915000,488.298000,24.120000,402.361000
9571,330.273000,156.716000,12.120000,148.086000
9572,744.643000,211.825000,13.620000,196.045000
9573,438.839000,214.574000,8.350000,212.004000
9574,754.262000,333.451000,15.659000,268.594000
9575,543.837000,287.554000,10.120000,336.861000
9576,601.096000,331.582000,10.080000,278.804000
9577,674.384000,369.250000,10.659000,299.502000
9578,592.506000,306.033000,9.420000,323.011000
9579,513.048000,280.043000,9.210000,239.575000
9580,741.622000,347.393000,16.468000,341.313000
9581,536.177000,258.844000,10.990000,240.324000
9582,558.636000,251.343000,10.859000,278.653000
9583,513.538000,245.914000,11.080000,220.255000
9584,669.436000,418.630000,13.400000,309.333000
9585,611.496000,307.053000,11.889000,252.765000
9586,728.744000,398.390000,11.219000,322.122000
9587,526.507000,288.934000,15.710000,241.725000
9588,777.711000,466.390000,8.280000,379.231000
9589,547.227000,310.263000,8.770000,288.382000
9590,669.015000,336.512000,25.580000,306.832000
9591,661.944000,536.518000,14.808000,384.752000
9592,685.194000,323.512000,10.400000,331.992000
9593,626.195000,379.740000,8.560000,288.124000
9594,617.425000,374.191000,13.350000,358.171000
9595,589.307000,345.661000,16.790000,289.262000
9596,685.044000,397.230000,13.070000,300.802000
9597,538.588000,287.122000,11.940000,248.555000
9598,453.990000,294.224000,12.989000,267.753000
9599,560.618000,294.693000,12.000000,244.155000
9600,563.637000,407.841000,15.319000,276.774000
9601,606.286000,309.483000,9.719000,354.123000
9602,601.975000,325.702000,9.030000,291.994000
9603,452.270000,258.614000,14.710000,263.554000
9604,625.096000,355.572000,16.629000,276.044000
9605,509.517000,266.604000,13.370000,240.554000
9606,381.911000,197.285000,8.630000,178.046000
9607,617.075000,359.542000,8.939000,284.614000
9608,691.424000,378.310000,6.770000,333.951000
9609,577.387000,283.344000,5.319000,284.534000
9610,607.945000,432.839000,12.400000,314.562000
9611,812.172000,390.280000,8.290000,334.323000
9612,594.396000,312.402000,12.509000,280.823000
9613,688.043000,374.321000,13.970000,292.693000
9614,749.972000,352.673000,14.360000,272.233000
9615,652.116000,375.921000,13.840000,297.834000
9616,819.341000,525.587000,46.999000,403.011000
9617,547.607000,302.904000,9.490000,277.434000
9618,480.199000,274.053000,7.580000,279.254000
9619,586.877000,399.761000,38.949000,324.173000
9620,507.729000,377.381000,16.750000,245.674000
9621,909.999000,312.772000,16.269000,291.373000
9622,998.675000,373.010000,14.211000,438.950000
9623,603.146000,356.682000,9.499000,318.701000
9624,672.015000,375.482000,6.809000,326.062000
9625,794.551000,524.418000,7.400000,408.690000
9626,521.968000,264.714000,12.269000,242.814000
9627,621.015000,354.312000,11.770000,287.643000
9628,630.445000,344.591000,14.030000,298.993000
9629,706.412000,416.221000,8.929000,372.742000
9630,693.044000,468.679000,18.230000,309.204000
9631,510.848000,275.694000,11.070000,226.845000
9632,701.383000,362.133000,8.781000,354.512000
9633,484.898000,221.524000,12.639000,246.684000
9634,655.535000,370.062000,12.429000,303.094000
9635,617.315000,422.330000,13.120000,306.163000
9636,580.095000,324.493000,13.590000,276.084000
9637,649.625000,335.602000,7.899000,406.430000
9638,697.524000,380.140000,9.220000,353.322000
9639,622.555000,271.854000,15.510000,247.914000
9640,638.684000,515.799000,23.989000,452.070000
9641,704.353000,536.329000,14.699000,409.130000
9642,678.503000,357.352000,10.490000,305.742000
9643,621.756000,366.312000,7.570000,302.143000
9644,514.267000,294.414000,9.920000,251.894000
9645,475.799000,240.325000,38.609000,209.345000
9646,601.876000,351.671000,11.070000,274.054000
9647,417.940000,202.295000,12.220000,191.105000
9648,380.701000,172.956000,7.640000,170.026000
9649,508.118000,234.544000,7.060000,211.205000
9650,756.172000,616.646000,16.780000,408.111000
9651,580.526000,248.694000,12.690000,228.795000
9652,523.039000,299.583000,10.200000,263.134000
9653,667.645000,385.831000,9.549000,294.741000
9654,614.155000,349.623000,9.160000,290.712000
9655,691.644000,364.661000,14.500000,314.163000
9656,740.754000,488.207000,12.430000,331.253000
9657,560.238000,253.304000,8.351000,206.635000
9658,641.745000,362.340000,8.430000,303.312000
9659,596.616000,288.765000,9.840000,233.845000
9660,797.291000,697.154000,16.190000,610.446000
9661,711.322000,360.103000,12.798000,318.584000
9662,789.102000,483.528000,10.141000,374.882000
9663,539.737000,321.383000,11.059000,281.004000
9664,499.880000,331.952000,13.980000,292.494000
9665,599.866000,379.812000,52.359000,274.364000
9666,561.516000,326.592000,13.250000,276.674000
9667,736.442000,410.441000,11.699000,316.124000
9668,563.807000,289.034000,14.599000,280.913000
9669,570.626000,290.923000,13.120000,311.124000
9670,462.779000,320.932000,15.320000,199.665000
9671,556.327000,257.775000,7.880000,248.104000
9672,720.402000,333.693000,8.650000,288.082000
9673,638.555000,346.592000,11.819000,317.293000
9674,480.288000,185.196000,11.889000,182.676000
9675,313.142000,198.574000,7.329000,184.396000
9676,548.978000,314.772000,7.160000,261.204000
9677,774.521000,264.244000,16.299000,225.185000
9678,673.094000,449.200000,11.040000,329.564000
9679,683.883000,324.172000,16.189000,271.113000
9680,575.287000,447.249000,18.960000,289.884000
9681,555.786000,270.794000,14.509000,259.943000
9682,461.469000,198.675000,8.600000,210.855000
9683,1233.040000,235.255000,12.919000,196.575000
9684,627.736000,354.332000,7.260000,282.965000
9685,524.557000,305.433000,7.730000,259.715000
9686,667.673000,365.153000,7.779000,269.254000
9687,618.935000,350.151000,12.820000,283.054000
9688,632.965000,408.540000,16.190000,309.213000
9689,662.574000,401.180000,12.279000,317.684000
9690,735.903000,554.187000,68.628000,371.681000
9691,556.767000,287.264000,11.989000,264.383000
9692,450.838000,210.325000,8.980000,196.805000
9693,577.546000,316.423000,9.249000,342.132000
9694,812.621000,460.619000,14.350000,277.964000
9695,804.501000,250.635000,20.060000,233.924000
9696,618.555000,338.313000,9.229000,267.194000
9697,782.781000,439.150000,8.610000,372.672000
9698,653.104000,379.812000,12.870000,311.072000
9699,1414.018000,393.600000,24.580000,297.674000
9700,636.005000,460.309000,31.690000,418.400000
9701,667.084000,419.219000,15.289000,373.481000
9702,629.336000,341.102000,11.760000,288.943000
9703,571.947000,332.102000,10.070000,251.783000
9704,605.976000,365.850000,10.479000,308.183000
9705,564.987000,318.973000,10.320000,372.851000
9706,564.436000,333.633000,15.928000,293.443000
9707,1396.287000,473.939000,16.090000,363.401000
9708,796.491000,467.790000,11.219000,487.547000
9709,621.665000,337.462000,12.140000,284.682000
9710,655.585000,492.079000,18.229000,462.219000
9711,624.145000,425.401000,16.349000,291.663000
9712,718.802000,409.769000,11.429000,340.062000
9713,575.498000,340.460000,10.790000,377.160000
9714,555.527000,362.882000,50.449000,314.603000
9715,572.577000,318.923000,11.090000,277.742000
9716,564.597000,344.042000,12.750000,277.863000
9717,721.503000,404.961000,12.810000,320.083000
9718,605.125000,306.384000,14.720000,248.875000
9719,759.563000,443.639000,11.529000,372.991000
9720,709.552000,587.918000,18.639000,546.808000
9721,769.862000,385.621000,12.439000,324.283000
9722,464.558000,204.175000,17.130000,192.655000
9723,657.515000,330.683000,6.831000,276.044000
9724,595.645000,369.293000,8.779000,296.603000
9725,507.829000,302.343000,9.290000,243.305000
9726,601.356000,369.931000,11.320000,291.763000
9727,626.675000,404.801000,9.600000,355.952000
9728,684.033000,492.639000,15.449000,318.732000
9729,593.996000,347.461000,13.290000,289.462000
9730,764.082000,639.295000,26.479000,623.445000
9731,784.871000,419.990000,15.699000,372.052000
9732,567.328000,330.241000,8.979000,314.463000
9733,724.734000,401.981000,11.390000,314.602000
9734,663.624000,412.910000,8.370000,317.542000
9735,662.345000,403.310000,10.800000,340.402000
9736,582.606000,328.621000,7.830000,293.354000
9737,518.217000,254.194000,7.550000,207.496000
9738,526.338000,290.623000,7.940000,228.885000
9739,728.512000,429.290000,14.040000,376.951000
9740,791.882000,754.203000,28.609000,585.066000
9741,471.729000,254.334000,13.880000,282.132000
9742,538.268000,302.122000,14.079000,250.904000
9743,631.545000,376.171000,13.490000,342.082000
9744,548.527000,336.592000,12.710000,299.644000
9745,553.757000,315.232000,9.439000,271.754000
9746,637.314000,401.690000,10.660000,335.472000
9747,504.308000,278.194000,19.899000,238.764000
9748,711.704000,359.351000,16.650000,287.413000
9749,756.433000,478.530000,57.519000,398.991000
9750,595.725000,471.509000,19.330000,415.821000
9751,565.326000,473.359000,14.020000,306.272000
9752,556.277000,334.311000,10.970000,332.371000
9753,646.225000,412.660000,51.699000,368.241000
9754,545.479000,349.431000,13.971000,298.173000
9755,636.164000,333.362000,9.600000,306.252000
9756,508.939000,248.274000,6.879000,203.976000
9757,855.279000,341.412000,11.490000,274.313000
9758,648.165000,403.300000,10.731000,312.092000
9759,631.866000,402.611000,11.860000,323.152000
9760,512.328000,383.760000,17.139000,280.063000
9761,613.916000,352.712000,58.588000,324.403000
9762,514.147000,235.955000,11.540000,206.326000
9763,502.608000,261.455000,16.280000,258.053000
9764,417.331000,257.144000,8.760000,256.685000
9765,605.256000,373.492000,10.529000,343.382000
9766,535.118000,331.502000,11.029000,289.262000
9767,522.718000,191.984000,16.069000,180.026000
9768,612.925000,343.651000,8.320000,274.544000
9769,720.282000,324.203000,12.140000,272.333000
9770,747.092000,553.667000,24.659000,486.089000
9771,702.343000,469.549000,15.010000,356.491000
9772,589.086000,366.542000,13.590000,290.553000
9773,493.369000,314.083000,13.750000,261.814000
9774,674.204000,410.721000,20.860000,395.760000
9775,460.658000,263.953000,42.269000,223.205000
9776,361.131000,178.676000,9.529000,181.326000
9777,585.577000,351.012000,8.731000,303.312000
9778,628.365000,368.951000,45.169000,296.574000
9779,603.185000,362.521000,10.059000,297.113000
9780,456.489000,235.145000,22.491000,243.084000
9781,523.817000,436.589000,94.578000,312.042000
9782,493.599000,275.993000,6.131000,262.394000
9783,689.244000,352.392000,10.530000,280.984000
9784,628.915000,386.551000,12.160000,351.832000
9785,526.908000,301.583000,10.660000,247.094000
9786,594.736000,344.461000,12.330000,260.144000
9787,528.468000,327.372000,12.680000,273.244000
9788,472.397000,260.184000,10.539000,209.556000
9789,740.232000,444.510000,9.720000,350.562000
9790,552.717000,452.129000,18.840000,406.500000
9791,686.704000,427.870000,13.619000,327.502000
9792,602.356000,358.471000,12.160000,308.503000
9793,800.301000,275.905000,13.088000,219.725000
9794,619.205000,349.653000,13.091000,274.743000
9795,625.996000,358.183000,17.990000,291.643000
9796,683.405000,401.921000,9.319000,294.782000
9797,621.557000,394.650000,13.850000,313.962000
9798,445.380000,292.772000,13.250000,290.563000
9799,498.108000,301.753000,12.039000,261.295000
9800,581.866000,319.244000,18.570000,314.682000
9801,757.933000,401.021000,13.120000,361.121000
9802,479.369000,243.624000,12.230000,208.536000
9803,668.595000,451.300000,53.420000,337.921000
9804,700.053000,348.262000,12.059000,272.014000
9805,735.694000,390.551000,11.240000,274.643000
9806,786.381000,461.210000,11.060000,421.970000
9807,538.177000,307.203000,8.870000,258.683000
9808,622.146000,313.983000,8.350000,272.213000
9809,584.377000,332.982000,9.980000,309.122000
9810,450.139000,335.672000,14.929000,298.392000
9811,567.198000,305.793000,13.690000,258.305000
9812,825.230000,440.091000,16.758000,401.182000
9813,591.935000,582.137000,13.900000,342.142000
9814,639.545000,375.381000,18.930000,311.982000
9815,460.290000,270.574000,12.469000,229.865000
9816,581.266000,222.006000,13.280000,191.496000
9817,776.052000,456.880000,7.989000,349.202000
9818,514.238000,254.923000,11.309000,217.646000
9819,544.248000,301.133000,10.259000,240.165000
9820,759.121000,633.016000,19.470000,478.729000
9821,681.474000,405.950000,12.729000,343.881000
9822,554.017000,311.683000,54.579000,270.123000
9823,600.306000,397.341000,15.039000,283.714000
9824,430.119000,231.414000,22.628000,215.005000
9825,582.487000,350.472000,11.149000,287.463000
9826,529.208000,320.042000,9.230000,277.294000
9827,484.328000,265.914000,13.821000,219.244000
9828,684.024000,361.061000,12.240000,276.353000
9829,583.128000,271.422000,9.460000,215.585000
9830,629.195000,559.467000,16.190000,486.639000
9831,665.134000,299.183000,18.879000,261.354000
9832,687.153000,386.772000,18.410000,363.512000
9833,670.323000,420.090000,15.790000,290.973000
9834,680.614000,407.541000,8.470000,324.042000
9835,532.868000,335.532000,9.549000,247.144000
9836,472.408000,297.983000,9.651000,348.802000
9837,669.784000,424.620000,11.479000,312.362000
9838,597.576000,367.603000,16.880000,308.032000
9839,517.519000,293.122000,38.560000,235.225000
9840,447.690000,355.353000,22.238000,329.793000
9841,360.531000,183.125000,15.450000,191.345000
9842,565.276000,329.002000,7.979000,377.601000
9843,566.447000,347.022000,11.870000,267.734000
9844,733.913000,467.177000,12.399000,375.020000
9845,512.349000,310.364000,7.910000,260.173000
9846,615.646000,376.650000,10.100000,286.094000
9847,424.220000,234.174000,10.331000,205.276000
9848,648.024000,419.800000,9.688000,346.263000
9849,525.497000,300.864000,6.720000,294.463000
9850,718.873000,586.205000,15.520000,510.978000
9851,686.004000,512.487000,12.080000,351.303000
9852,628.894000,382.391000,11.810000,315.303000
9853,676.974000,396.471000,14.030000,323.172000
9854,500.288000,248.874000,16.210000,203.866000
9855,602.405000,371.191000,9.910000,311.224000
9856,512.667000,287.643000,9.650000,236.764000
9857,647.334000,355.072000,20.579000,328.832000
9858,616.375000,366.281000,11.659000,352.671000
9859,763.514000,303.042000,16.080000,242.815000
9860,643.765000,497.669000,22.159000,452.889000
9861,638.085000,368.302000,9.210000,315.383000
9862,605.486000,366.072000,13.650000,313.932000
9863,661.034000,399.161000,8.670000,317.193000
9864,502.598000,283.453000,9.910000,227.455000
9865,613.206000,507.698000,9.090000,357.713000
9866,638.465000,376.301000,9.050000,316.362000
9867,465.579000,241.785000,7.620000,229.614000
9868,517.408000,298.343000,7.030000,265.723000
9869,567.687000,363.312000,7.590000,330.491000
9870,626.455000,591.646000,13.570000,477.439000
9871,579.526000,474.719000,16.220000,431.649000
9872,506.557000,359.911000,15.640000,278.084000
9873,612.665000,354.702000,13.880000,292.403000
9874,578.826000,363.241000,15.409000,281.264000
9875,446.220000,309.522000,14.160000,281.143000
9876,870.020000,559.827000,10.510000,499.359000
9877,791.371000,481.988000,5.660000,296.363000
9878,727.212000,324.853000,12.280000,261.403000
9879,526.528000,324.732000,10.190000,283.064000
9880,675.374000,565.307000,16.380000,510.377000
9881,708.664000,675.305000,9.480000,391.591000
9882,528.377000,263.334000,14.040000,244.485000
9883,621.175000,395.190000,10.740000,320.132000
9884,659.024000,406.820000,9.339000,312.353000
9885,380.861000,193.335000,7.480000,176.107000
9886,529.127000,317.462000,7.200000,275.123000
9887,705.614000,333.032000,8.880000,285.524000
9888,496.747000,259.274000,15.730000,251.284000
9889,897.508000,486.939000,13.230000,368.551000
9890,606.376000,338.192000,17.269000,288.894000
9891,458.118000,247.184000,16.461000,210.415000
9892,492.219000,255.234000,7.749000,239.753000
9893,570.537000,294.053000,6.699000,286.333000
9894,866.210000,468.108000,10.010000,367.362000
9895,804.321000,463.499000,10.510000,322.543000
9896,445.899000,213.083000,10.060000,190.616000
9897,855.139000,299.133000,11.350000,245.504000
9898,441.509000,246.894000,10.399000,220.835000
9899,404.270000,189.546000,9.399000,169.017000
9900,646.804000,356.563000,19.609000,308.773000
9901,581.497000,354.903000,15.940000,292.013000
9902,614.696000,322.142000,10.229000,316.993000
9903,572.736000,317.803000,10.629000,269.932000
9904,643.806000,406.811000,8.760000,308.293000
9905,717.783000,472.458000,11.470000,379.311000
9906,721.453000,472.839000,14.390000,334.491000
9907,509.898000,280.913000,7.751000,242.474000
9908,527.488000,259.713000,13.889000,232.844000
9909,699.204000,458.300000,10.620000,337.742000
9910,638.915000,520.028000,23.270000,377.091000
9911,639.515000,346.162000,14.400000,299.282000
9912,548.377000,326.341000,12.530000,279.054000
9913,514.538000,319.742000,9.960000,274.874000
9914,669.025000,392.031000,9.630000,312.561000
9915,572.676000,312.103000,12.230000,254.494000
9916,683.694000,368.681000,8.580000,350.682000
9917,443.359000,199.826000,7.520000,184.436000
9918,549.146000,292.232000,8.470000,264.414000
9919,733.983000,473.329000,12.780000,344.903000
9920,859.890000,561.347000,26.419000,484.869000
9921,496.868000,225.444000,13.049000,217.745000
9922,540.738000,249.624000,9.959000,220.545000
9923,465.229000,267.453000,9.640000,257.874000
9924,639.144000,412.480000,16.720000,312.382000
9925,416.031000,256.244000,13.789000,213.735000
9926,755.003000,372.842000,12.100000,326.081000
9927,692.294000,342.211000,8.600000,285.125000
9928,424.491000,195.855000,9.130000,188.165000
9929,720.113000,418.060000,18.248000,334.873000
9930,849.980000,702.334000,28.609000,667.064000
9931,627.605000,313.793000,14.599000,308.693000
9932,533.338000,276.663000,13.650000,217.574000
9933,651.396000,396.621000,10.920000,308.923000
9934,627.596000,357.242000,44.109000,294.243000
9935,605.326000,336.952000,8.150000,300.662000
9936,571.997000,288.464000,16.600000,255.144000
9937,600.136000,348.631000,45.449000,280.823000
9938,454.670000,231.765000,9.220000,192.236000
9939,839.051000,326.842000,7.119000,261.074000
9940,616.226000,249.233000,13.230000,240.324000
9941,594.355000,310.344000,47.579000,290.644000
9942,597.895000,318.754000,13.689000,287.493000
9943,428.999000,193.446000,13.950000,194.375000
9944,679.875000,391.121000,7.649000,323.553000
9945,448.308000,243.814000,8.289000,203.405000
9946,762.732000,445.519000,8.770000,356.652000
9947,717.993000,323.952000,12.310000,263.404000
9948,444.729000,261.433000,11.480000,242.245000
9949,659.434000,385.680000,11.560000,320.352000
9950,899.959000,551.617000,25.910000,396.741000
9951,621.875000,319.894000,16.969000,316.872000
9952,658.994000,376.421000,10.400000,345.122000
9953,557.307000,247.325000,13.410000,245.923000
9954,645.425000,357.622000,9.259000,317.413000
9955,588.645000,343.042000,9.670000,271.834000
9956,697.104000,312.303000,14.449000,265.604000
9957,708.183000,397.631000,13.919000,309.164000
9958,600.966000,377.541000,11.360000,316.573000
9959,781.602000,476.429000,52.599000,382.300000
9960,652.064000,510.888000,14.731000,388.141000
9961,720.252000,338.752000,13.589000,341.122000
9962,549.746000,305.904000,18.680000,285.333000
9963,459.420000,220.846000,10.459000,206.565000
9964,699.234000,343.392000,11.450000,280.914000
9965,474.609000,267.004000,9.380000,264.084000
9966,651.785000,374.931000,12.590000,358.351000
9967,557.227000,294.874000,13.930000,257.964000
9968,564.897000,293.733000,11.269000,263.154000
9969,463.570000,243.675000,8.090000,248.923000
9970,637.496000,544.358000,21.949000,430.470000
9971,505.198000,232.804000,13.020000,256.934000
9972,580.347000,293.982000,17.859000,267.864000
9973,539.328000,316.902000,19.821000,299.793000
9974,557.736000,353.641000,12.661000,408.581000
9975,630.055000,376.872000,10.820000,314.481000
9976,588.106000,292.723000,12.820000,256.534000
9977,541.637000,308.263000,10.909000,248.544000
9978,640.124000,257.445000,16.240000,237.604000
9979,608.326000,327.291000,7.950000,279.594000
9980,775.553000,600.836000,14.729000,377.371000
9981,526.388000,267.103000,11.320000,315.293000
9982,678.843000,367.112000,9.020000,324.862000
9983,667.814000,415.881000,15.780000,335.901000
9984,556.797000,330.203000,13.259000,289.602000
9985,569.358000,334.862000,13.050000,279.443000
9986,437.529000,204.686000,18.120000,185.915000
9987,846.660000,394.650000,13.390000,305.592000
9988,382.861000,177.646000,7.720000,173.076000
9989,706.123000,374.360000,10.039000,343.622000
9990,742.183000,335.162000,23.180000,304.863000
9991,697.693000,338.292000,15.230000,311.522000
9992,592.266000,283.004000,41.259000,265.504000
9993,584.476000,350.112000,11.590000,307.972000
9994,653.625000,329.171000,18.790000,309.944000
9995,438.679000,242.165000,11.909000,214.995000
9996,497.969000,258.033000,14.660000,240.084000
9997,445.589000,319.463000,12.299000,275.214000
9998,645.825000,310.173000,19.669000,281.093000
9999,919.029000,304.403000,2674.196000,401.600000
10000,632.426000,414.429000,14.550000,364.621000
10001,510.918000,298.174000,10.980000,255.774000
10002,643.644000,351.182000,7.860000,423.820000
10003,491.149000,244.624000,9.360000,209.815000
10004,412.661000,236.225000,8.029000,203.256000
10005,838.161000,467.439000,15.179000,386.350000
10006,605.056000,367.501000,8.840000,306.593000
10007,824.401000,534.937000,5.489000,372.203000
10008,657.783000,381.062000,7.240000,323.152000
10009,551.927000,314.643000,8.390000,240.564000
10010,689.554000,544.477000,22.110000,378.171000
10011,567.277000,265.534000,8.930000,233.025000
10012,909.330000,474.039000,14.370000,395.820000
10013,660.505000,412.071000,9.180000,312.022000
10014,592.967000,353.212000,7.430000,277.144000
10015,707.563000,419.230000,10.210000,337.693000
10016,991.477000,399.671000,19.960000,382.971000
10017,676.214000,371.762000,11.550000,319.021000
10018,534.148000,312.451000,8.879000,269.535000
10019,587.096000,335.652000,10.310000,289.704000
10020,626.366000,460.889000,20.469000,440.239000
10021,537.277000,425.000000,13.780000,399.900000
10022,697.175000,569.606000,19.070000,357.542000
10023,387.010000,207.226000,12.280000,188.585000
10024,647.944000,402.911000,9.720000,321.392000
10025,692.944000,410.231000,11.400000,283.334000
10026,580.596000,345.002000,10.680000,295.914000
10027,626.876000,352.601000,9.470000,299.774000
10028,529.238000,304.752000,8.090000,249.834000
10029,637.164000,383.031000,6.891000,321.894000
10030,713.703000,569.787000,19.500000,472.589000
10031,531.437000,250.195000,9.380000,237.755000
10032,610.266000,320.152000,7.690000,315.181000
10033,555.478000,316.082000,44.889000,296.303000
10034,851.130000,479.680000,13.469000,389.060000
10035,304.683000,122.338000,13.249000,134.477000
10036,821.212000,445.669000,8.079000,372.682000
10037,653.214000,319.772000,6.301000,285.973000
10038,757.423000,390.871000,6.189000,313.252000
10039,792.682000,444.510000,9.889000,437.640000
10040,749.033000,638.385000,15.240000,493.789000
10041,689.293000,321.202000,11.320000,287.373000
10042,721.494000,448.008000,74.058000,376.880000
10043,562.458000,303.802000,13.250000,264.314000
10044,697.104000,398.151000,11.190000,393.161000
10045,681.943000,382.852000,12.219000,323.084000
10046,563.467000,284.774000,7.900000,254.553000
10047,624.906000,356.393000,9.720000,278.183000
10048,722.673000,353.361000,14.320000,276.434000
10049,693.533000,389.680000,53.540000,365.041000
10050,647.855000,526.896000,15.899000,477.039000
10051,677.334000,604.346000,15.289000,529.477000
10052,643.475000,386.940000,8.140000,297.753000
10053,596.816000,306.712000,6.209000,308.523000
10054,854.300000,555.846000,50.669000,392.151000
10055,602.356000,355.291000,11.780000,273.083000
10056,656.966000,376.160000,15.220000,304.833000
10057,560.997000,313.613000,11.659000,300.832000
10058,492.469000,248.934000,8.960000,215.595000
10059,740.992000,343.752000,17.971000,292.363000
10060,581.087000,355.881000,14.470000,229.774000
10061,531.627000,206.174000,11.999000,202.146000
10062,1016.236000,360.631000,15.800000,295.613000
10063,616.306000,295.072000,12.350000,268.464000
10064,622.395000,406.920000,12.499000,358.122000
10065,692.674000,404.290000,13.909000,321.472000
10066,636.415000,360.072000,9.080000,305.212000
10067,610.256000,334.722000,12.729000,278.743000
10068,721.833000,410.970000,8.570000,326.273000
10069,748.553000,459.069000,11.850000,369.071000
10070,612.856000,493.887000,19.989000,482.069000
10071,629.015000,492.399000,12.920000,315.921000
10072,411.290000,179.135000,14.731000,194.516000
10073,646.256000,347.581000,13.330000,296.263000
10074,594.826000,336.562000,11.949000,282.603000
10075,785.492000,382.540000,15.759000,405.171000
10076,726.763000,373.200000,9.009000,307.563000
10077,426.390000,191.796000,14.220000,192.935000
10078,735.413000,264.773000,16.550000,226.194000
10079,658.206000,342.772000,7.569000,287.704000
10080,706.154000,507.577000,17.550000,301.472000
10081,575.857000,270.573000,10.470000,332.782000
10082,605.726000,289.903000,14.619000,301.263000
10083,671.644000,386.770000,7.680000,300.013000
10084,525.238000,251.574000,14.480000,213.805000
10085,549.716000,219.774000,15.959000,193.575000
10086,746.812000,361.401000,10.260000,267.284000
10087,624.505000,434.221000,10.020000,354.181000
10088,749.071000,463.601000,8.120000,349.061000
10089,557.157000,311.312000,53.168000,264.514000
10090,967.388000,773.291000,18.459000,354.422000
10091,746.992000,344.073000,16.959000,320.301000
10092,655.446000,328.582000,38.849000,312.353000
10093,581.166000,337.701000,9.610000,280.815000
10094,570.376000,346.083000,15.189000,293.223000
10095,646.365000,375.711000,27.410000,307.423000
10096,509.928000,313.072000,15.369000,278.774000
10097,654.905000,328.523000,9.080000,270.064000
10098,624.356000,321.803000,6.780000,283.293000
10099,583.257000,335.253000,15.119000,278.413000
10100,824.250000,653.085000,22.400000,434.360000
10101,712.144000,369.891000,10.919000,312.512000
10102,672.574000,376.141000,55.169000,376.251000
10103,685.125000,380.971000,12.639000,309.202000
10104,708.063000,406.330000,11.080000,325.282000
10105,622.306000,363.300000,7.599000,308.073000
10106,529.507000,317.723000,14.070000,265.664000
10107,688.114000,557.567000,10.990000,391.931000
10108,582.206000,282.874000,14.440000,250.744000
10109,677.694000,355.321000,9.510000,299.082000
10110,551.187000,449.750000,22.770000,439.470000
10111,697.784000,506.847000,10.510000,306.413000
10112,629.875000,362.351000,15.280000,322.402000
10113,654.175000,367.991000,6.570000,302.683000
10114,579.866000,283.164000,8.610000,233.504000
10115,486.499000,232.794000,11.009000,309.703000
10116,624.986000,346.853000,8.180000,303.743000
10117,710.714000,446.469000,8.071000,346.532000
10118,618.026000,331.951000,9.320000,283.043000
10119,493.007000,269.944000,12.590000,238.044000
10120,636.715000,494.298000,24.430000,436.721000
10121,931.758000,672.224000,11.790000,404.801000
10122,1133.343000,288.983000,15.589000,233.195000
10123,469.110000,224.774000,9.920000,201.536000
10124,722.013000,384.550000,9.809000,294.692000
10125,613.145000,267.864000,7.890000,228.435000
10126,679.193000,401.561000,13.830000,331.922000
10127,756.971000,409.701000,9.699000,319.524000
10128,624.236000,361.011000,10.980000,296.162000
10129,783.352000,475.988000,7.230000,372.712000
10130,687.044000,538.737000,16.970000,376.521000
10131,569.536000,264.034000,14.410000,259.624000
10132,650.215000,330.681000,13.630000,293.243000
10133,543.607000,276.853000,55.478000,236.404000
10134,659.795000,341.741000,15.610000,289.013000
10135,601.666000,350.242000,10.040000,377.930000
10136,715.953000,415.809000,13.910000,340.762000
10137,772.711000,427.559000,13.301000,334.292000
10138,594.916000,328.933000,10.790000,307.813000
10139,615.245000,322.853000,8.829000,274.684000
10140,528.427000,367.602000,19.220000,364.821000
10141,587.756000,264.494000,12.140000,260.433000
10142,620.505000,318.523000,9.210000,284.643000
10143,753.763000,468.789000,14.998000,341.073000
10144,553.897000,359.951000,16.610000,310.563000
10145,498.508000,277.165000,15.530000,221.935000
10146,658.443000,365.012000,10.930000,305.482000
10147,672.165000,278.843000,10.188000,226.535000
10148,557.028000,306.723000,8.000000,281.314000
10149,806.751000,453.500000,7.731000,341.182000
10150,613.816000,470.368000,12.250000,268.204000
10151,798.252000,197.645000,15.160000,189.886000
10152,710.054000,316.263000,46.749000,318.693000
10153,480.459000,253.174000,13.600000,223.015000
10154,697.804000,382.740000,9.199000,334.872000
10155,534.267000,284.633000,8.280000,232.865000
10156,605.566000,338.962000,13.700000,287.604000
10157,359.431000,163.015000,13.510000,167.366000
10158,590.106000,293.434000,6.560000,281.284000
10159,590.586000,332.961000,8.960000,271.455000
10160,1064.455000,582.787000,19.640000,376.291000
10161,676.294000,320.553000,9.920000,327.892000
10162,673.015000,370.101000,8.140000,312.011000
10163,527.617000,306.482000,7.609000,254.154000
10164,481.480000,251.043000,12.950000,213.535000
10165,723.133000,408.421000,10.941000,308.992000
10166,610.375000,346.522000,8.120000,289.894000
10167,648.554000,384.891000,12.239000,308.922000
10168,644.065000,338.413000,11.851000,290.732000
10169,608.545000,313.094000,11.400000,305.683000
10170,666.654000,369.311000,17.940000,319.803000
10171,756.502000,242.425000,16.070000,215.165000
10172,568.416000,285.942000,9.139000,253.784000
10173,504.388000,271.053000,45.469000,254.414000
10174,430.950000,255.974000,8.538000,243.375000
10175,622.816000,362.781000,47.259000,298.222000
10176,646.215000,367.140000,8.450000,317.893000
10177,583.796000,254.674000,7.690000,225.265000
10178,570.607000,312.953000,10.030000,237.623000
10179,741.903000,395.880000,9.530000,297.884000
10180,605.365000,472.759000,18.480000,264.104000
10181,574.128000,221.714000,16.500000,231.465000
10182,563.757000,258.863000,8.920000,242.415000
10183,905.829000,377.571000,13.749000,291.653000
10184,403.680000,265.393000,11.249000,232.195000
10185,727.384000,415.190000,14.750000,351.651000
10186,466.428000,210.515000,7.180000,181.976000
10187,640.713000,333.164000,10.760000,301.052000
10188,669.114000,370.751000,12.040000,310.683000
10189,604.366000,333.511000,7.489000,268.754000
10190,812.592000,661.065000,15.309000,486.708000
10191,470.629000,197.715000,13.980000,213.734000
10192,575.626000,352.682000,11.130000,300.903000
10193,626.564000,363.811000,10.590000,292.904000
10194,444.610000,195.945000,12.320000,182.056000
10195,763.751000,531.886000,10.149000,363.532000
10196,644.374000,376.951000,10.330000,334.333000
10197,664.044000,402.240000,91.558000,353.022000
10198,665.925000,378.901000,8.200000,298.724000
10199,528.457000,259.954000,10.449000,226.936000
10200,800.680000,594.857000,13.070000,318.832000
10201,611.106000,270.415000,13.710000,281.163000
10202,509.678000,280.623000,11.889000,260.383000
10203,660.635000,337.863000,8.979000,329.763000
10204,539.447000,353.483000,7.950000,282.514000
10205,618.716000,374.100000,20.370000,326.103000
10206,408.181000,236.174000,12.940000,203.164000
10207,635.176000,375.541000,9.170000,354.012000
10208,635.564000,318.993000,12.229000,264.454000
10209,610.546000,328.822000,8.320000,290.113000
10210,509.088000,365.751000,15.780000,268.493000
10211,603.195000,280.114000,8.490000,264.784000
10212,472.378000,229.714000,6.430000,201.825000
10213,589.096000,291.624000,7.170000,282.152000
10214,836.981000,529.148000,10.179000,384.661000
10215,500.928000,261.863000,16.619000,247.564000
10216,465.169000,289.024000,9.269000,240.794000
10217,455.649000,225.705000,9.769000,195.525000
10218,549.976000,272.594000,9.710000,252.565000
10219,546.867000,308.013000,49.269000,263.923000
10220,849.140000,392.431000,13.470000,337.812000
10221,660.374000,321.152000,9.660000,287.874000
10222,620.405000,297.613000,9.800000,254.725000
10223,590.675000,327.732000,9.000000,275.134000
10224,630.235000,395.831000,13.200000,346.612000
10225,578.727000,364.971000,10.890000,297.123000
10226,729.073000,426.990000,12.100000,342.821000
10227,697.895000,385.511000,12.090000,340.502000
10228,641.505000,345.501000,16.580000,299.564000
10229,609.736000,354.792000,13.950000,292.874000
10230,789.952000,340.871000,20.429000,328.142000
10231,768.503000,321.583000,6.760000,293.683000
10232,1588.512000,352.751000,14.080000,242.155000
10233,552.327000,308.723000,9.640000,270.664000
10234,742.222000,379.031000,7.230000,360.882000
10235,728.593000,396.070000,8.880000,340.461000
10236,566.807000,292.013000,8.290000,281.974000
10237,603.025000,357.090000,6.710000,300.454000
10238,562.976000,340.472000,8.980000,314.103000
10239,668.133000,383.672000,13.969000,291.503000
10240,651.695000,477.879000,14.610000,301.713000
10241,474.239000,207.315000,9.919000,193.285000
10242,587.856000,313.653000,13.449000,294.903000
10243,669.954000,364.852000,12.279000,314.952000
10244,623.835000,359.752000,10.770000,279.973000
10245,533.997000,240.615000,13.080000,207.525000
10246,646.535000,271.344000,12.699000,248.904000
10247,652.555000,364.881000,8.450000,315.602000
10248,640.365000,315.922000,10.560000,256.424000
10249,615.975000,342.261000,20.490000,306.244000
10250,618.985000,403.981000,27.290000,281.503000
10251,560.648000,268.723000,11.979000,302.663000
10252,563.687000,295.634000,14.289000,284.882000
10253,609.796000,350.751000,10.780000,295.554000
10254,700.162000,432.960000,15.220000,333.873000
10255,496.009000,282.863000,10.450000,256.184000
10256,677.724000,381.571000,8.089000,321.863000
10257,1050.206000,361.711000,21.569000,290.414000
10258,668.924000,328.223000,9.000000,267.114000
10259,693.883000,355.782000,9.581000,320.464000
10260,620.595000,486.009000,20.221000,271.804000
10261,522.107000,221.974000,17.940000,319.742000
10262,507.019000,231.234000,14.480000,226.835000
10263,608.295000,329.112000,8.200000,267.754000
10264,623.996000,361.761000,8.180000,324.393000
10265,666.324000,393.111000,12.040000,371.741000
10266,642.115000,374.511000,15.590000,368.032000
10267,484.918000,243.194000,9.880000,217.625000
10268,668.684000,311.322000,14.500000,275.744000
10269,533.446000,268.074000,9.110000,231.125000
10270,696.484000,558.657000,20.589000,457.679000
10271,477.838000,327.933000,13.569000,261.663000
10272,743.713000,487.148000,10.661000,414.411000
10273,632.935000,459.870000,9.080000,375.101000
10274,527.918000,345.020000,13.829000,272.404000
10275,451.329000,203.725000,13.120000,190.055000
10276,651.214000,416.930000,43.950000,355.701000
10277,732.223000,409.031000,9.339000,329.803000
10278,464.269000,224.644000,7.220000,200.925000
10279,559.976000,308.543000,9.720000,300.612000
10280,725.403000,638.305000,18.940000,565.676000
10281,678.524000,351.731000,8.640000,342.993000
10282,696.962000,356.873000,9.940000,377.782000
10283,640.074000,340.592000,8.270000,280.163000
10284,636.165000,371.461000,9.470000,313.464000
10285,605.976000,353.391000,7.800000,277.283000
10286,579.516000,364.521000,7.940000,277.264000
10287,685.663000,360.092000,11.440000,406.851000
10288,557.617000,303.493000,12.519000,285.944000
10289,625.286000,331.524000,56.817000,278.674000
10290,697.664000,518.887000,14.379000,398.301000
10291,637.136000,370.041000,13.349000,276.893000
10292,765.561000,372.281000,10.339000,330.172000
10293,506.717000,285.564000,9.409000,256.905000
10294,630.764000,369.462000,8.050000,283.843000
10295,521.588000,258.324000,7.870000,232.164000
10296,530.049000,273.394000,5.850000,241.953000
10297,680.634000,387.681000,6.330000,475.599000
10298,682.024000,364.201000,9.821000,294.583000
10299,454.879000,169.666000,16.260000,170.836000
10300,499.018000,366.412000,18.469000,264.794000
10301,657.885000,319.652000,13.150000,312.733000
10302,640.415000,293.983000,12.300000,270.843000
10303,457.779000,286.524000,12.680000,320.362000
10304,568.346000,251.965000,7.400000,211.445000
10305,623.735000,307.603000,10.029000,293.365000
10306,500.819000,258.353000,6.140000,214.505000
10307,594.466000,341.792000,8.280000,294.552000
10308,737.673000,427.740000,10.330000,332.712000
10309,498.508000,254.324000,11.420000,231.964000
10310,682.613000,530.878000,18.419000,352.151000
10311,585.516000,295.964000,15.459000,300.212000
10312,607.926000,290.474000,14.689000,258.314000
10313,520.638000,303.054000,13.310000,325.392000
10314,622.736000,340.032000,14.890000,273.605000
10315,525.538000,313.313000,12.909000,261.763000
10316,503.548000,304.152000,11.150000,266.194000
10317,500.959000,301.443000,9.779000,299.014000
10318,658.404000,349.843000,8.330000,374.282000
10319,486.219000,238.673000,6.510000,207.955000
10320,634.785000,519.347000,15.480000,450.820000
10321,740.833000,569.198000,15.710000,325.982000
10322,552.607000,309.833000,13.610000,285.802000
10323,606.356000,304.143000,11.839000,266.235000
10324,536.916000,328.183000,8.669000,299.333000
10325,583.796000,388.130000,13.690000,307.953000
10326,746.462000,317.363000,19.759000,258.994000
10327,572.516000,341.982000,14.599000,317.682000
10328,480.890000,267.954000,10.639000,239.824000
10329,843.790000,380.711000,9.380000,294.943000
10330,595.676000,477.849000,19.130000,416.770000
10331,951.858000,693.682000,11.890000,542.097000
10332,737.713000,402.859000,8.860000,353.321000
10333,695.774000,310.893000,11.140000,236.124000
10334,469.639000,210.106000,11.610000,185.076000
10335,512.808000,307.003000,10.790000,248.384000
10336,529.297000,306.074000,10.139000,251.174000
10337,541.107000,322.962000,10.580000,325.922000
10338,454.350000,271.404000,14.950000,244.554000
10339,671.903000,397.612000,9.150000,345.833000
10340,780.312000,352.182000,15.240000,330.042000
10341,607.135000,280.034000,13.930000,336.312000
10342,715.213000,364.241000,9.019000,315.742000
10343,480.558000,225.764000,13.080000,213.944000
10344,782.942000,458.169000,10.070000,332.312000
10345,565.966000,292.783000,9.780000,259.464000
10346,554.347000,329.262000,11.880000,280.813000
10347,710.133000,238.286000,17.420000,213.705000
10348,600.845000,332.713000,13.620000,296.992000
10349,536.889000,335.502000,84.979000,348.261000
10350,875.680000,748.371000,14.590000,584.567000
10351,689.403000,406.210000,12.719000,293.024000
10352,483.349000,245.473000,14.680000,231.305000
10353,619.925000,372.711000,11.610000,300.634000
10354,724.673000,388.511000,11.270000,299.024000
10355,573.476000,352.041000,10.420000,321.183000
10356,727.072000,380.221000,6.360000,280.934000
10357,561.197000,297.523000,44.449000,246.595000
10358,510.157000,240.795000,6.960000,194.766000
10359,599.275000,336.032000,7.329000,267.554000
10360,724.164000,621.406000,15.820000,533.197000
10361,631.135000,280.254000,11.790000,289.232000
10362,417.380000,165.506000,11.150000,174.146000
10363,439.079000,215.543000,10.380000,204.445000
10364,668.915000,376.851000,13.109000,342.672000
10365,528.937000,314.312000,10.370000,257.443000
10366,637.084000,361.501000,6.160000,278.824000
10367,607.875000,238.345000,13.750000,215.375000
10368,796.691000,453.829000,7.680000,415.771000
10369,584.127000,302.092000,9.631000,269.484000
10370,757.943000,609.106000,59.647000,392.051000
10371,544.087000,280.614000,11.990000,271.393000
10372,762.472000,369.412000,11.800000,319.112000
10373,601.596000,343.762000,13.029000,296.313000
10374,547.318000,335.983000,8.990000,288.273000
10375,571.666000,324.842000,9.469000,231.894000
10376,563.117000,325.622000,12.449000,262.783000
10377,450.200000,238.534000,9.960000,200.534000
10378,763.033000,459.600000,6.371000,344.471000
10379,653.765000,356.261000,7.760000,331.953000
10380,798.902000,584.136000,17.460000,449.908000
10381,653.875000,376.231000,15.160000,302.763000
10382,635.015000,329.751000,13.210000,264.394000
10383,642.816000,381.841000,38.329000,340.261000
10384,619.826000,356.031000,12.020000,299.843000
10385,536.406000,306.563000,12.469000,305.052000
10386,567.746000,332.573000,9.238000,265.544000
10387,551.008000,270.292000,15.100000,235.355000
10388,767.163000,481.258000,10.129000,343.791000
10389,745.714000,417.840000,8.970000,337.091000
10390,733.032000,538.738000,17.008000,389.892000
10391,752.842000,338.222000,10.560000,346.681000
10392,610.126000,246.034000,13.550000,209.095000
10393,570.036000,219.555000,14.900000,204.455000
10394,436.969000,230.355000,9.941000,205.974000
10395,569.767000,278.984000,10.920000,221.004000
10396,629.105000,274.044000,14.989000,230.704000
10397,826.350000,513.439000,35.129000,385.871000
10398,713.804000,386.240000,15.569000,359.213000
10399,509.408000,269.564000,12.210000,243.175000
10400,602.666000,428.021000,19.809000,340.511000
10401,786.783000,373.600000,10.419000,372.741000
10402,569.476000,279.784000,10.060000,324.942000
10403,602.056000,312.143000,9.950000,253.873000
10404,607.216000,331.802000,15.559000,295.773000
10405,738.143000,423.000000,14.349000,319.672000
10406,520.648000,213.285000,11.410000,186.125000
10407,619.445000,350.551000,14.110000,290.864000
10408,655.284000,382.641000,11.320000,310.193000
10409,552.737000,337.072000,11.639000,296.324000
10410,502.908000,248.844000,49.909000,239.224000
10411,712.673000,346.723000,48.159000,369.381000
10412,570.867000,299.972000,12.680000,304.633000
10413,385.210000,186.586000,9.530000,173.095000
10414,1224.512000,367.041000,16.869000,295.884000
10415,664.394000,374.521000,14.649000,291.823000
10416,637.455000,333.603000,10.609000,280.083000
10417,421.430000,215.025000,6.880000,196.465000
10418,583.256000,298.893000,13.650000,251.723000
10419,636.015000,373.402000,14.759000,311.072000
10420,641.074000,538.848000,16.040000,378.241000
10421,705.303000,416.211000,10.349000,341.652000
10422,802.210000,448.850000,11.770000,431.710000
10423,737.032000,359.421000,18.580000,296.123000
10424,577.876000,354.471000,11.329000,296.733000
10425,659.194000,583.867000,6.660000,437.331000
10426,661.514000,414.340000,8.529000,326.413000
10427,721.063000,676.275000,7.830000,480.039000
10428,750.511000,434.190000,7.850000,312.353000
10429,804.501000,361.182000,15.230000,265.662000
10430,655.615000,464.049000,17.589000,354.522000
10431,542.279000,314.072000,11.600000,260.554000
10432,615.135000,395.410000,10.189000,364.291000
10433,888.729000,401.041000,12.381000,310.652000
10434,473.080000,288.234000,13.029000,257.864000
10435,692.124000,433.300000,10.450000,323.352000
10436,693.324000,434.470000,7.800000,353.091000
10437,623.146000,394.830000,13.300000,314.863000
10438,523.087000,306.784000,39.978000,278.004000
10439,724.872000,406.880000,3.941000,305.943000
10440,490.849000,234.605000,9.040000,214.385000
10441,823.841000,465.729000,11.440000,418.720000
10442,691.614000,416.721000,13.899000,341.442000
10443,498.868000,294.473000,11.910000,249.024000
10444,406.421000,203.275000,10.271000,194.675000
10445,645.485000,405.170000,13.089000,301.174000
10446,445.649000,242.214000,5.211000,218.485000
10447,651.594000,358.862000,5.530000,306.094000
10448,614.595000,368.771000,10.150000,340.961000
10449,811.370000,521.309000,12.181000,410.951000
10450,618.536000,503.949000,14.160000,379.141000
10451,717.364000,321.142000,15.350000,277.484000
10452,525.767000,293.483000,12.330000,254.794000
10453,609.845000,365.741000,9.489000,340.361000
10454,744.742000,485.309000,46.389000,395.911000
10455,581.557000,365.461000,9.030000,290.443000
10456,727.283000,391.311000,12.379000,308.823000
10457,741.733000,435.099000,10.040000,382.241000
10458,805.542000,381.791000,14.000000,286.553000
10459,690.674000,401.521000,10.590000,337.481000
10460,642.806000,548.217000,24.659000,487.419000
10461,454.438000,246.215000,13.520000,219.274000
10462,488.090000,278.373000,11.280000,240.006000
10463,612.254000,331.312000,11.150000,289.464000
10464,388.030000,162.506000,12.480000,161.126000
10465,430.260000,225.555000,13.480000,192.205000
10466,603.536000,369.471000,9.450000,284.483000
10467,838.410000,549.817000,10.219000,352.982000
10468,646.704000,357.392000,7.900000,280.042000
10469,566.517000,337.962000,9.680000,283.403000
10470,707.114000,547.966000,18.510000,359.723000
10471,682.444000,404.591000,13.220000,368.631000
10472,661.455000,418.371000,13.290000,344.351000
10473,569.247000,378.151000,46.759000,339.901000
10474,588.906000,328.142000,17.339000,263.644000
10475,780.751000,327.013000,12.610000,253.724000
10476,668.004000,392.752000,8.769000,309.753000
10477,602.415000,333.422000,15.509000,272.295000
10478,700.435000,322.761000,12.080000,309.952000
10479,682.074000,418.400000,7.879000,338.392000
10480,655.524000,582.965000,16.929000,483.130000
10481,619.146000,558.087000,13.910000,459.119000
10482,369.341000,144.505000,12.680000,156.317000
10483,537.938000,343.472000,8.950000,315.123000
10484,624.515000,352.042000,11.930000,318.872000
10485,962.167000,674.753000,13.989000,483.069000
10486,743.793000,441.988000,14.070000,307.424000
10487,497.769000,285.744000,12.259000,242.284000
10488,680.694000,404.191000,9.110000,323.642000
10489,572.366000,351.471000,9.060000,279.584000
10490,699.564000,544.976000,13.389000,472.208000
10491,673.474000,375.901000,15.280000,345.351000
10492,632.695000,381.491000,16.709000,353.352000
10493,797.032000,424.499000,21.969000,306.423000
10494,703.623000,457.159000,8.379000,349.651000
10495,630.025000,361.192000,11.299000,286.563000
10496,610.485000,327.693000,13.270000,320.592000
10497,658.454000,378.641000,11.699000,295.894000
10498,628.764000,423.931000,14.930000,343.852000
10499,641.634000,341.913000,15.089000,277.753000
10500,530.316000,424.180000,17.400000,376.701000
10501,758.272000,430.559000,13.640000,342.282000
10502,571.016000,382.501000,10.339000,317.793000
10503,707.633000,435.870000,12.340000,334.502000
10504,664.533000,427.379000,13.760000,327.823000
10505,548.196000,324.931000,10.261000,263.253000
10506,604.367000,378.841000,16.100000,283.814000
10507,595.365000,324.092000,10.270000,255.405000
10508,549.997000,249.795000,8.619000,208.766000
10509,663.435000,422.200000,8.070000,329.712000
10510,844.281000,583.016000,29.499000,471.438000
10511,524.838000,344.631000,12.340000,289.013000
10512,624.896000,345.011000,10.590000,284.962000
10513,617.556000,371.871000,8.960000,311.313000
10514,473.169000,252.954000,8.100000,207.134000
10515,609.845000,351.731000,8.080000,261.054000
10516,674.793000,406.591000,8.599000,310.184000
10517,712.023000,421.350000,8.579000,336.422000
10518,563.477000,295.943000,9.088000,232.785000
10519,727.153000,416.871000,10.030000,326.472000
10520,728.754000,396.570000,53.269000,330.832000
10521,672.085000,392.951000,9.419000,311.993000
10522,650.524000,362.602000,9.829000,319.533000
10523,398.381000,222.985000,12.720000,198.355000
10524,661.214000,421.070000,13.750000,318.163000
10525,655.944000,445.040000,12.930000,298.922000
10526,599.657000,361.831000,10.980000,292.383000
10527,553.777000,238.874000,11.919000,200.066000
10528,647.154000,294.733000,11.370000,241.984000
10529,730.051000,500.117000,9.790000,356.382000
10530,698.384000,414.410000,39.988000,292.633000
10531,969.486000,439.160000,13.930000,303.293000
10532,589.256000,326.972000,13.860000,284.255000
10533,331.862000,142.987000,16.209000,143.988000
10534,943.597000,509.508000,12.750000,336.002000
10535,627.125000,352.031000,54.919000,276.553000
10536,637.686000,382.081000,8.300000,303.333000
10537,569.697000,323.622000,6.931000,274.313000
10538,642.275000,366.763000,14.131000,290.643000
10539,589.176000,369.242000,12.919000,295.873000
10540,727.203000,569.736000,17.011000,472.209000
10541,645.384000,522.518000,14.269000,450.178000
10542,522.517000,246.375000,13.580000,274.404000
10543,392.850000,248.553000,10.340000,258.294000
10544,402.860000,185.125000,13.030000,190.325000
10545,735.404000,414.941000,40.699000,318.432000
10546,695.334000,374.601000,8.060000,348.061000
10547,587.765000,303.024000,8.280000,252.714000
10548,501.198000,264.754000,7.659000,240.634000
10549,629.695000,338.032000,13.131000,323.872000
10550,699.644000,551.347000,23.059000,356.972000
10551,731.054000,327.882000,12.219000,350.373000
10552,737.543000,282.954000,18.179000,287.213000
10553,657.885000,368.881000,12.610000,328.134000
10554,671.623000,376.512000,12.930000,317.162000
10555,607.165000,321.632000,10.379000,326.733000
10556,588.475000,313.432000,14.410000,265.354000
10557,381.871000,166.455000,13.640000,167.855000
10558,424.090000,215.534000,9.139000,195.635000
10559,748.423000,370.541000,10.280000,305.181000
10560,653.194000,435.719000,17.010000,306.603000
10561,808.611000,328.172000,9.720000,330.743000
10562,507.738000,257.284000,8.420000,269.845000
10563,663.524000,389.481000,10.130000,318.552000
10564,653.464000,318.352000,10.381000,270.704000
10565,660.015000,370.902000,11.220000,309.892000
10566,750.593000,441.720000,9.530000,352.251000
10567,474.949000,208.204000,7.529000,194.955000
10568,738.032000,400.580000,11.670000,348.971000
10569,723.563000,378.041000,11.390000,299.693000
10570,552.937000,412.270000,16.740000,325.132000
10571,615.606000,309.193000,9.040000,305.183000
10572,750.553000,416.050000,8.619000,366.772000
10573,1094.765000,456.660000,16.830000,310.102000
10574,451.360000,209.065000,11.270000,197.326000
10575,761.582000,434.110000,14.610000,365.391000
10576,783.731000,409.671000,17.829000,315.903000
10577,474.268000,237.804000,8.200000,204.534000
10578,602.615000,322.764000,8.720000,270.502000
10579,714.304000,377.581000,6.660000,281.455000
10580,606.686000,422.600000,21.169000,270.783000
10581,611.126000,320.522000,11.480000,280.504000
10582,866.529000,426.731000,9.650000,350.122000
10583,586.516000,344.232000,11.910000,303.833000
10584,653.595000,414.079000,15.110000,346.552000
10585,746.072000,434.840000,10.199000,341.882000
10586,646.975000,330.451000,9.101000,292.324000
10587,648.284000,360.731000,9.030000,331.452000
10588,776.823000,331.302000,15.159000,250.275000
10589,622.606000,350.242000,13.719000,325.663000
10590,777.351000,543.218000,24.350000,377.191000
10591,570.046000,293.483000,15.100000,265.324000
10592,562.327000,271.343000,11.550000,252.324000
10593,684.453000,378.490000,9.050000,321.272000
10594,539.978000,235.083000,12.381000,205.705000
10595,726.103000,385.461000,48.340000,336.432000
10596,572.456000,337.513000,12.411000,303.343000
10597,1007.647000,409.720000,13.229000,304.213000
10598,576.807000,352.913000,9.559000,288.594000
10599,389.211000,201.686000,9.089000,196.166000
10600,638.726000,511.657000,16.330000,447.630000
10601,615.265000,484.429000,15.988000,272.104000
10602,666.824000,320.662000,15.340000,350.311000
10603,725.514000,416.580000,14.879000,365.562000
10604,523.267000,289.544000,15.360000,243.724000
10605,562.106000,304.702000,40.898000,296.334000
10606,595.956000,343.011000,7.649000,336.414000
10607,578.157000,354.502000,12.110000,241.374000
10608,583.546000,340.323000,8.940000,332.672000
10609,686.135000,388.332000,8.659000,476.588000
10610,859.380000,618.276000,13.979000,530.797000
10611,760.323000,471.858000,11.510000,379.012000
10612,649.854000,400.330000,9.980000,329.963000
10613,580.416000,351.842000,11.749000,279.224000
10614,560.796000,298.863000,13.250000,236.185000
10615,497.708000,267.174000,12.000000,203.025000
10616,772.322000,403.531000,9.010000,440.190000
10617,936.997000,365.272000,16.129000,282.313000
10618,585.217000,340.142000,13.470000,304.752000
10619,613.256000,380.301000,9.520000,304.423000
10620,701.704000,412.330000,19.260000,328.792000
10621,676.234000,360.751000,19.490000,305.393000
10622,622.916000,382.301000,14.389000,361.692000
10623,644.124000,389.781000,12.259000,335.133000
10624,656.815000,386.000000,14.380000,347.681000
10625,746.573000,357.421000,10.691000,357.011000
10626,578.496000,347.953000,12.709000,297.832000
10627,627.795000,391.111000,15.350000,349.261000
10628,609.746000,366.493000,48.778000,286.394000
10629,516.778000,322.833000,10.139000,260.154000
10630,598.615000,468.230000,15.250000,401.090000
10631,522.608000,286.792000,10.030000,266.614000
10632,520.657000,300.793000,12.069000,265.492000
10633,606.786000,342.172000,11.110000,276.654000
10634,380.381000,218.995000,10.069000,191.876000
10635,464.609000,309.063000,11.061000,299.153000
10636,432.240000,265.564000,13.880000,244.974000
10637,590.366000,335.142000,14.309000,288.193000
10638,609.706000,334.371000,10.741000,236.605000
10639,496.339000,297.163000,13.019000,264.004000
10640,594.636000,471.480000,28.378000,348.772000
10641,545.467000,298.773000,18.020000,267.214000
10642,616.646000,355.881000,29.679000,307.243000
10643,528.276000,302.793000,11.310000,288.813000
10644,606.806000,365.491000,9.490000,298.333000
10645,502.569000,328.262000,10.169000,245.074000
10646,461.060000,264.754000,10.680000,229.884000
10647,282.534000,145.265000,9.840000,136.447000
10648,711.623000,389.290000,16.840000,293.774000
10649,726.043000,441.640000,12.779000,475.429000
10650,445.139000,332.832000,20.349000,313.523000
10651,806.202000,581.886000,15.859000,426.090000
10652,575.217000,325.952000,40.379000,299.313000
10653,590.696000,352.412000,12.611000,281.553000
10654,742.633000,489.919000,12.059000,302.213000
10655,584.486000,369.731000,13.870000,302.473000
10656,504.929000,290.903000,11.421000,269.084000
10657,576.456000,345.631000,10.669000,278.053000
10658,552.986000,325.393000,8.040000,334.101000
10659,628.085000,386.021000,45.659000,345.451000
10660,829.501000,725.754000,12.730000,471.208000
10661,809.331000,527.728000,17.270000,415.601000
10662,573.146000,370.071000,14.980000,304.803000
10663,459.968000,286.743000,16.700000,235.105000
10664,414.171000,221.615000,16.449000,195.715000
10665,536.838000,338.422000,16.820000,272.293000
10666,623.646000,399.531000,11.040000,310.443000
10667,433.069000,220.064000,11.451000,200.416000
10668,572.797000,304.702000,5.570000,248.025000
10669,743.932000,423.140000,9.099000,332.392000
10670,728.302000,596.406000,19.180000,400.230000
10671,498.489000,270.133000,9.050000,248.054000
10672,749.783000,410.240000,7.021000,311.432000
10673,536.118000,319.062000,14.359000,317.982000
10674,673.695000,450.049000,15.490000,335.102000
10675,649.255000,369.460000,12.251000,297.114000
10676,524.957000,285.664000,9.479000,254.273000
10677,905.838000,369.751000,14.250000,283.213000
10678,535.787000,269.323000,10.520000,219.515000
10679,705.704000,432.730000,12.549000,418.640000
10680,697.334000,598.676000,20.179000,545.787000
10681,479.559000,264.514000,15.990000,229.265000
10682,715.463000,426.889000,10.090000,358.841000
10683,648.495000,414.730000,10.659000,313.252000
10684,543.227000,310.762000,18.650000,241.544000
10685,450.710000,239.644000,11.390000,209.395000
10686,549.396000,309.451000,11.030000,252.714000
10687,601.246000,352.681000,16.389000,295.484000
10688,544.337000,328.284000,10.269000,260.243000
10689,748.863000,441.359000,13.859000,343.412000
10690,731.662000,623.086000,60.608000,467.760000
10691,606.925000,376.721000,17.390000,341.241000
10692,565.787000,323.272000,15.639000,264.185000
10693,527.127000,342.223000,10.099000,292.914000
10694,483.258000,309.691000,42.699000,244.155000
10695,639.516000,399.801000,9.360000,361.701000
10696,668.284000,366.551000,15.120000,302.152000
10697,617.495000,389.691000,17.949000,298.343000
10698,469.499000,232.835000,12.310000,194.735000
10699,576.026000,325.062000,10.279000,262.264000
10700,669.135000,562.147000,60.509000,541.147000
10701,561.127000,390.490000,14.480000,325.243000
10702,805.611000,493.348000,11.420000,440.389000
10703,571.848000,362.812000,8.190000,270.984000
10704,454.679000,250.875000,8.969000,212.485000
10705,709.394000,457.789000,8.550000,396.561000
10706,662.634000,349.901000,7.690000,304.033000
10707,549.946000,290.854000,10.629000,259.164000
10708,726.013000,476.419000,11.490000,367.751000
10709,599.495000,334.042000,13.080000,348.961000
10710,697.944000,601.826000,22.910000,554.326000
10711,716.024000,502.958000,16.049000,420.081000
10712,512.639000,309.572000,13.510000,260.874000
10713,490.747000,285.123000,18.460000,235.704000
10714,720.733000,501.888000,47.388000,388.942000
10715,617.655000,342.573000,11.389000,287.522000
10716,639.635000,399.221000,12.990000,315.494000
10717,674.694000,410.360000,36.279000,292.893000
10718,580.516000,336.103000,12.189000,271.914000
10719,460.660000,283.233000,12.110000,263.924000
10720,584.367000,487.868000,22.259000,433.449000
10721,537.708000,377.341000,12.160000,260.623000
10722,706.854000,382.621000,11.270000,302.643000
10723,610.985000,343.992000,9.940000,303.272000
10724,599.996000,388.081000,10.900000,333.953000
10725,559.617000,306.263000,9.719000,264.703000
10726,429.020000,201.005000,8.260000,194.865000
10727,588.367000,333.662000,13.070000,257.294000
10728,691.314000,377.342000,31.328000,314.062000
10729,558.397000,302.533000,7.809000,302.803000
10730,486.599000,358.841000,14.381000,299.533000
10731,419.810000,219.934000,14.859000,197.894000
10732,643.406000,367.172000,10.759000,320.363000
10733,607.086000,366.042000,10.260000,302.583000
10734,464.538000,239.875000,13.630000,198.725000
10735,416.110000,204.385000,10.449000,179.836000
10736,911.478000,485.058000,7.490000,433.240000
10737,600.156000,344.862000,9.530000,321.302000
10738,542.147000,343.963000,9.950000,283.482000
10739,685.734000,351.001000,11.190000,249.884000
10740,612.656000,480.837000,16.969000,386.352000
10741,631.925000,353.472000,14.860000,282.693000
10742,582.146000,324.353000,15.249000,269.114000
10743,633.035000,410.441000,15.939000,325.913000
10744,682.723000,409.021000,13.629000,314.803000
10745,388.861000,223.095000,10.211000,206.315000
10746,650.966000,403.610000,7.950000,335.712000
10747,586.647000,363.422000,9.439000,297.912000
10748,623.565000,379.351000,10.910000,303.164000
10749,770.932000,511.647000,11.970000,393.831000
10750,707.814000,537.517000,12.980000,387.071000
10751,664.815000,407.941000,12.350000,341.992000
10752,637.705000,421.050000,14.000000,325.862000
10753,689.645000,469.149000,12.329000,381.371000
10754,472.869000,227.445000,14.840000,207.654000
10755,701.654000,427.910000,8.340000,305.931000
10756,616.536000,332.223000,7.090000,266.003000
10757,698.584000,392.031000,10.611000,315.702000
10758,466.439000,254.004000,10.969000,256.004000
10759,482.498000,212.135000,7.710000,194.915000
10760,813.611000,367.861000,27.059000,297.603000
10761,666.454000,415.440000,11.699000,326.492000
10762,698.634000,451.818000,13.560000,389.452000
10763,606.256000,357.192000,11.379000,268.434000
10764,664.175000,374.002000,10.251000,288.554000
10765,479.178000,279.814000,15.249000,230.294000
10766,660.145000,393.201000,13.310000,301.512000
10767,445.230000,250.453000,10.011000,206.155000
10768,617.935000,358.402000,11.170000,277.414000
10769,463.378000,245.885000,12.291000,235.634000
10770,651.314000,362.711000,19.051000,267.354000
10771,393.191000,194.506000,9.609000,176.736000
10772,661.485000,327.691000,12.930000,290.274000
10773,433.280000,220.936000,11.649000,216.995000
10774,454.289000,225.534000,12.149000,201.745000
10775,657.745000,414.280000,11.840000,338.932000
10776,506.568000,307.872000,13.249000,270.674000
10777,588.646000,305.513000,14.689000,338.132000
10778,394.091000,154.676000,18.489000,169.956000
10779,690.863000,355.162000,8.709000,279.824000
10780,644.645000,505.988000,17.589000,296.964000
10781,645.405000,297.582000,9.789000,328.643000
10782,530.707000,224.675000,11.310000,209.995000
10783,742.163000,409.100000,12.760000,381.171000
10784,427.510000,198.316000,12.400000,181.376000
10785,376.032000,175.926000,7.250000,179.856000
10786,389.202000,179.556000,10.260000,180.076000
10787,760.993000,418.240000,8.420000,307.712000
10788,620.216000,335.933000,9.000000,273.053000
10789,474.159000,264.353000,7.040000,227.345000
10790,616.906000,325.122000,12.889000,266.405000
10791,663.303000,324.824000,12.859000,363.701000
10792,580.216000,369.730000,13.479000,322.803000
10793,629.435000,379.341000,9.339000,292.123000
10794,717.624000,446.269000,10.350000,359.682000
10795,592.176000,323.121000,7.340000,282.493000
10796,483.439000,241.894000,11.370000,215.694000
10797,554.397000,243.265000,8.789000,215.115000
10798,656.985000,338.803000,55.248000,321.893000
10799,744.443000,378.131000,10.021000,316.063000
10800,555.937000,250.394000,19.410000,257.773000
10801,530.959000,275.204000,11.100000,268.184000
10802,455.679000,232.504000,8.090000,238.004000
10803,552.057000,245.125000,8.050000,224.683000
10804,665.335000,430.790000,9.639000,351.263000
10805,689.503000,420.861000,12.739000,310.324000
10806,595.966000,367.961000,13.840000,307.292000
10807,551.018000,273.363000,10.699000,225.526000
10808,611.125000,342.343000,9.550000,275.814000
10809,817.521000,387.201000,15.060000,345.833000
10810,519.907000,221.805000,17.850000,207.205000
10811,740.893000,313.373000,19.690000,282.853000
10812,632.284000,327.813000,13.769000,344.812000
10813,562.196000,357.863000,13.429000,267.793000
10814,688.695000,402.351000,11.830000,312.152000
10815,624.966000,400.700000,11.050000,326.933000
10816,516.117000,263.914000,10.940000,210.705000
10817,737.132000,388.432000,12.298000,289.144000
10818,699.414000,413.620000,9.950000,364.281000
10819,689.874000,373.970000,8.341000,304.212000
10820,641.676000,294.443000,13.100000,291.093000
10821,620.825000,283.593000,17.310000,272.353000
10822,745.882000,343.011000,61.389000,324.803000
10823,651.025000,386.701000,12.440000,316.723000
10824,626.646000,239.734000,16.210000,209.345000
10825,557.276000,315.724000,14.399000,282.153000
10826,626.406000,316.433000,14.770000,280.173000
10827,597.518000,327.733000,8.089000,284.534000
10828,657.244000,276.673000,13.110000,236.935000
10829,637.405000,326.172000,10.110000,269.533000
10830,646.973000,490.968000,17.089000,299.723000
10831,699.933000,352.781000,11.060000,337.423000
10832,589.666000,340.582000,14.700000,303.982000
10833,458.889000,200.285000,12.171000,185.556000
10834,653.594000,389.181000,9.400000,312.914000
10835,708.623000,293.344000,10.580000,224.056000
10836,530.147000,281.424000,11.680000,241.285000
10837,677.014000,387.971000,9.430000,321.453000
10838,711.493000,375.822000,14.930000,328.992000
10839,571.527000,336.422000,13.129000,277.445000
10840,587.806000,462.199000,17.840000,405.810000
10841,778.810000,667.234000,14.110000,438.719000
10842,676.314000,277.144000,9.530000,269.263000
10843,705.983000,223.684000,14.660000,208.135000
10844,648.455000,365.662000,9.530000,312.242000
10845,365.182000,166.066000,14.770000,168.246000
10846,719.244000,360.890000,10.820000,297.012000
10847,597.387000,288.623000,11.169000,292.044000
10848,576.907000,287.692000,9.870000,250.725000
10849,383.761000,191.555000,8.050000,189.936000
10850,688.244000,320.782000,17.200000,302.753000
10851,644.644000,293.313000,13.770000,287.684000
10852,377.000000,168.215000,11.430000,166.146000
10853,649.765000,353.701000,15.719000,305.503000
10854,507.548000,256.694000,14.310000,224.195000
10855,606.185000,345.421000,7.410000,275.114000
10856,596.535000,346.463000,11.658000,287.443000
10857,626.506000,338.831000,10.390000,285.983000
10858,521.967000,334.503000,10.390000,314.712000
10859,628.785000,324.162000,13.739000,282.413000
10860,642.896000,359.272000,22.398000,266.613000
10861,603.845000,288.724000,48.029000,287.383000
10862,623.356000,325.503000,11.939000,315.484000
10863,560.576000,324.382000,8.910000,271.503000
10864,501.299000,304.112000,11.019000,260.884000
10865,484.749000,289.044000,11.590000,247.054000
10866,693.353000,408.531000,48.138000,327.663000
10867,438.910000,248.574000,7.070000,218.806000
10868,860.279000,255.694000,13.789000,190.265000
10869,717.874000,397.770000,7.460000,313.122000
10870,725.174000,455.099000,15.359000,439.829000
10871,712.033000,369.261000,13.869000,331.642000
10872,682.263000,388.431000,12.420000,323.913000
10873,511.217000,261.625000,13.740000,241.315000
10874,525.018000,317.443000,11.479000,283.612000
10875,614.016000,336.232000,8.261000,272.454000
10876,687.504000,375.711000,6.889000,329.743000
10877,465.638000,295.654000,9.660000,264.734000
10878,1068.834000,412.160000,13.960000,303.673000
10879,680.904000,292.873000,8.920000,248.694000
10880,734.204000,557.886000,18.509000,414.951000
10881,1429.156000,373.481000,23.299000,278.624000
10882,555.687000,297.104000,13.669000,267.854000
10883,622.455000,364.221000,29.380000,272.394000
10884,592.866000,348.511000,12.190000,285.954000
10885,713.014000,446.389000,9.550000,349.682000
10886,503.848000,277.164000,8.639000,295.254000
10887,794.182000,496.107000,13.750000,384.692000
10888,715.124000,405.311000,7.889000,314.422000
10889,564.716000,356.293000,12.020000,290.012000
10890,620.985000,289.504000,19.549000,289.932000
10891,656.485000,323.343000,10.381000,284.503000
10892,684.894000,373.151000,10.270000,431.110000
10893,618.176000,338.662000,10.329000,287.523000
10894,535.599000,300.682000,9.210000,233.304000
10895,610.205000,340.421000,9.260000,322.384000
10896,664.294000,387.762000,12.679000,320.353000
10897,471.589000,252.463000,8.370000,225.135000
10898,509.149000,290.443000,10.570000,254.304000
10899,735.952000,350.122000,13.520000,321.552000
10900,630.994000,524.189000,25.869000,459.739000
10901,716.903000,627.785000,15.689000,367.930000
10902,617.836000,313.203000,13.380000,279.213000
10903,941.749000,418.031000,17.120000,311.832000
10904,602.745000,358.212000,11.039000,303.523000
10905,484.309000,226.775000,8.958000,196.416000
10906,527.297000,295.353000,13.030000,270.644000
10907,562.836000,283.893000,9.931000,240.815000
10908,635.985000,361.861000,11.839000,296.043000
10909,765.872000,452.629000,11.710000,349.751000
10910,644.815000,505.939000,21.839000,375.311000
10911,561.826000,271.844000,10.749000,256.034000
10912,604.975000,357.482000,13.340000,311.803000
10913,554.716000,322.052000,11.940000,303.903000
10914,580.555000,357.231000,9.179000,286.073000
10915,463.099000,219.854000,10.689000,191.066000
10916,728.993000,420.761000,11.060000,364.131000
10917,679.495000,403.181000,6.010000,346.822000
10918,652.695000,358.512000,11.691000,309.282000
10919,619.225000,374.622000,10.110000,476.798000
10920,860.360000,692.604000,16.480000,577.446000
10921,683.774000,328.292000,10.310000,304.814000
10922,603.256000,308.352000,16.050000,278.744000
10923,552.406000,307.662000,8.430000,248.743000
10924,503.657000,317.193000,11.039000,241.055000
10925,452.750000,233.885000,11.579000,218.134000
10926,551.106000,284.864000,12.740000,262.944000
10927,1556.544000,567.947000,20.969000,402.620000
10928,634.775000,298.803000,11.830000,256.744000
10929,622.126000,336.923000,48.068000,286.242000
10930,735.833000,622.515000,14.540000,538.418000
10931,511.298000,292.854000,13.330000,250.524000
10932,704.114000,402.210000,10.091000,306.753000
10933,688.273000,306.003000,17.118000,278.014000
10934,408.141000,290.823000,14.320000,265.273000
10935,402.231000,253.495000,16.730000,230.856000
10936,665.675000,419.960000,12.330000,358.162000
10937,488.977000,303.454000,10.370000,260.904000
10938,601.956000,352.591000,8.650000,320.303000
10939,800.621000,402.720000,10.649000,361.072000
10940,533.088000,401.342000,20.218000,301.774000
10941,717.604000,309.882000,9.160000,304.153000
10942,674.723000,397.421000,12.960000,354.422000
10943,530.127000,258.894000,13.000000,240.584000
10944,529.258000,275.453000,10.868000,229.955000
10945,505.389000,244.524000,10.981000,216.456000
10946,667.404000,325.193000,9.230000,287.593000
10947,657.725000,376.011000,12.059000,310.183000
10948,644.064000,333.513000,16.350000,288.183000
10949,598.847000,337.301000,17.539000,323.632000
10950,662.894000,531.668000,28.430000,465.969000
10951,570.507000,430.329000,14.820000,266.863000
10952,720.083000,353.161000,13.710000,321.423000
10953,625.565000,336.362000,11.830000,287.643000
10954,511.519000,254.105000,9.120000,220.734000
10955,507.488000,283.694000,10.120000,295.793000
10956,745.633000,312.622000,10.780000,274.963000
10957,575.966000,405.860000,13.599000,295.323000
10958,764.311000,435.279000,11.530000,419.930000
10959,581.956000,289.813000,12.781000,251.834000
10960,644.855000,525.988000,16.579000,388.012000
10961,502.328000,207.175000,10.910000,211.635000
10962,636.115000,322.222000,12.910000,303.674000
10963,584.316000,304.821000,40.818000,280.683000
10964,642.116000,390.101000,10.120000,310.803000
10965,683.744000,365.212000,8.909000,300.083000
10966,630.975000,352.472000,15.210000,278.283000
10967,577.106000,306.083000,14.060000,274.724000
10968,640.995000,362.781000,9.700000,321.652000
10969,586.226000,383.152000,10.339000,300.782000
10970,571.476000,268.665000,19.010000,255.904000
10971,728.042000,336.961000,10.610000,325.733000
10972,738.362000,497.978000,9.040000,412.750000
10973,592.636000,333.752000,10.230000,278.774000
10974,635.665000,374.450000,12.490000,347.591000
10975,606.146000,340.183000,15.319000,390.271000
10976,541.507000,185.836000,18.989000,175.245000
10977,643.285000,344.313000,8.419000,398.020000
10978,437.909000,206.685000,13.100000,200.015000
10979,582.127000,289.542000,5.590000,240.054000
10980,736.242000,539.037000,14.370000,465.769000
10981,601.235000,500.388000,14.729000,317.163000
10982,626.916000,317.552000,8.349000,284.393000
10983,547.467000,297.124000,10.220000,269.803000
10984,708.504000,328.422000,22.830000,259.475000
10985,441.120000,261.703000,39.850000,252.663000
10986,660.055000,222.125000,18.560000,198.725000
10987,548.877000,351.581000,10.810000,296.103000
10988,707.765000,299.052000,14.350000,233.565000
10989,525.437000,259.094000,7.869000,214.475000
10990,741.722000,327.883000,18.800000,311.703000
10991,681.724000,315.573000,11.110000,314.112000
10992,552.177000,253.214000,16.449000,232.045000
10993,622.325000,292.074000,14.519000,247.125000
10994,683.173000,411.980000,16.690000,298.433000
10995,945.197000,403.220000,18.990000,337.482000
10996,537.846000,256.075000,11.110000,253.483000
10997,662.535000,382.831000,8.840000,314.303000
10998,537.937000,330.293000,9.359000,319.873000
10999,565.646000,290.014000,2552.679000,439.640000
11000,760.913000,499.658000,19.610000,277.524000
11001,595.045000,206.875000,11.699000,194.735000
11002,607.746000,305.642000,8.960000,268.945000
11003,599.515000,385.771000,8.030000,306.793000
11004,529.147000,236.564000,14.790000,222.524000
11005,502.109000,287.833000,8.039000,257.954000
11006,783.092000,477.739000,116.217000,414.620000
11007,689.294000,371.892000,8.329000,349.692000
11008,624.205000,356.743000,12.740000,342.571000
11009,572.716000,305.604000,11.160000,269.213000
11010,612.185000,462.909000,19.060000,448.659000
11011,546.847000,248.724000,12.610000,241.895000
11012,608.656000,300.892000,11.440000,288.953000
11013,646.265000,352.352000,8.570000,300.954000
11014,440.079000,240.494000,7.139000,210.915000
11015,710.864000,349.632000,15.261000,263.303000
11016,651.464000,370.352000,8.240000,293.852000
11017,492.149000,268.574000,11.410000,243.114000
11018,533.849000,282.852000,9.540000,251.435000
11019,716.914000,388.241000,6.520000,300.522000
11020,757.722000,339.703000,13.820000,348.102000
11021,440.850000,195.725000,12.820000,206.326000
11022,559.887000,282.054000,11.660000,264.124000
11023,612.077000,298.263000,12.920000,250.484000
11024,410.311000,211.205000,22.940000,192.925000
11025,626.575000,335.252000,5.620000,283.854000
11026,747.982000,375.160000,9.030000,298.203000
11027,753.902000,402.580000,7.690000,332.723000
11028,613.787000,333.363000,8.560000,283.604000
11029,732.572000,434.600000,10.949000,313.522000
11030,679.075000,543.347000,22.249000,427.370000
11031,583.726000,305.173000,14.060000,306.293000
11032,501.849000,249.604000,11.400000,245.293000
11033,628.896000,350.582000,52.298000,345.432000
11034,426.320000,220.726000,37.648000,199.346000
11035,591.226000,318.182000,9.940000,245.694000
11036,596.926000,379.540000,11.810000,306.802000
11037,430.259000,220.825000,7.310000,198.405000
11038,630.755000,309.544000,4.640000,272.724000
11039,663.905000,383.761000,6.980000,296.903000
11040,736.262000,491.669000,16.919000,324.692000
11041,430.850000,184.906000,11.899000,198.195000
11042,607.716000,308.753000,14.010000,373.151000
11043,520.257000,310.463000,10.060000,303.682000
11044,591.217000,331.793000,9.240000,265.113000
11045,653.995000,420.320000,11.959000,378.041000
11046,641.385000,363.401000,10.840000,292.144000
11047,513.768000,265.574000,8.299000,226.814000
11048,451.289000,240.275000,7.280000,203.536000
11049,550.977000,168.826000,12.510000,164.436000
11050,551.657000,353.631000,17.379000,237.355000
11051,725.193000,298.602000,10.040000,307.283000
11052,614.766000,303.872000,10.369000,266.893000
11053,645.564000,369.791000,13.440000,314.072000
11054,541.259000,297.232000,12.720000,307.824000
11055,587.426000,312.922000,8.760000,308.213000
11056,609.325000,351.731000,7.630000,285.584000
11057,719.383000,387.871000,11.520000,362.531000
11058,475.510000,236.964000,12.530000,209.414000
11059,438.550000,210.375000,11.340000,191.795000
11060,648.065000,319.102000,20.350000,296.474000
11061,1154.172000,327.633000,13.658000,264.773000
11062,700.643000,307.623000,10.740000,256.754000
11063,668.085000,369.751000,15.040000,309.642000
11064,552.338000,303.302000,17.380000,263.254000
11065,426.900000,279.404000,11.220000,237.615000
11066,674.795000,353.962000,13.399000,283.114000
11067,472.119000,268.252000,8.840000,245.395000
11068,480.819000,281.193000,11.211000,270.884000
11069,574.257000,341.852000,11.169000,294.683000
11070,694.454000,569.186000,23.900000,409.140000
11071,724.622000,304.563000,22.628000,291.254000
11072,537.547000,258.284000,17.209000,273.974000
11073,508.127000,279.494000,13.480000,264.434000
11074,611.866000,327.542000,9.570000,285.504000
11075,610.736000,358.401000,8.190000,271.054000
11076,733.161000,265.784000,10.869000,212.805000
11077,703.874000,388.411000,8.460000,302.283000
11078,466.400000,258.793000,9.851000,228.204000
11079,671.394000,360.672000,9.079000,353.001000
11080,645.204000,526.217000,16.740000,350.612000
11081,633.225000,220.794000,14.349000,223.494000
11082,544.768000,306.072000,12.980000,280.074000
11083,774.131000,474.219000,10.880000,355.562000
11084,407.891000,192.605000,13.809000,185.295000
11085,493.369000,265.083000,8.750000,234.194000
11086,672.684000,376.330000,8.551000,311.972000
11087,714.354000,406.171000,10.300000,318.503000
11088,676.924000,388.861000,11.460000,309.553000
11089,638.084000,374.932000,8.371000,288.543000
11090,736.424000,452.148000,20.379000,380.062000
11091,616.034000,306.894000,10.889000,278.874000
11092,683.444000,396.990000,10.860000,327.013000
11093,670.735000,380.311000,8.180000,315.062000
11094,658.075000,386.491000,7.670000,319.713000
11095,596.786000,393.001000,8.290000,323.072000
11096,601.576000,375.521000,11.040000,352.993000
11097,724.812000,397.191000,13.860000,402.720000
11098,702.253000,300.182000,14.509000,259.295000
11099,695.773000,256.694000,9.970000,219.535000
11100,750.612000,547.308000,15.590000,312.152000
11101,654.495000,314.133000,12.440000,296.863000
11102,682.984000,278.052000,13.280000,250.904000
11103,622.465000,346.611000,11.780000,253.284000
11104,380.541000,182.235000,7.371000,170.245000
11105,554.437000,277.233000,12.159000,273.704000
11106,588.546000,323.044000,8.498000,277.954000
11107,610.686000,364.662000,11.330000,344.012000
11108,632.186000,360.201000,10.620000,296.353000
11109,539.678000,280.343000,14.580000,237.774000
11110,703.624000,544.556000,17.960000,352.972000
11111,515.078000,249.063000,10.560000,213.785000
11112,881.850000,470.698000,12.050000,369.382000
11113,526.558000,308.963000,14.629000,352.073000
11114,543.276000,307.883000,12.971000,256.172000
11115,620.635000,387.401000,10.889000,314.093000
11116,583.656000,366.452000,10.180000,296.183000
11117,521.987000,288.253000,11.170000,242.344000
11118,655.355000,376.792000,10.910000,362.201000
11119,649.435000,403.970000,13.560000,360.972000
11120,595.456000,303.923000,17.930000,280.123000
11121,501.127000,277.964000,14.289000,267.853000
11122,632.276000,361.013000,11.470000,435.220000
11123,633.886000,337.381000,5.700000,269.294000
11124,553.717000,335.403000,7.480000,302.913000
11125,625.885000,318.542000,11.730000,244.404000
11126,737.922000,445.800000,8.110000,334.271000
11127,733.183000,451.310000,12.570000,319.842000
11128,536.486000,339.153000,20.639000,270.403000
11129,545.249000,303.263000,9.330000,264.364000
11130,644.304000,324.653000,16.611000,283.213000
11131,573.027000,317.692000,11.420000,271.424000
11132,513.607000,266.215000,41.799000,231.944000
11133,601.736000,348.062000,45.439000,301.702000
11134,641.595000,371.951000,30.779000,287.114000
11135,572.726000,344.053000,8.239000,293.974000
11136,702.954000,410.080000,6.029000,310.453000
11137,671.234000,361.171000,8.750000,284.664000
11138,622.006000,368.231000,7.550000,302.062000
11139,710.294000,430.270000,9.340000,352.991000
11140,885.108000,477.519000,13.850000,391.391000
11141,383.781000,190.856000,8.549000,179.105000
11142,458.510000,240.014000,9.349000,239.965000
11143,795.701000,500.169000,16.058000,352.192000
11144,498.348000,281.564000,15.100000,228.856000
11145,585.557000,311.873000,16.960000,263.983000
11146,652.715000,406.530000,11.189000,340.181000
11147,456.520000,139.497000,14.449000,142.807000
11148,408.530000,222.845000,6.010000,189.375000
11149,734.883000,469.280000,6.400000,312.922000
11150,567.206000,415.630000,13.440000,325.463000
11151,616.855000,347.101000,8.230000,304.562000
11152,494.678000,269.284000,18.369000,237.275000
11153,427.990000,233.605000,7.800000,189.585000
11154,426.420000,256.764000,9.310000,251.372000
11155,609.886000,365.702000,54.609000,317.332000
11156,626.316000,405.661000,12.529000,322.642000
11157,566.378000,339.031000,11.320000,277.964000
11158,646.464000,368.911000,10.229000,306.103000
11159,1430.126000,504.848000,12.240000,339.092000
11160,849.960000,503.597000,20.269000,416.231000
11161,674.645000,573.607000,8.620000,354.281000
11162,661.844000,366.671000,10.880000,302.844000
11163,644.055000,378.871000,15.760000,295.462000
11164,568.337000,341.422000,10.530000,295.893000
11165,678.813000,368.481000,15.310000,296.164000
11166,569.787000,328.922000,14.451000,321.304000
11167,650.245000,373.241000,13.080000,314.002000
11168,557.567000,347.832000,13.640000,313.822000
11169,402.701000,200.746000,8.760000,187.376000
11170,734.002000,579.887000,17.590000,388.431000
11171,736.623000,402.581000,11.700000,356.632000
11172,596.386000,353.462000,11.240000,294.863000
11173,685.195000,418.440000,11.830000,350.102000
11174,1577.392000,418.110000,17.069000,315.254000
11175,634.475000,334.302000,13.790000,287.384000
11176,759.551000,473.320000,7.110000,354.133000
11177,627.915000,365.461000,10.589000,336.972000
11178,798.542000,373.032000,20.419000,308.242000
11179,637.536000,313.554000,11.270000,270.873000
11180,698.914000,572.586000,21.600000,498.519000
11181,720.303000,498.198000,11.459000,378.502000
11182,517.308000,286.805000,11.189000,239.823000
11183,520.038000,325.202000,14.399000,295.134000
11184,570.987000,339.951000,10.111000,279.474000
11185,601.525000,353.432000,6.859000,271.965000
11186,652.395000,368.302000,11.870000,305.412000
11187,924.888000,319.842000,15.360000,264.985000
11188,562.526000,319.473000,9.910000,261.623000
11189,495.328000,279.605000,12.219000,245.114000
11190,598.377000,382.042000,20.640000,338.172000
11191,773.651000,555.707000,56.377000,426.941000
11192,656.825000,419.650000,16.110000,323.412000
11193,455.349000,282.335000,13.690000,266.883000
11194,482.289000,322.182000,11.140000,315.013000
11195,565.787000,331.362000,13.040000,271.453000
11196,672.054000,426.670000,10.350000,318.042000
11197,591.277000,384.890000,12.979000,318.742000
11198,564.976000,330.053000,11.390000,269.334000
11199,625.856000,357.682000,12.440000,291.132000
11200,637.195000,509.998000,22.749000,362.041000
11201,620.605000,340.482000,7.379000,250.865000
11202,736.143000,431.799000,9.860000,353.543000
11203,673.814000,406.511000,18.099000,330.872000
11204,611.276000,407.720000,12.459000,313.902000
11205,586.586000,375.981000,11.280000,334.092000
11206,609.896000,348.481000,13.810000,294.433000
11207,474.428000,204.985000,10.571000,179.906000
11208,622.496000,326.232000,14.400000,267.394000
11209,655.973000,387.911000,6.609000,311.472000
11210,895.228000,631.285000,14.650000,471.769000
11211,734.252000,395.811000,10.530000,310.813000
11212,579.106000,348.412000,8.960000,285.554000
11213,1112.613000,457.430000,18.670000,347.792000
11214,505.480000,317.253000,13.628000,275.834000
11215,519.578000,297.572000,11.310000,256.364000
11216,520.677000,273.023000,14.529000,244.435000
11217,553.017000,330.403000,13.040000,266.182000
11218,584.875000,356.682000,13.240000,316.413000
11219,794.092000,480.399000,7.709000,360.602000
11220,604.815000,448.130000,17.080000,324.702000
11221,622.685000,343.593000,12.710000,289.633000
11222,692.514000,342.781000,9.589000,281.823000
11223,585.166000,350.372000,9.870000,272.184000
11224,648.063000,416.750000,10.230000,382.211000
11225,655.935000,364.272000,11.989000,311.253000
11226,597.205000,319.313000,11.280000,268.292000
11227,603.836000,272.614000,8.680000,222.525000
11228,575.847000,371.821000,19.010000,397.600000
11229,654.285000,363.171000,14.250000,293.164000
11230,753.552000,590.566000,23.849000,518.969000
11231,647.095000,536.247000,18.699000,374.540000
11232,970.827000,461.650000,13.299000,342.911000
11233,415.160000,210.285000,8.290000,187.385000
11234,591.137000,357.041000,6.880000,319.611000
11235,692.014000,379.810000,8.139000,314.233000
11236,517.008000,338.991000,11.021000,299.174000
11237,565.196000,314.052000,10.560000,271.553000
11238,841.760000,435.480000,9.479000,357.702000
11239,583.757000,337.113000,12.050000,269.903000
11240,686.504000,554.717000,18.370000,511.119000
11241,708.074000,593.306000,11.510000,535.387000
11242,739.241000,437.350000,12.290000,361.722000
11243,531.328000,339.782000,13.600000,286.834000
11244,577.986000,381.631000,14.770000,367.511000
11245,509.659000,258.814000,12.650000,235.995000
11246,593.266000,360.692000,7.080000,308.482000
11247,661.594000,349.342000,11.148000,300.603000
11248,679.844000,406.560000,49.088000,336.273000
11249,655.385000,318.392000,18.679000,260.434000
11250,705.804000,578.096000,19.240000,479.549000
11251,632.326000,407.671000,9.620000,321.801000
11252,886.909000,259.794000,16.170000,215.065000
11253,427.039000,257.863000,12.190000,241.775000
11254,584.515000,335.043000,10.160000,258.223000
11255,656.965000,423.771000,44.799000,330.162000
11256,374.511000,201.095000,12.030000,191.035000
11257,724.943000,501.717000,6.160000,431.330000
11258,645.985000,339.723000,5.969000,304.113000
11259,625.415000,314.533000,12.330000,251.914000
11260,804.642000,582.306000,22.200000,456.280000
11261,738.673000,439.218000,14.840000,349.902000
11262,408.881000,214.315000,14.648000,187.517000
11263,713.683000,440.390000,10.061000,337.471000
11264,544.228000,313.082000,11.880000,253.994000
11265,519.328000,287.033000,11.640000,254.774000
11266,675.674000,370.361000,11.010000,293.023000
11267,577.895000,406.640000,13.970000,290.803000
11268,459.400000,264.053000,12.880000,231.575000
11269,420.929000,293.274000,9.470000,262.423000
11270,713.934000,578.397000,53.319000,464.148000
11271,746.873000,358.661000,18.469000,307.932000
11272,503.639000,312.502000,10.950000,335.802000
11273,654.765000,384.631000,13.500000,310.362000
11274,634.735000,365.413000,12.119000,295.854000
11275,645.415000,393.031000,12.720000,378.191000
11276,512.819000,329.832000,15.880000,302.032000
11277,553.408000,325.992000,14.630000,278.714000
11278,556.277000,334.142000,14.710000,324.783000
11279,625.126000,350.361000,11.970000,308.982000
11280,462.830000,335.132000,20.389000,328.574000
11281,769.242000,529.127000,11.840000,347.042000
11282,539.887000,298.293000,9.271000,273.855000
11283,667.413000,390.042000,7.760000,300.143000
11284,670.854000,443.810000,13.529000,338.431000
11285,546.668000,345.762000,14.709000,274.034000
11286,603.816000,369.001000,14.289000,305.783000
11287,563.008000,323.992000,11.349000,275.303000
11288,540.027000,300.663000,12.050000,259.012000
11289,583.807000,327.522000,8.460000,256.364000
11290,592.447000,480.449000,16.580000,408.651000
11291,457.810000,228.166000,12.720000,195.215000
11292,381.821000,180.475000,15.899000,171.146000
11293,728.083000,399.601000,9.301000,316.002000
11294,598.686000,332.963000,7.640000,267.163000
11295,582.808000,340.772000,9.550000,285.553000
11296,626.915000,309.323000,17.699000,262.602000
11297,752.263000,322.992000,8.259000,260.325000
11298,964.977000,471.410000,14.420000,367.412000
11299,698.804000,401.021000,14.289000,382.170000
11300,767.982000,627.515000,24.349000,434.070000
11301,578.496000,323.943000,15.330000,273.703000
11302,651.545000,385.091000,10.170000,339.882000
11303,585.786000,337.323000,8.510000,268.414000
11304,656.945000,424.470000,53.218000,395.831000
11305,448.690000,236.725000,9.960000,198.026000
11306,501.698000,273.014000,6.990000,233.044000
11307,736.293000,451.209000,7.690000,334.443000
11308,651.875000,365.821000,9.709000,303.543000
11309,690.724000,404.950000,10.490000,312.213000
11310,697.524000,536.087000,16.549000,481.578000
11311,683.575000,566.677000,12.769000,499.309000
11312,620.555000,322.971000,16.519000,256.374000
11313,546.087000,273.054000,15.009000,247.044000
11314,526.288000,334.632000,11.910000,359.741000
11315,428.800000,225.135000,10.959000,217.496000
11316,689.895000,450.318000,13.940000,349.493000
11317,509.768000,279.184000,12.190000,238.784000
11318,683.044000,414.331000,6.829000,341.222000
11319,1162.772000,381.261000,15.519000,269.444000
11320,706.803000,555.097000,19.119000,485.359000
11321,585.797000,475.609000,12.550000,369.421000
11322,585.256000,333.992000,12.969000,301.384000
11323,444.700000,227.114000,10.770000,199.635000
11324,583.448000,410.790000,11.790000,337.942000
11325,557.426000,338.672000,12.000000,282.832000
11326,569.036000,289.624000,17.809000,312.962000
11327,737.403000,424.670000,13.029000,394.680000
11328,526.557000,294.073000,9.880000,246.814000
11329,513.367000,299.454000,8.351000,287.244000
11330,793.441000,345.122000,16.390000,375.971000
11331,579.816000,293.954000,13.390000,240.364000
11332,478.990000,241.625000,7.760000,206.964000
11333,517.077000,260.954000,9.390000,239.995000
11334,766.402000,383.400000,11.910000,290.494000
11335,590.176000,229.444000,17.539000,209.505000
11336,654.504000,395.731000,10.080000,312.993000
11337,697.064000,427.430000,11.830000,315.923000
11338,573.767000,302.154000,12.970000,273.883000
11339,503.718000,320.172000,9.820000,375.441000
11340,893.819000,646.376000,23.330000,583.076000
11341,428.850000,336.211000,52.729000,262.524000
11342,472.839000,263.123000,13.009000,221.816000
11343,724.723000,394.531000,16.680000,295.193000
11344,599.785000,323.603000,15.439000,258.273000
11345,553.968000,322.992000,6.869000,267.664000
11346,572.177000,342.411000,7.611000,267.154000
11347,639.785000,429.901000,7.660000,339.091000
11348,680.004000,432.969000,8.969000,377.751000
11349,654.875000,393.900000,8.520000,314.472000
11350,741.783000,607.535000,19.390000,403.541000
11351,557.347000,331.733000,13.279000,335.933000
11352,607.526000,319.531000,11.840000,302.954000
11353,701.293000,435.300000,15.870000,371.351000
11354,609.126000,356.332000,12.140000,286.282000
11355,785.681000,407.250000,14.230000,308.872000
11356,631.495000,335.562000,14.130000,264.453000
11357,556.007000,314.374000,7.090000,257.053000
11358,580.317000,306.772000,6.390000,285.803000
11359,786.461000,462.069000,10.400000,380.361000
11360,621.425000,496.317000,16.309000,373.872000
11361,574.866000,294.013000,10.929000,251.335000
11362,698.684000,357.201000,14.830000,295.283000
11363,601.646000,400.291000,21.030000,306.702000
11364,505.217000,319.823000,22.590000,261.063000
11365,606.438000,378.421000,12.050000,304.812000
11366,571.596000,351.392000,10.270000,303.183000
11367,453.980000,300.693000,10.180000,265.963000
11368,805.151000,507.638000,8.840000,356.222000
11369,529.188000,287.962000,8.960000,238.945000
11370,621.325000,424.449000,15.099000,286.654000
11371,884.519000,558.997000,8.470000,481.558000
11372,728.723000,429.630000,47.629000,482.658000
11373,650.095000,433.450000,11.479000,331.592000
11374,839.081000,533.668000,11.720000,422.539000
11375,540.606000,310.163000,9.359000,265.813000
11376,596.186000,326.523000,10.461000,257.532000
11377,427.180000,229.555000,11.499000,203.965000
11378,492.089000,269.883000,10.690000,229.115000
11379,628.465000,374.751000,7.571000,291.403000
11380,1312.230000,523.856000,20.969000,383.131000
11381,700.974000,445.561000,12.079000,392.261000
11382,596.186000,333.281000,13.380000,285.894000
11383,655.355000,458.418000,11.879000,354.913000
11384,501.628000,330.793000,13.049000,306.403000
11385,587.207000,366.460000,14.221000,318.734000
11386,747.872000,452.320000,11.290000,337.701000
11387,447.279000,189.596000,21.769000,187.276000
11388,576.756000,364.073000,10.560000,284.212000
11389,670.534000,437.620000,10.269000,315.292000
11390,663.624000,574.667000,26.060000,539.696000
11391,924.107000,654.495000,13.580000,420.750000
11392,528.099000,305.763000,10.350000,268.794000
11393,687.003000,428.220000,10.430000,366.551000
11394,550.857000,282.153000,8.920000,233.775000
11395,645.255000,383.091000,12.660000,301.363000
11396,452.739000,216.494000,9.490000,186.186000
11397,583.205000,324.011000,39.009000,277.334000
11398,497.228000,318.134000,9.680000,331.542000
11399,611.536000,336.542000,56.749000,272.045000
11400,595.656000,440.570000,19.279000,408.101000
11401,531.178000,293.544000,11.930000,255.004000
11402,663.023000,394.751000,13.009000,321.774000
11403,636.585000,364.812000,9.520000,290.861000
11404,603.398000,381.661000,8.851000,307.063000
11405,908.158000,500.279000,12.300000,390.200000
11406,703.494000,439.420000,11.939000,346.852000
11407,617.885000,343.582000,15.070000,291.223000
11408,593.496000,390.751000,16.710000,301.854000
11409,618.935000,355.351000,14.329000,322.862000
11410,742.973000,520.247000,17.590000,456.239000
11411,405.860000,194.126000,13.869000,189.735000
11412,439.650000,223.595000,10.909000,203.186000
11413,565.006000,319.363000,11.860000,262.943000
11414,435.980000,259.295000,13.110000,237.414000
11415,661.485000,359.351000,9.800000,291.762000
11416,1025.496000,481.719000,14.889000,356.921000
11417,643.655000,399.761000,8.800000,319.772000
11418,975.407000,425.291000,8.659000,314.762000
11419,514.458000,290.922000,9.979000,238.815000
11420,599.446000,481.988000,20.310000,501.789000
11421,598.376000,299.922000,13.099000,248.594000
11422,646.764000,365.801000,8.670000,299.713000
11423,418.970000,165.766000,15.079000,172.576000
11424,744.592000,477.469000,8.799000,436.830000
11425,574.986000,367.201000,10.451000,349.943000
11426,627.175000,428.440000,10.700000,400.021000
11427,304.482000,157.335000,11.680000,158.797000
11428,633.554000,378.092000,7.230000,322.082000
11429,461.520000,217.115000,13.710000,214.745000
11430,656.045000,510.268000,18.220000,354.031000
11431,611.775000,345.422000,13.779000,278.263000
11432,581.486000,306.803000,15.550000,323.632000
11433,659.594000,399.220000,9.661000,315.264000
11434,539.716000,327.142000,10.000000,267.503000
11435,571.357000,343.402000,8.280000,259.774000
11436,630.895000,370.232000,11.820000,292.272000
11437,751.342000,435.211000,11.480000,330.343000
11438,674.273000,404.590000,10.051000,308.523000
11439,580.346000,334.132000,9.630000,287.534000
11440,574.937000,426.679000,20.409000,389.891000
11441,566.767000,334.873000,16.380000,255.213000
11442,679.244000,376.421000,12.140000,305.384000
11443,626.905000,345.581000,14.560000,280.193000
11444,600.998000,377.452000,11.040000,296.572000
11445,643.015000,405.951000,16.320000,378.042000
11446,716.704000,424.290000,10.238000,363.562000
11447,677.974000,418.790000,7.760000,454.419000
11448,577.446000,358.863000,9.858000,303.073000
11449,514.218000,314.103000,10.250000,272.704000
11450,727.093000,542.606000,20.360000,404.241000
11451,592.596000,343.272000,11.960000,294.193000
11452,577.466000,306.353000,10.090000,254.954000
11453,637.135000,378.251000,8.810000,305.363000
11454,555.197000,304.803000,14.440000,242.764000
11455,613.816000,388.381000,17.320000,322.552000
11456,631.416000,443.339000,10.770000,363.241000
11457,505.429000,303.532000,14.790000,265.784000
11458,646.635000,382.660000,14.061000,328.292000
11459,600.367000,359.062000,12.630000,292.182000
11460,844.891000,660.365000,17.820000,594.936000
11461,691.714000,586.327000,16.579000,388.791000
11462,575.866000,306.243000,20.760000,283.212000
11463,627.485000,378.811000,12.399000,312.193000
11464,1305.889000,424.990000,14.489000,329.241000
11465,472.590000,287.164000,10.400000,250.594000
11466,809.270000,401.641000,12.150000,312.823000
11467,584.426000,348.422000,10.870000,306.442000
11468,627.116000,383.720000,10.190000,329.083000
11469,614.185000,383.161000,7.750000,308.882000
11470,658.425000,546.858000,15.100000,473.468000
11471,640.145000,529.456000,16.449000,342.523000
11472,729.113000,436.329000,15.550000,351.151000
11473,503.469000,290.053000,11.189000,245.985000
11474,725.344000,527.077000,11.680000,390.681000
11475,580.188000,361.722000,9.950000,308.452000
11476,572.236000,355.273000,11.409000,279.244000
11477,573.156000,357.233000,8.340000,304.102000
11478,505.938000,205.235000,18.899000,207.366000
11479,358.650000,171.186000,6.210000,162.836000
11480,703.433000,608.926000,13.240000,465.048000
11481,683.934000,442.509000,14.239000,344.512000
11482,486.098000,278.643000,17.140000,216.515000
11483,564.696000,352.592000,9.739000,402.381000
11484,513.477000,349.273000,9.611000,297.293000
11485,511.738000,261.773000,13.419000,244.755000
11486,565.078000,350.851000,16.329000,346.352000
11487,641.835000,408.380000,15.929000,360.791000
11488,534.288000,289.812000,16.209000,243.795000
11489,703.103000,418.161000,11.040000,377.330000
11490,656.993000,536.807000,13.769000,395.021000
11491,716.612000,389.301000,7.630000,316.153000
11492,592.156000,355.132000,11.131000,325.282000
11493,631.795000,420.209000,12.040000,302.043000
11494,352.991000,171.516000,10.919000,154.526000
11495,622.645000,466.748000,12.290000,360.123000
11496,634.014000,409.491000,12.168000,303.574000
11497,463.990000,221.645000,10.050000,193.095000
11498,536.987000,288.133000,7.729000,230.243000
11499,688.185000,428.760000,48.589000,501.828000
11500,741.372000,540.728000,13.229000,356.161000
11501,693.494000,267.103000,11.110000,265.954000
11502,615.196000,315.294000,7.640000,324.281000
11503,456.510000,243.295000,8.929000,227.635000
11504,755.723000,418.970000,14.140000,344.301000
11505,696.773000,367.233000,15.370000,321.662000
11506,523.557000,272.164000,8.730000,278.293000
11507,547.316000,231.565000,13.129000,208.105000
11508,823.251000,365.882000,19.119000,321.683000
11509,447.989000,197.375000,7.940000,191.655000
11510,583.497000,311.632000,14.950000,288.954000
11511,605.945000,291.044000,9.749000,299.172000
11512,523.988000,251.503000,16.660000,252.024000
11513,477.208000,265.185000,8.859000,245.505000
11514,529.808000,292.072000,9.490000,241.394000
11515,593.717000,298.653000,9.359000,258.293000
11516,452.709000,215.736000,12.150000,199.435000
11517,561.667000,290.114000,8.539000,256.434000
11518,366.410000,206.235000,8.469000,180.045000
11519,491.739000,300.463000,8.859000,291.582000
11520,592.036000,474.479000,18.050000,315.093000
11521,306.283000,128.387000,10.270000,136.288000
11522,706.623000,421.111000,9.870000,315.833000
11523,545.506000,302.043000,10.650000,257.573000
11524,711.823000,422.201000,10.350000,480.939000
11525,747.612000,318.973000,14.359000,248.865000
11526,681.235000,344.981000,8.090000,311.392000
11527,633.776000,363.321000,9.399000,279.834000
11528,880.450000,445.709000,13.439000,373.992000
11529,711.003000,396.161000,11.079000,327.903000
11530,597.687000,460.418000,22.999000,363.402000
11531,650.275000,539.158000,12.880000,418.221000
11532,477.059000,264.053000,9.930000,224.475000
11533,637.245000,420.160000,13.989000,421.899000
11534,546.707000,393.871000,19.109000,330.612000
11535,574.896000,336.342000,14.650000,258.144000
11536,705.363000,414.920000,9.929000,331.763000
11537,525.547000,299.304000,9.609000,240.944000
11538,700.443000,378.892000,13.110000,364.822000
11539,561.128000,305.792000,9.739000,272.414000
11540,711.203000,543.636000,17.720000,472.150000
11541,668.575000,578.086000,14.020000,437.060000
11542,553.766000,323.122000,11.890000,262.454000
11543,813.090000,449.820000,18.140000,435.800000
11544,671.363000,479.729000,8.631000,379.430000
11545,701.334000,454.739000,16.109000,382.452000
11546,641.624000,373.602000,8.900000,304.692000
11547,648.695000,383.111000,7.590000,311.083000
11548,356.531000,203.734000,8.130000,187.995000
11549,774.953000,481.179000,56.749000,365.960000
11550,731.152000,598.516000,12.250000,496.789000
11551,742.713000,480.009000,9.200000,315.113000
11552,622.564000,372.502000,9.230000,320.302000
11553,649.895000,418.830000,14.100000,349.001000
11554,602.476000,447.240000,15.979000,411.299000
11555,464.929000,438.270000,20.190000,366.471000
11556,523.288000,284.634000,15.000000,216.105000
11557,595.916000,337.022000,12.570000,278.215000
11558,693.334000,431.509000,56.259000,345.002000
11559,509.689000,323.222000,9.290000,263.394000
11560,703.553000,541.046000,18.699000,476.569000
11561,520.958000,339.411000,16.050000,273.804000
11562,591.826000,356.553000,12.878000,301.653000
11563,678.324000,214.495000,17.300000,180.296000
11564,435.741000,271.973000,6.640000,241.574000
11565,623.136000,354.842000,8.430000,334.643000
11566,579.996000,308.322000,46.230000,267.914000
11567,453.049000,214.345000,10.010000,197.525000
11568,580.227000,327.061000,19.570000,261.394000
11569,630.895000,373.382000,10.210000,359.551000
11570,635.255000,606.965000,17.600000,553.037000
11571,476.159000,391.550000,18.129000,334.051000
11572,614.386000,401.991000,12.400000,417.530000
11573,418.371000,241.905000,13.719000,221.366000
11574,649.694000,430.070000,8.630000,359.071000
11575,639.155000,356.121000,10.690000,281.575000
11576,471.789000,244.065000,8.480000,214.983000
11577,559.838000,325.622000,5.770000,257.134000
11578,753.522000,369.222000,8.670000,295.254000
11579,664.975000,384.971000,12.249000,324.982000
11580,684.234000,495.029000,24.749000,458.329000
11581,641.365000,331.131000,13.259000,291.112000
11582,511.918000,302.992000,12.939000,249.014000
11583,564.547000,351.411000,16.491000,295.522000
11584,744.403000,500.808000,13.859000,399.740000
11585,681.344000,393.521000,11.890000,305.363000
11586,862.019000,500.689000,10.049000,333.042000
11587,699.054000,370.731000,16.129000,287.394000
11588,527.507000,320.851000,10.659000,277.374000
11589,475.929000,249.973000,7.739000,211.586000
11590,611.026000,315.662000,18.090000,261.664000
11591,674.053000,358.331000,11.908000,306.644000
11592,547.488000,273.584000,14.460000,249.115000
11593,766.831000,425.050000,11.680000,295.292000
11594,612.626000,374.183000,11.210000,295.823000
11595,611.725000,308.263000,14.079000,259.274000
11596,575.166000,316.983000,13.890000,261.284000
11597,478.598000,280.654000,13.800000,237.094000
11598,709.083000,423.500000,8.289000,318.133000
11599,670.524000,399.640000,7.920000,359.751000
11600,501.438000,322.782000,17.070000,292.273000
11601,747.561000,558.166000,11.210000,550.948000
11602,705.953000,446.659000,49.060000,355.731000
11603,593.066000,341.561000,10.880000,300.894000
11604,683.554000,430.000000,12.879000,366.852000
11605,553.537000,319.583000,13.669000,261.364000
11606,601.166000,347.892000,11.329000,309.143000
11607,632.106000,388.011000,9.389000,400.620000
11608,637.905000,401.191000,81.269000,348.732000
11609,480.248000,237.514000,7.590000,220.495000
11610,735.102000,407.860000,14.470000,341.863000
11611,998.877000,417.120000,10.840000,308.982000
11612,958.876000,433.670000,22.160000,351.971000
11613,573.126000,358.501000,10.140000,283.244000
11614,528.428000,334.052000,9.890000,295.763000
11615,632.025000,468.998000,8.359000,306.424000
11616,715.303000,468.549000,10.490000,409.000000
11617,571.896000,323.213000,11.960000,294.823000
11618,693.905000,432.790000,8.730000,332.543000
11619,654.165000,392.330000,11.520000,284.813000
11620,818.301000,758.672000,18.729000,490.848000
11621,705.363000,384.041000,14.569000,315.483000
11622,688.154000,425.310000,11.640000,348.143000
11623,602.846000,363.521000,13.680000,294.892000
11624,561.558000,365.471000,9.530000,302.294000
11625,571.146000,337.003000,9.450000,271.514000
11626,694.823000,401.481000,8.310000,335.473000
11627,542.387000,331.412000,7.689000,283.624000
11628,691.735000,406.311000,9.660000,333.671000
11629,649.955000,373.321000,10.800000,291.484000
11630,814.240000,721.451000,15.030000,455.349000
11631,673.415000,410.470000,10.640000,308.452000
11632,521.799000,294.452000,9.909000,237.024000
11633,699.655000,474.038000,15.819000,353.412000
11634,605.296000,389.911000,17.079000,309.892000
11635,675.024000,376.641000,12.660000,295.963000
11636,609.158000,370.452000,11.310000,310.223000
11637,566.417000,317.633000,14.450000,276.363000
11638,752.564000,457.389000,52.799000,366.961000
11639,681.835000,429.021000,29.790000,335.641000
11640,723.143000,585.186000,17.010000,480.818000
11641,660.044000,355.672000,14.919000,326.082000
11642,346.331000,176.246000,12.700000,165.747000
11643,675.772000,420.460000,115.858000,358.721000
11644,579.386000,357.671000,10.581000,294.664000
11645,699.883000,420.711000,11.069000,477.639000
11646,601.586000,377.751000,7.890000,291.343000
11647,569.186000,358.421000,5.151000,304.554000
11648,590.116000,359.012000,8.760000,326.742000
11649,713.512000,450.670000,8.709000,367.391000
11650,783.332000,615.046000,15.759000,406.961000
11651,542.517000,287.255000,10.861000,257.944000
11652,625.115000,377.692000,11.080000,321.833000
11653,878.109000,471.389000,18.650000,333.012000
11654,503.499000,283.794000,12.599000,225.496000
11655,590.555000,395.201000,10.068000,338.483000
11656,514.117000,284.324000,11.460000,236.094000
11657,613.715000,365.732000,42.220000,317.382000
11658,701.694000,441.669000,13.079000,348.852000
11659,535.288000,274.332000,13.230000,244.295000
11660,661.925000,482.699000,16.358000,389.222000
11661,565.437000,291.673000,10.110000,250.325000
11662,614.556000,315.442000,8.109000,264.344000
11663,537.879000,374.262000,40.069000,298.133000
11664,589.727000,365.391000,12.450000,378.832000
11665,670.284000,423.200000,8.329000,319.492000
11666,637.154000,394.461000,9.179000,316.542000
11667,605.715000,360.102000,14.540000,297.802000
11668,582.906000,257.154000,16.670000,217.885000
11669,642.045000,398.251000,11.341000,319.082000
11670,1019.085000,609.606000,20.980000,387.851000
11671,629.945000,358.622000,19.180000,283.564000
11672,706.214000,410.280000,18.970000,375.690000
11673,906.729000,301.424000,19.269000,268.093000
11674,593.485000,362.971000,13.450000,268.504000
11675,630.385000,277.643000,10.870000,220.145000
11676,716.294000,339.002000,15.019000,272.023000
11677,646.924000,388.901000,49.888000,319.314000
11678,386.961000,226.785000,11.250000,209.355000
11679,626.885000,290.344000,11.929000,269.874000
11680,699.933000,578.476000,26.100000,533.647000
11681,468.359000,251.704000,12.660000,234.974000
11682,613.055000,371.621000,18.680000,318.802000
11683,729.364000,404.161000,23.759000,348.872000
11684,551.127000,260.983000,9.920000,200.115000
11685,674.814000,401.161000,13.069000,348.552000
11686,573.016000,280.813000,15.920000,238.564000
11687,702.492000,413.461000,12.169000,294.204000
11688,572.787000,307.002000,12.030000,270.654000
11689,507.538000,267.882000,4.870000,234.655000
11690,629.125000,514.088000,16.489000,467.819000
11691,674.555000,551.318000,11.688000,386.212000
11692,644.984000,384.261000,11.620000,319.251000
11693,593.706000,375.333000,15.038000,320.222000
11694,530.208000,322.692000,16.500000,288.572000
11695,633.066000,343.841000,13.320000,297.003000
11696,988.137000,420.101000,11.290000,311.592000
11697,670.235000,253.595000,9.390000,197.325000
11698,641.545000,340.642000,8.971000,279.493000
11699,571.146000,338.252000,10.329000,287.274000
11700,402.830000,284.964000,18.020000,228.645000
11701,571.055000,297.553000,8.640000,259.894000
11702,687.534000,405.270000,11.520000,338.842000
11703,507.888000,282.364000,10.250000,247.614000
11704,489.140000,294.213000,12.670000,258.995000
11705,556.297000,342.791000,9.810000,354.443000
11706,513.827000,275.423000,15.509000,248.074000
11707,475.329000,312.673000,12.280000,238.233000
11708,999.918000,443.299000,14.640000,451.809000
11709,642.465000,359.271000,10.230000,301.024000
11710,626.225000,497.569000,67.677000,367.060000
11711,713.693000,412.481000,8.570000,340.072000
11712,649.745000,403.301000,7.419000,316.093000
11713,634.395000,388.961000,9.860000,315.892000
11714,695.154000,417.990000,16.539000,328.812000
11715,603.005000,342.892000,54.609000,299.423000
11716,524.658000,284.893000,11.339000,234.474000
11717,672.803000,421.959000,42.850000,350.693000
11718,644.584000,406.131000,16.049000,500.848000
11719,576.426000,336.472000,14.230000,261.513000
11720,737.253000,599.976000,20.060000,476.218000
11721,596.906000,328.213000,7.229000,301.942000
11722,627.075000,342.712000,10.680000,280.164000
11723,678.965000,393.840000,10.420000,303.413000
11724,722.564000,398.080000,12.520000,281.423000
11725,547.667000,259.022000,21.160000,222.745000
11726,499.249000,277.764000,11.259000,258.805000
11727,688.834000,410.981000,7.930000,307.512000
11728,463.969000,224.065000,8.229000,193.956000
11729,654.484000,366.631000,7.720000,304.843000
11730,688.323000,619.006000,15.430000,449.810000
11731,640.395000,381.001000,14.650000,315.173000
11732,614.245000,394.241000,50.159000,323.833000
11733,588.666000,334.212000,12.929000,283.594000
11734,705.534000,349.681000,18.610000,302.851000
11735,544.508000,333.462000,12.040000,276.464000
11736,526.578000,329.562000,13.369000,285.263000
11737,546.987000,357.413000,14.460000,330.492000
11738,498.669000,277.732000,10.450000,225.475000
11739,711.513000,429.879000,5.598000,317.094000
11740,596.395000,498.239000,18.009000,430.620000
11741,641.136000,476.388000,16.209000,420.761000
11742,596.176000,345.853000,14.639000,331.422000
11743,544.727000,346.892000,15.229000,299.162000
11744,661.625000,445.619000,15.780000,334.681000
11745,629.854000,419.050000,10.909000,324.972000
11746,563.226000,325.902000,12.849000,279.034000
11747,620.085000,347.101000,14.960000,305.102000
11748,551.818000,295.123000,10.570000,256.305000
11749,447.569000,223.535000,12.740000,204.655000
11750,739.862000,434.750000,20.359000,375.292000
11751,582.146000,315.003000,13.250000,281.472000
11752,516.638000,309.583000,11.300000,268.525000
11753,497.468000,364.962000,16.320000,319.912000
11754,492.889000,282.982000,12.980000,259.364000
11755,648.075000,416.120000,13.069000,329.882000
11756,668.574000,398.011000,11.970000,323.502000
11757,764.852000,376.021000,15.769000,336.662000
11758,632.975000,316.353000,11.930000,267.743000
11759,505.749000,287.203000,6.919000,234.075000
11760,595.625000,463.530000,12.449000,303.493000
11761,527.118000,280.114000,7.720000,258.124000
11762,839.080000,396.872000,15.559000,299.563000
11763,577.906000,299.803000,16.609000,242.245000
11764,517.198000,322.372000,9.029000,298.544000
11765,576.245000,341.192000,8.380000,278.024000
11766,637.605000,375.931000,12.430000,322.013000
11767,536.678000,320.312000,42.369000,280.874000
11768,664.913000,365.743000,12.730000,345.721000
11769,565.337000,325.703000,13.118000,252.044000
11770,549.837000,377.431000,18.330000,362.491000
11771,814.261000,374.682000,18.178000,277.843000
11772,594.157000,347.771000,10.960000,303.024000
11773,522.217000,286.634000,10.630000,228.884000
11774,609.816000,301.073000,8.320000,263.114000
11775,644.835000,387.621000,12.780000,337.742000
11776,452.640000,201.725000,10.230000,182.196000
11777,627.316000,374.941000,9.529000,287.063000
11778,751.642000,516.689000,13.280000,383.611000
11779,562.637000,327.713000,12.219000,260.644000
11780,702.023000,410.781000,56.540000,322.553000
11781,622.195000,371.131000,13.120000,299.982000
11782,601.547000,357.011000,12.489000,328.302000
11783,578.376000,406.400000,15.749000,337.543000
11784,562.457000,379.542000,16.380000,279.734000
11785,755.852000,389.002000,14.480000,311.012000
11786,581.938000,307.002000,8.701000,249.764000
11787,573.626000,325.603000,8.190000,247.024000
11788,738.933000,422.500000,11.640000,323.632000
11789,549.837000,303.523000,7.840000,273.504000
11790,694.864000,591.146000,15.790000,459.749000
11791,658.395000,350.831000,9.870000,294.714000
11792,478.398000,265.154000,10.560000,229.364000
11793,619.836000,379.810000,10.830000,298.673000
11794,491.088000,235.435000,13.280000,191.685000
11795,608.146000,345.561000,11.510000,278.424000
11796,667.993000,394.452000,33.299000,407.881000
11797,708.543000,292.722000,14.620000,221.644000
11798,668.855000,411.400000,18.819000,358.272000
11799,651.074000,360.291000,13.720000,291.493000
11800,571.816000,296.264000,21.219000,268.983000
11801,562.057000,293.963000,14.630000,252.494000
11802,409.261000,199.066000,30.089000,193.206000
11803,681.624000,398.971000,13.830000,327.942000
11804,795.011000,462.719000,14.389000,347.223000
11805,584.186000,335.171000,13.289000,283.054000
11806,582.256000,357.281000,11.519000,301.193000
11807,602.165000,320.743000,6.839000,294.404000
11808,598.496000,384.911000,5.560000,313.263000
11809,549.517000,325.862000,13.920000,285.393000
11810,571.016000,324.763000,18.880000,264.043000
11811,641.935000,355.062000,12.640000,301.382000
11812,591.876000,276.994000,12.559000,249.364000
11813,610.896000,344.462000,13.889000,319.543000
11814,603.596000,373.431000,18.219000,340.262000
11815,611.936000,361.102000,8.750000,272.914000
11816,490.529000,255.533000,8.400000,225.445000
11817,639.735000,351.722000,8.230000,341.382000
11818,528.768000,291.774000,7.790000,235.595000
11819,1082.083000,509.358000,12.891000,380.421000
11820,693.643000,564.767000,23.649000,379.212000
11821,751.833000,285.182000,13.900000,235.804000
11822,552.308000,292.323000,10.169000,249.754000
11823,607.995000,370.532000,14.029000,308.352000
11824,542.268000,354.691000,11.979000,355.242000
11825,658.305000,415.499000,42.209000,316.242000
11826,641.435000,372.111000,9.670000,328.673000
11827,549.637000,317.483000,9.849000,265.714000
11828,699.605000,420.129000,13.139000,336.052000
11829,586.636000,369.071000,13.560000,344.493000
11830,821.090000,674.713000,20.689000,511.857000
11831,477.529000,267.573000,12.739000,239.375000
11832,487.519000,237.905000,10.061000,214.035000
11833,634.076000,373.002000,9.810000,294.852000
11834,527.968000,311.822000,9.530000,239.315000
11835,681.055000,454.398000,13.409000,356.423000
11836,604.225000,363.191000,11.160000,319.462000
11837,519.568000,274.963000,7.960000,222.875000
11838,494.658000,325.703000,12.690000,301.053000
11839,456.720000,318.232000,42.929000,255.065000
11840,791.121000,588.236000,19.210000,383.591000
11841,620.765000,347.252000,14.400000,290.621000
11842,617.176000,389.320000,49.039000,365.171000
11843,595.516000,351.272000,10.480000,289.952000
11844,596.706000,470.029000,8.449000,303.963000
11845,961.437000,277.174000,13.190000,227.684000
11846,602.867000,346.251000,13.611000,278.803000
11847,491.628000,273.144000,10.329000,252.524000
11848,573.447000,381.980000,6.850000,298.503000
11849,638.505000,418.011000,11.979000,468.899000
11850,629.025000,538.437000,21.190000,415.330000
11851,605.325000,347.402000,11.300000,327.223000
11852,565.638000,390.711000,10.819000,324.852000
11853,629.525000,377.362000,10.130000,313.193000
11854,454.399000,263.762000,17.269000,251.764000
11855,418.421000,202.546000,7.499000,195.186000
11856,965.437000,350.362000,13.890000,308.262000
11857,938.458000,241.403000,15.730000,196.195000
11858,640.725000,352.453000,13.689000,331.043000
11859,569.137000,313.532000,13.860000,253.252000
11860,552.338000,391.051000,24.020000,306.033000
11861,694.724000,409.990000,12.310000,323.992000
11862,545.156000,318.143000,15.069000,276.453000
11863,733.704000,442.879000,8.090000,420.480000
11864,435.549000,223.595000,9.499000,202.094000
11865,627.205000,406.221000,12.429000,321.673000
11866,627.705000,388.121000,42.540000,355.662000
11867,785.502000,484.919000,8.820000,391.151000
11868,626.534000,343.421000,8.701000,282.193000
11869,585.066000,328.421000,8.340000,273.005000
11870,763.463000,567.647000,18.970000,535.777000
11871,694.264000,404.331000,11.750000,332.012000
11872,457.430000,238.994000,15.770000,212.975000
11873,669.404000,408.891000,11.139000,320.212000
11874,629.134000,420.490000,18.210000,332.462000
11875,622.745000,411.511000,15.710000,331.841000
11876,578.957000,364.860000,18.680000,351.412000
11877,552.147000,360.421000,14.258000,279.074000
11878,533.377000,329.872000,16.790000,297.413000
11879,722.524000,325.392000,9.469000,265.613000
11880,425.101000,289.923000,15.590000,221.905000
11881,502.608000,257.925000,9.701000,223.025000
11882,619.665000,363.412000,11.209000,295.153000
11883,724.133000,345.742000,13.660000,311.283000
11884,711.313000,438.119000,11.139000,354.772000
11885,649.425000,384.122000,12.279000,295.264000
11886,695.723000,451.969000,10.779000,393.542000
11887,621.014000,370.162000,9.490000,318.572000
11888,702.774000,413.080000,9.600000,356.311000
11889,608.686000,363.831000,9.350000,310.703000
11890,717.933000,637.565000,18.659000,565.817000
11891,600.435000,442.420000,11.659000,294.573000
11892,629.035000,323.212000,9.359000,327.993000
11893,609.997000,358.172000,10.119000,288.552000
11894,950.929000,495.817000,15.649000,340.873000
11895,667.024000,372.372000,14.968000,270.855000
11896,749.212000,412.920000,7.339000,329.033000
11897,548.187000,274.133000,6.790000,231.425000
11898,517.767000,281.243000,7.480000,219.346000
11899,472.529000,227.214000,9.360000,230.785000
11900,1050.595000,304.832000,24.800000,288.823000
11901,486.268000,237.715000,11.320000,241.034000
11902,690.464000,338.262000,16.910000,305.463000
11903,583.996000,311.733000,28.799000,283.553000
11904,581.757000,312.862000,9.240000,271.093000
11905,587.176000,342.262000,12.699000,289.553000
11906,677.245000,357.311000,35.719000,300.462000
11907,584.507000,289.183000,16.299000,273.094000
11908,578.876000,269.364000,10.348000,225.284000
11909,564.118000,301.103000,10.610000,266.614000
11910,611.456000,517.198000,22.200000,383.851000
11911,632.375000,305.073000,14.979000,322.243000
11912,650.645000,337.422000,10.400000,291.944000
11913,379.641000,187.885000,8.319000,181.116000
11914,512.199000,278.013000,10.120000,240.304000
11915,565.397000,267.943000,13.910000,267.305000
11916,716.042000,396.061000,7.739000,306.143000
11917,579.306000,325.411000,10.581000,268.034000
11918,472.349000,214.764000,7.339000,194.996000
11919,521.067000,332.302000,20.469000,281.413000
11920,599.975000,462.159000,25.880000,341.881000
11921,667.264000,313.023000,13.270000,350.973000
11922,558.006000,254.935000,11.579000,246.943000
11923,544.559000,279.343000,8.140000,310.612000
11924,675.435000,377.772000,9.531000,291.973000
11925,621.155000,380.792000,9.799000,290.073000
11926,506.339000,187.995000,11.320000,176.365000
11927,602.366000,351.101000,14.090000,387.681000
11928,695.824000,399.510000,8.890000,306.152000
11929,366.770000,139.898000,8.680000,141.536000
11930,649.545000,521.777000,15.410000,416.370000
11931,539.598000,294.443000,8.560000,252.835000
11932,608.235000,320.101000,11.620000,268.104000
11933,378.941000,191.766000,15.190000,187.155000
11934,477.489000,255.794000,8.280000,231.204000
11935,496.218000,280.404000,11.210000,240.604000
11936,561.656000,329.052000,13.030000,301.704000
11937,583.926000,358.901000,12.950000,294.353000
11938,616.236000,332.862000,10.581000,291.323000
11939,522.527000,311.763000,14.060000,318.522000
11940,721.023000,301.724000,22.490000,263.944000
11941,493.049000,239.595000,10.159000,233.255000
11942,530.027000,251.484000,9.000000,237.464000
11943,698.314000,381.453000,10.390000,349.222000
11944,577.177000,313.354000,8.580000,269.343000
11945,635.056000,393.780000,8.141000,309.144000
11946,523.477000,279.624000,9.280000,264.973000
11947,615.416000,342.822000,9.830000,284.253000
11948,582.677000,315.852000,10.170000,258.784000
11949,616.675000,349.102000,13.560000,271.224000
11950,755.132000,336.042000,16.889000,375.372000
11951,671.783000,333.182000,13.290000,300.133000
11952,561.197000,314.692000,12.949000,275.663000
11953,617.506000,331.742000,10.890000,339.561000
11954,404.311000,175.486000,13.619000,179.987000
11955,631.395000,329.022000,9.500000,290.123000
11956,855.839000,470.539000,10.740000,364.801000
11957,630.724000,344.013000,11.678000,306.144000
11958,661.125000,374.001000,13.880000,333.723000
11959,471.590000,294.623000,13.739000,257.784000
11960,836.970000,684.304000,19.199000,468.099000
11961,659.355000,410.320000,14.140000,344.342000
11962,507.369000,299.282000,13.320000,314.083000
11963,807.272000,509.327000,10.979000,435.630000
11964,525.607000,275.664000,15.080000,229.865000
11965,569.056000,338.342000,43.918000,311.963000
11966,681.084000,373.702000,7.820000,345.051000
11967,640.694000,255.994000,11.320000,218.454000
11968,539.246000,288.363000,17.668000,251.704000
11969,648.134000,367.821000,17.340000,372.551000
11970,730.032000,624.526000,18.529000,465.730000
11971,575.977000,298.664000,10.400000,286.442000
11972,642.175000,235.455000,12.400000,233.805000
11973,609.186000,343.001000,18.239000,278.944000
11974,617.665000,356.082000,8.850000,303.163000
11975,651.624000,377.852000,11.608000,283.503000
11976,449.690000,207.045000,26.710000,190.806000
11977,598.036000,242.974000,8.270000,214.265000
11978,842.489000,464.030000,11.931000,317.733000
11979,596.815000,336.761000,10.620000,291.813000
11980,647.355000,520.657000,18.539000,329.153000
11981,619.796000,320.402000,9.570000,292.073000
11982,635.586000,332.782000,10.519000,383.082000
11983,550.857000,301.143000,10.810000,269.054000
11984,522.467000,297.024000,12.388000,250.814000
11985,531.288000,299.342000,13.540000,254.264000
11986,407.210000,207.645000,13.240000,197.846000
11987,366.931000,210.415000,9.300000,205.315000
11988,515.177000,258.813000,9.971000,233.085000
11989,609.016000,291.445000,8.219000,252.663000
11990,771.241000,614.636000,14.620000,498.817000
11991,731.173000,359.531000,8.459000,323.621000
11992,759.352000,224.685000,12.560000,204.326000
11993,344.621000,157.655000,9.760000,161.337000
11994,409.811000,243.384000,7.949000,240.324000
11995,598.545000,309.584000,8.379000,276.593000
11996,624.955000,346.052000,9.160000,294.872000
11997,542.278000,231.344000,12.350000,204.566000
11998,416.820000,227.534000,11.270000,195.805000
11999,554.116000,296.533000,2612.979000,400.771000
12000,583.866000,244.044000,20.859000,242.874000
12001,628.296000,221.304000,10.171000,286.583000
12002,716.053000,357.312000,10.080000,326.121000
12003,477.729000,226.484000,7.169000,204.136000
12004,694.642000,385.512000,9.990000,296.583000
12005,831.851000,368.381000,18.070000,305.534000
12006,658.804000,354.572000,8.650000,296.192000
12007,1456.766000,357.801000,15.969000,267.305000
12008,646.855000,351.672000,12.089000,308.753000
12009,609.485000,324.882000,10.400000,268.194000
12010,573.556000,441.490000,17.389000,304.263000
12011,653.524000,264.764000,17.179000,258.234000
12012,416.901000,206.555000,10.180000,200.525000
12013,500.397000,294.094000,13.350000,313.483000
12014,648.365000,308.413000,9.120000,249.384000
12015,656.525000,385.471000,10.000000,310.954000
12016,633.554000,365.292000,7.580000,285.943000
12017,738.834000,426.860000,9.070000,397.532000
12018,541.177000,283.393000,7.750000,262.364000
12019,628.405000,298.433000,7.120000,243.014000
12020,835.751000,621.835000,19.200000,364.861000
12021,624.016000,322.762000,17.149000,307.343000
12022,549.808000,274.613000,12.999000,270.714000
12023,504.007000,312.493000,12.050000,284.763000
12024,541.008000,321.072000,17.399000,373.901000
12025,592.297000,345.703000,49.968000,275.943000
12026,513.759000,251.654000,12.510000,232.295000
12027,997.777000,642.535000,7.390000,441.070000
12028,665.825000,343.002000,10.689000,295.963000
12029,625.496000,340.302000,15.110000,269.834000
12030,610.136000,500.359000,24.269000,455.680000
12031,749.972000,495.149000,16.230000,341.122000
12032,702.993000,391.061000,12.250000,361.932000
12033,664.414000,386.522000,12.100000,321.682000
12034,531.127000,284.194000,9.939000,258.894000
12035,645.375000,379.770000,9.181000,307.152000
12036,586.317000,325.032000,17.950000,259.684000
12037,640.995000,363.171000,9.820000,286.262000
12038,753.123000,425.750000,8.109000,290.934000
12039,589.986000,372.621000,11.029000,297.163000
12040,685.824000,528.578000,17.519000,469.059000
12041,832.680000,273.483000,16.859000,255.092000
12042,512.388000,232.225000,16.990000,218.775000
12043,679.843000,368.271000,10.029000,290.803000
12044,623.136000,362.491000,12.919000,332.873000
12045,475.668000,284.264000,16.120000,346.612000
12046,737.673000,348.442000,12.101000,254.005000
12047,601.546000,390.661000,11.190000,262.794000
12048,642.894000,322.053000,10.479000,285.782000
12049,540.068000,292.853000,43.720000,270.034000
12050,724.613000,602.216000,18.739000,517.998000
12051,585.967000,328.472000,11.809000,292.064000
12052,698.612000,354.823000,14.729000,320.962000
12053,576.146000,322.533000,13.260000,287.452000
12054,748.964000,467.069000,9.611000,343.133000
12055,915.968000,496.079000,7.061000,382.261000
12056,562.737000,346.852000,8.150000,331.703000
12057,596.926000,332.472000,11.259000,296.744000
12058,802.052000,402.580000,12.239000,351.291000
12059,511.738000,283.662000,8.040000,245.324000
12060,711.453000,567.838000,16.420000,405.880000
12061,508.437000,227.585000,10.190000,242.955000
12062,630.645000,343.912000,11.091000,322.183000
12063,640.396000,370.341000,13.221000,360.491000
12064,793.871000,381.851000,12.021000,382.341000
12065,731.793000,263.264000,16.070000,217.075000
12066,587.536000,312.993000,11.180000,279.723000
12067,653.184000,372.600000,10.030000,308.243000
12068,704.613000,378.702000,8.899000,296.204000
12069,557.966000,377.661000,8.940000,282.793000
12070,658.354000,527.778000,20.819000,469.489000
12071,517.458000,285.584000,14.149000,193.556000
12072,597.946000,332.312000,52.239000,300.943000
12073,588.525000,310.673000,16.209000,272.613000
12074,673.375000,403.220000,6.830000,372.321000
12075,707.114000,367.821000,13.250000,283.314000
12076,693.362000,388.382000,11.159000,292.184000
12077,672.185000,463.450000,13.189000,377.931000
12078,748.052000,406.540000,8.540000,336.803000
12079,518.157000,253.364000,10.470000,257.582000
12080,656.375000,548.098000,20.108000,490.449000
12081,698.024000,541.916000,11.230000,531.367000
12082,602.566000,326.522000,19.259000,340.791000
12083,668.694000,361.302000,19.371000,292.494000
12084,567.157000,310.323000,13.559000,279.564000
12085,430.001000,258.894000,13.000000,234.814000
12086,482.029000,234.035000,8.140000,216.225000
12087,520.618000,278.294000,6.040000,252.275000
12088,474.608000,248.195000,6.699000,243.414000
12089,733.462000,393.531000,7.210000,315.732000
12090,476.737000,308.104000,18.540000,205.226000
12091,779.831000,353.231000,9.850000,337.252000
12092,846.800000,312.313000,17.450000,291.793000
12093,613.616000,325.163000,11.170000,276.423000
12094,554.276000,327.543000,13.670000,309.862000
12095,643.654000,382.621000,13.510000,307.703000
12096,758.662000,427.470000,8.129000,378.601000
12097,556.827000,321.072000,13.729000,310.243000
12098,448.909000,278.984000,10.450000,289.653000
12099,703.144000,311.763000,14.789000,278.473000
12100,703.144000,507.918000,17.849000,288.603000
12101,681.463000,350.843000,10.080000,318.012000
12102,747.482000,406.031000,11.198000,350.502000
12103,754.271000,428.480000,12.770000,370.821000
12104,575.178000,312.832000,10.139000,260.265000
12105,752.472000,408.301000,8.530000,302.573000
12106,655.624000,362.072000,14.890000,292.682000
12107,673.204000,332.151000,43.428000,314.743000
12108,485.708000,239.345000,11.650000,241.914000
12109,543.446000,307.673000,44.019000,274.923000
12110,678.624000,543.128000,16.389000,499.639000
12111,811.152000,243.814000,13.470000,225.665000
12112,436.370000,176.426000,10.119000,191.065000
12113,506.199000,308.282000,8.880000,234.865000
12114,769.762000,476.140000,9.390000,352.321000
12115,614.616000,307.393000,11.139000,264.935000
12116,675.574000,365.631000,11.130000,299.443000
12117,496.418000,244.195000,8.090000,226.155000
12118,624.036000,322.491000,7.019000,267.644000
12119,577.137000,307.603000,10.189000,259.784000
12120,595.685000,314.393000,15.619000,297.473000
12121,497.760000,285.334000,12.050000,230.205000
12122,580.677000,312.842000,13.580000,305.322000
12123,542.058000,313.681000,15.670000,220.804000
12124,642.035000,387.781000,8.800000,359.522000
12125,636.775000,352.131000,6.699000,280.794000
12126,582.556000,281.184000,11.170000,209.775000
12127,670.833000,375.272000,8.630000,303.903000
12128,747.003000,362.602000,11.360000,296.833000
12129,661.645000,375.811000,15.490000,336.803000
12130,616.056000,502.048000,18.959000,441.020000
12131,683.283000,531.598000,17.550000,352.651000
12132,728.994000,362.141000,52.069000,317.972000
12133,570.856000,320.864000,8.610000,297.423000
12134,600.766000,348.832000,15.270000,400.011000
12135,721.964000,368.161000,12.329000,305.894000
12136,604.955000,282.493000,12.180000,281.364000
12137,485.329000,236.934000,8.660000,224.194000
12138,697.904000,342.961000,8.770000,321.353000
12139,618.396000,319.242000,7.731000,292.823000
12140,763.622000,349.562000,21.450000,308.354000
12141,538.847000,295.314000,7.970000,428.109000
12142,627.345000,356.882000,9.209000,270.873000
12143,647.195000,388.751000,46.719000,330.482000
12144,504.638000,305.973000,15.870000,263.275000
12145,524.168000,299.133000,14.640000,227.235000
12146,445.380000,245.754000,12.429000,230.124000
12147,503.249000,290.314000,10.171000,263.833000
12148,721.214000,418.090000,12.310000,368.911000
12149,509.498000,215.264000,10.640000,182.216000
12150,737.842000,376.501000,17.510000,314.514000
12151,530.837000,292.074000,11.019000,251.583000
12152,653.006000,353.242000,7.188000,295.603000
12153,573.666000,321.973000,9.500000,268.423000
12154,414.040000,182.046000,16.759000,168.726000
12155,713.113000,413.850000,9.069000,322.984000
12156,535.088000,311.781000,40.570000,280.524000
12157,644.396000,384.431000,13.910000,359.141000
12158,511.259000,291.563000,58.949000,284.103000
12159,526.537000,310.492000,10.810000,295.533000
12160,793.422000,535.166000,12.531000,535.707000
12161,546.218000,300.033000,13.371000,251.355000
12162,939.577000,426.300000,13.870000,316.414000
12163,550.057000,342.381000,13.400000,288.634000
12164,695.264000,463.968000,8.769000,310.393000
12165,611.686000,374.381000,7.421000,307.883000
12166,758.393000,378.180000,14.459000,302.122000
12167,470.690000,260.134000,13.150000,218.425000
12168,604.356000,375.361000,14.020000,280.405000
12169,543.966000,296.893000,11.419000,262.824000
12170,651.496000,507.698000,16.228000,358.252000
12171,610.396000,338.201000,12.140000,313.533000
12172,756.802000,405.110000,9.580000,376.471000
12173,677.494000,336.581000,14.480000,262.514000
12174,723.723000,296.314000,13.150000,232.815000
12175,549.527000,318.953000,7.659000,255.224000
12176,609.736000,327.024000,4.840000,260.892000
12177,561.558000,350.322000,8.680000,275.483000
12178,661.625000,391.500000,11.289000,358.541000
12179,595.366000,317.613000,10.959000,308.454000
12180,590.427000,473.149000,20.929000,396.740000
12181,697.574000,403.130000,57.929000,395.160000
12182,496.038000,276.374000,9.940000,231.455000
12183,705.634000,435.289000,12.080000,449.239000
12184,712.144000,419.370000,11.990000,331.702000
12185,717.903000,419.270000,6.670000,311.642000
12186,587.807000,328.971000,5.501000,291.104000
12187,641.445000,380.191000,6.381000,322.162000
12188,622.356000,371.021000,9.920000,322.362000
12189,565.066000,293.644000,13.160000,264.223000
12190,705.254000,534.417000,27.749000,543.526000
12191,748.923000,605.846000,19.460000,393.132000
12192,612.185000,363.882000,15.890000,298.412000
12193,670.974000,396.321000,32.329000,349.152000
12194,603.385000,382.301000,11.230000,311.002000
12195,629.625000,382.651000,11.680000,325.883000
12196,457.269000,222.804000,12.461000,186.906000
12197,711.473000,387.770000,7.710000,313.282000
12198,648.224000,329.563000,10.070000,238.814000
12199,640.354000,389.730000,10.780000,310.453000
12200,527.918000,382.621000,20.139000,280.423000
12201,542.328000,306.242000,12.240000,275.834000
12202,822.461000,281.124000,19.469000,245.644000
12203,445.890000,247.585000,10.550000,219.366000
12204,372.380000,195.376000,8.850000,194.675000
12205,769.043000,393.490000,17.580000,328.503000
12206,523.048000,288.724000,13.460000,256.104000
12207,717.063000,431.700000,12.090000,396.530000
12208,719.042000,362.592000,18.810000,297.012000
12209,589.456000,376.391000,6.960000,377.642000
12210,744.262000,578.007000,14.659000,552.586000
12211,581.497000,273.323000,9.610000,260.994000
12212,651.535000,342.981000,33.990000,298.514000
12213,644.805000,414.900000,49.298000,362.042000
12214,667.614000,379.121000,13.690000,352.203000
12215,689.963000,378.581000,12.460000,313.224000
12216,650.265000,352.642000,8.630000,312.242000
12217,711.064000,366.451000,7.940000,294.273000
12218,596.426000,353.761000,7.449000,288.224000
12219,767.341000,399.030000,15.589000,308.154000
12220,613.246000,491.078000,24.460000,361.622000
12221,1058.716000,347.992000,17.999000,253.524000
12222,678.183000,403.201000,9.449000,319.533000
12223,770.611000,485.379000,7.779000,335.362000
12224,556.806000,248.474000,9.149000,209.275000
12225,777.781000,507.438000,10.701000,379.600000
12226,642.646000,358.242000,8.129000,298.873000
12227,593.396000,335.792000,11.350000,299.304000
12228,599.337000,303.813000,10.890000,260.994000
12229,585.626000,313.463000,7.880000,310.652000
12230,526.249000,407.561000,18.890000,284.263000
12231,645.136000,342.183000,12.030000,290.602000
12232,535.108000,280.763000,12.260000,279.573000
12233,677.094000,373.801000,12.490000,309.432000
12234,561.577000,387.611000,12.290000,294.772000
12235,930.388000,518.588000,10.400000,367.901000
12236,623.545000,337.193000,5.581000,253.663000
12237,644.284000,324.163000,12.570000,285.383000
12238,662.494000,386.491000,15.220000,303.284000
12239,679.195000,326.741000,21.560000,267.454000
12240,703.364000,583.006000,17.220000,486.079000
12241,593.675000,310.653000,12.949000,257.134000
12242,597.217000,287.504000,16.059000,233.515000
12243,615.866000,416.130000,21.379000,412.510000
12244,531.599000,314.093000,15.269000,274.644000
12245,356.741000,176.706000,8.690000,186.196000
12246,429.839000,222.615000,6.880000,195.906000
12247,794.732000,473.678000,11.870000,340.432000
12248,575.867000,285.353000,51.789000,251.674000
12249,383.821000,194.986000,6.129000,181.026000
12250,634.936000,521.686000,13.360000,460.449000
12251,580.636000,317.653000,8.770000,257.463000
12252,506.329000,273.683000,11.969000,232.955000
12253,617.815000,369.201000,11.539000,320.073000
12254,492.038000,303.244000,10.930000,264.285000
12255,537.846000,310.042000,46.858000,357.032000
12256,549.919000,309.832000,8.360000,295.753000
12257,588.816000,376.361000,13.590000,301.543000
12258,780.121000,380.311000,17.680000,350.742000
12259,781.183000,410.960000,13.110000,372.271000
12260,591.466000,467.339000,16.119000,392.890000
12261,471.399000,244.995000,12.199000,235.215000
12262,467.819000,248.324000,9.310000,230.835000
12263,691.134000,414.300000,7.590000,332.922000
12264,560.067000,357.452000,40.358000,291.503000
12265,581.637000,380.770000,13.030000,318.563000
12266,634.444000,410.931000,22.540000,408.211000
12267,514.438000,284.933000,11.699000,236.674000
12268,512.627000,323.293000,13.189000,275.174000
12269,728.743000,425.230000,10.320000,330.923000
12270,605.406000,485.269000,49.540000,469.068000
12271,483.599000,234.424000,12.379000,206.035000
12272,708.553000,396.021000,9.061000,341.373000
12273,529.667000,265.694000,15.090000,236.795000
12274,768.992000,458.039000,8.430000,342.142000
12275,557.047000,321.883000,7.890000,318.402000
12276,885.199000,339.481000,13.460000,239.804000
12277,526.018000,283.072000,14.760000,238.825000
12278,565.016000,327.122000,9.519000,261.574000
12279,516.468000,256.963000,9.120000,222.136000
12280,531.847000,354.991000,21.389000,340.842000
12281,742.873000,512.337000,13.680000,362.111000
12282,419.270000,204.665000,8.200000,215.875000
12283,688.444000,374.431000,6.460000,330.531000
12284,542.637000,276.713000,9.140000,247.244000
12285,662.465000,390.330000,9.200000,322.972000
12286,386.081000,211.785000,8.969000,195.566000
12287,649.493000,385.782000,10.170000,370.071000
12288,470.988000,211.445000,10.009000,188.116000
12289,542.468000,318.412000,7.989000,264.605000
12290,614.605000,513.928000,16.370000,458.759000
12291,604.476000,299.123000,17.590000,305.253000
12292,416.020000,254.974000,9.558000,234.205000
12293,657.975000,361.732000,11.299000,348.182000
12294,674.964000,374.771000,51.888000,305.754000
12295,418.260000,211.105000,7.570000,189.426000
12296,797.001000,390.921000,16.940000,315.793000
12297,600.677000,334.202000,17.070000,291.194000
12298,697.054000,395.571000,12.150000,327.193000
12299,635.215000,394.220000,8.480000,338.602000
12300,790.471000,601.926000,14.529000,567.518000
12301,608.975000,413.501000,14.579000,367.850000
12302,484.548000,289.663000,15.430000,246.065000
12303,545.567000,284.384000,11.840000,301.752000
12304,701.163000,424.541000,9.800000,342.021000
12305,646.535000,382.700000,39.189000,402.110000
12306,563.636000,305.393000,11.710000,304.812000
12307,639.164000,376.890000,9.551000,297.683000
12308,605.446000,325.322000,9.289000,295.884000
12309,643.565000,300.123000,10.439000,247.654000
12310,633.645000,519.249000,17.900000,397.440000
12311,804.311000,442.489000,14.080000,354.540000
12312,701.523000,427.219000,9.619000,348.982000
12313,589.386000,354.651000,9.460000,269.034000
12314,542.307000,343.261000,11.040000,284.113000
12315,480.219000,263.353000,13.869000,240.326000
12316,643.115000,375.071000,10.770000,307.073000
12317,534.878000,268.314000,11.460000,231.825000
12318,450.118000,235.895000,11.189000,215.096000
12319,636.265000,405.580000,10.730000,291.113000
12320,824.592000,495.778000,18.200000,381.731000
12321,697.032000,344.932000,8.770000,308.852000
12322,599.455000,328.463000,12.040000,323.931000
12323,487.450000,242.613000,13.860000,226.515000
12324,683.525000,419.011000,10.929000,320.592000
12325,547.938000,263.803000,8.849000,219.085000
12326,721.954000,408.461000,15.780000,464.890000
12327,564.317000,256.465000,13.310000,216.515000
12328,783.071000,447.109000,8.380000,413.711000
12329,637.435000,344.863000,7.170000,288.342000
12330,592.705000,470.958000,15.440000,426.710000
12331,792.222000,370.772000,23.239000,332.272000
12332,671.144000,410.970000,12.450000,365.491000
12333,606.235000,252.754000,11.619000,212.515000
12334,629.096000,413.000000,9.589000,307.292000
12335,543.708000,363.421000,7.831000,291.833000
12336,569.726000,275.634000,5.120000,224.375000
12337,431.919000,237.805000,11.140000,213.955000
12338,605.105000,380.951000,46.759000,294.533000
12339,480.799000,262.633000,11.240000,218.815000
12340,703.093000,418.240000,18.770000,370.472000
12341,654.884000,377.591000,14.520000,293.534000
12342,528.088000,306.493000,17.000000,279.883000
12343,696.003000,297.932000,12.240000,269.613000
12344,739.062000,413.640000,13.290000,338.073000
12345,597.177000,363.351000,13.381000,303.284000
12346,628.516000,448.908000,11.720000,367.412000
12347,411.649000,201.066000,8.250000,171.975000
12348,708.042000,343.323000,15.280000,277.992000
12349,570.047000,353.402000,11.750000,318.822000
12350,801.320000,587.986000,20.289000,520.369000
12351,587.928000,326.133000,15.200000,326.292000
12352,531.798000,234.735000,8.530000,196.774000
12353,526.597000,315.043000,11.039000,253.023000
12354,689.494000,454.060000,11.150000,355.890000
12355,541.999000,315.663000,17.060000,273.733000
12356,636.486000,355.881000,10.859000,296.193000
12357,805.541000,374.611000,15.879000,301.384000
12358,650.225000,380.880000,9.981000,294.293000
12359,640.905000,377.562000,12.210000,405.762000
12360,670.025000,507.967000,22.059000,451.900000
12361,503.459000,397.100000,15.410000,358.861000
12362,410.670000,343.861000,51.919000,328.862000
12363,600.326000,450.660000,11.030000,356.312000
12364,470.780000,210.004000,15.990000,193.546000
12365,633.265000,355.332000,7.029000,303.173000
12366,632.105000,386.280000,7.670000,342.802000
12367,499.919000,273.464000,11.230000,268.233000
12368,687.475000,414.691000,8.911000,370.241000
12369,631.196000,335.031000,8.529000,255.465000
12370,563.266000,371.330000,14.889000,255.175000
12371,601.765000,256.105000,8.000000,283.423000
12372,663.134000,362.930000,10.811000,343.513000
12373,531.667000,260.044000,7.650000,231.295000
12374,684.093000,390.420000,9.840000,325.163000
12375,557.977000,328.212000,14.520000,299.243000
12376,601.615000,345.831000,10.660000,322.112000
12377,549.778000,294.712000,41.479000,261.543000
12378,478.568000,246.773000,7.520000,227.494000
12379,570.048000,316.962000,14.660000,286.664000
12380,691.442000,503.799000,16.999000,282.743000
12381,893.349000,336.323000,12.140000,312.813000
12382,373.052000,169.695000,9.260000,176.236000
12383,508.419000,283.242000,8.341000,242.684000
12384,405.621000,211.696000,8.219000,199.885000
12385,570.738000,316.662000,13.160000,266.474000
12386,720.402000,412.010000,14.600000,316.063000
12387,490.799000,246.194000,13.409000,213.015000
12388,404.821000,216.624000,19.729000,238.944000
12389,354.741000,231.235000,15.910000,236.273000
12390,539.947000,414.900000,24.520000,300.962000
12391,502.949000,264.664000,14.269000,260.855000
12392,691.364000,376.061000,11.090000,336.102000
12393,484.559000,240.534000,11.419000,219.606000
12394,680.334000,374.661000,47.679000,302.553000
12395,540.798000,318.512000,10.320000,315.292000
12396,573.207000,362.821000,10.329000,299.092000
12397,557.237000,311.472000,8.490000,267.805000
12398,481.757000,241.415000,13.259000,213.976000
12399,626.094000,348.652000,10.789000,301.103000
12400,697.784000,342.152000,19.130000,336.804000
12401,656.893000,309.943000,12.300000,279.613000
12402,548.326000,295.673000,11.460000,298.324000
12403,634.355000,359.062000,10.131000,294.524000
12404,477.910000,248.153000,6.890000,205.245000
12405,559.068000,285.383000,6.599000,311.883000
12406,607.235000,366.611000,6.770000,276.874000
12407,894.109000,439.440000,12.859000,440.390000
12408,613.266000,335.512000,11.050000,303.824000
12409,497.308000,260.255000,8.819000,235.755000
12410,783.281000,687.714000,17.269000,414.881000
12411,576.557000,283.913000,11.680000,252.405000
12412,582.457000,337.383000,12.320000,314.472000
12413,632.035000,367.960000,9.960000,319.282000
12414,524.458000,320.983000,13.989000,281.774000
12415,584.426000,345.953000,11.460000,340.182000
12416,624.436000,288.852000,9.080000,226.115000
12417,480.549000,242.934000,4.680000,197.925000
12418,548.177000,352.472000,70.988000,298.422000
12419,473.688000,240.865000,7.640000,212.465000
12420,669.774000,509.709000,17.049000,347.331000
12421,563.097000,246.234000,11.180000,233.464000
12422,679.495000,360.801000,12.030000,322.413000
12423,467.099000,279.144000,15.109000,278.023000
12424,638.794000,410.920000,15.659000,342.213000
12425,604.976000,380.740000,17.049000,396.981000
12426,600.246000,384.781000,13.949000,281.384000
12427,545.287000,343.321000,13.410000,319.463000
12428,654.214000,357.001000,9.000000,262.804000
12429,448.049000,215.085000,6.100000,193.665000
12430,801.361000,294.762000,13.700000,258.445000
12431,655.564000,291.153000,11.750000,280.924000
12432,517.849000,242.765000,13.760000,223.304000
12433,497.419000,273.094000,13.520000,240.614000
12434,471.219000,256.255000,9.520000,244.795000
12435,672.513000,361.821000,7.530000,286.722000
12436,383.101000,214.065000,7.460000,187.265000
12437,744.904000,391.841000,16.070000,314.912000
12438,582.556000,324.373000,16.569000,289.372000
12439,550.638000,286.893000,12.880000,248.574000
12440,718.943000,573.557000,17.600000,365.361000
12441,625.975000,278.752000,12.470000,279.294000
12442,713.174000,330.492000,9.160000,281.914000
12443,453.429000,223.405000,8.840000,215.616000
12444,637.986000,342.453000,8.870000,311.264000
12445,591.766000,346.352000,12.919000,281.293000
12446,732.983000,430.820000,15.189000,337.562000
12447,806.991000,486.688000,11.180000,369.963000
12448,498.277000,283.063000,10.430000,250.353000
12449,619.025000,347.422000,10.880000,281.623000
12450,431.600000,309.193000,16.430000,283.813000
12451,633.283000,330.164000,11.840000,266.193000
12452,413.911000,191.716000,11.349000,178.498000
12453,727.103000,293.334000,10.899000,245.044000
12454,652.575000,329.182000,11.979000,274.874000
12455,734.953000,451.888000,9.539000,341.252000
12456,610.326000,347.521000,10.000000,290.094000
12457,593.167000,344.421000,14.180000,300.784000
12458,622.185000,387.440000,14.190000,324.112000
12459,610.646000,317.212000,15.569000,293.433000
12460,688.034000,565.748000,25.169000,396.542000
12461,534.517000,304.762000,11.330000,277.084000
12462,498.568000,235.453000,13.200000,234.904000
12463,562.366000,291.264000,8.550000,252.104000
12464,416.010000,219.915000,9.259000,202.065000
12465,602.856000,307.771000,8.320000,245.474000
12466,913.219000,289.272000,10.080000,215.275000
12467,729.064000,285.702000,12.900000,256.774000
12468,693.294000,375.372000,8.140000,320.442000
12469,372.971000,184.296000,5.840000,177.806000
12470,684.734000,512.798000,16.610000,344.403000
12471,598.066000,277.554000,11.950000,264.983000
12472,521.568000,249.533000,10.250000,226.525000
12473,528.348000,249.204000,8.669000,220.534000
12474,784.002000,399.990000,21.280000,293.293000
12475,573.417000,374.551000,10.699000,323.272000
12476,697.024000,375.401000,9.040000,285.424000
12477,508.827000,316.912000,15.879000,279.743000
12478,614.175000,309.973000,14.848000,239.615000
12479,595.976000,275.644000,14.910000,261.304000
12480,730.573000,515.929000,13.748000,326.762000
12481,616.526000,294.813000,8.940000,253.345000
12482,666.404000,341.441000,13.039000,333.122000
12483,580.076000,310.262000,15.251000,303.784000
12484,632.605000,351.981000,9.599000,327.163000
12485,531.347000,298.623000,7.288000,322.623000
12486,617.086000,321.601000,6.819000,252.114000
12487,650.046000,324.882000,16.630000,301.033000
12488,727.483000,378.941000,16.389000,317.203000
12489,414.000000,197.845000,9.920000,189.025000
12490,470.059000,208.585000,14.680000,233.845000
12491,756.832000,321.652000,8.849000,332.823000
12492,643.504000,331.153000,11.920000,312.642000
12493,852.841000,584.746000,11.790000,420.350000
12494,578.947000,276.904000,13.340000,264.894000
12495,347.671000,127.897000,9.970000,135.516000
12496,692.695000,366.762000,11.200000,294.082000
12497,386.980000,172.967000,9.140000,175.156000
12498,555.766000,312.691000,14.019000,266.263000
12499,658.664000,401.051000,15.710000,362.491000
12500,557.946000,434.050000,22.920000,384.530000
12501,761.982000,324.963000,15.209000,402.440000
12502,664.603000,372.082000,9.040000,359.091000
12503,578.776000,376.621000,10.290000,297.793000
12504,615.905000,361.501000,10.910000,304.434000
12505,507.707000,323.852000,7.269000,309.312000
12506,521.319000,315.173000,8.620000,254.275000
12507,502.418000,309.913000,6.440000,261.074000
12508,473.289000,300.554000,8.180000,263.183000
12509,652.055000,411.940000,11.640000,324.353000
12510,485.109000,393.131000,22.829000,321.883000
12511,662.796000,337.173000,11.289000,280.542000
12512,577.346000,292.454000,14.440000,350.722000
12513,646.945000,376.130000,13.440000,314.633000
12514,698.743000,391.612000,10.829000,299.402000
12515,617.915000,309.171000,9.059000,263.663000
12516,682.614000,382.581000,6.671000,299.381000
12517,669.904000,358.602000,8.539000,285.793000
12518,477.609000,222.415000,8.739000,208.846000
12519,463.470000,236.585000,7.089000,203.475000
12520,562.476000,538.537000,16.630000,325.553000
12521,578.866000,235.644000,13.010000,214.885000
12522,498.048000,236.605000,9.810000,254.204000
12523,377.181000,206.165000,9.320000,198.925000
12524,571.775000,309.494000,15.809000,248.695000
12525,595.095000,361.881000,17.550000,314.722000
12526,695.124000,362.861000,13.390000,295.103000
12527,975.007000,359.511000,13.870000,299.552000
12528,717.444000,459.519000,11.459000,426.660000
12529,487.768000,245.775000,8.469000,218.635000
12530,895.010000,662.294000,16.620000,528.217000
12531,591.766000,287.074000,9.520000,272.403000
12532,489.679000,299.732000,10.719000,254.855000
12533,704.224000,314.403000,14.759000,284.374000
12534,579.116000,358.081000,15.830000,330.723000
12535,455.460000,285.632000,14.130000,270.204000
12536,518.117000,256.414000,13.380000,226.384000
12537,534.067000,236.384000,13.100000,203.645000
12538,269.584000,105.667000,16.430000,129.746000
12539,377.822000,141.516000,13.240000,152.977000
12540,633.756000,409.870000,51.790000,351.211000
12541,665.364000,427.801000,15.109000,310.923000
12542,605.545000,283.973000,10.760000,258.652000
12543,630.156000,357.252000,12.740000,311.643000
12544,562.007000,317.363000,11.289000,261.424000
12545,424.619000,242.234000,8.589000,215.086000
12546,732.033000,415.731000,6.400000,349.182000
12547,609.106000,347.932000,8.541000,322.494000
12548,628.236000,368.261000,13.849000,369.451000
12549,494.957000,257.184000,10.919000,218.886000
12550,572.176000,469.460000,21.159000,319.672000
12551,875.749000,400.540000,16.050000,370.461000
12552,569.956000,342.053000,14.060000,274.642000
12553,498.809000,277.804000,9.930000,267.823000
12554,579.057000,225.455000,13.149000,202.705000
12555,695.652000,325.823000,17.228000,299.513000
12556,576.566000,289.554000,16.370000,262.483000
12557,557.058000,312.652000,14.220000,275.134000
12558,537.387000,272.533000,15.950000,276.793000
12559,628.396000,342.693000,12.970000,304.812000
12560,458.360000,304.603000,22.399000,306.362000
12561,565.646000,483.499000,15.290000,414.289000
12562,567.707000,312.123000,10.010000,273.523000
12563,436.769000,203.025000,10.429000,193.085000
12564,655.904000,367.841000,14.300000,304.453000
12565,618.595000,397.341000,10.539000,324.882000
12566,522.978000,313.632000,9.160000,256.824000
12567,586.356000,383.841000,9.010000,272.765000
12568,492.738000,278.344000,11.840000,230.545000
12569,671.494000,401.681000,11.560000,313.073000
12570,566.627000,269.634000,18.759000,273.414000
12571,644.915000,411.811000,17.049000,305.204000
12572,627.265000,363.962000,10.649000,326.501000
12573,595.476000,352.402000,8.499000,303.013000
12574,477.039000,296.953000,11.221000,248.093000
12575,837.640000,488.969000,13.030000,369.242000
12576,706.943000,449.119000,11.010000,356.021000
12577,596.906000,345.142000,8.451000,329.612000
12578,707.802000,399.481000,16.650000,310.604000
12579,626.215000,368.320000,15.360000,380.682000
12580,639.615000,534.489000,17.639000,483.308000
12581,693.114000,581.697000,15.920000,398.681000
12582,809.590000,389.231000,19.889000,340.532000
12583,443.980000,240.434000,13.469000,213.696000
12584,462.549000,257.114000,7.950000,210.966000
12585,658.284000,374.012000,8.381000,280.963000
12586,623.756000,372.272000,8.899000,294.732000
12587,844.570000,320.943000,14.239000,257.714000
12588,700.374000,386.971000,5.579000,584.386000
12589,606.936000,310.193000,7.950000,282.653000
12590,963.947000,314.203000,25.399000,287.534000
12591,656.754000,280.153000,15.879000,278.094000
12592,676.274000,339.432000,8.741000,301.894000
12593,544.956000,322.122000,6.500000,277.513000
12594,553.367000,305.043000,36.360000,236.244000
12595,692.474000,345.132000,9.629000,287.063000
12596,551.356000,285.314000,11.379000,264.674000
12597,564.926000,299.573000,14.160000,247.623000
12598,652.485000,389.190000,12.300000,337.483000
12599,543.757000,311.902000,16.680000,260.724000
12600,675.584000,496.409000,17.710000,427.340000
12601,672.644000,570.136000,12.189000,388.531000
12602,597.606000,332.003000,11.670000,289.693000
12603,525.548000,300.032000,10.260000,267.134000
12604,675.984000,462.129000,10.889000,380.450000
12605,509.569000,313.743000,13.619000,265.134000
12606,436.190000,230.804000,8.129000,217.235000
12607,473.190000,274.652000,9.390000,228.625000
12608,588.356000,294.393000,16.450000,254.974000
12609,730.752000,415.889000,17.040000,345.862000
12610,413.600000,296.223000,20.989000,221.585000
12611,693.953000,446.100000,15.101000,352.642000
12612,718.473000,398.030000,40.559000,337.012000
12613,637.566000,377.972000,10.240000,375.620000
12614,1070.126000,310.042000,16.529000,240.304000
12615,652.485000,389.481000,12.869000,332.442000
12616,585.926000,337.941000,9.409000,325.812000
12617,551.877000,332.982000,12.640000,286.003000
12618,648.655000,397.321000,11.050000,310.133000
12619,893.569000,384.151000,16.309000,353.921000
12620,577.446000,470.850000,59.018000,366.012000
12621,380.511000,223.215000,12.389000,211.503000
12622,623.186000,382.521000,9.950000,304.133000
12623,631.795000,494.129000,11.340000,331.352000
12624,526.177000,293.823000,16.610000,257.754000
12625,449.690000,303.343000,6.540000,252.354000
12626,644.425000,403.200000,7.970000,303.143000
12627,582.597000,367.612000,8.370000,312.542000
12628,541.977000,309.523000,13.339000,265.313000
12629,539.028000,347.332000,14.260000,296.014000
12630,686.344000,595.287000,19.090000,551.207000
12631,624.586000,403.320000,20.219000,300.484000
12632,625.515000,369.771000,13.820000,309.922000
12633,599.808000,356.682000,14.439000,289.922000
12634,616.425000,396.150000,15.959000,353.122000
12635,576.766000,338.791000,74.049000,322.052000
12636,697.114000,415.600000,8.620000,334.191000
12637,674.834000,398.450000,9.200000,351.921000
12638,572.826000,335.193000,8.600000,352.711000
12639,670.454000,387.480000,9.470000,310.723000
12640,800.341000,555.138000,12.850000,387.101000
12641,600.035000,403.341000,10.771000,332.462000
12642,716.404000,401.151000,10.381000,365.001000
12643,690.763000,465.549000,9.540000,300.163000
12644,491.478000,281.104000,12.649000,235.055000
12645,786.731000,476.540000,12.150000,356.862000
12646,665.814000,362.122000,15.810000,299.364000
12647,645.005000,451.889000,16.630000,378.191000
12648,615.635000,359.162000,13.700000,296.473000
12649,729.374000,432.058000,5.320000,345.182000
12650,428.480000,182.765000,10.500000,180.266000
12651,469.339000,251.763000,8.141000,213.575000
12652,597.775000,325.453000,9.120000,262.124000
12653,702.363000,395.002000,8.240000,343.202000
12654,963.237000,324.543000,15.399000,250.724000
12655,668.285000,406.791000,16.580000,321.063000
12656,689.975000,409.660000,12.560000,407.950000
12657,652.355000,369.721000,11.620000,320.442000
12658,532.937000,393.980000,13.820000,333.611000
12659,576.446000,333.442000,14.200000,254.384000
12660,719.643000,636.875000,52.989000,510.957000
12661,916.259000,432.630000,20.749000,378.581000
12662,690.014000,309.122000,18.649000,262.724000
12663,770.881000,456.269000,9.519000,368.871000
12664,345.781000,177.225000,5.960000,168.647000
12665,502.318000,313.482000,7.859000,270.095000
12666,617.145000,372.501000,12.679000,424.870000
12667,618.236000,344.331000,10.139000,281.904000
12668,590.035000,340.293000,8.959000,283.004000
12669,754.653000,456.448000,10.440000,325.183000
12670,567.787000,322.953000,20.379000,258.134000
12671,646.425000,335.182000,13.300000,275.265000
12672,509.078000,280.163000,23.110000,243.434000
12673,531.758000,242.874000,9.160000,213.755000
12674,541.156000,329.513000,8.560000,264.463000
12675,632.514000,431.200000,12.419000,321.803000
12676,667.884000,416.480000,45.589000,317.184000
12677,562.997000,318.584000,9.138000,318.182000
12678,553.928000,326.223000,7.730000,277.533000
12679,616.915000,381.921000,9.330000,307.022000
12680,752.553000,408.411000,37.769000,356.542000
12681,676.505000,388.281000,10.489000,322.252000
12682,494.009000,265.744000,9.279000,228.165000
12683,590.806000,345.232000,10.659000,305.512000
12684,549.477000,330.542000,12.529000,276.494000
12685,582.806000,333.672000,14.620000,285.544000
12686,693.763000,360.302000,9.729000,342.631000
12687,546.587000,354.453000,12.651000,298.812000
12688,508.239000,181.065000,12.679000,168.065000
12689,573.766000,292.963000,9.329000,242.974000
12690,481.280000,367.161000,16.500000,283.012000
12691,669.475000,340.823000,10.988000,283.084000
12692,654.925000,405.330000,16.550000,309.232000
12693,739.773000,491.578000,11.410000,372.632000
12694,678.133000,401.510000,10.570000,300.714000
12695,636.435000,311.282000,18.500000,321.813000
12696,377.951000,217.075000,19.139000,212.844000
12697,718.393000,407.560000,7.160000,375.921000
12698,890.049000,379.151000,16.920000,339.062000
12699,572.538000,341.031000,7.929000,318.493000
12700,890.818000,374.112000,20.149000,321.202000
12701,649.234000,371.551000,8.659000,302.932000
12702,701.024000,403.660000,12.310000,309.452000
12703,666.985000,434.700000,8.200000,312.533000
12704,559.787000,336.111000,12.489000,303.763000
12705,608.346000,386.811000,11.790000,300.513000
12706,640.046000,393.140000,10.440000,321.973000
12707,424.490000,187.236000,14.239000,185.765000
12708,645.274000,337.592000,11.399000,313.323000
12709,399.891000,186.975000,14.849000,187.456000
12710,815.231000,327.862000,25.329000,278.094000
12711,633.665000,331.072000,11.470000,309.483000
12712,703.812000,420.559000,48.898000,332.401000
12713,397.401000,179.106000,15.248000,192.157000
12714,638.645000,359.192000,11.520000,301.122000
12715,549.557000,261.503000,11.870000,224.845000
12716,685.574000,390.861000,10.329000,320.532000
12717,559.087000,318.472000,11.870000,275.144000
12718,546.446000,320.313000,14.359000,278.223000
12719,620.905000,349.871000,9.289000,295.254000
12720,756.273000,607.165000,19.159000,387.351000
12721,411.721000,216.105000,9.650000,203.146000
12722,640.304000,328.543000,11.770000,313.473000
12723,601.006000,305.123000,12.219000,257.384000
12724,589.617000,381.961000,12.690000,310.612000
12725,644.945000,403.590000,10.959000,310.244000
12726,501.477000,307.713000,10.029000,287.102000
12727,554.328000,356.762000,12.910000,321.941000
12728,435.480000,225.594000,10.520000,207.285000
12729,707.204000,432.538000,49.749000,381.821000
12730,657.833000,527.047000,20.709000,435.710000
12731,664.464000,451.629000,15.770000,362.212000
12732,849.020000,513.159000,13.290000,384.772000
12733,574.487000,300.494000,22.919000,255.733000
12734,617.815000,366.581000,16.690000,352.592000
12735,507.417000,252.684000,11.050000,218.765000
12736,467.419000,297.243000,8.691000,255.914000
12737,826.771000,495.608000,62.129000,407.571000
12738,571.466000,275.253000,14.509000,231.134000
12739,668.325000,238.713000,12.960000,190.485000
12740,583.567000,466.760000,21.189000,428.728000
12741,654.785000,554.658000,10.980000,358.422000
12742,452.609000,181.876000,12.520000,191.116000
12743,455.839000,225.684000,11.869000,233.735000
12744,518.728000,276.863000,11.100000,245.225000
12745,521.878000,297.653000,12.929000,243.585000
12746,675.494000,383.580000,10.880000,285.073000
12747,495.849000,252.905000,10.920000,228.434000
12748,646.115000,361.721000,8.430000,367.222000
12749,652.984000,362.602000,9.100000,306.062000
12750,482.228000,217.825000,14.860000,218.406000
12751,704.733000,286.782000,15.000000,268.364000
12752,676.714000,344.081000,55.608000,346.911000
12753,743.962000,374.901000,12.050000,359.592000
12754,678.865000,407.770000,7.030000,319.322000
12755,600.926000,362.572000,10.500000,374.210000
12756,495.717000,265.483000,16.459000,233.284000
12757,527.097000,301.113000,15.279000,209.245000
12758,565.596000,336.161000,8.330000,279.164000
12759,500.699000,277.743000,7.749000,252.894000
12760,820.950000,608.845000,60.389000,417.211000
12761,579.706000,267.114000,7.390000,243.894000
12762,714.793000,382.902000,7.750000,379.271000
12763,701.593000,355.373000,11.599000,301.153000
12764,758.222000,433.270000,11.520000,387.431000
12765,650.615000,345.203000,12.850000,276.584000
12766,513.188000,296.333000,12.261000,260.105000
12767,630.625000,424.690000,9.779000,358.831000
12768,482.769000,262.753000,10.590000,240.395000
12769,724.824000,430.460000,8.069000,343.291000
12770,598.755000,473.309000,17.089000,406.851000
12771,1102.414000,536.679000,21.549000,338.412000
12772,672.235000,375.671000,7.650000,349.532000
12773,692.204000,340.921000,6.970000,269.234000
12774,407.540000,159.556000,18.319000,161.666000
12775,553.058000,329.592000,11.181000,279.984000
12776,759.172000,371.311000,12.300000,307.673000
12777,481.388000,273.524000,8.790000,276.413000
12778,694.423000,376.991000,9.669000,363.591000
12779,700.584000,408.370000,12.730000,367.301000
12780,546.708000,457.170000,18.800000,343.051000
12781,698.333000,349.911000,9.540000,375.931000
12782,419.100000,183.106000,14.439000,184.776000
12783,643.555000,318.693000,10.759000,274.565000
12784,488.349000,226.114000,9.800000,201.675000
12785,594.485000,313.402000,14.840000,290.914000
12786,485.399000,293.154000,10.970000,274.262000
12787,460.809000,208.525000,11.639000,209.945000
12788,657.545000,365.111000,10.159000,369.382000
12789,620.786000,322.812000,11.669000,282.333000
12790,704.003000,580.418000,18.500000,367.572000
12791,544.147000,253.985000,10.510000,253.333000
12792,526.458000,295.873000,12.720000,293.203000
12793,605.806000,325.033000,14.919000,277.513000
12794,400.880000,192.376000,13.249000,191.786000
12795,584.816000,233.434000,15.000000,193.285000
12796,645.884000,306.523000,8.350000,283.582000
12797,427.100000,205.976000,6.520000,202.146000
12798,344.033000,185.765000,6.120000,194.586000
12799,559.427000,245.644000,8.600000,219.254000
12800,456.560000,325.652000,16.480000,287.932000
12801,624.576000,480.589000,12.520000,275.864000
12802,566.937000,275.895000,11.560000,286.743000
12803,678.385000,379.331000,13.840000,314.444000
12804,537.257000,339.192000,11.320000,235.394000
12805,548.517000,331.401000,14.440000,268.583000
12806,556.636000,358.211000,15.470000,301.753000
12807,608.456000,333.821000,10.880000,306.792000
12808,754.882000,499.377000,9.860000,338.093000
12809,660.174000,549.457000,8.580000,375.231000
12810,636.835000,522.419000,56.878000,464.719000
12811,580.156000,267.194000,10.000000,296.733000
12812,581.427000,302.052000,10.451000,300.953000
12813,615.855000,376.181000,13.200000,337.202000
12814,476.328000,229.565000,9.110000,217.696000
12815,523.657000,283.483000,13.060000,243.854000
12816,815.821000,536.598000,10.159000,438.001000
12817,601.906000,342.902000,14.199000,296.923000
12818,444.800000,206.656000,12.699000,204.095000
12819,662.044000,321.473000,8.030000,251.645000
12820,647.713000,333.223000,16.820000,221.145000
12821,701.003000,296.393000,11.920000,301.193000
12822,657.224000,352.872000,13.599000,299.633000
12823,682.454000,341.102000,9.979000,264.824000
12824,584.556000,341.561000,12.460000,300.873000
12825,651.254000,358.043000,48.318000,317.453000
12826,635.004000,337.392000,9.600000,317.752000
12827,588.067000,324.362000,8.560000,275.274000
12828,557.907000,291.784000,9.848000,232.984000
12829,459.309000,243.065000,6.180000,209.385000
12830,495.579000,378.991000,13.520000,307.182000
12831,545.618000,260.533000,14.410000,256.724000
12832,572.267000,310.054000,10.310000,280.783000
12833,593.606000,319.323000,9.310000,270.624000
12834,655.054000,398.791000,9.330000,304.333000
12835,604.066000,380.761000,11.899000,292.074000
12836,568.548000,294.633000,8.369000,236.745000
12837,635.616000,368.371000,6.110000,298.884000
12838,798.941000,290.703000,14.461000,236.264000
12839,565.847000,291.421000,11.430000,232.635000
12840,621.175000,501.048000,18.420000,300.323000
12841,657.034000,295.603000,11.699000,257.245000
12842,615.586000,334.683000,11.799000,310.703000
12843,557.218000,332.602000,14.860000,297.832000
12844,575.487000,367.081000,12.030000,296.943000
12845,702.294000,410.261000,9.700000,311.014000
12846,746.252000,464.139000,10.020000,310.932000
12847,486.799000,229.435000,8.219000,204.026000
12848,607.226000,335.892000,13.499000,315.812000
12849,640.645000,391.670000,11.469000,309.102000
12850,749.693000,597.506000,55.399000,373.050000
12851,805.802000,410.300000,11.150000,363.012000
12852,627.275000,348.642000,10.120000,318.802000
12853,613.165000,360.951000,11.810000,282.223000
12854,674.414000,388.301000,11.620000,396.011000
12855,618.486000,309.403000,15.060000,277.934000
12856,606.406000,330.033000,7.269000,268.102000
12857,577.227000,314.472000,8.400000,311.472000
12858,702.974000,401.171000,9.430000,321.483000
12859,472.570000,247.555000,13.510000,207.605000
12860,641.305000,297.153000,17.710000,294.774000
12861,572.536000,265.684000,10.410000,272.893000
12862,541.467000,260.964000,12.450000,230.204000
12863,536.278000,276.594000,14.519000,257.484000
12864,536.727000,279.804000,14.869000,252.783000
12865,635.665000,402.640000,11.720000,321.622000
12866,591.986000,387.172000,13.140000,448.720000
12867,466.470000,235.825000,9.221000,193.296000
12868,1031.976000,491.959000,12.640000,348.282000
12869,604.845000,389.791000,11.460000,332.841000
12870,704.364000,301.902000,47.809000,291.834000
12871,650.565000,312.152000,11.510000,286.344000
12872,609.906000,351.071000,8.830000,328.383000
12873,658.534000,356.053000,8.780000,315.762000
12874,606.475000,293.293000,11.139000,253.233000
12875,606.926000,323.403000,9.901000,297.073000
12876,557.377000,293.872000,10.120000,251.774000
12877,756.482000,415.190000,9.000000,334.131000
12878,569.917000,340.821000,12.019000,293.973000
12879,498.679000,263.914000,12.460000,231.305000
12880,560.466000,431.041000,13.690000,299.423000
12881,700.503000,364.243000,10.730000,314.181000
12882,608.346000,349.702000,11.809000,307.563000
12883,691.054000,335.783000,17.010000,278.713000
12884,589.486000,319.273000,13.011000,288.392000
12885,662.224000,374.591000,14.731000,288.453000
12886,547.976000,329.662000,118.888000,274.134000
12887,554.087000,325.732000,10.500000,293.184000
12888,559.497000,318.484000,15.091000,273.852000
12889,832.661000,270.813000,23.979000,227.844000
12890,595.195000,517.588000,22.290000,351.031000
12891,607.485000,354.661000,16.000000,346.972000
12892,567.008000,338.602000,13.910000,278.484000
12893,956.197000,247.275000,12.760000,209.615000
12894,531.027000,257.954000,14.700000,229.535000
12895,652.084000,377.332000,12.811000,296.312000
12896,792.473000,470.548000,16.539000,376.661000
12897,690.264000,431.380000,10.340000,368.690000
12898,584.486000,334.062000,8.459000,278.184000
12899,470.479000,287.763000,10.730000,252.814000
12900,777.172000,619.105000,15.650000,587.277000
12901,496.078000,389.480000,12.990000,291.294000
12902,534.887000,269.004000,11.861000,280.224000
12903,648.135000,373.841000,13.020000,368.721000
12904,603.406000,348.261000,51.819000,293.394000
12905,537.257000,326.502000,7.299000,277.874000
12906,625.295000,388.720000,49.330000,332.061000
12907,448.470000,284.624000,13.899000,265.324000
12908,760.962000,417.380000,11.830000,294.333000
12909,543.326000,298.643000,9.500000,255.854000
12910,599.286000,486.949000,19.310000,450.840000
12911,730.522000,537.398000,15.670000,392.651000
12912,603.025000,329.011000,53.139000,269.394000
12913,456.428000,259.173000,15.020000,226.115000
12914,624.605000,356.351000,9.969000,308.443000
12915,751.652000,543.276000,89.348000,416.241000
12916,656.285000,393.320000,10.459000,324.452000
12917,640.775000,393.731000,9.980000,277.523000
12918,937.277000,288.494000,13.211000,247.184000
12919,536.207000,320.322000,10.539000,284.764000
12920,851.530000,651.735000,13.590000,687.564000
12921,564.557000,304.112000,10.659000,253.015000
12922,651.996000,376.311000,10.030000,307.242000
12923,688.893000,481.058000,12.218000,377.091000
12924,670.503000,425.160000,13.169000,312.193000
12925,607.716000,512.127000,11.360000,375.051000
12926,597.626000,354.761000,9.409000,291.573000
12927,536.847000,285.294000,9.189000,259.424000
12928,770.923000,476.148000,8.960000,346.732000
12929,645.774000,389.621000,6.889000,304.953000
12930,985.647000,608.386000,14.460000,531.727000
12931,658.865000,495.419000,20.170000,356.171000
12932,596.906000,388.541000,13.860000,296.923000
12933,574.927000,325.492000,14.350000,265.764000
12934,535.437000,348.613000,12.529000,278.262000
12935,486.099000,259.864000,10.910000,211.095000
12936,641.615000,372.542000,10.159000,342.542000
12937,677.653000,474.918000,10.160000,362.373000
12938,402.851000,205.525000,13.470000,189.696000
12939,600.906000,369.091000,12.320000,344.231000
12940,639.856000,515.607000,21.299000,431.329000
12941,584.127000,308.742000,12.150000,286.183000
12942,626.835000,393.611000,14.550000,342.483000
12943,607.146000,384.271000,13.310000,331.911000
12944,412.150000,180.816000,9.450000,169.915000
12945,571.036000,307.243000,13.980000,251.854000
12946,589.166000,380.861000,14.530000,331.092000
12947,469.679000,257.954000,9.560000,272.443000
12948,650.385000,385.431000,9.379000,310.954000
12949,643.505000,392.170000,13.060000,387.591000
12950,739.453000,603.055000,21.508000,467.189000
12951,561.297000,318.923000,10.570000,255.244000
12952,619.916000,364.351000,15.680000,303.692000
12953,544.198000,387.990000,16.040000,333.782000
12954,688.904000,386.911000,12.579000,296.823000
12955,754.183000,384.452000,13.059000,293.752000
12956,574.287000,382.591000,11.870000,325.222000
12957,739.413000,363.231000,10.929000,289.402000
12958,682.925000,429.390000,10.289000,335.482000
12959,549.666000,373.792000,10.459000,322.531000
12960,594.527000,485.957000,17.410000,441.840000
12961,639.794000,478.159000,18.440000,353.432000
12962,495.068000,258.035000,12.790000,222.995000
12963,560.227000,346.012000,13.479000,355.062000
12964,482.818000,323.131000,15.889000,277.954000
12965,573.936000,368.631000,14.380000,280.234000
12966,1575.903000,424.641000,18.749000,333.302000
12967,532.088000,280.603000,9.929000,225.084000
12968,655.835000,337.351000,8.179000,297.944000
12969,593.566000,433.929000,10.379000,303.492000
12970,761.292000,404.470000,17.140000,343.921000
12971,715.693000,403.481000,14.959000,328.842000
12972,617.445000,364.741000,16.360000,303.853000
12973,635.065000,386.640000,14.870000,325.312000
12974,633.335000,380.623000,17.549000,308.883000
12975,494.489000,287.774000,13.699000,238.514000
12976,536.187000,289.263000,14.050000,256.334000
12977,638.135000,382.392000,9.080000,331.342000
12978,587.717000,348.141000,7.660000,303.403000
12979,499.638000,367.472000,10.570000,300.923000
12980,463.799000,360.782000,13.370000,298.903000
12981,751.572000,497.649000,18.560000,384.842000
12982,682.743000,380.572000,13.230000,285.623000
12983,535.548000,324.442000,9.550000,269.864000
12984,728.632000,430.860000,13.050000,378.641000
12985,394.501000,235.215000,9.040000,189.075000
12986,620.746000,402.981000,87.918000,330.482000
12987,531.489000,292.852000,12.499000,235.254000
12988,688.415000,431.560000,8.580000,333.053000
12989,582.366000,302.443000,15.000000,261.813000
12990,744.282000,618.336000,15.690000,409.000000
12991,612.646000,365.151000,11.920000,314.673000
12992,664.943000,376.872000,12.460000,314.722000
12993,678.334000,371.561000,14.690000,298.263000
12994,576.828000,332.521000,11.590000,282.093000
12995,562.238000,345.142000,9.520000,277.244000
12996,720.213000,430.340000,9.530000,345.361000
12997,573.766000,304.763000,8.390000,294.712000
12998,632.385000,323.713000,12.129000,275.353000
12999,556.317000,307.262000,2645.858000,400.670000
13000,661.264000,536.918000,19.829000,409.271000
13001,737.102000,411.970000,51.659000,394.251000
13002,706.774000,418.030000,17.278000,363.212000
13003,629.455000,379.841000,12.679000,292.122000
13004,675.824000,339.871000,15.610000,276.014000
13005,606.905000,339.622000,9.040000,273.905000
13006,781.231000,386.341000,11.259000,320.433000
13007,564.996000,289.834000,10.619000,240.554000
13008,641.844000,413.470000,9.160000,325.293000
13009,787.211000,489.188000,7.580000,424.190000
13010,505.477000,225.565000,16.990000,215.585000
13011,868.960000,339.683000,13.130000,305.243000
13012,602.946000,309.062000,11.779000,287.644000
13013,776.322000,463.169000,42.949000,359.671000
13014,504.188000,253.764000,16.100000,260.265000
13015,481.090000,287.102000,9.770000,378.201000
13016,707.974000,387.122000,8.859000,309.144000
13017,678.804000,277.653000,13.089000,252.764000
13018,755.902000,397.980000,8.280000,330.162000
13019,608.387000,328.483000,9.550000,270.474000
13020,547.698000,402.490000,53.269000,362.241000
13021,701.183000,514.458000,15.800000,307.283000
13022,504.658000,273.394000,7.578000,295.583000
13023,518.977000,276.304000,10.759000,284.944000
13024,561.926000,288.224000,9.059000,248.303000
13025,601.407000,387.821000,12.891000,310.833000
13026,706.224000,376.561000,11.309000,298.433000
13027,590.876000,353.931000,11.760000,315.562000
13028,591.555000,261.475000,8.240000,247.454000
13029,598.015000,317.692000,9.310000,272.713000
13030,803.191000,624.565000,17.220000,299.382000
13031,960.928000,324.162000,15.810000,267.164000
13032,647.815000,329.461000,13.340000,301.254000
13033,667.713000,443.980000,9.261000,342.973000
13034,575.477000,332.092000,8.610000,299.823000
13035,721.463000,392.091000,12.489000,327.482000
13036,514.848000,266.724000,11.190000,212.126000
13037,638.425000,433.730000,44.419000,324.572000
13038,603.225000,300.832000,13.540000,243.605000
13039,705.553000,312.702000,11.150000,256.065000
13040,786.351000,527.398000,16.758000,332.502000
13041,717.043000,265.424000,15.550000,257.514000
13042,455.210000,233.255000,10.600000,244.873000
13043,579.087000,359.472000,9.439000,299.773000
13044,689.874000,361.951000,10.109000,300.024000
13045,648.324000,370.562000,9.280000,302.533000
13046,546.247000,296.424000,15.929000,279.654000
13047,548.558000,313.122000,12.769000,274.405000
13048,418.609000,211.115000,9.679000,191.746000
13049,582.896000,344.752000,10.030000,305.463000
13050,619.205000,419.990000,23.590000,370.431000
13051,683.084000,456.279000,11.491000,295.224000
13052,617.865000,280.153000,9.229000,264.193000
13053,594.278000,344.552000,15.100000,289.763000
13054,601.448000,354.282000,13.440000,282.732000
13055,634.515000,389.290000,18.749000,288.253000
13056,631.865000,368.610000,11.741000,312.322000
13057,565.358000,287.673000,44.609000,250.034000
13058,585.776000,338.641000,7.630000,296.983000
13059,466.170000,232.184000,8.290000,205.565000
13060,626.615000,489.487000,13.280000,278.994000
13061,738.252000,366.772000,14.629000,322.433000
13062,441.010000,210.555000,18.170000,211.735000
13063,610.945000,425.790000,17.540000,336.872000
13064,701.183000,401.020000,10.499000,339.652000
13065,611.985000,310.842000,8.129000,260.764000
13066,615.466000,333.772000,6.900000,270.533000
13067,530.668000,299.503000,7.680000,268.124000
13068,659.765000,405.031000,16.720000,310.102000
13069,697.864000,407.030000,18.570000,294.983000
13070,702.264000,548.327000,14.840000,365.111000
13071,646.656000,251.514000,18.179000,252.963000
13072,565.857000,245.353000,17.080000,231.805000
13073,501.139000,243.644000,9.619000,225.384000
13074,710.743000,368.501000,17.360000,296.163000
13075,461.909000,267.654000,37.800000,229.005000
13076,726.203000,327.322000,12.760000,259.554000
13077,652.434000,378.121000,11.839000,328.201000
13078,710.324000,385.921000,9.101000,340.211000
13079,472.979000,237.364000,6.180000,247.985000
13080,629.435000,534.916000,14.060000,436.110000
13081,672.994000,507.829000,13.349000,317.984000
13082,544.127000,305.594000,9.889000,285.303000
13083,673.735000,341.103000,15.470000,312.612000
13084,520.078000,289.512000,40.319000,244.754000
13085,553.026000,391.320000,8.980000,342.702000
13086,718.533000,401.841000,12.289000,434.510000
13087,345.552000,164.826000,10.439000,149.956000
13088,510.618000,303.172000,5.550000,317.243000
13089,626.845000,378.281000,53.140000,313.443000
13090,672.554000,280.244000,19.950000,270.742000
13091,667.325000,327.071000,8.461000,292.884000
13092,685.875000,344.781000,9.040000,309.502000
13093,611.156000,335.731000,10.819000,279.433000
13094,523.257000,320.412000,10.319000,270.164000
13095,705.163000,405.920000,8.990000,334.041000
13096,524.508000,280.473000,12.780000,268.293000
13097,540.917000,257.674000,12.780000,237.244000
13098,600.206000,344.632000,12.779000,324.091000
13099,714.294000,382.000000,8.110000,295.374000
13100,631.475000,277.973000,16.979000,278.384000
13101,600.066000,195.306000,12.070000,193.935000
13102,951.637000,299.954000,15.810000,263.083000
13103,452.469000,211.894000,9.661000,202.254000
13104,778.483000,438.029000,7.860000,358.302000
13105,664.674000,321.411000,8.661000,293.912000
13106,641.995000,397.580000,10.209000,292.603000
13107,593.906000,288.993000,9.450000,257.293000
13108,616.614000,319.623000,9.920000,265.094000
13109,630.555000,350.302000,14.320000,342.721000
13110,656.035000,525.207000,98.878000,401.290000
13111,654.213000,307.894000,10.280000,273.763000
13112,777.562000,369.201000,7.069000,335.622000
13113,468.598000,238.005000,9.240000,215.225000
13114,698.894000,353.051000,9.430000,298.443000
13115,774.213000,326.452000,10.530000,278.805000
13116,606.566000,344.871000,7.840000,291.053000
13117,597.066000,351.062000,9.560000,321.543000
13118,615.645000,312.433000,15.330000,263.714000
13119,630.245000,338.312000,10.430000,281.123000
13120,693.354000,542.397000,19.720000,337.571000
13121,653.805000,429.780000,22.059000,368.140000
13122,642.086000,326.022000,15.371000,305.292000
13123,672.753000,427.020000,12.040000,308.563000
13124,638.125000,395.370000,10.030000,318.853000
13125,503.718000,224.665000,9.939000,202.685000
13126,613.105000,326.093000,8.519000,276.704000
13127,652.605000,341.171000,14.150000,287.944000
13128,608.095000,292.423000,12.230000,242.734000
13129,601.126000,303.763000,5.140000,260.013000
13130,521.128000,391.082000,13.980000,246.364000
13131,604.986000,276.594000,10.859000,255.593000
13132,500.859000,242.645000,8.129000,225.574000
13133,599.656000,315.092000,9.049000,310.163000
13134,571.546000,354.671000,12.450000,277.034000
13135,533.367000,298.944000,9.960000,247.144000
13136,631.025000,365.881000,8.909000,284.222000
13137,624.366000,295.064000,8.270000,254.774000
13138,745.462000,327.062000,12.070000,287.295000
13139,465.639000,263.143000,8.180000,238.075000
13140,607.077000,411.540000,15.209000,338.362000
13141,610.886000,480.168000,13.120000,350.761000
13142,748.164000,462.798000,8.900000,360.671000
13143,600.597000,349.582000,11.200000,425.479000
13144,523.117000,284.994000,12.770000,236.874000
13145,599.538000,367.600000,9.820000,316.232000
13146,547.018000,309.692000,40.828000,280.562000
13147,567.686000,326.042000,9.729000,273.773000
13148,501.098000,298.743000,13.750000,284.273000
13149,1036.795000,335.312000,19.310000,242.454000
13150,655.145000,316.572000,21.719000,288.373000
13151,1196.491000,305.842000,15.609000,269.543000
13152,589.297000,309.723000,10.740000,281.543000
13153,691.445000,246.614000,14.779000,219.964000
13154,560.578000,285.173000,7.790000,250.594000
13155,759.912000,362.712000,16.230000,285.893000
13156,706.534000,332.172000,13.329000,253.365000
13157,608.696000,329.644000,8.969000,303.133000
13158,619.756000,398.501000,12.770000,294.324000
13159,504.168000,283.404000,8.510000,261.153000
13160,621.745000,512.958000,16.000000,444.300000
13161,935.129000,609.996000,16.000000,378.521000
13162,477.900000,183.847000,11.980000,180.416000
13163,687.562000,358.102000,12.300000,296.252000
13164,377.400000,153.437000,11.630000,160.106000
13165,651.025000,393.561000,8.330000,327.771000
13166,620.486000,379.311000,11.799000,300.313000
13167,465.238000,218.275000,7.720000,210.885000
13168,708.874000,374.881000,8.440000,296.253000
13169,541.816000,276.134000,7.929000,230.084000
13170,748.382000,484.389000,13.680000,328.382000
13171,609.056000,296.614000,14.500000,267.013000
13172,622.306000,398.461000,118.898000,344.961000
13173,674.864000,243.124000,9.549000,183.425000
13174,758.192000,440.940000,13.689000,316.072000
13175,707.664000,403.361000,13.029000,307.622000
13176,633.305000,346.022000,6.971000,346.021000
13177,634.835000,339.312000,9.969000,304.304000
13178,669.423000,407.080000,9.649000,324.902000
13179,681.744000,298.033000,15.420000,251.404000
13180,670.294000,287.803000,20.919000,301.204000
13181,580.936000,246.363000,9.010000,257.885000
13182,738.922000,470.349000,9.049000,382.610000
13183,694.284000,418.939000,10.859000,306.574000
13184,773.892000,432.520000,10.850000,316.352000
13185,562.486000,314.292000,11.309000,263.363000
13186,627.305000,361.541000,9.420000,300.922000
13187,604.006000,336.772000,10.329000,290.943000
13188,671.814000,342.742000,16.760000,299.284000
13189,591.846000,343.322000,12.859000,298.793000
13190,702.774000,415.751000,19.919000,386.590000
13191,733.903000,324.982000,9.339000,332.231000
13192,577.687000,303.273000,11.769000,277.154000
13193,667.354000,375.772000,13.950000,491.209000
13194,679.135000,385.522000,11.210000,335.962000
13195,620.245000,317.073000,9.519000,328.152000
13196,598.776000,312.124000,8.330000,292.522000
13197,559.717000,330.922000,11.409000,281.322000
13198,664.684000,293.274000,9.119000,232.665000
13199,638.544000,322.452000,6.431000,282.473000
13200,499.889000,231.115000,10.280000,235.873000
13201,694.024000,351.382000,10.030000,365.452000
13202,564.168000,277.383000,16.130000,260.453000
13203,669.034000,341.162000,13.070000,324.333000
13204,659.036000,404.061000,11.100000,311.323000
13205,411.900000,263.973000,15.430000,281.683000
13206,613.146000,357.441000,10.440000,287.244000
13207,693.723000,372.271000,12.930000,302.214000
13208,583.056000,323.383000,8.519000,305.912000
13209,582.006000,308.763000,16.020000,304.642000
13210,647.855000,474.349000,19.090000,303.652000
13211,1202.831000,280.544000,19.270000,261.763000
13212,798.162000,347.820000,15.360000,342.831000
13213,558.316000,312.073000,10.120000,275.853000
13214,407.280000,228.044000,9.619000,216.315000
13215,634.686000,340.982000,10.089000,308.853000
13216,599.326000,288.744000,8.070000,233.234000
13217,513.847000,246.394000,11.820000,225.874000
13218,630.595000,325.452000,15.310000,269.594000
13219,727.763000,488.749000,9.640000,355.112000
13220,629.915000,279.692000,13.130000,365.141000
13221,707.334000,383.602000,15.299000,413.379000
13222,666.274000,312.122000,11.830000,281.444000
13223,576.456000,314.403000,8.080000,292.533000
13224,569.916000,301.594000,8.330000,250.194000
13225,615.425000,346.702000,13.889000,289.094000
13226,577.287000,338.871000,9.729000,299.182000
13227,733.992000,423.450000,8.550000,430.700000
13228,619.735000,328.011000,12.060000,295.824000
13229,658.545000,358.332000,12.539000,290.544000
13230,795.852000,629.286000,67.149000,510.919000
13231,594.457000,267.313000,18.569000,271.204000
13232,520.938000,269.984000,16.580000,283.732000
13233,595.777000,366.001000,13.530000,276.583000
13234,675.765000,398.331000,10.380000,354.092000
13235,622.915000,344.992000,7.469000,314.042000
13236,676.174000,419.180000,11.270000,388.081000
13237,625.436000,275.604000,11.540000,229.995000
13238,523.689000,225.685000,12.309000,215.525000
13239,502.388000,235.665000,8.450000,204.715000
13240,549.108000,241.285000,12.039000,260.674000
13241,520.988000,191.825000,12.630000,189.276000
13242,675.185000,311.632000,9.810000,339.191000
13243,594.347000,307.112000,11.099000,252.364000
13244,642.185000,339.601000,10.200000,288.064000
13245,647.604000,366.822000,14.250000,329.492000
13246,745.232000,398.480000,10.480000,357.932000
13247,825.041000,384.391000,10.220000,306.842000
13248,555.937000,254.045000,4.770000,230.355000
13249,648.395000,356.182000,5.409000,301.254000
13250,624.886000,502.687000,15.550000,382.431000
13251,619.416000,306.673000,10.830000,309.702000
13252,551.787000,251.234000,14.389000,235.834000
13253,657.065000,404.940000,11.289000,331.042000
13254,672.114000,383.090000,12.000000,269.634000
13255,631.195000,285.013000,18.120000,238.765000
13256,590.946000,312.083000,11.800000,266.263000
13257,452.709000,243.694000,11.160000,244.065000
13258,511.278000,271.133000,13.221000,241.754000
13259,758.803000,316.543000,10.070000,310.023000
13260,810.131000,568.347000,16.449000,519.789000
13261,645.564000,267.014000,9.899000,284.763000
13262,476.519000,214.585000,8.649000,219.315000
13263,546.058000,276.354000,5.790000,234.514000
13264,641.633000,356.642000,9.210000,277.083000
13265,605.195000,342.212000,10.299000,297.322000
13266,557.586000,330.624000,15.199000,273.023000
13267,464.179000,236.034000,15.620000,224.375000
13268,606.675000,331.301000,9.900000,259.714000
13269,521.698000,286.843000,7.569000,245.244000
13270,699.454000,643.665000,18.470000,534.667000
13271,656.465000,315.412000,14.340000,332.632000
13272,532.907000,276.724000,11.889000,283.823000
13273,589.936000,266.205000,11.970000,218.625000
13274,715.344000,411.850000,15.070000,341.702000
13275,691.374000,382.381000,61.459000,309.491000
13276,568.626000,341.733000,8.411000,283.562000
13277,630.745000,328.722000,15.619000,269.323000
13278,582.876000,313.783000,47.248000,291.453000
13279,464.040000,185.295000,14.061000,181.486000
13280,697.664000,525.837000,17.340000,333.564000
13281,547.676000,307.943000,14.449000,285.824000
13282,550.427000,339.562000,10.240000,286.613000
13283,771.822000,411.941000,10.500000,316.322000
13284,875.230000,518.458000,9.609000,363.542000
13285,746.542000,427.281000,8.620000,307.923000
13286,579.707000,389.040000,9.739000,300.733000
13287,799.351000,462.869000,10.230000,346.851000
13288,571.677000,572.878000,8.200000,322.361000
13289,663.635000,384.271000,9.060000,375.441000
13290,712.044000,522.317000,24.080000,349.492000
13291,659.743000,330.653000,32.859000,293.982000
13292,682.085000,333.712000,13.409000,293.483000
13293,596.655000,324.562000,13.590000,275.624000
13294,756.712000,417.240000,8.460000,339.691000
13295,676.145000,417.910000,10.330000,284.414000
13296,685.033000,330.753000,10.600000,265.084000
13297,434.500000,201.544000,7.419000,188.766000
13298,527.278000,293.513000,9.549000,247.275000
13299,547.598000,267.013000,10.139000,220.936000
13300,698.383000,586.165000,18.590000,407.941000
13301,695.454000,332.501000,8.440000,358.031000
13302,488.058000,265.684000,10.220000,239.413000
13303,504.119000,273.414000,9.220000,262.213000
13304,647.625000,374.391000,7.309000,288.494000
13305,608.916000,359.622000,102.158000,320.412000
13306,495.039000,224.635000,8.870000,216.135000
13307,654.855000,377.320000,8.910000,322.023000
13308,585.956000,299.704000,10.800000,261.825000
13309,653.405000,370.962000,10.259000,291.844000
13310,624.964000,480.360000,18.468000,296.613000
13311,485.989000,179.065000,13.070000,182.755000
13312,708.802000,271.914000,11.369000,232.094000
13313,380.181000,208.695000,9.679000,198.665000
13314,644.135000,340.272000,7.880000,284.573000
13315,560.886000,315.073000,9.800000,276.832000
13316,508.819000,303.493000,14.170000,271.444000
13317,574.056000,322.953000,11.970000,260.553000
13318,669.775000,363.282000,12.760000,314.304000
13319,701.612000,394.121000,9.330000,309.713000
13320,728.873000,323.851000,13.620000,391.670000
13321,812.691000,365.043000,6.330000,409.181000
13322,799.961000,442.630000,7.738000,343.012000
13323,527.057000,265.965000,9.750000,264.055000
13324,676.682000,402.342000,11.219000,338.133000
13325,473.619000,223.164000,9.540000,210.725000
13326,625.385000,372.672000,11.579000,339.812000
13327,650.995000,338.381000,12.440000,303.533000
13328,623.705000,331.412000,10.809000,265.263000
13329,761.273000,429.181000,8.560000,335.332000
13330,642.155000,351.851000,11.670000,281.324000
13331,656.654000,310.723000,11.440000,336.912000
13332,745.992000,321.082000,10.810000,322.952000
13333,665.935000,378.990000,8.950000,385.961000
13334,786.373000,371.370000,13.130000,344.860000
13335,780.402000,346.033000,17.550000,301.362000
13336,625.015000,409.070000,11.171000,354.952000
13337,552.488000,287.542000,9.300000,240.764000
13338,620.096000,357.091000,11.660000,312.783000
13339,532.067000,337.331000,14.520000,290.594000
13340,736.023000,587.215000,20.299000,514.698000
13341,589.776000,429.239000,18.529000,358.572000
13342,463.648000,284.954000,10.919000,201.075000
13343,666.274000,387.370000,11.319000,310.742000
13344,722.154000,405.571000,8.580000,368.642000
13345,588.226000,301.683000,8.999000,253.753000
13346,488.819000,353.152000,8.809000,294.984000
13347,643.855000,349.542000,8.130000,267.854000
13348,642.795000,285.253000,13.160000,235.015000
13349,549.658000,318.532000,74.128000,307.342000
13350,880.119000,675.695000,17.760000,366.460000
13351,438.811000,183.876000,9.510000,191.425000
13352,532.907000,259.345000,12.950000,233.025000
13353,825.100000,389.780000,17.660000,376.261000
13354,489.970000,276.252000,15.120000,234.665000
13355,620.226000,361.831000,14.520000,300.223000
13356,515.587000,264.963000,11.150000,251.154000
13357,666.874000,354.601000,8.510000,302.152000
13358,438.790000,195.785000,9.860000,178.836000
13359,618.846000,332.293000,9.301000,290.222000
13360,491.419000,262.894000,27.859000,263.124000
13361,742.191000,632.475000,13.941000,554.527000
13362,592.666000,199.415000,15.040000,201.745000
13363,852.229000,488.629000,15.370000,415.680000
13364,716.743000,398.411000,10.909000,332.873000
13365,569.616000,286.334000,13.760000,240.514000
13366,593.697000,346.501000,6.780000,342.712000
13367,573.166000,309.463000,54.239000,259.342000
13368,610.397000,358.422000,12.940000,286.082000
13369,529.967000,234.366000,14.759000,236.394000
13370,856.460000,365.052000,13.120000,369.920000
13371,669.915000,294.932000,12.169000,281.454000
13372,454.439000,228.615000,19.529000,222.514000
13373,422.131000,264.533000,12.739000,236.345000
13374,717.552000,446.350000,13.710000,334.792000
13375,464.960000,295.364000,6.849000,246.053000
13376,564.357000,332.762000,7.920000,369.221000
13377,703.473000,346.132000,14.069000,276.654000
13378,606.145000,316.492000,13.218000,263.464000
13379,600.287000,308.844000,9.389000,255.834000
13380,626.545000,513.928000,19.289000,459.239000
13381,615.186000,458.818000,9.930000,326.802000
13382,515.757000,284.514000,7.670000,298.842000
13383,736.563000,318.052000,16.210000,268.474000
13384,532.837000,315.213000,12.559000,292.772000
13385,663.884000,384.821000,12.569000,294.603000
13386,614.686000,368.951000,6.600000,289.834000
13387,614.325000,345.921000,13.240000,288.493000
13388,665.883000,432.580000,10.899000,363.220000
13389,646.174000,363.571000,9.250000,287.374000
13390,773.612000,620.636000,17.859000,368.112000
13391,748.804000,381.511000,16.519000,358.971000
13392,551.227000,260.925000,9.359000,251.144000
13393,557.026000,298.614000,7.270000,251.683000
13394,731.413000,448.650000,8.390000,357.881000
13395,761.932000,408.771000,49.359000,367.471000
13396,504.448000,224.705000,11.940000,191.596000
13397,590.116000,308.942000,14.200000,258.224000
13398,642.015000,338.522000,9.209000,269.644000
13399,344.991000,134.518000,15.149000,144.486000
13400,533.166000,222.835000,23.940000,226.465000
13401,724.994000,331.252000,11.429000,285.403000
13402,452.248000,241.295000,15.370000,230.855000
13403,612.165000,346.282000,14.799000,303.763000
13404,459.289000,237.964000,12.150000,208.524000
13405,572.977000,280.413000,11.449000,256.124000
13406,540.168000,299.243000,7.810000,278.213000
13407,850.889000,477.829000,37.410000,319.622000
13408,532.998000,297.073000,13.400000,244.285000
13409,420.580000,200.135000,9.670000,193.665000
13410,607.836000,303.623000,26.569000,262.244000
13411,395.222000,196.635000,13.061000,191.756000
13412,1077.004000,340.292000,18.449000,276.643000
13413,713.104000,350.532000,11.979000,296.474000
13414,625.826000,460.289000,10.131000,378.061000
13415,584.656000,341.432000,12.660000,279.694000
13416,556.746000,310.763000,14.660000,256.034000
13417,581.127000,333.094000,11.690000,287.662000
13418,625.235000,246.944000,20.120000,216.505000
13419,907.718000,337.152000,19.430000,282.693000
13420,742.483000,534.827000,21.829000,314.933000
13421,679.035000,293.563000,13.910000,275.063000
13422,652.035000,365.901000,13.949000,366.791000
13423,474.439000,227.005000,11.379000,205.275000
13424,616.705000,333.982000,13.369000,276.293000
13425,423.339000,221.435000,7.091000,197.866000
13426,459.030000,236.914000,16.210000,218.394000
13427,451.609000,222.646000,8.020000,201.365000
13428,551.098000,258.024000,10.340000,227.125000
13429,643.335000,353.121000,10.750000,298.913000
13430,654.135000,444.449000,27.210000,253.004000
13431,514.667000,248.294000,9.251000,248.054000
13432,725.873000,334.303000,12.030000,300.323000
13433,652.295000,352.761000,11.290000,290.584000
13434,645.374000,377.391000,9.820000,289.904000
13435,547.598000,365.151000,11.139000,277.714000
13436,518.317000,272.794000,8.410000,240.845000
13437,769.272000,372.930000,14.220000,295.713000
13438,572.508000,308.992000,9.570000,290.704000
13439,671.573000,384.072000,6.839000,283.553000
13440,677.005000,511.198000,13.189000,346.952000
13441,689.033000,341.232000,9.660000,325.013000
13442,597.186000,249.874000,8.669000,204.784000
13443,745.632000,239.614000,15.410000,202.915000
13444,707.444000,417.920000,9.590000,349.372000
13445,805.640000,389.681000,11.040000,375.391000
13446,534.518000,270.973000,12.789000,249.744000
13447,404.060000,144.667000,10.309000,145.536000
13448,649.224000,340.563000,8.960000,286.563000
13449,633.355000,344.983000,11.109000,285.064000
13450,496.978000,348.271000,22.650000,318.924000
13451,434.180000,296.723000,16.060000,245.644000
13452,774.721000,451.229000,10.440000,349.652000
13453,664.005000,417.180000,11.600000,381.600000
13454,675.874000,377.151000,7.640000,272.994000
13455,623.566000,357.032000,8.590000,289.604000
13456,691.093000,419.820000,58.039000,384.591000
13457,696.624000,398.421000,11.419000,361.732000
13458,472.929000,258.353000,11.019000,212.966000
13459,564.988000,399.780000,13.559000,299.023000
13460,699.424000,591.675000,21.880000,470.200000
13461,714.653000,376.052000,17.598000,341.042000
13462,520.988000,274.134000,15.070000,234.135000
13463,502.048000,320.824000,10.069000,279.713000
13464,567.497000,334.112000,8.470000,269.354000
13465,676.753000,433.250000,10.390000,331.052000
13466,868.389000,409.529000,12.941000,298.214000
13467,579.456000,327.323000,15.128000,305.943000
13468,557.936000,334.602000,6.859000,267.463000
13469,458.609000,220.385000,6.699000,202.635000
13470,739.773000,584.976000,17.559000,507.489000
13471,753.072000,489.259000,11.209000,343.901000
13472,624.906000,369.622000,8.749000,327.731000
13473,546.967000,337.552000,10.220000,279.504000
13474,596.826000,348.841000,15.609000,307.052000
13475,589.417000,367.121000,12.780000,275.514000
13476,622.986000,353.152000,11.570000,279.203000
13477,626.365000,389.790000,11.159000,319.861000
13478,624.546000,365.401000,8.100000,288.394000
13479,668.183000,410.930000,8.030000,334.113000
13480,653.806000,470.028000,18.070000,335.293000
13481,819.011000,359.422000,14.560000,308.173000
13482,640.416000,361.052000,10.659000,329.762000
13483,595.676000,379.610000,8.991000,292.154000
13484,622.355000,378.411000,18.860000,328.481000
13485,769.103000,435.369000,11.810000,362.562000
13486,679.733000,378.631000,17.080000,290.554000
13487,802.631000,402.911000,10.230000,295.443000
13488,516.536000,325.053000,10.629000,280.233000
13489,595.906000,391.670000,11.830000,313.264000
13490,677.294000,552.856000,20.020000,488.788000
13491,683.944000,532.698000,12.698000,345.513000
13492,859.700000,464.159000,10.330000,376.002000
13493,597.146000,388.152000,41.088000,331.603000
13494,617.776000,360.712000,10.659000,300.903000
13495,470.750000,233.694000,9.571000,208.706000
13496,618.565000,345.371000,10.470000,274.374000
13497,699.803000,382.282000,8.400000,305.092000
13498,576.686000,294.173000,7.920000,242.855000
13499,790.051000,412.750000,8.381000,329.042000
13500,457.189000,362.633000,12.379000,287.503000
13501,639.105000,378.911000,11.640000,307.104000
13502,490.767000,296.823000,15.240000,243.535000
13503,600.376000,341.212000,9.539000,260.703000
13504,703.364000,409.600000,9.610000,301.634000
13505,575.296000,289.254000,10.450000,239.343000
13506,718.744000,289.023000,20.979000,242.444000
13507,592.736000,309.644000,15.190000,249.004000
13508,688.273000,350.723000,11.710000,304.553000
13509,560.187000,304.583000,44.759000,247.834000
13510,720.932000,551.387000,12.950000,355.361000
13511,844.060000,551.107000,10.790000,418.460000
13512,792.171000,453.680000,14.670000,329.942000
13513,555.158000,362.081000,16.660000,294.383000
13514,715.484000,438.950000,15.589000,335.232000
13515,568.455000,326.054000,11.720000,260.453000
13516,691.015000,396.120000,8.830000,359.542000
13517,495.049000,241.134000,12.179000,223.345000
13518,715.203000,423.210000,9.181000,315.494000
13519,679.113000,400.890000,10.419000,300.163000
13520,1401.477000,489.700000,18.500000,415.110000
13521,478.239000,249.905000,43.498000,230.595000
13522,567.646000,324.703000,14.719000,273.804000
13523,505.417000,285.734000,15.130000,259.814000
13524,573.407000,359.981000,15.649000,302.733000
13525,393.880000,257.434000,11.500000,219.595000
13526,622.506000,327.162000,16.420000,265.654000
13527,811.991000,542.917000,56.689000,352.022000
13528,1447.458000,483.097000,18.989000,373.051000
13529,529.108000,287.983000,9.530000,227.775000
13530,769.491000,686.584000,13.770000,589.277000
13531,883.419000,510.367000,15.100000,534.487000
13532,701.274000,370.761000,19.369000,319.553000
13533,601.357000,386.000000,13.060000,370.532000
13534,470.209000,269.864000,11.149000,223.104000
13535,739.533000,396.391000,12.699000,327.172000
13536,615.426000,290.634000,17.370000,233.406000
13537,638.814000,361.931000,17.979000,350.521000
13538,756.473000,453.129000,15.120000,369.001000
13539,566.267000,334.872000,19.159000,274.383000
13540,701.882000,566.127000,19.489000,500.978000
13541,573.356000,311.383000,9.480000,331.471000
13542,503.699000,262.704000,7.399000,231.504000
13543,677.074000,390.001000,13.470000,298.854000
13544,680.574000,392.180000,14.140000,417.799000
13545,443.990000,211.995000,14.379000,190.146000
13546,425.390000,220.254000,9.139000,200.276000
13547,546.806000,296.234000,14.310000,282.652000
13548,599.886000,394.060000,10.430000,335.883000
13549,646.085000,383.581000,8.530000,350.882000
13550,401.980000,288.224000,18.219000,273.483000
13551,537.057000,430.959000,13.580000,290.453000
13552,635.286000,306.483000,8.320000,288.224000
13553,429.039000,224.865000,10.190000,206.795000
13554,414.331000,224.574000,10.130000,207.276000
13555,621.385000,362.662000,16.390000,283.693000
13556,506.198000,296.264000,14.570000,263.884000
13557,836.719000,461.680000,16.609000,305.034000
13558,557.996000,286.353000,8.590000,251.015000
13559,518.218000,258.633000,11.799000,210.885000
13560,623.175000,386.351000,17.220000,338.752000
13561,694.974000,372.500000,9.421000,288.804000
13562,618.634000,357.552000,12.729000,326.573000
13563,497.979000,278.913000,13.100000,278.013000
13564,812.771000,270.354000,13.190000,211.825000
13565,509.988000,271.234000,10.220000,247.985000
13566,761.321000,434.360000,11.340000,358.592000
13567,576.416000,335.942000,10.590000,293.842000
13568,390.531000,220.875000,10.660000,208.705000
13569,720.595000,336.332000,19.100000,303.512000
13570,748.153000,390.492000,22.439000,305.673000
13571,616.075000,321.943000,17.040000,272.074000
13572,624.076000,314.324000,9.360000,267.404000
13573,532.507000,296.503000,12.880000,260.633000
13574,657.404000,361.911000,53.279000,324.683000
13575,581.946000,318.432000,14.060000,254.044000
13576,698.494000,340.182000,8.779000,305.832000
13577,690.995000,285.944000,15.571000,247.933000
13578,702.755000,361.811000,11.590000,333.881000
13579,507.169000,300.833000,11.079000,276.464000
13580,662.655000,543.367000,28.479000,374.471000
13581,568.747000,337.622000,13.540000,280.113000
13582,612.376000,286.684000,11.780000,284.463000
13583,609.636000,400.890000,11.979000,324.443000
13584,547.418000,303.632000,13.619000,260.083000
13585,493.038000,335.453000,10.571000,280.312000
13586,611.485000,368.071000,12.370000,294.504000
13587,524.027000,289.383000,12.470000,240.654000
13588,406.861000,239.704000,12.010000,221.975000
13589,573.946000,307.643000,11.981000,254.795000
13590,719.863000,609.816000,18.990000,529.369000
13591,549.208000,341.611000,12.730000,263.805000
13592,532.528000,301.322000,8.950000,253.054000
13593,641.285000,393.630000,11.809000,313.192000
13594,433.830000,266.434000,11.120000,233.884000
13595,362.663000,176.436000,13.860000,180.125000
13596,611.045000,369.921000,9.669000,254.424000
13597,529.197000,328.143000,11.410000,268.144000
13598,583.717000,312.422000,9.930000,288.053000
13599,636.166000,344.192000,52.839000,315.832000
13600,704.232000,605.676000,19.990000,543.177000
13601,686.593000,373.341000,12.110000,318.742000
13602,706.032000,399.751000,8.840000,304.034000
13603,439.980000,247.574000,8.160000,220.803000
13604,657.375000,396.690000,6.661000,309.994000
13605,920.608000,378.011000,18.709000,320.913000
13606,624.345000,375.841000,17.939000,288.064000
13607,451.650000,266.633000,10.420000,283.424000
13608,538.947000,323.173000,13.360000,343.242000
13609,654.505000,400.000000,14.940000,343.381000
13610,706.074000,487.309000,21.219000,540.698000
13611,451.920000,337.562000,16.731000,300.103000
13612,454.059000,320.393000,11.920000,239.353000
13613,736.603000,480.848000,13.739000,377.541000
13614,600.807000,367.871000,11.880000,333.322000
13615,608.046000,328.352000,12.100000,263.544000
13616,401.981000,215.785000,9.279000,185.886000
13617,729.002000,399.851000,9.760000,298.123000
13618,661.604000,410.720000,13.560000,318.573000
13619,532.537000,286.914000,17.149000,265.593000
13620,556.407000,428.500000,20.060000,333.721000
13621,751.692000,466.578000,16.340000,345.662000
13622,715.083000,435.020000,52.738000,422.751000
13623,662.074000,428.860000,10.590000,333.172000
13624,400.560000,232.104000,12.480000,204.596000
13625,707.663000,434.209000,8.259000,403.430000
13626,493.539000,301.702000,8.620000,271.724000
13627,430.330000,216.506000,8.270000,193.056000
13628,655.505000,410.901000,41.098000,338.423000
13629,612.845000,340.652000,16.270000,333.191000
13630,729.233000,660.405000,15.269000,599.055000
13631,672.514000,578.376000,11.610000,515.698000
13632,619.626000,367.730000,10.030000,336.323000
13633,664.174000,387.401000,32.249000,301.553000
13634,604.245000,386.830000,11.691000,328.962000
13635,454.379000,294.134000,12.390000,262.343000
13636,630.275000,370.702000,10.080000,296.803000
13637,834.971000,344.751000,13.360000,260.505000
13638,562.126000,275.424000,9.150000,222.545000
13639,739.772000,402.112000,8.229000,328.283000
13640,424.751000,264.044000,18.260000,209.566000
13641,731.282000,327.452000,21.050000,268.243000
13642,660.945000,399.691000,16.450000,296.653000
13643,423.481000,228.374000,10.680000,197.525000
13644,686.014000,231.285000,15.330000,209.475000
13645,509.247000,319.033000,9.259000,275.643000
13646,692.474000,486.599000,8.530000,412.920000
13647,643.045000,397.301000,12.889000,382.330000
13648,708.443000,422.190000,10.620000,363.502000
13649,538.277000,309.532000,10.130000,252.134000
13650,826.941000,506.029000,13.750000,436.990000
13651,686.613000,568.097000,11.610000,390.571000
13652,621.475000,390.062000,8.139000,303.094000
13653,582.076000,360.682000,48.307000,307.014000
13654,626.605000,394.450000,12.319000,315.263000
13655,475.320000,273.055000,8.891000,231.025000
13656,613.736000,364.181000,12.461000,316.333000
13657,550.258000,328.562000,12.450000,279.394000
13658,594.826000,320.131000,10.000000,282.333000
13659,620.216000,378.052000,10.600000,317.242000
13660,702.263000,608.705000,16.890000,432.480000
13661,549.746000,295.893000,12.260000,266.224000
13662,877.438000,394.031000,18.620000,315.932000
13663,567.996000,220.656000,18.659000,191.835000
13664,559.057000,418.370000,10.550000,324.953000
13665,431.929000,283.502000,9.500000,240.903000
13666,556.096000,321.953000,7.270000,282.183000
13667,598.986000,345.622000,18.399000,279.093000
13668,523.828000,312.203000,21.210000,273.194000
13669,530.768000,314.593000,11.719000,260.904000
13670,698.373000,589.565000,18.930000,400.601000
13671,592.417000,336.301000,14.090000,300.123000
13672,487.699000,343.762000,13.771000,323.642000
13673,493.238000,286.614000,16.910000,267.823000
13674,628.435000,398.960000,7.999000,410.021000
13675,734.063000,409.980000,12.640000,315.403000
13676,668.714000,343.532000,13.819000,269.543000
13677,657.005000,369.541000,10.620000,283.964000
13678,666.675000,334.842000,11.020000,262.684000
13679,783.312000,461.050000,8.249000,395.310000
13680,691.965000,540.797000,21.190000,452.949000
13681,668.945000,408.260000,16.590000,320.792000
13682,745.692000,466.420000,13.420000,363.161000
13683,485.850000,283.904000,9.900000,287.823000
13684,609.376000,408.180000,16.170000,312.713000
13685,557.126000,369.522000,20.390000,292.104000
13686,573.767000,262.214000,10.090000,213.026000
13687,819.251000,392.700000,7.310000,303.343000
13688,682.925000,434.830000,9.410000,329.961000
13689,758.102000,400.071000,10.449000,354.452000
13690,637.635000,327.902000,14.180000,278.095000
13691,624.465000,351.012000,10.190000,313.333000
13692,697.433000,411.181000,9.779000,356.072000
13693,514.537000,254.854000,14.160000,220.434000
13694,539.667000,327.242000,14.771000,271.033000
13695,672.555000,499.449000,10.258000,419.510000
13696,583.477000,359.020000,11.661000,282.903000
13697,799.001000,459.568000,12.249000,339.313000
13698,623.946000,368.062000,8.019000,287.353000
13699,699.254000,356.541000,8.460000,279.664000
13700,648.815000,548.307000,17.280000,467.988000
13701,824.050000,394.851000,13.719000,336.262000
13702,657.655000,416.190000,46.758000,333.423000
13703,610.875000,379.972000,15.209000,307.622000
13704,566.846000,324.292000,17.350000,258.735000
13705,766.112000,525.557000,11.589000,392.970000
13706,524.928000,318.572000,13.540000,300.574000
13707,511.087000,263.324000,18.759000,240.925000
13708,695.453000,407.920000,14.240000,329.372000
13709,486.238000,302.864000,15.240000,264.234000
13710,480.338000,364.191000,21.120000,336.972000
13711,971.548000,576.596000,17.550000,412.931000
13712,545.097000,329.131000,14.110000,270.044000
13713,582.386000,345.012000,11.049000,314.174000
13714,609.816000,390.280000,7.310000,313.062000
13715,515.038000,347.042000,10.300000,232.475000
13716,751.302000,446.100000,7.860000,351.452000
13717,560.007000,316.142000,9.490000,267.975000
13718,567.336000,360.573000,8.249000,286.363000
13719,471.839000,253.724000,13.050000,210.535000
13720,627.676000,365.732000,52.208000,296.414000
13721,657.845000,376.692000,15.650000,385.450000
13722,658.225000,365.861000,11.470000,297.412000
13723,543.628000,301.453000,18.279000,260.974000
13724,601.665000,300.992000,10.590000,225.324000
13725,507.478000,318.502000,12.700000,278.274000
13726,689.734000,382.001000,13.559000,297.024000
13727,668.565000,393.891000,11.870000,342.141000
13728,705.193000,427.300000,15.620000,318.812000
13729,613.775000,375.161000,12.119000,304.094000
13730,691.984000,573.457000,18.350000,451.540000
13731,670.633000,338.033000,11.299000,291.132000
13732,633.255000,336.112000,11.669000,310.223000
13733,588.006000,351.962000,11.180000,291.514000
13734,611.946000,336.962000,10.450000,323.783000
13735,637.295000,325.561000,8.559000,370.412000
13736,842.330000,287.813000,14.040000,274.093000
13737,648.595000,308.693000,6.760000,369.491000
13738,535.627000,243.484000,11.400000,263.475000
13739,662.304000,377.431000,11.279000,276.563000
13740,836.011000,383.610000,16.259000,365.332000
13741,482.768000,220.075000,13.270000,207.246000
13742,661.103000,344.392000,12.930000,321.632000
13743,554.767000,293.523000,10.159000,251.835000
13744,522.117000,238.474000,11.079000,213.235000
13745,604.095000,324.923000,50.410000,279.514000
13746,589.517000,333.342000,7.909000,269.514000
13747,766.982000,412.510000,12.070000,330.772000
13748,581.627000,276.194000,9.680000,251.064000
13749,655.785000,356.671000,13.200000,333.203000
13750,806.391000,597.515000,22.430000,401.240000
13751,784.461000,346.751000,10.350000,314.913000
13752,526.807000,271.624000,13.070000,240.384000
13753,384.191000,235.734000,11.799000,229.853000
13754,612.845000,319.553000,12.720000,268.145000
13755,599.986000,372.551000,12.080000,283.294000
13756,601.496000,325.362000,10.861000,282.204000
13757,506.657000,270.603000,9.830000,237.845000
13758,566.146000,328.501000,9.660000,280.144000
13759,548.436000,281.123000,10.060000,245.334000
13760,710.423000,477.218000,14.930000,458.780000
13761,578.457000,303.922000,7.430000,276.413000
13762,686.205000,328.972000,7.950000,282.843000
13763,626.595000,353.672000,8.050000,289.953000
13764,615.097000,352.762000,9.690000,322.312000
13765,392.220000,195.325000,8.470000,194.815000
13766,401.331000,200.825000,14.679000,195.016000
13767,471.359000,266.674000,13.950000,233.165000
13768,441.940000,239.303000,16.980000,215.386000
13769,443.360000,200.776000,14.089000,208.125000
13770,555.147000,453.709000,56.329000,277.084000
13771,635.085000,307.842000,15.530000,286.674000
13772,612.646000,322.402000,12.360000,306.204000
13773,617.776000,268.002000,16.030000,234.575000
13774,717.264000,418.971000,9.600000,371.932000
13775,574.186000,336.723000,9.280000,310.193000
13776,578.466000,313.824000,8.719000,269.024000
13777,544.876000,294.893000,9.520000,262.184000
13778,595.616000,334.723000,13.610000,263.014000
13779,696.744000,425.510000,11.530000,298.083000
13780,555.996000,406.160000,20.830000,278.494000
13781,696.463000,398.920000,12.729000,354.383000
13782,557.858000,304.992000,12.710000,293.193000
13783,750.393000,479.528000,10.840000,358.141000
13784,735.472000,347.672000,17.319000,273.883000
13785,670.885000,464.629000,9.349000,372.981000
13786,463.879000,244.104000,8.480000,215.635000
13787,512.237000,284.043000,7.670000,233.844000
13788,450.059000,259.964000,7.661000,227.514000
13789,536.627000,279.854000,8.910000,256.904000
13790,644.725000,492.610000,16.540000,443.640000
13791,525.667000,310.704000,12.840000,285.443000
13792,533.116000,392.232000,17.989000,288.483000
13793,545.658000,331.302000,13.630000,354.861000
13794,677.714000,429.691000,10.931000,376.691000
13795,676.215000,415.410000,12.340000,332.533000
13796,515.838000,259.853000,16.950000,224.926000
13797,707.264000,425.741000,9.610000,362.222000
13798,1678.411000,434.740000,20.398000,336.153000
13799,728.123000,430.280000,10.400000,347.843000
13800,807.532000,623.185000,15.360000,560.307000
13801,838.821000,405.050000,17.350000,330.362000
13802,555.296000,327.182000,15.520000,268.064000
13803,492.838000,293.162000,14.560000,249.774000
13804,678.255000,471.567000,53.889000,391.242000
13805,413.779000,210.924000,10.049000,198.046000
13806,672.774000,405.980000,9.141000,314.783000
13807,529.529000,317.581000,7.541000,251.985000
13808,662.105000,371.741000,13.479000,355.281000
13809,698.674000,375.431000,12.470000,310.602000
13810,479.618000,268.063000,19.190000,259.373000
13811,488.238000,257.033000,8.410000,233.875000
13812,366.131000,173.267000,10.830000,185.695000
13813,798.121000,430.459000,21.210000,354.371000
13814,412.360000,225.724000,10.910000,201.735000
13815,406.341000,214.515000,9.419000,195.835000
13816,746.552000,409.370000,7.139000,319.702000
13817,665.655000,357.261000,9.820000,288.554000
13818,349.352000,200.455000,6.340000,188.336000
13819,600.557000,307.784000,8.110000,280.133000
13820,657.945000,553.776000,20.640000,401.951000
13821,579.765000,354.513000,11.130000,311.612000
13822,537.317000,312.583000,12.190000,252.075000
13823,500.758000,309.883000,15.219000,272.374000
13824,626.865000,282.714000,15.080000,250.564000
13825,414.410000,259.284000,13.220000,242.724000
13826,633.705000,380.250000,10.240000,308.182000
13827,522.937000,354.652000,12.460000,304.993000
13828,526.277000,356.721000,14.209000,298.063000
13829,528.966000,236.614000,19.040000,213.236000
13830,652.235000,574.256000,22.370000,505.448000
13831,615.066000,344.822000,12.010000,277.762000
13832,431.960000,194.785000,11.020000,196.265000
13833,590.066000,273.015000,6.520000,221.775000
13834,538.277000,281.113000,9.270000,253.104000
13835,645.474000,385.011000,7.149000,289.874000
13836,809.381000,487.159000,9.990000,370.572000
13837,662.714000,383.321000,7.640000,348.141000
13838,603.185000,315.893000,39.929000,286.962000
13839,551.447000,371.791000,11.880000,295.992000
13840,888.188000,681.335000,14.550000,365.631000
13841,470.138000,249.764000,11.400000,239.073000
13842,534.438000,294.021000,9.590000,278.544000
13843,642.785000,370.010000,15.439000,314.202000
13844,530.048000,305.803000,12.840000,315.444000
13845,612.136000,352.722000,7.880000,299.554000
13846,532.487000,215.205000,9.679000,194.696000
13847,521.008000,262.333000,9.970000,214.005000
13848,638.065000,375.641000,7.240000,310.033000
13849,569.826000,372.290000,7.431000,282.374000
13850,723.652000,607.416000,19.840000,491.768000
13851,663.645000,330.222000,14.729000,283.894000
13852,529.526000,317.062000,11.750000,282.023000
13853,613.365000,376.701000,15.029000,329.263000
13854,452.730000,294.392000,14.570000,258.625000
13855,458.339000,260.704000,9.129000,219.355000
13856,566.637000,358.482000,45.889000,300.812000
13857,679.775000,451.721000,9.519000,320.292000
13858,539.007000,283.414000,8.301000,257.114000
13859,607.736000,349.462000,14.199000,302.933000
13860,625.005000,341.232000,14.409000,292.553000
13861,637.545000,334.041000,10.180000,273.274000
13862,860.651000,541.057000,10.950000,404.019000
13863,627.265000,405.330000,14.979000,322.293000
13864,620.945000,416.620000,14.810000,351.072000
13865,553.427000,312.133000,9.079000,324.882000
13866,546.266000,338.431000,50.849000,292.894000
13867,487.019000,262.513000,12.040000,221.934000
13868,506.828000,280.342000,13.979000,233.465000
13869,667.756000,380.491000,5.510000,319.313000
13870,737.412000,383.681000,20.270000,331.773000
13871,594.466000,294.753000,14.120000,218.326000
13872,387.971000,200.294000,8.359000,181.136000
13873,653.215000,367.022000,14.070000,345.623000
13874,730.672000,478.819000,8.570000,340.011000
13875,622.776000,406.891000,14.090000,334.702000
13876,744.154000,420.760000,12.360000,324.093000
13877,624.485000,400.431000,9.540000,375.102000
13878,689.244000,345.462000,10.141000,406.761000
13879,429.479000,235.256000,11.010000,204.755000
13880,426.250000,339.742000,18.880000,316.172000
13881,486.528000,380.591000,15.559000,290.332000
13882,470.490000,258.585000,9.139000,245.473000
13883,561.747000,380.261000,7.880000,324.882000
13884,436.590000,277.464000,11.320000,245.294000
13885,525.997000,229.445000,12.731000,190.445000
13886,711.994000,458.899000,12.129000,360.342000
13887,575.526000,314.371000,9.880000,248.814000
13888,462.730000,257.404000,9.480000,230.793000
13889,577.267000,344.571000,11.070000,283.193000
13890,671.494000,577.248000,19.668000,406.150000
13891,447.479000,243.884000,13.781000,223.905000
13892,245.615000,115.047000,16.160000,139.817000
13893,486.290000,335.773000,10.680000,259.024000
13894,633.495000,406.131000,9.019000,312.324000
13895,666.094000,407.000000,11.910000,332.822000
13896,613.196000,296.752000,20.429000,253.024000
13897,674.844000,363.991000,9.000000,315.301000
13898,670.335000,423.180000,8.910000,311.674000
13899,517.318000,246.745000,15.229000,222.406000
13900,700.894000,582.386000,24.400000,445.660000
13901,680.123000,388.401000,10.099000,360.342000
13902,697.283000,296.513000,12.580000,280.623000
13903,553.116000,338.722000,11.350000,314.993000
13904,562.867000,362.361000,13.910000,283.534000
13905,397.011000,218.555000,12.620000,196.756000
13906,567.016000,278.393000,7.459000,234.135000
13907,636.575000,312.004000,9.359000,259.774000
13908,637.794000,361.702000,10.900000,306.423000
13909,593.835000,328.732000,9.269000,272.902000
13910,767.812000,609.145000,13.029000,497.948000
13911,574.736000,321.522000,17.919000,276.983000
13912,633.645000,386.561000,13.950000,312.052000
13913,702.264000,455.839000,12.180000,370.462000
13914,581.336000,377.732000,15.270000,307.403000
13915,592.926000,379.911000,15.250000,307.252000
13916,617.305000,380.512000,13.289000,308.333000
13917,456.990000,230.624000,16.999000,199.515000
13918,618.256000,366.361000,7.050000,314.153000
13919,716.933000,394.292000,9.800000,310.383000
13920,743.212000,641.815000,18.710000,501.598000
13921,643.465000,340.934000,11.329000,278.804000
13922,577.346000,252.734000,9.560000,223.685000
13923,484.089000,288.742000,11.821000,243.725000
13924,589.816000,372.681000,9.859000,313.623000
13925,579.997000,306.553000,12.180000,235.683000
13926,731.084000,443.389000,47.538000,356.881000
13927,513.757000,366.252000,8.459000,298.504000
13928,555.016000,307.193000,8.449000,281.983000
13929,578.586000,376.842000,12.900000,289.393000
13930,590.436000,465.918000,16.980000,364.242000
13931,692.572000,399.570000,10.400000,316.753000
13932,623.225000,344.661000,10.690000,326.521000
13933,593.728000,361.221000,9.720000,268.264000
13934,477.809000,269.973000,10.559000,253.754000
13935,767.241000,429.241000,9.660000,329.742000
13936,554.678000,344.961000,49.020000,334.332000
13937,495.539000,282.063000,14.430000,267.074000
13938,584.415000,375.431000,11.570000,307.693000
13939,692.034000,402.391000,9.710000,308.704000
13940,760.443000,648.185000,17.870000,583.646000
13941,556.598000,298.302000,15.350000,281.784000
13942,581.687000,333.992000,13.560000,274.383000
13943,471.109000,246.413000,9.739000,204.755000
13944,644.326000,378.581000,8.070000,346.371000
13945,569.316000,331.392000,11.920000,256.294000
13946,438.900000,269.313000,11.040000,228.753000
13947,507.988000,302.094000,11.558000,272.634000
13948,623.486000,358.612000,7.719000,278.314000
13949,539.917000,280.874000,9.700000,230.424000
13950,482.709000,355.441000,15.109000,281.775000
13951,600.205000,336.162000,8.750000,286.293000
13952,734.562000,439.628000,9.990000,369.813000
13953,588.097000,325.262000,15.310000,284.273000
13954,529.657000,343.512000,10.359000,312.333000
13955,804.800000,452.670000,12.169000,398.540000
13956,526.286000,286.364000,11.040000,260.694000
13957,566.746000,313.853000,9.211000,256.545000
13958,796.690000,355.642000,16.659000,296.503000
13959,748.132000,409.400000,11.221000,326.183000
13960,663.854000,558.267000,17.999000,455.870000
13961,714.554000,566.896000,16.290000,398.570000
13962,571.837000,314.582000,9.999000,268.674000
13963,531.296000,377.962000,14.419000,293.382000
13964,584.386000,360.933000,13.650000,288.523000
13965,689.914000,432.371000,9.301000,337.981000
13966,448.219000,279.333000,10.259000,251.584000
13967,648.625000,411.780000,10.370000,320.302000
13968,640.284000,315.313000,9.371000,238.844000
13969,557.677000,322.802000,7.880000,245.044000
13970,768.721000,602.857000,19.629000,401.822000
13971,590.087000,310.743000,9.049000,279.384000
13972,523.747000,287.773000,8.850000,271.474000
13973,677.053000,400.831000,11.050000,329.132000
13974,584.277000,355.022000,11.440000,286.274000
13975,699.753000,466.040000,9.969000,411.409000
13976,705.304000,359.991000,51.730000,286.143000
13977,467.620000,227.814000,9.830000,207.895000
13978,714.912000,405.712000,7.198000,377.622000
13979,480.228000,236.424000,6.451000,219.945000
13980,652.634000,361.962000,14.171000,294.723000
13981,785.871000,421.140000,13.429000,337.062000
13982,508.717000,248.324000,13.520000,211.905000
13983,592.556000,355.931000,9.021000,298.353000
13984,627.565000,317.382000,15.600000,281.024000
13985,736.722000,475.839000,12.180000,409.580000
13986,401.730000,210.546000,12.110000,194.125000
13987,630.885000,359.222000,8.479000,319.763000
13988,419.249000,213.206000,14.769000,195.915000
13989,552.308000,321.962000,9.729000,293.413000
13990,512.588000,396.400000,22.749000,284.352000
13991,826.121000,365.192000,12.049000,306.293000
13992,594.006000,357.951000,10.560000,298.673000
13993,656.785000,423.760000,12.110000,339.012000
13994,670.374000,342.861000,17.059000,269.503000
13995,649.694000,396.800000,34.259000,320.942000
13996,771.552000,362.012000,13.049000,273.883000
13997,620.256000,363.141000,13.580000,323.633000
13998,541.107000,280.123000,10.579000,226.484000
13999,553.527000,293.282000,2673.687000,384.981000
14000,729.522000,611.286000,16.971000,393.170000
14001,720.593000,424.961000,9.380000,337.422000
14002,419.540000,233.155000,11.570000,203.815000
14003,521.207000,291.504000,8.449000,245.525000
14004,596.726000,311.432000,8.010000,234.885000
14005,541.617000,323.073000,7.099000,244.204000
14006,559.976000,325.662000,6.780000,268.464000
14007,623.985000,323.043000,8.230000,260.473000
14008,564.677000,249.283000,8.291000,211.654000
14009,523.108000,298.063000,7.960000,250.954000
14010,731.393000,540.588000,22.490000,488.618000
14011,638.175000,394.611000,16.129000,291.634000
14012,570.406000,390.671000,13.240000,404.150000
14013,656.215000,397.840000,15.329000,319.622000
14014,579.177000,374.863000,12.650000,317.082000
14015,675.714000,453.530000,13.470000,354.491000
14016,731.373000,302.584000,16.150000,232.075000
14017,891.498000,509.758000,13.229000,317.781000
14018,886.020000,545.567000,9.640000,399.421000
14019,611.666000,351.341000,7.200000,286.174000
14020,1103.743000,583.447000,18.159000,433.240000
14021,612.136000,375.461000,13.610000,272.843000
14022,550.438000,276.603000,7.760000,240.785000
14023,580.696000,375.251000,6.970000,299.043000
14024,602.316000,375.841000,14.560000,329.851000
14025,591.928000,400.221000,15.759000,322.411000
14026,667.295000,419.471000,12.440000,358.251000
14027,736.523000,465.229000,10.470000,371.032000
14028,758.262000,404.922000,9.639000,312.174000
14029,586.336000,336.653000,8.100000,257.332000
14030,885.108000,691.514000,13.410000,461.250000
14031,604.196000,342.582000,9.280000,297.203000
14032,459.718000,250.094000,9.960000,225.835000
14033,676.815000,439.458000,14.230000,378.512000
14034,471.538000,249.194000,12.070000,208.405000
14035,559.006000,321.593000,8.830000,324.721000
14036,561.377000,305.363000,12.499000,264.343000
14037,644.905000,381.290000,11.880000,322.602000
14038,412.890000,209.776000,10.240000,195.555000
14039,747.452000,538.048000,42.729000,418.520000
14040,787.731000,621.175000,11.851000,399.951000
14041,662.955000,388.462000,7.849000,391.662000
14042,671.684000,351.763000,10.399000,321.744000
14043,381.191000,195.925000,7.959000,181.356000
14044,600.816000,370.242000,7.489000,289.682000
14045,445.730000,231.125000,8.470000,206.304000
14046,565.056000,323.473000,9.079000,313.353000
14047,653.415000,413.090000,7.820000,353.881000
14048,551.457000,334.783000,12.869000,309.372000
14049,576.627000,342.623000,10.200000,327.341000
14050,539.078000,437.449000,16.620000,359.931000
14051,539.377000,326.002000,11.030000,272.034000
14052,690.343000,457.949000,17.910000,346.331000
14053,571.717000,297.363000,10.299000,247.503000
14054,392.711000,187.415000,14.800000,168.896000
14055,705.173000,448.200000,14.039000,396.181000
14056,514.377000,283.194000,19.650000,209.635000
14057,669.944000,419.109000,8.741000,315.284000
14058,691.005000,399.121000,8.200000,303.972000
14059,721.854000,426.979000,9.680000,468.669000
14060,734.594000,401.010000,14.178000,321.602000
14061,857.260000,329.162000,8.549000,290.284000
14062,882.939000,557.488000,9.710000,497.208000
14063,664.144000,412.390000,13.469000,340.883000
14064,517.158000,332.991000,12.319000,303.964000
14065,637.885000,407.330000,8.520000,335.012000
14066,631.665000,378.801000,8.139000,328.283000
14067,502.548000,330.252000,10.690000,267.584000
14068,633.725000,331.682000,10.050000,262.274000
14069,612.435000,344.503000,6.020000,272.624000
14070,634.645000,356.401000,11.809000,317.214000
14071,620.385000,310.942000,8.300000,260.364000
14072,602.565000,346.221000,10.600000,291.614000
14073,667.623000,365.732000,10.300000,355.301000
14074,675.695000,428.129000,14.249000,362.923000
14075,614.916000,349.441000,16.809000,276.214000
14076,586.276000,279.913000,11.580000,247.785000
14077,684.484000,398.971000,11.260000,361.231000
14078,666.314000,386.941000,7.820000,333.991000
14079,308.753000,134.216000,7.430000,149.507000
14080,602.416000,494.229000,15.369000,359.161000
14081,659.385000,394.341000,10.260000,312.952000
14082,866.660000,231.755000,13.849000,190.626000
14083,507.528000,294.893000,10.950000,260.545000
14084,577.996000,343.981000,11.350000,298.613000
14085,504.449000,314.822000,10.680000,248.925000
14086,525.608000,305.863000,8.850000,289.143000
14087,772.292000,468.888000,10.409000,350.202000
14088,596.407000,350.412000,49.928000,323.063000
14089,893.670000,424.700000,13.390000,469.588000
14090,635.485000,518.028000,18.360000,396.141000
14091,706.713000,421.661000,9.380000,440.490000
14092,662.824000,378.810000,11.990000,324.323000
14093,600.596000,387.881000,12.411000,279.184000
14094,586.316000,362.092000,11.040000,278.994000
14095,655.494000,369.843000,11.300000,290.032000
14096,536.387000,279.554000,13.439000,231.284000
14097,614.845000,366.991000,9.679000,355.441000
14098,516.159000,280.014000,8.840000,254.733000
14099,759.083000,474.508000,55.159000,409.681000
14100,728.232000,558.868000,16.929000,510.898000
14101,1080.954000,488.429000,14.219000,305.203000
14102,826.930000,362.632000,6.400000,261.064000
14103,743.462000,469.729000,7.621000,389.250000
14104,605.366000,409.401000,9.710000,376.391000
14105,460.749000,262.454000,8.630000,212.995000
14106,674.564000,401.190000,10.750000,285.103000
14107,615.706000,381.681000,9.149000,293.483000
14108,682.975000,409.971000,16.739000,344.073000
14109,514.958000,279.064000,13.580000,223.805000
14110,519.378000,285.844000,17.050000,266.142000
14111,619.955000,349.423000,15.369000,291.634000
14112,777.522000,514.239000,11.129000,417.470000
14113,679.243000,384.282000,12.379000,414.301000
14114,752.472000,449.641000,12.480000,306.192000
14115,858.370000,469.770000,11.539000,455.719000
14116,662.445000,356.552000,8.179000,283.063000
14117,403.861000,187.995000,10.260000,174.806000
14118,668.224000,287.824000,9.140000,238.274000
14119,341.681000,197.775000,8.530000,180.876000
14120,466.529000,341.492000,18.660000,314.523000
14121,636.105000,540.347000,52.150000,441.649000
14122,682.855000,403.451000,8.290000,366.661000
14123,588.976000,331.172000,12.529000,284.304000
14124,513.928000,308.663000,11.980000,275.524000
14125,723.173000,428.850000,10.630000,342.351000
14126,836.781000,431.561000,10.159000,309.953000
14127,607.715000,340.802000,9.450000,423.920000
14128,564.777000,320.613000,9.380000,296.993000
14129,451.180000,240.385000,9.149000,213.345000
14130,578.166000,421.860000,17.030000,292.663000
14131,641.034000,367.911000,14.050000,314.643000
14132,715.434000,424.381000,10.599000,339.093000
14133,703.343000,433.140000,10.579000,312.782000
14134,683.305000,420.251000,9.160000,307.313000
14135,589.917000,361.551000,13.439000,306.863000
14136,619.376000,377.773000,12.650000,295.952000
14137,534.368000,358.641000,10.090000,290.182000
14138,1091.374000,343.942000,16.200000,250.985000
14139,635.445000,365.682000,11.389000,292.823000
14140,594.026000,456.199000,18.059000,333.513000
14141,511.698000,265.605000,8.330000,233.004000
14142,646.695000,388.320000,10.920000,332.043000
14143,593.136000,344.773000,13.559000,277.442000
14144,474.829000,281.833000,19.250000,257.893000
14145,480.760000,305.644000,16.509000,261.664000
14146,490.379000,272.504000,6.919000,239.085000
14147,585.147000,342.073000,11.150000,287.063000
14148,423.209000,249.325000,10.640000,221.995000
14149,500.928000,271.044000,9.580000,242.045000
14150,804.571000,412.911000,13.680000,282.423000
14151,572.006000,305.943000,7.130000,266.483000
14152,670.224000,377.431000,7.009000,337.923000
14153,862.739000,418.270000,15.680000,363.061000
14154,605.626000,368.100000,10.879000,298.062000
14155,655.785000,424.720000,10.770000,340.901000
14156,809.671000,470.889000,9.600000,354.681000
14157,576.548000,341.911000,9.289000,278.713000
14158,682.065000,403.480000,9.549000,297.904000
14159,751.393000,444.510000,13.300000,352.352000
14160,697.754000,379.981000,19.670000,352.642000
14161,431.600000,217.845000,12.640000,210.565000
14162,737.982000,502.819000,8.270000,402.880000
14163,574.886000,315.902000,7.760000,284.193000
14164,617.556000,409.540000,12.149000,311.082000
14165,468.459000,243.784000,7.790000,218.055000
14166,679.754000,374.582000,7.420000,288.652000
14167,470.559000,280.982000,7.981000,246.165000
14168,524.318000,311.402000,10.110000,312.633000
14169,656.885000,352.822000,13.300000,330.052000
14170,422.860000,317.983000,24.060000,283.042000
14171,851.409000,499.658000,9.190000,341.852000
14172,580.325000,337.223000,15.868000,304.743000
14173,536.088000,290.014000,14.470000,254.804000
14174,679.673000,428.380000,7.740000,401.090000
14175,624.575000,364.801000,6.550000,288.283000
14176,655.824000,342.672000,7.651000,278.514000
14177,613.685000,369.391000,8.980000,334.722000
14178,522.899000,333.022000,10.219000,311.984000
14179,723.473000,462.019000,10.009000,337.592000
14180,557.186000,394.571000,13.890000,250.744000
14181,393.020000,186.395000,12.720000,181.406000
14182,633.025000,326.533000,12.211000,296.622000
14183,629.475000,338.083000,9.230000,328.013000
14184,603.005000,262.325000,17.670000,251.083000
14185,643.794000,387.100000,14.950000,294.813000
14186,606.706000,390.441000,9.230000,282.104000
14187,575.776000,321.042000,7.579000,268.744000
14188,514.907000,300.414000,9.599000,263.884000
14189,463.588000,275.364000,12.330000,240.625000
14190,688.144000,566.626000,19.690000,417.291000
14191,573.877000,260.663000,8.690000,256.305000
14192,549.337000,333.372000,9.159000,286.063000
14193,784.062000,358.132000,15.460000,310.822000
14194,575.837000,357.992000,11.449000,390.901000
14195,494.209000,264.004000,11.119000,228.855000
14196,651.745000,362.441000,11.010000,334.322000
14197,570.616000,308.993000,8.140000,265.993000
14198,555.968000,286.052000,7.440000,245.974000
14199,590.826000,247.024000,10.590000,222.535000
14200,630.746000,455.589000,22.749000,336.892000
14201,716.254000,358.511000,9.640000,305.262000
14202,552.817000,268.373000,10.539000,309.364000
14203,599.826000,354.411000,10.959000,325.852000
14204,634.684000,402.741000,11.720000,459.109000
14205,508.208000,231.433000,11.470000,221.505000
14206,700.333000,417.780000,49.859000,379.171000
14207,667.084000,393.501000,63.629000,335.782000
14208,569.877000,268.864000,9.349000,246.104000
14209,600.366000,359.891000,13.960000,312.802000
14210,510.388000,384.763000,29.968000,242.614000
14211,714.164000,308.642000,7.830000,295.683000
14212,583.245000,295.763000,8.730000,256.424000
14213,443.780000,199.055000,11.709000,183.996000
14214,640.235000,378.571000,6.350000,344.162000
14215,550.598000,294.693000,6.120000,260.575000
14216,540.987000,286.274000,12.489000,249.805000
14217,677.575000,442.099000,7.040000,311.304000
14218,636.145000,332.832000,13.590000,263.874000
14219,775.642000,371.361000,16.180000,316.774000
14220,576.627000,230.305000,21.249000,249.014000
14221,565.157000,310.462000,15.909000,292.902000
14222,622.365000,320.774000,18.559000,338.212000
14223,513.968000,266.942000,8.181000,243.574000
14224,513.759000,311.462000,8.060000,269.804000
14225,531.527000,318.393000,9.280000,278.894000
14226,485.308000,244.964000,16.939000,219.936000
14227,479.008000,290.834000,11.459000,249.634000
14228,676.883000,363.612000,11.119000,321.101000
14229,627.515000,378.871000,13.789000,333.494000
14230,707.874000,521.577000,21.030000,433.580000
14231,523.198000,410.721000,17.780000,292.453000
14232,610.466000,355.843000,12.218000,285.394000
14233,609.635000,374.240000,77.629000,396.060000
14234,751.083000,493.607000,11.850000,340.051000
14235,535.578000,268.373000,11.369000,234.375000
14236,698.173000,377.541000,7.830000,315.142000
14237,720.354000,396.901000,7.540000,317.762000
14238,593.937000,329.442000,7.390000,265.784000
14239,817.301000,525.648000,9.800000,402.680000
14240,689.052000,435.999000,24.999000,305.303000
14241,780.111000,402.771000,13.660000,344.112000
14242,705.534000,341.602000,6.950000,315.133000
14243,553.326000,307.632000,43.569000,250.164000
14244,427.290000,218.096000,10.060000,189.266000
14245,705.433000,393.401000,11.700000,290.123000
14246,639.815000,321.253000,9.589000,256.614000
14247,749.353000,476.979000,50.088000,353.981000
14248,808.250000,415.260000,10.690000,334.543000
14249,705.912000,351.753000,10.170000,279.983000
14250,710.314000,336.782000,23.910000,321.002000
14251,844.430000,276.843000,18.009000,278.683000
14252,719.884000,339.342000,13.510000,314.452000
14253,619.496000,377.271000,11.480000,355.502000
14254,471.140000,230.765000,7.010000,195.425000
14255,651.285000,326.612000,9.390000,296.884000
14256,609.956000,319.342000,38.850000,269.304000
14257,632.995000,358.881000,14.270000,309.472000
14258,578.156000,346.063000,14.790000,296.663000
14259,413.380000,198.226000,7.910000,180.156000
14260,563.378000,383.132000,24.570000,261.343000
14261,583.167000,267.593000,11.730000,256.864000
14262,681.644000,332.032000,9.850000,281.993000
14263,602.876000,321.772000,12.050000,329.423000
14264,775.601000,480.619000,11.409000,345.462000
14265,387.021000,164.687000,13.380000,156.177000
14266,515.079000,277.463000,11.178000,241.274000
14267,529.938000,354.342000,39.628000,282.972000
14268,653.915000,358.603000,12.829000,342.342000
14269,594.946000,370.732000,10.099000,299.674000
14270,636.604000,530.147000,18.309000,477.289000
14271,587.607000,389.570000,16.240000,313.294000
14272,1067.965000,464.519000,14.950000,351.221000
14273,646.854000,367.122000,6.639000,323.713000
14274,681.074000,419.710000,10.079000,319.632000
14275,580.367000,391.962000,10.900000,344.543000
14276,674.814000,409.180000,10.449000,337.153000
14277,639.065000,312.312000,6.350000,254.674000
14278,505.307000,305.533000,8.830000,236.624000
14279,614.146000,414.220000,16.200000,342.702000
14280,627.376000,475.698000,20.879000,335.762000
14281,734.593000,436.000000,10.020000,345.352000
14282,462.930000,270.963000,15.480000,297.553000
14283,727.573000,409.271000,9.251000,380.250000
14284,839.841000,425.561000,12.920000,323.712000
14285,605.075000,399.161000,6.410000,358.643000
14286,654.854000,391.941000,8.369000,309.654000
14287,732.872000,413.370000,8.789000,314.913000
14288,653.705000,389.260000,8.550000,329.362000
14289,606.706000,295.094000,42.110000,250.233000
14290,797.571000,556.847000,19.209000,455.970000
14291,639.495000,272.975000,9.400000,228.174000
14292,390.331000,223.955000,11.470000,205.125000
14293,615.316000,378.631000,6.680000,303.772000
14294,600.246000,371.451000,58.659000,312.213000
14295,586.146000,335.492000,8.999000,286.695000
14296,615.294000,386.511000,9.920000,298.814000
14297,516.327000,291.353000,5.810000,254.863000
14298,824.121000,368.622000,7.849000,277.783000
14299,538.568000,295.852000,10.390000,244.315000
14300,695.333000,521.048000,13.900000,376.301000
14301,506.897000,269.994000,40.409000,263.503000
14302,394.730000,207.214000,7.379000,185.086000
14303,466.718000,247.515000,17.160000,223.005000
14304,550.097000,282.973000,11.270000,288.184000
14305,692.293000,432.080000,10.560000,350.632000
14306,508.638000,409.491000,11.930000,349.491000
14307,621.235000,396.861000,12.759000,322.393000
14308,565.187000,333.352000,13.069000,259.434000
14309,698.024000,514.167000,9.470000,404.941000
14310,724.714000,386.050000,15.179000,322.972000
14311,629.565000,235.984000,13.400000,222.446000
14312,639.825000,347.011000,12.590000,293.564000
14313,634.205000,374.490000,8.640000,322.593000
14314,617.425000,398.160000,11.999000,315.322000
14315,612.096000,284.773000,15.880000,227.864000
14316,875.720000,616.426000,9.090000,424.211000
14317,679.264000,307.542000,11.920000,294.793000
14318,630.964000,319.503000,10.230000,314.843000
14319,558.887000,341.762000,12.331000,302.782000
14320,524.758000,390.950000,24.060000,275.402000
14321,658.295000,373.653000,9.740000,304.443000
14322,572.036000,320.254000,6.940000,314.542000
14323,624.775000,375.371000,8.450000,288.843000
14324,455.589000,240.975000,11.130000,226.855000
14325,473.719000,284.362000,7.609000,241.894000
14326,629.945000,376.951000,8.350000,307.283000
14327,552.317000,304.154000,7.359000,243.394000
14328,472.658000,269.044000,6.920000,219.125000
14329,657.474000,395.961000,12.040000,307.133000
14330,527.487000,423.000000,25.640000,376.870000
14331,720.903000,493.828000,16.929000,379.431000
14332,608.136000,350.533000,12.450000,291.253000
14333,1031.146000,327.704000,10.339000,248.993000
14334,668.253000,480.979000,11.310000,347.911000
14335,855.090000,358.222000,20.770000,280.274000
14336,542.556000,267.994000,13.670000,235.725000
14337,550.297000,321.453000,13.931000,318.373000
14338,749.182000,453.760000,6.570000,351.261000
14339,664.615000,244.524000,12.250000,219.464000
14340,732.843000,607.625000,19.579000,477.188000
14341,674.325000,394.221000,10.409000,393.671000
14342,422.530000,190.706000,12.280000,188.905000
14343,525.737000,274.914000,17.460000,266.823000
14344,477.759000,305.152000,13.399000,265.744000
14345,659.674000,444.749000,156.196000,325.341000
14346,776.831000,330.573000,12.400000,275.964000
14347,637.025000,400.150000,9.550000,343.022000
14348,520.837000,315.963000,9.929000,263.064000
14349,699.414000,400.570000,6.760000,315.032000
14350,667.845000,469.559000,23.779000,281.174000
14351,600.017000,330.112000,9.789000,275.924000
14352,637.144000,356.232000,10.960000,294.692000
14353,478.230000,254.154000,40.689000,230.165000
14354,730.183000,473.778000,10.879000,352.342000
14355,627.636000,382.391000,10.360000,292.374000
14356,622.865000,402.820000,16.260000,332.721000
14357,479.459000,305.662000,14.920000,283.184000
14358,525.247000,283.024000,11.680000,235.555000
14359,696.683000,357.281000,12.980000,317.183000
14360,1294.420000,589.955000,20.790000,500.639000
14361,602.445000,481.649000,14.360000,386.322000
14362,562.556000,313.383000,13.789000,265.474000
14363,531.637000,280.713000,8.250000,251.414000
14364,567.507000,328.802000,9.589000,268.263000
14365,628.126000,407.619000,9.770000,322.111000
14366,522.137000,290.652000,11.890000,246.484000
14367,620.796000,349.591000,6.459000,273.135000
14368,679.474000,426.470000,10.149000,290.343000
14369,578.116000,337.013000,10.160000,280.233000
14370,875.680000,437.029000,17.461000,413.441000
14371,630.486000,333.492000,10.770000,286.052000
14372,552.778000,306.211000,6.929000,238.614000
14373,661.974000,389.412000,12.129000,399.521000
14374,608.005000,354.031000,13.630000,288.434000
14375,673.233000,419.220000,13.590000,331.212000
14376,579.846000,338.692000,12.490000,293.313000
14377,691.003000,434.051000,14.270000,363.552000
14378,577.067000,333.213000,9.520000,262.624000
14379,800.941000,496.648000,10.260000,372.992000
14380,429.851000,329.942000,20.659000,297.693000
14381,639.525000,357.532000,12.979000,303.483000
14382,851.361000,455.470000,8.290000,369.021000
14383,434.010000,227.244000,14.288000,214.085000
14384,674.764000,426.900000,8.750000,340.191000
14385,727.804000,400.991000,15.770000,320.122000
14386,482.999000,269.654000,11.010000,225.006000
14387,630.216000,373.540000,9.341000,302.672000
14388,614.336000,354.283000,13.389000,290.612000
14389,490.479000,322.232000,12.020000,339.392000
14390,513.257000,305.483000,19.090000,267.745000
14391,607.685000,348.922000,11.320000,294.524000
14392,557.567000,305.613000,11.149000,304.042000
14393,598.967000,387.440000,14.090000,329.133000
14394,667.044000,435.420000,11.160000,337.193000
14395,534.467000,274.123000,7.009000,237.703000
14396,529.289000,332.251000,11.960000,293.054000
14397,559.927000,304.023000,13.879000,285.074000
14398,644.376000,400.160000,15.040000,313.173000
14399,671.864000,400.851000,10.070000,308.344000
14400,773.532000,511.529000,14.189000,365.532000
14401,635.065000,397.160000,12.160000,343.393000
14402,769.971000,398.171000,18.070000,354.841000
14403,631.045000,380.021000,56.469000,384.920000
14404,544.518000,317.974000,12.460000,270.003000
14405,644.105000,354.473000,17.039000,268.973000
14406,506.488000,266.924000,42.759000,218.844000
14407,751.491000,418.730000,6.609000,307.553000
14408,767.682000,416.901000,10.070000,414.811000
14409,658.644000,372.911000,44.020000,324.722000
14410,632.315000,504.419000,16.430000,388.011000
14411,618.106000,334.451000,9.901000,263.705000
14412,672.723000,406.380000,10.710000,304.833000
14413,632.016000,407.570000,10.790000,418.950000
14414,609.805000,390.720000,11.840000,334.962000
14415,612.296000,352.921000,14.440000,276.493000
14416,581.547000,351.111000,11.570000,297.803000
14417,535.437000,336.893000,18.520000,285.132000
14418,631.285000,350.683000,10.069000,300.182000
14419,680.765000,260.625000,12.740000,203.485000
14420,621.645000,497.049000,15.329000,340.653000
14421,521.997000,292.574000,10.089000,280.084000
14422,947.297000,376.142000,11.980000,305.803000
14423,539.277000,309.153000,10.090000,258.394000
14424,685.023000,400.861000,11.430000,391.251000
14425,650.844000,433.670000,13.420000,384.981000
14426,640.995000,396.360000,13.730000,342.933000
14427,582.097000,331.482000,14.119000,276.744000
14428,568.146000,347.562000,11.470000,274.065000
14429,482.739000,258.803000,8.540000,217.094000
14430,511.289000,395.381000,18.129000,286.104000
14431,619.376000,283.783000,10.510000,256.013000
14432,532.858000,320.433000,12.000000,297.212000
14433,626.575000,367.381000,13.180000,299.764000
14434,687.674000,460.628000,10.410000,360.911000
14435,715.314000,453.489000,8.590000,343.722000
14436,596.896000,354.822000,13.410000,279.864000
14437,621.755000,357.911000,7.370000,282.513000
14438,826.112000,524.838000,10.101000,273.894000
14439,613.856000,370.262000,10.110000,288.514000
14440,723.223000,335.471000,18.050000,336.602000
14441,630.915000,328.762000,12.621000,283.844000
14442,516.068000,279.794000,12.580000,236.615000
14443,888.260000,262.753000,17.310000,221.865000
14444,497.979000,309.381000,10.320000,250.244000
14445,533.256000,361.011000,12.370000,291.984000
14446,852.000000,398.261000,10.570000,302.444000
14447,652.463000,285.354000,16.290000,249.515000
14448,538.587000,310.412000,9.160000,282.132000
14449,659.414000,376.400000,12.430000,330.652000
14450,603.406000,468.879000,17.649000,452.490000
14451,613.016000,500.298000,12.230000,363.291000
14452,564.877000,349.011000,11.810000,317.172000
14453,638.865000,393.880000,14.021000,321.353000
14454,554.507000,339.241000,13.789000,306.502000
14455,610.875000,327.402000,10.740000,301.864000
14456,658.835000,330.802000,10.429000,283.314000
14457,516.707000,312.774000,7.659000,273.574000
14458,570.167000,317.844000,12.749000,246.005000
14459,570.466000,328.942000,17.730000,284.843000
14460,563.077000,425.180000,17.780000,366.701000
14461,821.560000,687.094000,11.760000,527.348000
14462,615.085000,357.382000,6.630000,366.653000
14463,581.255000,358.001000,47.988000,371.301000
14464,609.365000,401.341000,8.520000,309.643000
14465,597.476000,379.581000,9.059000,315.063000
14466,637.595000,404.940000,14.950000,311.203000
14467,606.985000,390.981000,12.809000,331.772000
14468,572.327000,246.365000,10.720000,194.414000
14469,647.025000,378.941000,5.439000,348.553000
14470,909.258000,567.477000,16.779000,326.003000
14471,606.036000,381.951000,15.759000,279.393000
14472,530.479000,317.103000,17.040000,299.864000
14473,559.817000,345.401000,10.310000,280.514000
14474,584.367000,325.502000,13.680000,281.904000
14475,422.330000,218.164000,9.459000,182.496000
14476,600.806000,361.701000,8.920000,306.583000
14477,670.903000,420.080000,8.789000,313.073000
14478,751.112000,387.351000,18.999000,305.374000
14479,648.476000,389.411000,10.700000,335.272000
14480,689.152000,586.986000,14.920000,408.790000
14481,621.905000,337.482000,12.450000,275.283000
14482,654.235000,392.901000,9.390000,332.102000
14483,561.138000,350.261000,11.860000,280.704000
14484,598.976000,371.231000,16.639000,315.272000
14485,516.257000,355.721000,12.519000,288.744000
14486,577.237000,361.331000,11.830000,296.113000
14487,427.881000,217.215000,10.730000,194.926000
14488,602.605000,366.391000,9.069000,320.822000
14489,562.357000,358.903000,14.089000,279.774000
14490,456.849000,271.584000,22.430000,222.285000
14491,313.573000,155.587000,12.080000,159.016000
14492,703.654000,370.151000,15.950000,370.951000
14493,614.825000,305.224000,11.328000,219.856000
14494,675.484000,367.172000,11.289000,309.574000
14495,604.656000,365.061000,13.590000,279.474000
14496,740.422000,475.749000,10.071000,363.871000
14497,564.387000,308.163000,10.420000,300.333000
14498,475.229000,220.135000,9.760000,194.835000
14499,611.036000,391.390000,8.400000,332.601000
14500,682.344000,572.237000,17.240000,419.701000
14501,570.607000,327.592000,15.980000,322.841000
14502,562.088000,331.172000,14.030000,281.273000
14503,520.776000,325.402000,14.848000,279.093000
14504,789.961000,520.149000,9.500000,344.622000
14505,532.097000,267.884000,10.220000,253.064000
14506,536.377000,300.134000,9.339000,255.633000
14507,670.444000,420.000000,9.130000,343.031000
14508,654.175000,381.652000,10.649000,306.674000
14509,654.275000,422.840000,9.840000,348.821000
14510,537.808000,438.020000,17.779000,398.181000
14511,723.322000,725.232000,12.450000,338.133000
14512,608.196000,315.443000,9.190000,255.544000
14513,642.955000,368.901000,11.700000,310.742000
14514,560.748000,333.401000,56.510000,286.052000
14515,462.229000,259.795000,13.230000,233.894000
14516,646.015000,384.811000,11.190000,343.091000
14517,2447.342000,325.553000,21.150000,236.593000
14518,601.696000,258.273000,14.769000,273.954000
14519,481.378000,251.984000,9.820000,230.525000
14520,638.523000,510.378000,16.190000,327.921000
14521,625.566000,328.803000,10.389000,312.602000
14522,510.419000,278.472000,44.809000,287.544000
14523,594.596000,321.272000,14.819000,273.383000
14524,688.814000,411.451000,12.171000,326.812000
14525,558.756000,291.814000,11.770000,247.075000
14526,699.872000,368.321000,11.470000,282.354000
14527,475.679000,236.314000,10.570000,216.136000
14528,476.270000,203.515000,14.849000,192.334000
14529,739.552000,411.300000,8.120000,319.223000
14530,722.794000,267.953000,38.709000,263.895000
14531,605.556000,287.413000,9.490000,266.403000
14532,457.029000,219.456000,9.080000,210.865000
14533,546.807000,356.542000,8.090000,283.632000
14534,515.758000,291.733000,10.821000,256.535000
14535,490.158000,269.703000,13.119000,266.455000
14536,720.513000,383.411000,10.080000,307.722000
14537,522.039000,276.673000,13.130000,215.345000
14538,574.837000,333.543000,13.019000,330.701000
14539,585.286000,321.803000,11.850000,270.682000
14540,649.065000,469.270000,14.100000,422.590000
14541,639.054000,508.509000,14.610000,293.283000
14542,638.665000,335.793000,8.740000,284.953000
14543,445.229000,225.085000,9.880000,199.845000
14544,718.203000,363.342000,13.960000,302.003000
14545,561.797000,320.174000,11.240000,280.472000
14546,617.646000,385.942000,81.188000,358.991000
14547,431.250000,236.265000,9.049000,232.105000
14548,650.865000,373.291000,10.999000,286.903000
14549,741.153000,447.030000,9.830000,366.101000
14550,585.236000,354.863000,17.999000,257.084000
14551,567.717000,333.832000,14.699000,259.575000
14552,530.227000,258.804000,16.560000,268.733000
14553,558.977000,297.713000,9.189000,254.535000
14554,486.437000,231.224000,11.900000,198.625000
14555,562.998000,288.903000,12.810000,236.365000
14556,639.185000,390.281000,8.689000,290.204000
14557,652.696000,367.751000,8.569000,299.393000
14558,641.935000,295.814000,15.680000,256.293000
14559,526.358000,281.303000,7.799000,237.025000
14560,702.924000,546.487000,15.239000,504.138000
14561,632.396000,295.314000,12.061000,264.004000
14562,632.123000,342.043000,78.127000,312.733000
14563,553.337000,322.503000,17.889000,289.293000
14564,637.455000,434.410000,10.310000,391.931000
14565,577.928000,339.331000,12.500000,287.203000
14566,658.074000,346.822000,16.160000,277.114000
14567,725.383000,388.962000,10.650000,309.472000
14568,599.887000,282.274000,6.600000,306.262000
14569,559.268000,355.271000,11.830000,384.541000
14570,682.043000,269.874000,21.929000,254.535000
14571,628.785000,285.823000,10.790000,286.214000
14572,634.205000,340.762000,11.171000,330.652000
14573,411.561000,204.046000,8.650000,179.185000
14574,736.803000,356.541000,14.589000,303.153000
14575,673.364000,347.793000,12.470000,293.262000
14576,622.155000,314.213000,15.860000,275.654000
14577,797.001000,347.313000,14.480000,267.812000
14578,538.167000,277.913000,8.450000,231.774000
14579,564.987000,313.973000,8.780000,326.763000
14580,787.941000,559.686000,13.590000,374.481000
14581,606.256000,302.243000,11.039000,336.342000
14582,561.897000,265.434000,19.569000,275.042000
14583,690.384000,464.519000,9.400000,392.612000
14584,492.088000,282.794000,16.929000,283.364000
14585,496.888000,228.985000,14.389000,207.445000
14586,444.090000,276.334000,10.909000,283.495000
14587,769.962000,434.610000,9.620000,357.102000
14588,656.664000,345.343000,9.669000,299.573000
14589,709.214000,396.050000,11.480000,346.021000
14590,578.636000,457.719000,16.559000,337.422000
14591,711.734000,326.032000,11.120000,297.854000
14592,461.339000,234.515000,8.430000,216.995000
14593,600.276000,328.752000,8.510000,321.841000
14594,542.987000,313.053000,9.129000,303.282000
14595,560.759000,320.283000,7.129000,271.944000
14596,634.705000,346.291000,11.520000,282.664000
14597,644.795000,346.592000,5.861000,284.463000
14598,581.507000,322.321000,8.170000,271.973000
14599,650.754000,335.413000,10.960000,275.133000
14600,625.235000,516.049000,13.649000,320.063000
14601,632.806000,382.610000,88.029000,312.752000
14602,675.325000,348.742000,9.670000,316.113000
14603,704.242000,359.992000,10.980000,299.443000
14604,607.545000,342.942000,10.039000,310.383000
14605,617.236000,360.231000,12.440000,293.553000
14606,520.277000,289.285000,10.230000,256.333000
14607,631.186000,370.873000,10.278000,297.904000
14608,682.714000,404.121000,13.060000,322.642000
14609,698.894000,391.861000,13.050000,335.091000
14610,689.303000,570.707000,16.860000,382.231000
14611,738.752000,343.452000,13.959000,306.754000
14612,502.927000,248.004000,14.930000,230.025000
14613,662.324000,401.240000,88.567000,335.993000
14614,610.675000,347.202000,11.450000,283.643000
14615,781.782000,287.984000,10.731000,236.644000
14616,345.062000,151.947000,6.421000,154.316000
14617,601.005000,330.943000,10.150000,278.973000
14618,448.839000,231.964000,10.710000,230.944000
14619,450.529000,256.423000,11.360000,228.924000
14620,566.538000,420.830000,19.070000,291.282000
14621,635.625000,304.563000,12.270000,283.374000
14622,661.315000,363.142000,10.061000,307.712000
14623,379.693000,217.645000,11.210000,177.745000
14624,485.768000,289.144000,19.109000,271.424000
14625,629.285000,357.601000,12.299000,293.203000
14626,585.137000,319.992000,10.000000,266.263000
14627,651.715000,370.271000,12.280000,317.121000
14628,578.196000,346.793000,14.009000,285.833000
14629,656.075000,361.902000,9.630000,349.732000
14630,582.376000,468.300000,14.799000,261.364000
14631,531.197000,247.665000,8.719000,249.614000
14632,557.507000,256.822000,11.610000,224.715000
14633,651.155000,373.391000,8.160000,310.693000
14634,594.486000,357.062000,10.690000,280.294000
14635,642.365000,388.550000,12.719000,308.122000
14636,515.258000,279.413000,8.701000,268.373000
14637,542.156000,299.833000,9.030000,253.014000
14638,614.445000,332.262000,8.260000,280.173000
14639,649.285000,318.122000,8.930000,255.084000
14640,768.321000,350.073000,18.290000,329.843000
14641,597.346000,268.754000,11.920000,288.213000
14642,684.415000,315.362000,11.049000,314.983000
14643,641.385000,323.703000,14.010000,286.044000
14644,830.620000,460.509000,8.790000,352.262000
14645,642.794000,355.072000,5.710000,297.402000
14646,699.064000,393.001000,10.380000,263.724000
14647,705.514000,367.101000,13.139000,334.433000
14648,513.697000,276.043000,19.890000,227.164000
14649,654.544000,428.569000,8.809000,324.403000
14650,493.488000,349.992000,18.611000,308.843000
14651,705.133000,493.439000,14.840000,269.403000
14652,739.293000,299.532000,12.029000,275.274000
14653,748.722000,412.860000,15.690000,310.503000
14654,531.877000,291.513000,12.579000,302.603000
14655,578.366000,270.584000,13.020000,235.155000
14656,380.971000,145.197000,11.560000,145.698000
14657,667.274000,375.092000,14.388000,328.073000
14658,469.589000,235.224000,9.550000,204.886000
14659,652.534000,348.032000,7.739000,289.244000
14660,653.415000,536.858000,16.910000,399.170000
14661,439.810000,228.874000,13.449000,221.494000
14662,538.327000,290.852000,8.069000,247.784000
14663,632.695000,345.362000,9.889000,282.343000
14664,530.168000,323.692000,9.159000,267.343000
14665,574.848000,308.901000,14.169000,272.493000
14666,735.402000,540.347000,11.560000,367.811000
14667,569.276000,277.473000,17.500000,249.515000
14668,817.150000,522.278000,8.010000,351.891000
14669,572.526000,296.314000,9.571000,244.433000
14670,673.544000,563.667000,18.909000,501.560000
14671,563.797000,432.560000,15.769000,259.834000
14672,481.508000,204.405000,12.190000,202.916000
14673,480.459000,269.924000,14.138000,257.554000
14674,602.786000,318.363000,18.780000,285.473000
14675,572.367000,305.973000,12.220000,270.964000
14676,662.734000,395.210000,9.610000,325.823000
14677,664.444000,291.432000,9.240000,250.624000
14678,678.385000,385.252000,9.530000,345.412000
14679,551.987000,224.253000,14.979000,215.005000
14680,630.856000,292.552000,14.950000,284.984000
14681,799.181000,389.401000,34.340000,370.751000
14682,531.287000,231.084000,15.349000,229.144000
14683,616.056000,378.401000,48.668000,476.279000
14684,578.086000,344.941000,10.929000,309.612000
14685,655.975000,373.201000,10.350000,385.921000
14686,612.675000,320.662000,15.180000,289.214000
14687,506.418000,221.885000,12.710000,214.255000
14688,615.105000,306.254000,7.740000,248.583000
14689,736.313000,303.642000,9.089000,262.005000
14690,784.501000,342.752000,16.649000,320.574000
14691,558.917000,249.044000,8.480000,232.915000
14692,859.979000,485.680000,8.820000,376.071000
14693,591.536000,245.623000,16.750000,218.004000
14694,500.489000,207.485000,10.520000,185.315000
14695,567.087000,323.491000,17.531000,284.784000
14696,594.006000,322.833000,15.950000,325.512000
14697,517.358000,266.274000,7.530000,234.015000
14698,406.110000,258.694000,7.000000,208.125000
14699,706.523000,358.402000,7.970000,300.653000
14700,741.232000,256.354000,17.230000,244.974000
14701,630.745000,285.322000,11.209000,270.364000
14702,650.125000,336.671000,8.409000,346.863000
14703,462.409000,221.455000,7.410000,192.695000
14704,732.083000,447.909000,11.680000,328.872000
14705,503.268000,267.862000,7.820000,223.465000
14706,666.375000,386.690000,12.440000,310.182000
14707,512.109000,279.842000,13.210000,230.914000
14708,529.398000,288.603000,10.371000,237.145000
14709,673.085000,394.510000,11.350000,322.612000
14710,489.499000,386.551000,18.580000,281.503000
14711,704.384000,353.982000,10.090000,314.304000
14712,772.392000,444.219000,9.300000,444.349000
14713,480.818000,253.164000,4.940000,284.294000
14714,504.208000,326.983000,7.650000,291.612000
14715,793.351000,620.315000,10.410000,483.099000
14716,636.905000,378.680000,15.249000,352.071000
14717,352.223000,155.316000,12.180000,141.497000
14718,501.429000,275.223000,9.280000,239.284000
14719,568.546000,333.152000,13.160000,262.033000
14720,867.639000,810.981000,18.489000,545.788000
14721,465.008000,223.646000,13.731000,236.715000
14722,489.848000,227.114000,8.390000,224.114000
14723,507.008000,271.333000,13.240000,233.363000
14724,687.725000,387.140000,11.360000,308.353000
14725,724.402000,408.790000,8.869000,308.273000
14726,658.454000,334.492000,7.180000,328.362000
14727,731.143000,416.021000,13.470000,322.902000
14728,580.196000,295.193000,11.880000,267.253000
14729,632.554000,355.973000,10.780000,302.422000
14730,638.635000,326.273000,13.539000,262.953000
14731,582.236000,286.333000,12.090000,259.984000
14732,671.925000,349.341000,10.210000,345.461000
14733,687.304000,359.291000,7.859000,294.243000
14734,601.295000,327.662000,19.169000,267.573000
14735,619.446000,347.441000,19.410000,257.994000
14736,571.836000,266.504000,12.759000,228.084000
14737,793.793000,289.932000,12.670000,249.245000
14738,807.972000,397.001000,11.380000,326.863000
14739,607.906000,395.220000,12.769000,317.922000
14740,495.669000,213.105000,17.159000,223.974000
14741,523.578000,210.866000,9.340000,210.635000
14742,712.992000,362.303000,8.971000,315.602000
14743,397.341000,176.366000,14.050000,176.195000
14744,538.298000,305.972000,13.429000,288.634000
14745,600.237000,336.922000,11.489000,321.773000
14746,427.199000,224.495000,9.170000,199.184000
14747,691.535000,333.482000,19.771000,277.004000
14748,584.296000,328.133000,11.610000,279.463000
14749,758.112000,346.001000,12.330000,255.994000
14750,839.900000,666.474000,15.469000,453.469000
14751,648.575000,336.542000,8.330000,311.534000
14752,632.156000,356.921000,15.630000,321.142000
14753,541.018000,249.143000,16.800000,208.155000
14754,558.107000,339.593000,14.290000,266.363000
14755,544.797000,318.761000,14.291000,259.924000
14756,727.802000,447.350000,9.389000,349.822000
14757,616.166000,331.912000,11.009000,272.754000
14758,536.147000,279.734000,12.320000,248.733000
14759,588.667000,327.722000,12.280000,309.343000
14760,599.367000,525.727000,24.570000,436.060000
14761,332.712000,213.685000,15.349000,180.836000
14762,472.799000,309.572000,6.830000,224.765000
14763,534.788000,244.294000,9.240000,218.895000
14764,408.871000,215.484000,8.799000,204.715000
14765,642.644000,313.593000,8.320000,258.634000
14766,451.180000,236.824000,12.699000,213.395000
14767,502.469000,304.302000,10.470000,255.634000
14768,636.454000,369.451000,13.380000,287.104000
14769,497.427000,247.685000,11.270000,244.535000
14770,775.781000,700.164000,19.420000,648.404000
14771,571.327000,293.983000,11.980000,259.934000
14772,453.639000,250.115000,13.930000,216.403000
14773,1294.679000,331.152000,15.810000,268.823000
14774,702.544000,436.979000,10.960000,310.532000
14775,641.326000,364.991000,8.530000,293.073000
14776,547.497000,256.205000,9.550000,217.915000
14777,715.082000,425.350000,7.649000,355.012000
14778,645.063000,368.862000,7.800000,290.282000
14779,614.645000,394.781000,7.139000,310.463000
14780,695.684000,592.235000,21.360000,509.509000
14781,666.495000,553.757000,17.049000,398.731000
14782,412.620000,226.454000,11.560000,200.935000
14783,483.330000,273.963000,9.400000,232.455000
14784,573.637000,339.713000,7.129000,278.994000
14785,701.784000,401.810000,7.419000,291.642000
14786,529.218000,260.464000,9.880000,222.185000
14787,472.780000,227.424000,9.530000,203.645000
14788,500.888000,293.094000,6.069000,255.995000
14789,632.155000,383.541000,6.530000,287.103000
14790,631.246000,540.857000,17.739000,478.389000
14791,623.795000,523.608000,13.701000,383.482000
14792,571.517000,327.392000,13.861000,287.453000
14793,544.118000,325.203000,11.840000,259.714000
14794,567.757000,356.572000,10.570000,295.044000
14795,675.384000,433.810000,13.400000,324.622000
14796,466.080000,257.065000,11.199000,211.365000
14797,1089.445000,472.159000,14.950000,498.818000
14798,575.987000,319.023000,12.520000,260.644000
14799,627.156000,350.302000,10.180000,296.553000
14800,618.586000,509.588000,13.680000,437.059000
14801,663.064000,410.420000,11.771000,321.213000
14802,655.824000,395.691000,55.918000,384.210000
14803,589.197000,360.100000,12.199000,298.643000
14804,535.568000,332.521000,14.009000,282.344000
14805,744.922000,426.990000,45.390000,322.442000
14806,655.415000,395.791000,7.079000,364.132000
14807,335.003000,160.236000,7.160000,150.476000
14808,526.758000,279.842000,9.920000,261.085000
14809,690.264000,404.421000,11.560000,303.192000
14810,644.465000,538.517000,18.990000,479.509000
14811,531.867000,312.813000,11.200000,275.743000
14812,495.720000,214.786000,16.009000,192.136000
14813,501.238000,294.794000,10.480000,262.954000
14814,681.273000,556.858000,11.950000,405.660000
14815,590.456000,378.741000,8.130000,342.602000
14816,391.981000,191.865000,7.660000,176.247000
14817,606.947000,362.891000,10.139000,300.082000
14818,535.938000,314.323000,18.560000,252.114000
14819,541.897000,286.083000,13.430000,244.904000
14820,564.367000,329.743000,18.889000,256.584000
14821,497.777000,308.193000,17.440000,257.704000
14822,697.653000,415.960000,10.390000,335.972000
14823,635.945000,395.041000,15.120000,360.612000
14824,570.695000,356.901000,15.649000,283.354000
14825,462.659000,281.615000,11.341000,240.155000
14826,593.095000,292.513000,12.390000,461.699000
14827,634.215000,362.193000,12.099000,344.481000
14828,641.845000,410.100000,11.769000,380.011000
14829,500.977000,317.103000,13.679000,259.773000
14830,741.292000,547.367000,58.479000,369.852000
14831,587.696000,354.232000,16.409000,280.012000
14832,539.788000,319.752000,14.190000,275.524000
14833,519.477000,306.224000,10.399000,268.294000
14834,671.384000,447.310000,8.531000,336.112000
14835,685.154000,414.450000,11.350000,309.284000
14836,642.884000,390.982000,8.789000,326.043000
14837,523.837000,307.003000,8.520000,260.213000
14838,694.994000,392.731000,7.700000,293.953000
14839,452.149000,265.784000,15.030000,243.465000
14840,964.068000,727.632000,26.679000,530.086000
14841,960.869000,365.911000,19.011000,403.850000
14842,550.316000,357.052000,17.369000,297.614000
14843,647.145000,399.080000,19.590000,364.111000
14844,579.636000,345.871000,16.360000,294.424000
14845,512.207000,308.054000,10.990000,285.993000
14846,608.995000,362.702000,9.479000,297.023000
14847,659.175000,348.991000,9.759000,277.544000
14848,621.555000,378.511000,10.189000,313.753000
14849,627.895000,371.170000,12.851000,302.732000
14850,819.150000,571.537000,14.659000,430.440000
14851,573.907000,308.352000,10.600000,262.444000
14852,756.462000,422.680000,12.069000,338.932000
14853,739.743000,390.271000,19.949000,311.742000
14854,579.937000,343.792000,19.129000,293.433000
14855,531.558000,352.693000,17.200000,306.432000
14856,751.183000,423.670000,10.960000,336.531000
14857,683.864000,451.858000,10.509000,348.272000
14858,486.039000,248.804000,11.809000,222.125000
14859,682.244000,385.452000,9.150000,316.202000
14860,477.839000,302.924000,18.089000,281.002000
14861,512.748000,338.112000,10.020000,246.575000
14862,565.906000,312.823000,9.310000,273.082000
14863,611.005000,353.853000,12.079000,330.772000
14864,497.869000,283.012000,11.019000,235.705000
14865,592.676000,353.593000,13.698000,336.903000
14866,719.702000,422.571000,12.780000,346.822000
14867,575.138000,369.121000,10.660000,287.593000
14868,571.028000,330.952000,16.809000,295.743000
14869,491.728000,297.633000,19.779000,258.325000
14870,812.060000,489.690000,21.211000,420.590000
14871,581.026000,475.959000,19.288000,408.802000
14872,689.004000,408.171000,11.870000,363.461000
14873,767.003000,392.781000,10.720000,320.582000
14874,738.723000,482.218000,10.900000,366.152000
14875,692.324000,384.441000,12.270000,308.213000
14876,604.296000,338.461000,9.380000,260.284000
14877,564.047000,376.661000,15.139000,308.863000
14878,728.754000,454.439000,17.859000,391.560000
14879,566.897000,308.082000,14.760000,249.724000
14880,597.156000,542.607000,14.320000,331.002000
14881,635.865000,350.871000,12.080000,310.653000
14882,500.907000,295.363000,10.640000,276.863000
14883,603.775000,349.132000,11.910000,304.343000
14884,640.505000,385.090000,10.360000,294.083000
14885,474.729000,244.774000,8.840000,209.005000
14886,654.585000,365.291000,10.070000,304.672000
14887,649.015000,397.101000,10.701000,321.003000
14888,549.087000,364.601000,11.599000,305.684000
14889,483.908000,269.165000,10.890000,223.845000
14890,733.924000,594.186000,14.880000,434.889000
14891,576.608000,312.122000,9.220000,272.474000
14892,617.805000,409.770000,11.040000,328.291000
14893,394.161000,215.725000,14.000000,267.384000
14894,633.396000,397.411000,12.450000,302.353000
14895,628.595000,401.991000,7.580000,315.833000
14896,654.435000,339.531000,6.730000,334.991000
14897,598.546000,340.182000,9.541000,266.033000
14898,594.536000,313.063000,14.440000,269.754000
14899,510.537000,304.413000,9.600000,272.944000
14900,669.305000,557.737000,19.330000,513.618000
14901,617.125000,403.680000,11.499000,277.764000
14902,353.372000,163.485000,15.300000,173.196000
14903,531.308000,317.412000,10.980000,263.705000
14904,556.216000,332.962000,12.420000,268.424000
14905,609.026000,383.421000,12.749000,316.733000
14906,673.293000,420.590000,10.910000,304.633000
14907,547.136000,280.893000,13.029000,234.304000
14908,642.135000,395.190000,11.990000,289.304000
14909,714.883000,411.201000,9.419000,380.980000
14910,540.868000,468.980000,13.529000,456.099000
14911,911.729000,512.908000,15.270000,332.513000
14912,825.830000,412.360000,19.720000,329.571000
14913,479.399000,280.903000,14.820000,287.184000
14914,474.509000,319.441000,11.179000,248.503000
14915,415.491000,230.034000,8.781000,202.885000
14916,807.080000,434.420000,8.430000,456.990000
14917,584.306000,334.651000,11.240000,355.161000
14918,659.894000,461.420000,11.379000,329.413000
14919,580.917000,207.166000,10.739000,181.036000
14920,494.878000,330.093000,16.029000,261.354000
14921,811.371000,516.977000,13.470000,318.993000
14922,801.501000,465.559000,9.571000,435.060000
14923,580.656000,317.373000,9.070000,271.144000
14924,585.026000,336.952000,10.850000,283.424000
14925,553.047000,278.974000,12.659000,226.705000
14926,641.676000,350.521000,12.459000,282.463000
14927,506.159000,293.904000,11.240000,261.993000
14928,923.019000,556.117000,11.019000,393.840000
14929,459.859000,252.054000,9.949000,227.735000
14930,640.895000,573.136000,21.889000,396.831000
14931,446.880000,198.695000,11.800000,188.226000
14932,768.492000,392.331000,13.060000,318.533000
14933,686.604000,424.020000,13.009000,336.272000
14934,539.617000,318.203000,13.649000,283.203000
14935,659.674000,343.921000,21.009000,256.695000
14936,428.000000,194.496000,9.879000,189.925000
14937,577.126000,301.114000,7.540000,277.864000
14938,618.096000,340.832000,11.219000,288.864000
14939,546.357000,332.752000,14.660000,274.474000
14940,566.706000,460.919000,19.909000,280.063000
14941,729.102000,376.791000,11.190000,312.734000
14942,633.435000,365.202000,10.909000,338.561000
14943,604.296000,384.261000,11.379000,311.504000
14944,558.257000,331.073000,9.698000,277.514000
14945,841.301000,303.794000,10.600000,243.113000
14946,585.406000,342.502000,8.660000,305.583000
14947,692.783000,399.170000,8.060000,389.940000
14948,685.355000,391.481000,44.930000,399.661000
14949,546.757000,326.863000,13.148000,293.694000
14950,514.587000,238.024000,18.430000,241.364000
14951,609.814000,263.663000,13.730000,249.934000
14952,544.718000,263.333000,11.820000,261.944000
14953,704.795000,386.461000,10.690000,314.343000
14954,578.367000,299.704000,10.351000,249.515000
14955,646.095000,374.361000,10.080000,367.962000
14956,592.337000,251.114000,7.690000,215.655000
14957,597.066000,310.563000,5.709000,259.814000
14958,395.300000,287.533000,6.780000,236.663000
14959,568.027000,315.752000,12.150000,270.694000
14960,732.742000,598.137000,23.408000,427.249000
14961,500.059000,251.685000,11.990000,220.675000
14962,531.627000,268.344000,7.930000,247.114000
14963,499.647000,298.293000,9.399000,257.533000
14964,411.720000,272.563000,15.720000,256.394000
14965,462.989000,242.663000,16.920000,230.984000
14966,617.595000,347.132000,8.390000,271.344000
14967,598.596000,330.053000,13.658000,286.283000
14968,1407.187000,363.712000,17.870000,278.793000
14969,517.589000,294.852000,45.559000,300.763000
14970,657.685000,548.867000,14.779000,462.219000
14971,392.030000,132.425000,18.169000,162.276000
14972,797.332000,345.292000,14.640000,313.922000
14973,746.233000,416.400000,13.460000,317.502000
14974,670.144000,376.560000,11.640000,328.112000
14975,505.408000,304.262000,47.369000,260.264000
14976,659.155000,373.681000,10.449000,296.493000
14977,770.623000,466.629000,45.109000,376.871000
14978,584.277000,350.271000,10.000000,292.173000
14979,562.868000,300.243000,14.171000,267.124000
14980,663.596000,531.467000,17.639000,351.132000
14981,568.627000,251.044000,13.720000,255.765000
14982,649.855000,245.965000,10.019000,236.284000
14983,467.298000,236.014000,10.640000,211.986000
14984,567.276000,336.012000,9.240000,355.041000
14985,594.266000,324.324000,9.280000,278.812000
14986,558.397000,313.532000,9.800000,236.385000
14987,699.653000,365.783000,11.080000,299.773000
14988,609.246000,335.323000,10.758000,299.553000
14989,725.202000,478.029000,12.049000,349.752000
14990,625.135000,494.779000,20.479000,425.740000
14991,749.871000,605.085000,14.030000,421.590000
14992,533.368000,273.143000,11.849000,226.195000
14993,534.427000,283.804000,7.050000,239.374000
14994,615.375000,375.561000,11.729000,338.181000
14995,778.082000,486.798000,12.180000,358.721000
14996,665.505000,372.721000,8.650000,309.223000
14997,669.614000,385.662000,11.160000,290.553000
14998,660.295000,386.021000,10.110000,313.783000
14999,574.506000,298.192000,2570.890000,437.460000
15000,789.021000,541.767000,21.759000,361.420000
15001,503.209000,308.472000,15.030000,296.774000
15002,756.702000,387.101000,9.310000,348.861000
15003,512.159000,312.542000,9.480000,306.633000
15004,486.789000,235.765000,15.409000,208.734000
15005,912.608000,421.409000,27.929000,385.661000
15006,598.346000,339.272000,15.710000,308.614000
15007,414.770000,230.424000,10.690000,216.715000
15008,676.663000,398.881000,8.960000,326.033000
15009,685.803000,306.413000,15.670000,285.134000
15010,612.997000,461.128000,19.780000,307.244000
15011,682.225000,402.631000,13.739000,342.811000
15012,708.204000,414.150000,11.319000,410.049000
15013,632.324000,362.782000,10.680000,285.953000
15014,492.399000,293.133000,10.200000,249.274000
15015,484.258000,278.312000,10.541000,229.395000
15016,477.609000,248.145000,7.160000,212.206000
15017,628.955000,358.951000,6.979000,300.364000
15018,642.485000,338.443000,7.010000,323.302000
15019,594.186000,429.470000,7.209000,338.303000
15020,682.755000,564.597000,14.909000,470.610000
15021,690.513000,308.963000,9.520000,286.552000
15022,551.867000,301.082000,12.990000,260.434000
15023,653.046000,593.695000,10.899000,408.330000
15024,494.948000,306.683000,10.329000,284.124000
15025,532.907000,273.964000,11.110000,224.635000
15026,411.011000,212.895000,12.239000,197.235000
15027,565.996000,340.612000,14.900000,278.424000
15028,395.761000,248.454000,14.419000,235.973000
15029,720.624000,369.120000,7.600000,296.933000
15030,823.871000,476.129000,22.439000,295.713000
15031,812.032000,399.331000,12.130000,329.372000
15032,764.812000,454.249000,12.360000,377.930000
15033,579.886000,376.220000,11.669000,298.994000
15034,735.012000,425.931000,8.940000,315.062000
15035,614.815000,358.912000,14.000000,309.832000
15036,490.339000,270.014000,15.209000,242.224000
15037,660.254000,379.621000,8.171000,264.254000
15038,468.889000,240.814000,7.700000,211.615000
15039,442.770000,206.886000,8.290000,192.876000
15040,542.497000,471.738000,19.139000,312.582000
15041,633.245000,333.212000,11.570000,280.703000
15042,844.220000,355.252000,13.250000,343.533000
15043,848.979000,523.308000,10.390000,376.501000
15044,517.558000,285.014000,9.870000,241.825000
15045,675.714000,362.290000,7.179000,271.812000
15046,701.763000,410.861000,9.670000,378.201000
15047,578.207000,356.223000,6.570000,260.503000
15048,695.684000,382.351000,8.110000,296.833000
15049,532.277000,274.004000,39.849000,276.022000
15050,665.793000,508.748000,23.369000,384.421000
15051,380.711000,179.085000,26.539000,198.106000
15052,484.088000,257.434000,10.869000,218.535000
15053,446.769000,253.844000,9.269000,222.765000
15054,739.573000,431.890000,10.098000,318.862000
15055,518.037000,253.375000,16.669000,231.784000
15056,896.459000,454.159000,10.219000,348.323000
15057,560.266000,312.943000,15.099000,264.154000
15058,516.197000,271.425000,7.939000,214.266000
15059,661.155000,412.860000,6.640000,319.122000
15060,780.563000,644.323000,13.850000,443.220000
15061,819.220000,597.875000,33.600000,431.601000
15062,705.204000,506.867000,10.770000,377.901000
15063,655.006000,452.529000,14.210000,380.151000
15064,616.416000,402.991000,12.880000,348.901000
15065,688.014000,398.291000,14.701000,292.174000
15066,648.995000,302.282000,16.540000,273.724000
15067,603.235000,244.983000,10.421000,208.576000
15068,581.557000,326.862000,47.208000,287.564000
15069,627.925000,361.942000,16.250000,325.592000
15070,521.167000,415.260000,25.228000,397.322000
15071,838.791000,621.545000,22.130000,562.266000
15072,584.107000,337.262000,21.000000,278.664000
15073,685.034000,475.770000,11.190000,376.861000
15074,595.205000,357.632000,10.750000,301.863000
15075,672.804000,404.171000,48.930000,335.491000
15076,529.378000,349.632000,16.190000,279.132000
15077,705.094000,430.070000,13.240000,370.171000
15078,625.925000,386.931000,9.430000,299.802000
15079,631.725000,384.511000,6.880000,301.044000
15080,820.310000,601.235000,14.239000,652.905000
15081,552.387000,303.933000,14.969000,259.903000
15082,582.416000,353.243000,9.950000,297.293000
15083,694.694000,416.150000,15.399000,381.261000
15084,513.687000,304.203000,17.879000,264.384000
15085,591.306000,332.341000,11.289000,274.504000
15086,672.114000,379.311000,8.651000,300.753000
15087,639.076000,357.311000,13.580000,330.023000
15088,500.597000,285.474000,10.580000,252.804000
15089,546.817000,300.602000,11.170000,269.034000
15090,753.482000,597.786000,16.150000,523.608000
15091,687.535000,465.600000,12.920000,348.182000
15092,644.885000,374.711000,9.920000,294.605000
15093,527.197000,318.624000,9.288000,288.004000
15094,663.045000,407.680000,10.240000,332.972000
15095,592.016000,350.052000,9.491000,284.282000
15096,590.226000,341.782000,10.310000,294.612000
15097,607.106000,359.761000,13.960000,289.544000
15098,668.615000,384.481000,7.130000,309.032000
15099,625.415000,385.542000,11.820000,302.823000
15100,679.774000,594.876000,20.069000,440.860000
15101,653.064000,392.932000,57.969000,335.063000
15102,660.755000,315.892000,10.060000,284.954000
15103,529.486000,300.943000,9.490000,284.513000
15104,634.416000,401.861000,9.270000,312.972000
15105,581.658000,362.172000,6.590000,277.843000
15106,642.485000,340.783000,6.339000,267.353000
15107,472.980000,211.915000,9.531000,190.285000
15108,768.352000,388.931000,13.940000,336.262000
15109,569.966000,261.804000,10.260000,259.654000
15110,608.676000,422.520000,22.919000,377.422000
15111,605.625000,277.034000,13.280000,249.153000
15112,562.597000,319.392000,9.600000,314.702000
15113,709.703000,391.090000,10.800000,325.922000
15114,677.935000,491.649000,9.830000,358.451000
15115,592.736000,331.393000,13.329000,317.652000
15116,621.925000,342.861000,9.211000,274.184000
15117,567.676000,292.544000,11.270000,233.915000
15118,691.103000,395.590000,9.650000,315.794000
15119,723.953000,408.510000,6.700000,321.653000
15120,465.330000,283.072000,17.640000,224.485000
15121,560.486000,265.415000,13.030000,258.334000
15122,576.976000,281.753000,12.259000,268.484000
15123,602.157000,335.172000,9.740000,296.693000
15124,543.368000,322.421000,12.600000,289.184000
15125,776.651000,492.468000,7.840000,316.934000
15126,689.183000,384.392000,6.380000,280.912000
15127,1302.930000,495.879000,17.978000,369.832000
15128,716.303000,391.680000,11.359000,326.812000
15129,624.346000,358.351000,14.160000,302.174000
15130,547.148000,362.700000,26.811000,281.844000
15131,735.623000,393.341000,11.560000,334.721000
15132,580.627000,323.832000,10.200000,301.564000
15133,506.959000,217.635000,9.470000,196.056000
15134,616.686000,361.662000,10.600000,304.043000
15135,535.067000,273.254000,9.880000,229.024000
15136,892.339000,603.096000,8.950000,433.870000
15137,699.334000,388.661000,10.080000,395.421000
15138,461.030000,221.865000,10.181000,205.255000
15139,730.382000,376.660000,9.920000,292.584000
15140,629.835000,518.688000,18.620000,359.432000
15141,649.254000,340.052000,10.030000,298.723000
15142,636.175000,316.402000,10.369000,279.504000
15143,689.475000,368.130000,8.390000,284.074000
15144,648.474000,364.013000,11.080000,286.392000
15145,1024.755000,351.903000,17.890000,277.133000
15146,546.917000,287.442000,13.030000,277.603000
15147,489.628000,288.634000,10.360000,258.615000
15148,529.407000,288.194000,6.910000,236.435000
15149,679.504000,393.281000,7.509000,350.973000
15150,641.185000,527.978000,16.749000,385.010000
15151,1446.287000,544.707000,18.350000,394.590000
15152,641.745000,357.820000,11.720000,280.303000
15153,641.915000,423.470000,9.130000,297.262000
15154,542.636000,299.934000,10.019000,251.285000
15155,564.326000,305.793000,8.400000,259.855000
15156,544.768000,320.452000,7.610000,270.884000
15157,492.817000,288.085000,12.680000,261.425000
15158,787.791000,442.999000,12.100000,381.701000
15159,542.237000,314.443000,10.520000,283.623000
15160,666.505000,318.432000,19.259000,307.144000
15161,659.233000,337.963000,11.150000,325.711000
15162,551.837000,302.464000,14.640000,278.113000
15163,700.454000,420.800000,10.820000,317.272000
15164,629.455000,421.649000,9.219000,327.603000
15165,524.697000,302.062000,11.129000,291.122000
15166,685.694000,359.242000,9.339000,309.102000
15167,618.445000,319.942000,8.569000,248.314000
15168,527.647000,293.443000,9.571000,272.385000
15169,503.457000,242.144000,7.920000,213.315000
15170,764.072000,451.480000,15.128000,296.374000
15171,748.362000,344.522000,11.290000,280.392000
15172,715.123000,287.733000,17.899000,289.324000
15173,574.217000,326.304000,11.350000,275.974000
15174,554.587000,352.301000,17.600000,285.302000
15175,639.796000,441.881000,9.189000,290.843000
15176,534.587000,324.353000,7.410000,273.393000
15177,503.629000,278.023000,10.600000,241.515000
15178,617.366000,339.261000,15.050000,310.883000
15179,593.566000,361.972000,8.990000,286.924000
15180,628.054000,499.720000,22.470000,444.318000
15181,479.450000,361.311000,14.790000,339.483000
15182,752.592000,613.546000,14.349000,398.190000
15183,618.016000,270.193000,18.959000,228.805000
15184,570.167000,341.293000,12.110000,279.223000
15185,648.775000,385.781000,8.470000,335.313000
15186,637.006000,388.531000,9.710000,339.882000
15187,697.584000,375.080000,14.000000,289.383000
15188,482.929000,255.184000,9.780000,220.725000
15189,726.123000,268.694000,14.350000,278.123000
15190,576.217000,400.801000,21.590000,235.245000
15191,789.961000,396.380000,9.800000,325.113000
15192,465.639000,219.465000,6.611000,208.776000
15193,518.408000,245.543000,11.420000,233.784000
15194,786.471000,446.490000,8.819000,353.353000
15195,682.894000,396.051000,12.670000,336.343000
15196,625.715000,366.271000,16.190000,338.302000
15197,559.507000,281.255000,12.280000,264.374000
15198,539.827000,283.104000,48.887000,245.964000
15199,382.921000,169.607000,7.280000,154.936000
15200,759.361000,414.860000,18.199000,279.444000
15201,581.666000,260.504000,10.620000,243.434000
15202,490.189000,218.455000,9.860000,209.775000
15203,630.065000,336.372000,11.349000,313.022000
15204,591.536000,252.074000,15.350000,208.884000
15205,620.085000,361.552000,14.660000,286.643000
15206,726.214000,396.661000,18.429000,310.571000
15207,653.206000,374.971000,10.960000,314.694000
15208,533.126000,284.363000,6.920000,254.153000
15209,602.367000,350.232000,11.940000,291.773000
15210,610.825000,508.709000,20.879000,453.870000
15211,542.897000,274.273000,15.140000,259.404000
15212,683.485000,351.621000,11.000000,402.161000
15213,648.516000,375.071000,11.950000,346.031000
15214,678.084000,434.009000,12.240000,280.205000
15215,478.277000,244.103000,10.580000,195.805000
15216,630.385000,340.252000,13.390000,314.364000
15217,469.079000,262.794000,7.719000,238.434000
15218,422.750000,204.785000,8.419000,197.295000
15219,661.624000,381.740000,7.170000,297.732000
15220,473.550000,278.764000,14.220000,215.934000
15221,599.676000,283.712000,8.670000,274.794000
15222,624.195000,299.623000,50.218000,326.973000
15223,595.876000,324.162000,10.160000,267.804000
15224,531.347000,325.722000,10.270000,289.183000
15225,1037.825000,366.072000,17.099000,280.334000
15226,624.985000,372.841000,13.850000,328.303000
15227,438.429000,271.453000,9.630000,231.764000
15228,538.988000,312.341000,11.550000,272.704000
15229,562.937000,339.221000,11.661000,274.674000
15230,637.075000,532.027000,19.300000,285.044000
15231,565.286000,253.884000,13.809000,256.094000
15232,575.268000,263.013000,9.260000,294.414000
15233,553.737000,309.083000,14.589000,273.744000
15234,484.349000,271.823000,14.779000,251.405000
15235,523.708000,308.842000,8.690000,252.044000
15236,604.346000,339.981000,13.981000,295.714000
15237,571.686000,298.743000,14.600000,264.493000
15238,721.234000,269.514000,8.120000,218.955000
15239,582.186000,279.204000,13.220000,241.325000
15240,592.325000,447.599000,19.540000,384.200000
15241,661.904000,498.009000,14.760000,295.543000
15242,475.908000,215.705000,12.279000,212.995000
15243,543.967000,287.613000,12.370000,233.244000
15244,390.431000,232.084000,10.030000,226.745000
15245,660.323000,416.550000,8.981000,306.024000
15246,762.273000,458.810000,11.199000,337.811000
15247,921.470000,442.209000,14.420000,393.321000
15248,615.446000,308.972000,12.750000,250.964000
15249,673.434000,367.801000,10.070000,315.583000
15250,798.192000,348.092000,17.140000,317.622000
15251,591.316000,244.045000,10.140000,257.704000
15252,594.746000,314.252000,7.450000,301.883000
15253,846.979000,438.439000,14.200000,340.353000
15254,631.976000,348.281000,11.650000,333.882000
15255,637.535000,347.162000,51.528000,358.602000
15256,431.909000,236.004000,11.320000,244.494000
15257,520.697000,242.445000,7.909000,212.635000
15258,613.816000,306.514000,10.320000,292.112000
15259,604.686000,333.773000,15.319000,282.993000
15260,492.828000,343.933000,20.480000,209.405000
15261,681.534000,319.593000,9.009000,301.523000
15262,1289.600000,374.771000,18.510000,347.622000
15263,710.232000,381.480000,17.969000,309.023000
15264,627.355000,342.342000,8.709000,265.643000
15265,461.548000,239.775000,8.810000,199.675000
15266,690.033000,401.791000,8.310000,320.712000
15267,700.635000,382.421000,8.829000,311.922000
15268,732.793000,308.452000,13.600000,256.175000
15269,611.605000,326.442000,13.640000,292.374000
15270,505.109000,224.215000,18.809000,222.275000
15271,661.975000,304.204000,14.660000,294.002000
15272,482.358000,256.744000,13.618000,295.954000
15273,725.452000,329.103000,11.550000,324.931000
15274,688.504000,237.164000,10.890000,195.236000
15275,831.100000,345.582000,16.140000,274.704000
15276,574.406000,320.592000,10.470000,275.144000
15277,394.060000,178.306000,12.140000,185.935000
15278,734.674000,432.840000,9.810000,379.330000
15279,631.166000,356.631000,7.660000,314.922000
15280,674.295000,455.710000,18.010000,322.862000
15281,715.254000,348.321000,9.160000,340.602000
15282,643.884000,341.723000,9.629000,300.093000
15283,677.335000,373.000000,12.470000,295.173000
15284,501.207000,239.335000,12.270000,209.745000
15285,615.306000,353.991000,11.470000,407.371000
15286,692.524000,371.891000,10.820000,344.112000
15287,605.226000,217.575000,9.790000,198.325000
15288,633.515000,329.572000,9.360000,269.833000
15289,748.093000,388.601000,9.680000,330.502000
15290,735.363000,307.862000,14.700000,287.144000
15291,721.202000,343.552000,9.369000,315.193000
15292,471.110000,236.964000,10.090000,217.084000
15293,701.544000,305.701000,14.429000,278.054000
15294,520.517000,265.655000,10.680000,221.955000
15295,726.043000,472.287000,12.141000,345.913000
15296,557.467000,302.203000,17.709000,251.254000
15297,799.301000,397.671000,18.960000,311.683000
15298,622.155000,379.572000,13.160000,312.132000
15299,527.998000,306.352000,8.930000,244.225000
15300,753.782000,548.047000,11.010000,462.108000
15301,478.149000,197.066000,9.100000,200.205000
15302,662.785000,335.162000,12.370000,312.153000
15303,733.412000,344.323000,16.309000,295.993000
15304,661.985000,321.992000,12.710000,252.145000
15305,611.075000,357.051000,11.780000,322.143000
15306,628.805000,352.222000,8.690000,275.913000
15307,653.585000,388.730000,12.710000,308.453000
15308,688.144000,390.061000,9.470000,327.903000
15309,512.529000,266.743000,9.450000,265.634000
15310,833.120000,567.277000,17.349000,527.198000
15311,694.804000,510.597000,12.060000,305.444000
15312,474.108000,226.084000,6.410000,203.186000
15313,595.297000,308.233000,9.619000,257.064000
15314,675.504000,404.970000,9.380000,401.701000
15315,619.315000,365.821000,12.080000,300.283000
15316,466.418000,232.515000,11.690000,210.775000
15317,684.404000,424.460000,10.139000,345.133000
15318,580.436000,304.482000,11.220000,297.284000
15319,558.567000,325.082000,12.710000,272.354000
15320,763.252000,653.705000,26.940000,445.790000
15321,596.666000,286.692000,13.760000,263.234000
15322,751.002000,346.782000,15.390000,302.953000
15323,475.419000,277.413000,11.920000,252.865000
15324,1539.414000,464.178000,20.950000,361.252000
15325,624.985000,346.191000,15.159000,293.832000
15326,582.208000,273.752000,13.280000,267.614000
15327,809.130000,498.258000,7.469000,331.613000
15328,611.886000,335.622000,7.560000,292.454000
15329,498.078000,206.355000,13.750000,183.076000
15330,626.095000,492.299000,19.250000,437.459000
15331,615.555000,332.272000,16.170000,350.982000
15332,292.803000,127.367000,8.680000,139.746000
15333,596.276000,323.934000,10.409000,289.203000
15334,661.174000,429.330000,8.691000,336.722000
15335,664.765000,383.701000,10.540000,313.072000
15336,603.827000,337.912000,7.600000,303.952000
15337,654.585000,370.461000,9.870000,311.273000
15338,562.147000,292.194000,14.459000,245.534000
15339,755.471000,452.209000,12.301000,366.521000
15340,654.154000,551.236000,19.190000,403.820000
15341,743.893000,379.671000,7.150000,322.813000
15342,603.026000,331.764000,27.780000,278.353000
15343,590.485000,326.532000,9.720000,271.174000
15344,461.598000,238.274000,9.150000,217.835000
15345,519.279000,304.012000,12.500000,290.824000
15346,554.036000,313.821000,9.099000,289.114000
15347,606.535000,186.336000,12.450000,184.366000
15348,619.155000,305.602000,5.590000,312.603000
15349,549.027000,255.314000,7.420000,229.815000
15350,852.051000,498.779000,18.810000,408.890000
15351,601.785000,285.573000,13.160000,286.123000
15352,577.416000,278.784000,9.419000,248.054000
15353,502.948000,296.033000,13.700000,267.565000
15354,507.469000,307.673000,11.799000,271.084000
15355,567.187000,323.473000,9.580000,251.175000
15356,517.028000,297.783000,10.230000,276.833000
15357,527.958000,309.402000,15.180000,270.844000
15358,585.806000,324.513000,11.039000,270.493000
15359,676.544000,313.182000,4.779000,251.484000
15360,658.214000,476.019000,14.559000,443.050000
15361,768.822000,438.459000,17.210000,263.263000
15362,379.772000,178.506000,10.661000,182.375000
15363,672.164000,363.841000,8.940000,333.102000
15364,555.237000,311.313000,10.280000,267.644000
15365,636.815000,407.470000,12.680000,328.652000
15366,610.945000,361.191000,14.941000,315.904000
15367,550.297000,329.941000,11.640000,273.154000
15368,529.997000,345.463000,13.089000,302.112000
15369,628.945000,360.372000,20.040000,303.124000
15370,405.500000,251.694000,20.369000,232.975000
15371,910.348000,702.723000,12.309000,381.281000
15372,576.806000,267.603000,5.999000,290.993000
15373,632.855000,364.001000,7.190000,290.324000
15374,716.713000,429.820000,11.849000,360.081000
15375,600.916000,328.342000,8.939000,276.205000
15376,616.006000,334.711000,7.129000,326.903000
15377,430.251000,212.783000,13.410000,267.754000
15378,796.961000,489.529000,8.040000,452.170000
15379,511.597000,250.264000,10.540000,229.105000
15380,631.355000,515.418000,16.670000,395.681000
15381,698.754000,249.014000,12.480000,228.954000
15382,578.297000,291.284000,10.370000,322.652000
15383,637.815000,342.023000,13.189000,283.354000
15384,633.875000,366.361000,13.080000,362.352000
15385,512.089000,298.364000,8.049000,303.974000
15386,484.079000,231.204000,8.660000,222.324000
15387,809.282000,391.310000,6.740000,439.640000
15388,511.269000,255.503000,5.889000,220.555000
15389,474.378000,255.775000,6.979000,242.315000
15390,738.233000,610.965000,15.440000,408.880000
15391,665.783000,308.994000,11.889000,317.922000
15392,654.704000,385.611000,9.710000,419.800000
15393,662.474000,373.251000,17.460000,298.772000
15394,407.379000,212.265000,17.019000,189.895000
15395,573.447000,320.242000,8.060000,281.344000
15396,633.975000,358.441000,8.420000,277.653000
15397,904.779000,285.784000,15.229000,233.245000
15398,652.014000,328.703000,13.359000,365.601000
15399,670.404000,370.531000,14.500000,299.482000
15400,741.423000,318.023000,15.651000,296.123000
15401,853.959000,272.325000,17.520000,267.514000
15402,714.483000,367.101000,20.750000,318.993000
15403,623.305000,329.192000,11.319000,292.893000
15404,383.291000,178.816000,14.800000,187.356000
15405,786.241000,312.174000,17.190000,237.843000
15406,655.655000,351.072000,10.329000,296.612000
15407,448.270000,237.385000,10.429000,227.275000
15408,723.493000,306.353000,13.259000,258.554000
15409,619.355000,335.102000,10.738000,274.034000
15410,775.432000,666.894000,14.140000,613.155000
15411,581.707000,365.902000,17.099000,295.523000
15412,671.313000,351.422000,14.719000,318.923000
15413,602.465000,327.443000,18.679000,282.042000
15414,430.060000,273.013000,10.200000,241.644000
15415,727.422000,430.790000,11.090000,340.441000
15416,514.938000,276.173000,9.769000,242.984000
15417,741.442000,385.062000,9.230000,338.061000
15418,635.534000,334.421000,16.230000,345.822000
15419,449.358000,292.693000,13.170000,269.854000
15420,704.474000,586.316000,18.970000,613.686000
15421,621.415000,306.503000,8.590000,284.582000
15422,512.648000,244.734000,13.009000,248.294000
15423,480.328000,215.534000,9.610000,195.575000
15424,706.483000,420.160000,8.089000,322.654000
15425,783.560000,442.220000,12.640000,367.450000
15426,707.974000,408.360000,10.571000,287.193000
15427,617.006000,358.993000,12.909000,291.512000
15428,627.675000,357.402000,11.941000,314.694000
15429,588.796000,327.912000,11.609000,271.854000
15430,549.477000,418.310000,17.190000,282.793000
15431,660.385000,313.314000,11.699000,295.572000
15432,655.095000,322.402000,8.670000,344.642000
15433,600.426000,305.493000,13.970000,281.954000
15434,771.941000,471.390000,12.411000,347.112000
15435,521.438000,273.323000,10.820000,239.555000
15436,419.040000,201.614000,12.981000,191.835000
15437,685.794000,324.982000,11.750000,312.663000
15438,633.345000,324.532000,15.890000,270.145000
15439,567.487000,293.364000,7.809000,261.353000
15440,763.982000,585.675000,19.820000,561.487000
15441,586.156000,319.322000,16.439000,316.083000
15442,493.667000,233.854000,8.960000,224.355000
15443,552.747000,311.652000,11.030000,335.032000
15444,937.287000,315.733000,14.219000,239.814000
15445,647.665000,342.982000,6.710000,276.784000
15446,627.236000,336.041000,5.420000,280.834000
15447,862.659000,461.720000,9.950000,349.332000
15448,671.623000,316.734000,12.971000,265.104000
15449,656.074000,396.391000,11.180000,315.732000
15450,775.631000,538.707000,18.510000,510.708000
15451,679.873000,542.978000,16.419000,396.611000
15452,541.457000,237.585000,18.571000,245.263000
15453,586.995000,323.881000,15.530000,278.824000
15454,500.298000,283.712000,15.780000,226.025000
15455,507.139000,273.692000,10.771000,245.265000
15456,582.666000,302.633000,10.070000,250.273000
15457,824.381000,430.120000,9.209000,413.970000
15458,724.153000,334.812000,18.210000,336.961000
15459,710.804000,381.531000,8.350000,296.383000
15460,869.100000,689.704000,12.299000,398.482000
15461,613.215000,288.943000,49.799000,285.563000
15462,579.026000,372.391000,11.529000,316.252000
15463,595.117000,411.851000,10.390000,327.902000
15464,455.639000,235.494000,12.299000,225.355000
15465,592.616000,316.413000,12.110000,326.082000
15466,592.956000,319.433000,10.269000,284.832000
15467,633.396000,320.943000,16.990000,262.614000
15468,614.005000,331.592000,10.700000,288.244000
15469,839.380000,476.118000,9.640000,350.851000
15470,1355.217000,756.902000,14.680000,418.921000
15471,544.927000,269.684000,9.390000,257.565000
15472,756.831000,426.820000,45.299000,424.940000
15473,721.462000,373.780000,10.061000,306.594000
15474,614.895000,335.132000,8.860000,259.704000
15475,649.965000,350.151000,10.440000,287.654000
15476,628.645000,365.781000,17.480000,323.102000
15477,496.589000,285.123000,16.478000,242.194000
15478,512.878000,276.102000,10.369000,256.005000
15479,515.419000,256.864000,7.849000,233.215000
15480,436.850000,316.524000,15.680000,300.092000
15481,836.020000,377.881000,10.919000,277.654000
15482,337.652000,194.226000,6.230000,217.725000
15483,662.065000,294.603000,12.251000,238.764000
15484,653.585000,396.181000,14.830000,327.942000
15485,752.003000,469.589000,9.489000,417.890000
15486,591.606000,342.113000,10.339000,320.152000
15487,606.786000,394.301000,14.310000,312.273000
15488,529.487000,290.243000,12.630000,266.383000
15489,383.352000,217.395000,10.430000,190.645000
15490,586.136000,484.608000,21.080000,267.554000
15491,646.075000,304.002000,11.150000,284.173000
15492,638.285000,370.640000,15.010000,311.272000
15493,707.805000,355.072000,15.971000,290.883000
15494,580.906000,285.123000,10.799000,239.484000
15495,592.677000,345.671000,10.459000,281.453000
15496,544.858000,261.174000,11.870000,244.774000
15497,565.757000,335.003000,8.669000,286.903000
15498,683.773000,361.752000,15.179000,307.823000
15499,841.270000,423.240000,9.260000,325.222000
15500,534.347000,398.670000,13.160000,323.504000
15501,790.051000,535.117000,10.659000,343.642000
15502,706.743000,315.163000,20.359000,343.212000
15503,614.686000,427.600000,11.280000,367.161000
15504,508.659000,310.442000,7.839000,232.855000
15505,559.757000,296.454000,5.900000,308.362000
15506,682.674000,422.259000,7.150000,315.093000
15507,659.744000,382.661000,7.390000,298.565000
15508,682.463000,333.913000,10.330000,267.954000
15509,558.596000,298.072000,9.860000,297.614000
15510,462.629000,321.082000,20.160000,287.194000
15511,631.175000,297.223000,10.670000,303.644000
15512,584.495000,294.824000,14.030000,262.513000
15513,578.836000,318.083000,14.430000,287.003000
15514,412.580000,217.225000,8.880000,205.725000
15515,410.460000,243.375000,8.680000,209.936000
15516,558.066000,309.574000,7.530000,263.123000
15517,767.953000,404.570000,7.450000,415.790000
15518,668.205000,325.922000,8.690000,361.841000
15519,717.163000,397.860000,9.210000,327.132000
15520,715.383000,385.351000,18.320000,318.741000
15521,714.294000,264.303000,15.658000,266.114000
15522,557.896000,278.274000,7.181000,309.144000
15523,650.584000,356.152000,11.920000,286.583000
15524,763.632000,399.951000,16.410000,321.893000
15525,473.999000,231.074000,12.250000,218.515000
15526,605.155000,326.343000,43.410000,270.633000
15527,516.598000,318.303000,14.029000,327.882000
15528,571.356000,293.944000,12.600000,269.033000
15529,436.079000,225.486000,9.460000,209.245000
15530,712.514000,550.427000,16.899000,476.689000
15531,622.656000,284.772000,10.260000,276.884000
15532,576.186000,342.502000,12.569000,292.313000
15533,619.335000,331.072000,12.879000,280.114000
15534,573.307000,367.962000,14.900000,327.112000
15535,604.555000,352.282000,12.519000,312.332000
15536,497.658000,307.582000,9.649000,273.452000
15537,583.357000,304.333000,11.079000,262.734000
15538,543.676000,338.242000,16.590000,272.344000
15539,676.405000,382.731000,12.920000,423.090000
15540,653.754000,479.359000,20.529000,410.351000
15541,721.623000,553.977000,17.360000,376.532000
15542,626.566000,279.064000,13.378000,258.684000
15543,457.750000,218.055000,8.600000,204.145000
15544,1211.001000,308.373000,20.609000,239.934000
15545,553.567000,275.394000,8.910000,236.505000
15546,626.745000,366.531000,10.860000,309.422000
15547,723.604000,399.591000,8.850000,415.910000
15548,678.825000,393.861000,9.300000,367.191000
15549,509.208000,253.024000,9.490000,210.566000
15550,679.945000,538.396000,15.979000,325.783000
15551,701.813000,373.871000,11.820000,331.432000
15552,636.545000,367.921000,14.069000,307.052000
15553,451.679000,233.194000,10.950000,209.435000
15554,626.485000,410.081000,6.859000,371.172000
15555,520.989000,249.084000,4.370000,255.523000
15556,615.086000,310.644000,6.620000,241.425000
15557,604.986000,324.782000,8.780000,286.563000
15558,703.192000,440.180000,7.989000,371.341000
15559,566.756000,280.894000,8.669000,257.974000
15560,611.516000,252.565000,18.691000,400.550000
15561,577.466000,275.584000,13.010000,266.092000
15562,650.964000,376.221000,14.089000,316.424000
15563,572.626000,366.692000,14.230000,312.473000
15564,744.602000,441.670000,11.421000,349.472000
15565,371.201000,151.016000,13.740000,165.926000
15566,604.605000,320.332000,10.540000,258.684000
15567,613.805000,349.051000,10.690000,299.252000
15568,580.537000,359.722000,10.780000,277.892000
15569,777.613000,411.080000,9.590000,315.412000
15570,705.663000,540.477000,20.220000,467.279000
15571,585.196000,280.763000,16.950000,267.492000
15572,650.344000,355.512000,12.768000,321.153000
15573,649.295000,377.351000,13.940000,301.822000
15574,636.125000,359.813000,10.569000,294.953000
15575,710.693000,419.430000,9.150000,315.573000
15576,635.345000,329.863000,52.838000,277.734000
15577,524.208000,300.843000,11.320000,258.474000
15578,467.428000,227.865000,11.200000,200.155000
15579,750.752000,371.182000,7.760000,291.803000
15580,689.185000,547.407000,13.860000,332.803000
15581,493.938000,272.694000,9.009000,260.654000
15582,676.884000,320.812000,11.739000,297.784000
15583,530.457000,257.834000,16.090000,236.074000
15584,545.128000,303.253000,13.019000,250.684000
15585,451.229000,225.985000,10.289000,185.866000
15586,485.509000,259.283000,52.970000,233.235000
15587,678.604000,386.751000,8.630000,324.702000
15588,632.875000,359.251000,9.329000,299.314000
15589,634.415000,380.101000,8.640000,296.184000
15590,527.878000,418.730000,23.000000,313.952000
15591,606.736000,277.535000,13.009000,276.634000
15592,710.362000,512.289000,9.950000,386.421000
15593,662.274000,402.781000,13.209000,295.602000
15594,559.536000,291.574000,16.779000,261.765000
15595,583.826000,317.992000,6.780000,258.624000
15596,551.907000,285.863000,14.040000,248.154000
15597,626.106000,334.952000,7.830000,294.024000
15598,613.625000,376.422000,10.460000,293.083000
15599,507.199000,270.274000,14.240000,247.573000
15600,586.676000,513.538000,20.309000,412.861000
15601,587.607000,491.167000,15.470000,391.972000
15602,680.594000,406.230000,14.280000,334.311000
15603,681.135000,381.141000,10.990000,295.374000
15604,571.338000,353.682000,9.359000,286.154000
15605,717.562000,458.689000,8.889000,354.761000
15606,579.628000,376.231000,11.350000,295.983000
15607,487.400000,294.053000,11.700000,254.124000
15608,523.848000,304.772000,10.440000,245.925000
15609,480.758000,229.874000,8.221000,193.205000
15610,672.654000,544.847000,16.799000,535.057000
15611,716.464000,402.770000,10.440000,320.812000
15612,611.456000,312.904000,8.959000,289.192000
15613,544.868000,343.722000,9.870000,285.074000
15614,493.448000,317.963000,12.000000,266.293000
15615,589.857000,321.833000,12.640000,257.333000
15616,538.708000,247.264000,12.410000,225.864000
15617,770.343000,297.683000,16.320000,247.105000
15618,742.641000,419.950000,11.939000,328.972000
15619,569.775000,338.161000,10.680000,288.004000
15620,539.978000,374.983000,13.768000,273.944000
15621,637.165000,387.591000,8.970000,335.762000
15622,503.758000,274.895000,11.040000,237.174000
15623,663.495000,420.531000,14.491000,415.110000
15624,628.815000,397.610000,15.540000,293.264000
15625,675.493000,375.072000,17.700000,355.741000
15626,478.919000,231.554000,17.389000,231.374000
15627,1505.065000,315.942000,14.500000,213.556000
15628,1056.125000,248.294000,18.229000,221.955000
15629,504.928000,297.084000,11.760000,264.524000
15630,760.782000,427.979000,20.651000,298.493000
15631,635.495000,331.821000,13.459000,314.701000
15632,723.373000,396.410000,11.080000,344.402000
15633,705.924000,381.951000,13.630000,309.062000
15634,791.502000,485.778000,14.219000,338.303000
15635,616.385000,375.421000,10.501000,310.233000
15636,706.794000,431.651000,11.600000,331.511000
15637,634.936000,365.581000,15.210000,305.673000
15638,714.793000,451.869000,11.980000,318.572000
15639,545.998000,333.662000,17.729000,333.762000
15640,703.133000,449.910000,20.210000,270.253000
15641,1345.308000,278.634000,15.989000,259.535000
15642,542.658000,271.813000,9.900000,237.214000
15643,678.685000,357.381000,16.620000,311.033000
15644,456.569000,257.173000,15.120000,244.693000
15645,634.026000,382.141000,8.149000,291.312000
15646,689.824000,416.900000,6.341000,347.762000
15647,471.679000,249.354000,7.939000,218.384000
15648,549.527000,306.654000,12.150000,269.163000
15649,471.219000,289.693000,10.010000,261.793000
15650,753.943000,638.745000,19.870000,459.909000
15651,645.965000,343.364000,16.630000,282.353000
15652,778.401000,386.561000,11.810000,315.574000
15653,595.486000,300.742000,15.090000,267.324000
15654,575.646000,333.183000,16.380000,273.654000
15655,676.274000,366.151000,9.499000,326.004000
15656,615.226000,305.082000,7.390000,246.664000
15657,644.035000,372.751000,9.021000,319.902000
15658,578.326000,280.933000,17.109000,254.544000
15659,606.116000,330.202000,9.230000,301.643000
15660,870.489000,667.873000,15.890000,411.900000
15661,479.400000,250.694000,9.550000,243.194000
15662,657.593000,305.524000,13.030000,267.264000
15663,745.473000,382.210000,14.781000,345.700000
15664,648.125000,386.472000,10.490000,324.944000
15665,606.786000,330.891000,15.750000,271.024000
15666,518.608000,296.253000,11.219000,253.054000
15667,610.145000,350.851000,18.150000,289.524000
15668,562.447000,304.772000,10.530000,300.044000
15669,743.203000,438.110000,10.150000,373.951000
15670,749.542000,653.525000,19.859000,533.027000
15671,641.505000,384.261000,9.060000,269.944000
15672,600.206000,308.243000,13.100000,291.685000
15673,479.508000,248.165000,12.469000,260.005000
15674,625.145000,340.371000,11.799000,294.984000
15675,659.053000,377.063000,49.998000,362.842000
15676,666.724000,359.673000,8.030000,311.982000
15677,549.147000,272.174000,7.360000,225.244000
15678,701.194000,352.281000,6.270000,302.273000
15679,544.977000,284.524000,7.269000,232.155000
15680,441.270000,299.933000,21.179000,238.284000
15681,518.548000,228.705000,11.660000,223.055000
15682,571.096000,295.654000,14.029000,294.234000
15683,733.154000,351.283000,13.930000,278.033000
15684,655.184000,352.182000,13.289000,331.131000
15685,645.194000,344.141000,15.300000,279.363000
15686,506.398000,275.544000,17.579000,238.654000
15687,409.260000,254.973000,14.790000,224.555000
15688,750.573000,392.000000,10.371000,289.814000
15689,519.459000,300.522000,15.759000,247.005000
15690,654.964000,412.940000,24.500000,357.142000
15691,1023.117000,432.800000,16.649000,295.832000
15692,784.681000,447.050000,11.861000,359.130000
15693,705.204000,402.190000,12.870000,321.392000
15694,473.760000,250.875000,15.160000,231.214000
15695,549.647000,285.404000,11.559000,249.913000
15696,668.004000,367.192000,10.699000,315.772000
15697,644.404000,329.512000,11.590000,325.673000
15698,555.967000,320.013000,13.059000,301.643000
15699,630.615000,353.461000,14.909000,299.133000
15700,610.106000,470.190000,23.100000,319.303000
15701,1199.592000,302.223000,19.340000,251.934000
15702,525.358000,253.205000,10.029000,227.625000
15703,688.273000,436.350000,8.130000,327.423000
15704,609.546000,345.122000,12.529000,272.314000
15705,455.819000,275.863000,12.600000,310.343000
15706,546.907000,315.052000,10.300000,268.973000
15707,733.933000,383.451000,14.960000,315.411000
15708,678.534000,377.950000,14.759000,307.312000
15709,690.665000,385.481000,11.651000,328.663000
15710,809.631000,593.176000,20.840000,555.836000
15711,592.906000,297.233000,16.101000,285.943000
15712,453.530000,223.945000,15.061000,209.205000
15713,687.794000,282.923000,15.950000,262.334000
15714,510.167000,268.383000,12.920000,240.124000
15715,440.159000,214.265000,14.200000,264.153000
15716,602.416000,340.172000,8.771000,252.604000
15717,635.356000,356.053000,7.840000,335.742000
15718,737.363000,357.531000,9.580000,318.462000
15719,604.076000,399.770000,10.410000,335.352000
15720,686.284000,333.933000,16.750000,296.032000
15721,582.096000,265.674000,12.670000,256.584000
15722,582.906000,305.712000,13.540000,298.844000
15723,537.157000,251.034000,10.569000,226.065000
15724,671.295000,399.610000,51.999000,342.631000
15725,733.262000,256.474000,15.529000,226.625000
15726,630.085000,339.132000,9.389000,289.443000
15727,658.645000,379.450000,13.369000,298.483000
15728,698.004000,376.031000,11.500000,288.643000
15729,680.183000,401.140000,12.320000,327.384000
15730,677.075000,527.258000,25.140000,460.620000
15731,511.818000,234.114000,13.320000,224.795000
15732,674.794000,363.951000,9.529000,316.832000
15733,710.903000,475.440000,10.720000,345.212000
15734,599.837000,303.124000,7.519000,263.764000
15735,628.995000,328.371000,6.490000,264.104000
15736,748.872000,383.131000,6.941000,321.011000
15737,674.404000,351.271000,6.890000,350.822000
15738,618.536000,301.843000,9.630000,253.374000
15739,694.493000,379.261000,12.010000,297.113000
15740,614.556000,474.189000,17.019000,355.382000
15741,640.935000,356.012000,10.250000,302.513000
15742,659.735000,365.851000,10.410000,338.512000
15743,598.596000,314.723000,15.059000,265.634000
15744,665.225000,415.931000,12.620000,332.092000
15745,491.597000,254.415000,10.049000,233.085000
15746,581.326000,328.182000,49.119000,289.074000
15747,603.315000,273.083000,14.780000,240.645000
15748,686.114000,368.271000,19.430000,286.623000
15749,696.273000,381.391000,14.730000,289.963000
15750,711.363000,578.335000,20.149000,500.827000
15751,425.961000,197.575000,13.820000,184.737000
15752,869.818000,387.332000,15.949000,377.651000
15753,710.124000,436.090000,14.350000,342.762000
15754,637.385000,374.911000,17.820000,293.084000
15755,703.964000,395.730000,85.158000,439.620000
15756,550.746000,335.342000,16.060000,341.392000
15757,727.693000,365.453000,20.539000,322.452000
15758,451.210000,270.774000,15.680000,235.313000
15759,506.168000,287.043000,12.408000,236.635000
15760,669.014000,546.247000,19.539000,413.831000
15761,761.342000,415.431000,11.930000,368.211000
15762,574.917000,339.862000,9.280000,279.375000
15763,1180.312000,431.479000,13.630000,346.872000
15764,747.253000,413.550000,10.410000,338.002000
15765,1072.114000,473.188000,17.789000,361.782000
15766,460.448000,266.544000,13.070000,229.545000
15767,641.734000,361.692000,8.960000,322.301000
15768,635.985000,360.321000,11.520000,298.664000
15769,601.395000,282.953000,13.780000,239.104000
15770,485.259000,389.371000,20.460000,300.753000
15771,514.688000,274.744000,10.160000,289.933000
15772,622.426000,370.332000,14.609000,302.003000
15773,551.027000,308.173000,14.249000,255.172000
15774,694.224000,426.240000,7.549000,340.163000
15775,637.305000,385.520000,7.500000,290.774000
15776,646.526000,369.831000,8.011000,316.112000
15777,662.926000,336.653000,11.399000,278.463000
15778,639.995000,296.743000,16.310000,258.772000
15779,720.294000,433.030000,12.099000,381.871000
15780,407.110000,292.832000,20.689000,275.863000
15781,545.517000,449.999000,10.469000,319.762000
15782,672.175000,364.811000,10.880000,339.663000
15783,583.565000,298.083000,12.630000,253.744000
15784,696.044000,429.630000,14.950000,339.381000
15785,553.977000,294.393000,14.419000,268.394000
15786,678.753000,404.560000,8.840000,343.392000
15787,504.628000,233.854000,8.910000,203.085000
15788,761.163000,419.710000,9.860000,316.463000
15789,570.497000,310.412000,8.470000,250.165000
15790,712.522000,438.689000,20.370000,380.131000
15791,464.170000,393.732000,12.310000,300.883000
15792,450.548000,243.305000,10.630000,222.625000
15793,696.484000,334.852000,11.820000,285.572000
15794,580.658000,333.162000,11.030000,277.464000
15795,616.416000,400.400000,17.120000,316.313000
15796,578.746000,349.311000,16.130000,287.423000
15797,516.108000,271.984000,9.870000,236.855000
15798,529.747000,292.114000,7.840000,261.044000
15799,512.107000,283.554000,6.140000,254.464000
15800,748.872000,568.456000,60.509000,378.561000
15801,576.486000,291.974000,13.509000,244.304000
15802,569.636000,332.852000,9.840000,262.684000
15803,733.172000,449.400000,10.360000,330.942000
15804,512.689000,293.833000,9.470000,243.315000
15805,615.145000,376.181000,14.559000,264.115000
15806,824.032000,462.100000,59.858000,361.551000
15807,730.882000,466.950000,47.070000,406.100000
15808,557.317000,323.303000,13.350000,230.445000
15809,612.855000,321.632000,14.571000,266.564000
15810,809.791000,479.879000,20.119000,466.279000
15811,440.258000,222.404000,7.839000,191.495000
15812,633.684000,354.972000,13.498000,278.735000
15813,652.274000,345.352000,15.320000,281.793000
15814,726.383000,421.481000,19.450000,336.763000
15815,561.975000,331.481000,22.669000,297.354000
15816,580.396000,338.571000,13.130000,267.174000
15817,747.812000,266.684000,13.200000,216.645000
15818,550.827000,306.984000,10.109000,287.742000
15819,602.405000,338.972000,14.510000,334.322000
15820,560.956000,467.619000,19.889000,394.101000
15821,647.004000,551.027000,15.210000,458.649000
15822,512.217000,286.953000,14.490000,247.105000
15823,2072.180000,459.059000,21.659000,341.153000
15824,819.551000,428.060000,14.590000,339.942000
15825,704.343000,418.170000,12.540000,341.403000
15826,553.198000,286.724000,10.570000,221.074000
15827,504.319000,294.913000,11.960000,250.183000
15828,444.610000,283.494000,12.760000,309.722000
15829,628.486000,342.702000,11.650000,286.773000
15830,635.534000,487.189000,23.470000,424.649000
15831,702.564000,590.386000,15.380000,427.920000
15832,523.069000,283.063000,17.290000,255.304000
15833,737.092000,470.489000,13.220000,349.221000
15834,472.989000,273.114000,47.869000,264.293000
15835,662.345000,389.131000,49.849000,293.064000
15836,868.110000,421.790000,12.181000,306.422000
15837,690.505000,319.802000,11.820000,269.364000
15838,662.873000,398.811000,7.859000,314.813000
15839,618.936000,359.071000,8.730000,296.423000
15840,704.072000,584.405000,19.260000,449.580000
15841,587.317000,288.264000,14.110000,247.194000
15842,606.466000,348.142000,12.570000,324.243000
15843,467.839000,274.763000,13.470000,242.515000
15844,584.877000,367.742000,20.059000,300.663000
15845,604.775000,370.832000,17.479000,331.743000
15846,499.738000,304.593000,17.129000,294.932000
15847,491.679000,270.034000,12.340000,229.404000
15848,595.295000,337.763000,10.590000,291.242000
15849,658.445000,330.823000,17.350000,244.784000
15850,745.002000,531.347000,19.569000,464.499000
15851,572.337000,452.349000,19.890000,364.721000
15852,678.594000,375.770000,11.039000,400.821000
15853,528.787000,246.025000,12.830000,225.555000
15854,456.830000,269.183000,10.030000,238.255000
15855,669.655000,414.110000,11.400000,345.471000
15856,697.954000,424.061000,51.719000,348.101000
15857,418.380000,234.324000,9.629000,221.515000
15858,636.255000,357.281000,9.710000,300.212000
15859,666.315000,357.961000,10.700000,298.193000
15860,563.736000,270.554000,17.660000,265.833000
15861,643.085000,288.563000,8.870000,289.453000
15862,617.395000,311.064000,13.799000,283.653000
15863,766.562000,326.112000,13.800000,265.074000
15864,557.736000,325.292000,9.860000,304.044000
15865,503.159000,304.103000,12.899000,288.634000
15866,752.802000,403.031000,15.710000,318.062000
15867,677.504000,389.630000,15.790000,311.963000
15868,600.886000,300.592000,15.810000,256.114000
15869,523.807000,322.593000,12.729000,305.252000
15870,587.767000,401.691000,20.579000,376.312000
15871,716.803000,582.306000,14.649000,447.619000
15872,478.559000,240.835000,9.780000,200.976000
15873,579.226000,330.202000,9.129000,297.243000
15874,640.095000,399.640000,11.830000,310.882000
15875,467.039000,228.895000,13.840000,203.334000
15876,725.753000,376.941000,14.960000,293.443000
15877,651.935000,325.012000,10.460000,308.553000
15878,681.193000,361.442000,13.379000,316.212000
15879,592.916000,308.233000,9.371000,246.484000
15880,715.793000,586.817000,13.160000,404.000000
15881,601.136000,351.211000,11.040000,280.154000
15882,703.283000,400.811000,13.669000,319.983000
15883,544.347000,305.602000,10.809000,270.494000
15884,805.311000,496.368000,8.910000,375.041000
15885,512.407000,236.335000,11.510000,199.055000
15886,724.663000,475.259000,13.469000,334.192000
15887,715.275000,426.290000,9.360000,317.253000
15888,504.168000,267.004000,9.620000,215.645000
15889,571.207000,328.844000,6.920000,301.653000
15890,616.935000,467.289000,15.560000,316.522000
15891,543.477000,253.654000,13.940000,228.114000
15892,690.674000,394.980000,9.370000,319.652000
15893,505.459000,317.752000,12.200000,287.774000
15894,647.755000,390.602000,10.629000,375.511000
15895,434.050000,190.055000,12.169000,173.945000
15896,688.254000,380.721000,9.360000,312.252000
15897,695.324000,607.635000,8.970000,327.712000
15898,717.744000,371.601000,11.510000,305.362000
15899,638.244000,350.071000,54.230000,318.854000
15900,663.144000,448.020000,18.268000,349.252000
15901,625.955000,340.541000,14.439000,299.713000
15902,690.123000,425.830000,47.129000,417.480000
15903,582.386000,322.812000,11.848000,284.883000
15904,678.574000,363.932000,13.169000,281.504000
15905,502.577000,255.075000,9.000000,218.734000
15906,599.056000,326.303000,12.150000,274.864000
15907,747.403000,427.300000,19.239000,339.313000
15908,739.252000,348.642000,12.159000,284.104000
15909,495.729000,242.184000,11.389000,208.596000
15910,713.232000,529.918000,15.150000,458.249000
15911,725.212000,488.509000,12.200000,332.751000
15912,617.615000,365.721000,9.890000,291.093000
15913,556.597000,347.872000,10.779000,290.854000
15914,690.514000,394.151000,11.059000,317.933000
15915,561.997000,353.323000,10.000000,291.902000
15916,620.606000,322.963000,9.760000,253.203000
15917,497.949000,247.764000,9.990000,210.945000
15918,522.468000,279.353000,8.750000,244.174000
15919,631.916000,330.393000,13.769000,297.502000
15920,891.278000,376.701000,17.300000,304.124000
15921,502.128000,277.844000,8.320000,233.775000
15922,608.756000,389.631000,9.099000,312.654000
15923,518.777000,294.654000,10.470000,242.294000
15924,577.077000,326.152000,8.640000,265.495000
15925,673.834000,393.671000,11.650000,314.101000
15926,445.729000,238.705000,14.451000,227.464000
15927,612.996000,374.991000,54.309000,302.643000
15928,599.406000,301.513000,17.080000,253.013000
15929,790.373000,403.090000,13.830000,349.552000
15930,489.218000,370.091000,16.531000,284.613000
15931,532.377000,275.384000,19.130000,258.854000
15932,477.648000,262.094000,10.209000,220.986000
15933,743.473000,481.468000,11.259000,370.061000
15934,528.118000,311.062000,9.510000,298.164000
15935,687.523000,426.541000,13.370000,298.453000
15936,650.094000,385.200000,17.190000,321.521000
15937,658.405000,394.491000,8.470000,326.282000
15938,644.195000,366.692000,13.110000,298.992000
15939,633.896000,387.341000,11.849000,303.253000
15940,741.432000,544.268000,15.660000,427.390000
15941,501.799000,281.814000,9.849000,255.133000
15942,578.966000,354.352000,15.680000,293.983000
15943,646.564000,394.281000,49.349000,346.613000
15944,508.807000,267.494000,11.630000,252.684000
15945,504.939000,314.291000,8.030000,278.973000
15946,984.237000,391.301000,16.520000,313.774000
15947,640.396000,367.142000,11.160000,286.193000
15948,509.488000,201.566000,9.629000,173.695000
15949,592.767000,359.222000,10.640000,288.984000
15950,610.796000,497.258000,15.400000,380.821000
15951,637.185000,378.721000,12.999000,309.093000
15952,650.055000,395.130000,46.489000,317.952000
15953,570.376000,339.403000,10.709000,295.323000
15954,575.088000,381.871000,12.360000,303.662000
15955,675.665000,460.879000,15.430000,338.142000
15956,642.705000,410.020000,16.160000,474.169000
15957,750.442000,453.780000,8.499000,446.240000
15958,603.476000,335.882000,11.931000,262.665000
15959,716.162000,354.972000,15.678000,272.314000
15960,678.533000,568.596000,17.550000,356.161000
15961,774.572000,454.180000,10.669000,353.201000
15962,586.187000,346.582000,13.090000,306.553000
15963,593.177000,252.503000,18.429000,228.926000
15964,597.096000,335.773000,16.109000,280.373000
15965,673.375000,403.770000,9.100000,330.112000
15966,604.426000,372.253000,11.811000,302.092000
15967,500.618000,259.993000,10.969000,212.835000
15968,567.586000,293.934000,14.770000,244.554000
15969,595.346000,356.922000,9.999000,291.114000
15970,751.573000,516.407000,15.839000,446.699000
15971,720.133000,316.942000,14.490000,302.412000
15972,528.697000,317.432000,10.900000,276.214000
15973,571.426000,336.393000,6.340000,275.293000
15974,545.278000,340.581000,41.298000,273.353000
15975,370.611000,236.284000,10.080000,209.075000
15976,591.306000,366.752000,16.709000,283.254000
15977,511.798000,263.713000,11.080000,237.514000
15978,543.238000,338.242000,12.579000,322.851000
15979,704.203000,447.549000,11.100000,398.080000
15980,577.956000,476.398000,19.010000,428.040000
15981,732.463000,649.325000,9.750000,587.877000
15982,2010.553000,438.250000,15.889000,300.773000
15983,729.643000,311.673000,14.689000,259.954000
15984,682.914000,272.054000,14.769000,234.344000
15985,569.186000,329.992000,11.670000,277.664000
15986,718.724000,434.571000,8.679000,362.842000
15987,793.991000,304.732000,14.530000,250.635000
15988,696.244000,420.620000,13.760000,342.532000
15989,534.008000,299.014000,9.720000,262.245000
15990,693.275000,485.498000,18.320000,341.373000
15991,565.486000,296.373000,14.240000,258.935000
15992,654.375000,399.500000,10.170000,329.982000
15993,605.836000,356.111000,8.630000,295.602000
15994,473.829000,248.394000,9.230000,209.405000
15995,728.703000,421.190000,8.050000,341.821000
15996,661.634000,399.040000,49.999000,318.032000
15997,673.244000,308.793000,11.700000,278.523000
15998,665.044000,391.291000,7.210000,296.834000
15999,753.942000,437.819000,2638.318000,576.137000
16000,646.155000,345.143000,16.549000,301.473000
16001,719.462000,400.422000,11.839000,350.642000
16002,554.967000,325.192000,9.759000,248.934000
16003,494.419000,329.632000,9.550000,299.883000
16004,552.356000,384.031000,12.189000,411.500000
16005,611.716000,371.312000,13.330000,327.343000
16006,667.885000,410.520000,8.400000,342.641000
16007,573.546000,296.943000,6.800000,241.274000
16008,644.875000,371.082000,9.409000,308.283000
16009,530.777000,288.494000,9.099000,239.715000
16010,726.653000,640.005000,16.909000,602.816000
16011,680.534000,383.511000,12.110000,331.382000
16012,454.719000,191.864000,10.950000,170.196000
16013,454.850000,230.554000,12.501000,210.936000
16014,350.451000,239.794000,9.360000,214.025000
16015,874.060000,475.538000,11.980000,474.870000
16016,603.585000,368.572000,12.061000,311.444000
16017,585.247000,313.003000,8.821000,262.835000
16018,888.989000,366.081000,9.490000,315.483000
16019,707.543000,251.274000,14.829000,218.845000
16020,629.355000,378.362000,16.719000,320.374000
16021,494.197000,269.694000,8.670000,219.944000
16022,388.981000,196.765000,11.239000,176.727000
16023,754.053000,494.208000,9.100000,383.121000
16024,568.267000,340.493000,15.539000,251.044000
16025,553.319000,323.622000,43.550000,263.775000
16026,683.773000,416.630000,6.330000,320.793000
16027,797.852000,444.649000,8.911000,359.911000
16028,690.523000,414.920000,8.350000,316.082000
16029,625.255000,358.881000,12.350000,299.994000
16030,873.290000,626.326000,18.530000,494.588000
16031,590.947000,298.223000,10.370000,268.874000
16032,562.006000,280.284000,16.389000,239.425000
16033,540.778000,296.343000,9.240000,252.964000
16034,620.765000,386.830000,6.929000,335.493000
16035,564.378000,342.291000,9.460000,337.711000
16036,501.389000,311.461000,8.909000,285.264000
16037,732.493000,458.440000,8.130000,411.900000
16038,509.267000,317.664000,9.430000,254.055000
16039,537.597000,324.962000,76.968000,284.444000
16040,717.603000,576.987000,16.320000,362.441000
16041,450.119000,217.325000,12.640000,195.996000
16042,1052.734000,372.342000,16.319000,315.302000
16043,626.276000,354.511000,8.149000,288.623000
16044,813.811000,571.996000,8.999000,348.451000
16045,808.731000,493.199000,8.370000,370.001000
16046,666.114000,363.302000,10.219000,291.304000
16047,560.966000,292.654000,10.889000,263.413000
16048,621.885000,344.663000,9.550000,279.062000
16049,480.619000,297.532000,9.800000,248.514000
16050,570.516000,468.178000,14.439000,415.819000
16051,495.378000,264.575000,39.199000,238.445000
16052,546.497000,359.422000,9.010000,257.534000
16053,577.077000,354.002000,9.890000,302.523000
16054,804.281000,467.369000,15.940000,384.641000
16055,613.795000,306.232000,5.211000,263.813000
16056,531.387000,297.753000,11.030000,243.355000
16057,789.462000,395.911000,10.840000,313.202000
16058,734.734000,462.929000,7.849000,361.010000
16059,693.843000,408.751000,6.400000,328.352000
16060,732.224000,650.845000,15.389000,495.007000
16061,638.635000,334.463000,12.999000,313.012000
16062,524.018000,285.273000,10.729000,262.554000
16063,546.956000,339.153000,10.619000,304.343000
16064,522.567000,342.893000,13.489000,288.822000
16065,523.828000,333.131000,15.850000,317.832000
16066,545.918000,320.512000,7.940000,281.403000
16067,514.816000,312.683000,8.750000,258.524000
16068,450.670000,269.092000,7.240000,243.555000
16069,603.266000,303.674000,12.640000,262.902000
16070,711.955000,535.387000,19.810000,372.301000
16071,703.314000,376.071000,10.850000,354.551000
16072,584.906000,369.002000,8.390000,303.142000
16073,564.316000,328.052000,8.021000,283.374000
16074,617.305000,413.131000,8.910000,325.023000
16075,532.507000,321.134000,12.119000,261.174000
16076,654.634000,393.990000,12.439000,358.331000
16077,678.164000,434.790000,10.550000,358.041000
16078,580.377000,331.242000,11.230000,295.942000
16079,657.105000,394.561000,9.510000,321.502000
16080,689.634000,573.716000,16.050000,504.749000
16081,707.673000,554.759000,11.640000,407.640000
16082,476.079000,229.886000,7.600000,196.875000
16083,586.245000,286.483000,15.220000,239.964000
16084,683.784000,407.061000,9.380000,353.982000
16085,625.966000,315.653000,13.740000,259.355000
16086,670.845000,415.540000,10.590000,373.451000
16087,528.657000,289.143000,9.430000,240.615000
16088,658.234000,364.371000,7.270000,342.542000
16089,678.004000,408.580000,7.660000,362.161000
16090,535.377000,419.859000,18.529000,340.983000
16091,812.081000,344.641000,10.730000,295.523000
16092,553.508000,289.221000,7.160000,218.505000
16093,690.255000,397.021000,7.110000,293.604000
16094,648.475000,387.022000,7.720000,307.872000
16095,538.638000,328.012000,9.200000,275.234000
16096,663.574000,428.559000,11.150000,328.173000
16097,640.244000,393.891000,10.139000,287.664000
16098,572.466000,319.262000,12.590000,281.372000
16099,575.747000,342.932000,9.710000,302.483000
16100,545.237000,400.040000,17.099000,366.652000
16101,542.067000,422.590000,16.160000,374.501000
16102,661.175000,441.451000,13.710000,365.631000
16103,529.538000,355.273000,14.340000,297.912000
16104,788.651000,474.989000,17.580000,317.012000
16105,705.064000,352.323000,12.990000,289.444000
16106,482.917000,270.624000,11.050000,237.264000
16107,393.722000,242.005000,12.049000,251.704000
16108,558.537000,278.544000,8.709000,233.515000
16109,598.767000,328.422000,8.720000,268.264000
16110,723.382000,610.416000,15.309000,411.970000
16111,692.594000,353.991000,10.950000,323.022000
16112,501.539000,236.115000,9.659000,212.875000
16113,587.015000,350.472000,9.980000,317.481000
16114,532.748000,267.274000,14.749000,245.575000
16115,594.425000,360.992000,8.480000,321.092000
16116,478.569000,263.343000,5.940000,228.755000
16117,599.235000,333.703000,13.309000,268.823000
16118,707.263000,373.871000,10.049000,346.752000
16119,614.727000,341.871000,8.980000,286.894000
16120,662.285000,527.808000,19.740000,404.680000
16121,425.128000,212.355000,13.010000,199.035000
16122,761.093000,287.433000,18.769000,254.084000
16123,705.144000,442.340000,11.360000,369.861000
16124,506.057000,320.324000,9.381000,276.933000
16125,455.529000,232.475000,9.580000,205.025000
16126,469.450000,247.484000,6.658000,211.435000
16127,708.434000,426.259000,84.587000,421.110000
16128,659.585000,379.871000,8.570000,303.394000
16129,629.985000,404.820000,9.250000,375.502000
16130,564.326000,437.200000,16.030000,349.382000
16131,730.424000,379.252000,13.630000,363.051000
16132,577.697000,329.773000,12.330000,262.334000
16133,524.917000,317.783000,10.529000,261.634000
16134,697.824000,417.140000,10.859000,321.884000
16135,552.247000,326.023000,10.450000,283.642000
16136,705.514000,409.841000,11.090000,318.662000
16137,609.885000,334.923000,13.329000,295.522000
16138,480.839000,250.854000,9.530000,212.935000
16139,938.408000,416.010000,12.470000,311.363000
16140,622.945000,407.081000,19.720000,377.531000
16141,621.535000,441.530000,46.459000,294.933000
16142,660.844000,376.351000,13.529000,347.542000
16143,577.416000,357.821000,12.159000,393.651000
16144,552.637000,337.543000,12.219000,323.322000
16145,624.926000,394.230000,10.279000,363.282000
16146,703.783000,356.292000,13.289000,329.223000
16147,605.986000,322.152000,17.010000,294.953000
16148,452.279000,228.495000,9.949000,203.696000
16149,592.076000,350.983000,11.920000,288.192000
16150,611.096000,489.728000,21.699000,332.792000
16151,556.556000,282.394000,14.960000,283.653000
16152,659.775000,341.323000,12.590000,320.882000
16153,497.329000,250.224000,8.929000,229.814000
16154,720.254000,435.430000,7.870000,369.622000
16155,564.316000,335.192000,7.331000,284.443000
16156,567.437000,287.443000,7.711000,266.764000
16157,640.074000,347.792000,10.979000,284.143000
16158,777.182000,432.140000,15.770000,352.413000
16159,587.066000,316.862000,11.779000,263.634000
16160,576.576000,456.359000,14.051000,363.622000
16161,689.212000,404.911000,11.309000,354.162000
16162,642.465000,384.301000,16.370000,334.242000
16163,627.056000,376.180000,11.830000,315.743000
16164,512.287000,271.124000,8.590000,237.974000
16165,625.795000,451.189000,7.260000,320.802000
16166,511.138000,202.616000,10.819000,177.996000
16167,663.294000,416.151000,11.960000,364.781000
16168,721.604000,390.801000,7.500000,516.997000
16169,580.097000,343.152000,9.320000,294.482000
16170,691.753000,481.869000,17.840000,451.130000
16171,435.040000,187.325000,14.440000,179.465000
16172,600.816000,384.740000,11.720000,320.264000
16173,513.418000,333.371000,17.830000,199.415000
16174,572.698000,356.281000,10.170000,303.822000
16175,523.408000,336.752000,12.560000,256.804000
16176,376.871000,197.895000,12.030000,183.025000
16177,765.403000,487.378000,8.680000,358.351000
16178,595.627000,361.551000,13.209000,307.542000
16179,604.785000,353.652000,10.349000,323.211000
16180,599.256000,485.168000,14.169000,316.663000
16181,625.026000,329.673000,12.810000,297.792000
16182,507.858000,322.582000,15.249000,303.413000
16183,609.315000,396.541000,16.270000,426.730000
16184,424.580000,222.825000,14.640000,198.285000
16185,665.825000,383.761000,7.880000,322.863000
16186,648.715000,405.040000,9.589000,335.261000
16187,468.760000,239.674000,34.060000,232.264000
16188,504.059000,271.294000,10.350000,241.323000
16189,745.943000,319.413000,12.109000,251.074000
16190,512.318000,252.383000,16.729000,251.935000
16191,757.852000,531.068000,10.739000,371.410000
16192,452.920000,216.015000,15.270000,209.925000
16193,642.976000,434.329000,11.599000,356.352000
16194,622.595000,352.142000,9.350000,284.494000
16195,604.645000,369.850000,8.630000,311.202000
16196,666.215000,355.061000,8.049000,261.735000
16197,538.098000,238.255000,14.320000,233.774000
16198,667.485000,363.071000,92.358000,338.342000
16199,620.286000,371.222000,9.340000,298.064000
16200,603.765000,333.692000,19.090000,312.142000
16201,760.612000,374.362000,17.139000,320.192000
16202,750.502000,461.289000,13.389000,344.971000
16203,533.518000,295.413000,10.419000,257.675000
16204,631.446000,383.641000,11.661000,311.192000
16205,565.557000,341.542000,13.829000,278.693000
16206,636.025000,404.431000,11.061000,298.603000
16207,522.437000,314.793000,11.439000,271.814000
16208,574.227000,328.732000,13.689000,273.445000
16209,529.627000,323.284000,12.970000,299.823000
16210,676.704000,484.417000,24.239000,430.960000
16211,659.165000,511.677000,12.850000,302.773000
16212,616.175000,328.091000,38.020000,294.604000
16213,700.423000,382.461000,10.080000,328.724000
16214,1449.187000,363.801000,18.820000,256.554000
16215,626.685000,353.741000,8.550000,371.651000
16216,540.658000,282.253000,7.741000,256.114000
16217,501.037000,247.244000,7.901000,224.265000
16218,480.729000,244.603000,10.660000,211.666000
16219,728.273000,415.771000,10.339000,319.682000
16220,437.649000,306.683000,26.800000,209.116000
16221,662.873000,293.214000,13.049000,271.823000
16222,601.475000,301.452000,9.880000,273.914000
16223,464.578000,242.454000,11.990000,227.535000
16224,957.868000,622.546000,48.669000,463.379000
16225,494.309000,308.352000,8.600000,284.334000
16226,695.334000,387.541000,8.480000,312.172000
16227,580.076000,323.343000,8.469000,298.772000
16228,829.691000,398.640000,10.109000,320.053000
16229,740.992000,393.150000,10.590000,298.763000
16230,714.303000,334.873000,20.840000,318.202000
16231,547.017000,241.695000,10.640000,221.896000
16232,661.676000,400.881000,11.261000,320.981000
16233,465.270000,302.914000,16.880000,303.772000
16234,424.070000,194.216000,14.879000,209.146000
16235,572.076000,321.902000,8.861000,257.154000
16236,694.073000,380.241000,12.249000,297.423000
16237,601.946000,314.173000,12.870000,266.424000
16238,867.780000,345.742000,18.109000,278.123000
16239,688.923000,358.581000,8.118000,291.013000
16240,725.833000,539.169000,16.559000,317.612000
16241,584.846000,271.935000,9.120000,299.152000
16242,584.756000,297.203000,8.410000,263.744000
16243,661.604000,347.753000,7.659000,329.222000
16244,502.208000,264.984000,6.421000,223.915000
16245,436.040000,209.945000,11.920000,196.365000
16246,585.796000,313.443000,51.119000,287.873000
16247,474.209000,248.954000,12.980000,234.145000
16248,648.115000,371.573000,44.778000,285.914000
16249,500.948000,301.933000,85.819000,279.823000
16250,589.666000,497.139000,18.079000,412.289000
16251,532.368000,385.551000,24.300000,261.434000
16252,607.706000,324.482000,7.520000,318.323000
16253,670.675000,332.742000,11.830000,317.972000
16254,531.578000,247.774000,13.771000,226.474000
16255,641.925000,368.601000,9.500000,340.513000
16256,701.472000,413.011000,10.950000,301.433000
16257,609.496000,283.973000,17.010000,284.455000
16258,567.036000,292.853000,8.010000,273.843000
16259,676.474000,384.661000,8.080000,379.541000
16260,691.243000,589.457000,22.169000,455.400000
16261,647.925000,335.072000,42.998000,353.513000
16262,968.967000,389.861000,12.839000,335.482000
16263,640.316000,356.303000,9.279000,292.412000
16264,642.615000,374.811000,11.810000,318.993000
16265,700.552000,447.810000,12.690000,327.872000
16266,640.915000,355.452000,11.319000,341.143000
16267,557.226000,303.864000,11.970000,262.483000
16268,607.586000,304.974000,9.499000,260.965000
16269,672.665000,381.871000,10.609000,408.550000
16270,689.124000,512.028000,11.089000,327.572000
16271,561.867000,267.765000,10.000000,295.673000
16272,673.084000,365.683000,10.228000,347.532000
16273,580.795000,342.083000,11.930000,302.034000
16274,608.205000,374.341000,9.500000,295.143000
16275,579.205000,314.103000,13.621000,260.365000
16276,514.048000,290.912000,11.980000,255.465000
16277,661.524000,383.460000,10.220000,304.452000
16278,676.965000,381.821000,9.070000,320.692000
16279,633.665000,357.212000,11.851000,304.891000
16280,707.774000,605.536000,21.410000,506.577000
16281,763.081000,589.045000,15.280000,360.182000
16282,567.566000,298.923000,15.710000,264.984000
16283,569.357000,336.073000,15.710000,393.860000
16284,523.497000,245.054000,14.930000,209.445000
16285,760.061000,457.709000,12.370000,352.642000
16286,438.599000,216.275000,33.200000,188.216000
16287,741.362000,376.142000,8.600000,382.362000
16288,700.453000,379.090000,13.010000,267.404000
16289,758.202000,319.443000,11.880000,254.964000
16290,573.056000,446.410000,19.519000,401.701000
16291,762.493000,365.221000,11.330000,345.522000
16292,528.338000,277.773000,46.348000,260.614000
16293,333.431000,153.258000,9.220000,156.936000
16294,568.106000,295.193000,6.520000,302.072000
16295,604.715000,337.813000,6.010000,277.642000
16296,548.449000,285.582000,10.840000,249.574000
16297,417.250000,229.125000,12.559000,208.615000
16298,598.416000,251.204000,10.859000,223.806000
16299,688.424000,373.840000,12.110000,301.164000
16300,626.275000,600.126000,18.110000,344.031000
16301,1051.235000,328.054000,13.949000,418.320000
16302,599.246000,303.442000,13.600000,295.102000
16303,432.799000,231.296000,7.829000,213.495000
16304,655.995000,390.240000,12.419000,484.889000
16305,634.695000,350.392000,15.880000,301.794000
16306,754.652000,432.981000,12.019000,339.181000
16307,584.466000,319.324000,9.079000,248.334000
16308,697.132000,395.371000,7.949000,310.993000
16309,558.257000,307.434000,7.720000,320.322000
16310,568.476000,494.798000,14.450000,423.380000
16311,939.888000,423.040000,19.210000,284.903000
16312,652.876000,368.092000,13.089000,327.433000
16313,338.882000,137.027000,6.900000,146.897000
16314,680.953000,328.633000,8.059000,277.533000
16315,455.689000,272.084000,8.600000,243.124000
16316,730.632000,357.421000,16.890000,306.523000
16317,492.098000,258.814000,14.750000,245.505000
16318,732.962000,436.161000,12.640000,322.482000
16319,434.040000,203.445000,9.590000,193.166000
16320,575.147000,472.969000,22.540000,391.050000
16321,603.346000,347.492000,18.369000,298.793000
16322,546.108000,312.732000,19.640000,280.774000
16323,636.285000,290.252000,20.799000,244.084000
16324,1177.292000,406.301000,19.119000,378.020000
16325,905.849000,426.271000,11.619000,303.762000
16326,575.376000,328.503000,8.540000,276.333000
16327,579.837000,348.271000,8.750000,298.634000
16328,650.584000,378.751000,12.960000,311.092000
16329,869.210000,358.581000,18.240000,347.252000
16330,602.395000,513.519000,30.060000,477.597000
16331,616.375000,508.329000,17.820000,453.339000
16332,651.334000,530.297000,13.740000,477.569000
16333,707.503000,441.440000,13.410000,338.062000
16334,596.576000,401.281000,16.599000,320.623000
16335,461.359000,260.154000,14.130000,235.614000
16336,550.357000,317.563000,7.309000,254.674000
16337,718.383000,472.589000,7.029000,377.400000
16338,746.761000,351.082000,7.080000,279.014000
16339,935.599000,416.280000,11.079000,314.802000
16340,706.394000,423.449000,18.229000,333.373000
16341,622.245000,379.391000,17.629000,254.004000
16342,634.366000,392.031000,16.000000,300.183000
16343,675.995000,401.931000,15.309000,328.352000
16344,554.837000,318.203000,12.580000,281.562000
16345,556.317000,327.132000,13.700000,269.934000
16346,586.937000,349.621000,8.210000,301.523000
16347,642.215000,391.720000,11.210000,382.071000
16348,754.523000,415.341000,18.990000,362.682000
16349,707.423000,355.131000,10.060000,280.525000
16350,806.912000,565.367000,18.440000,387.012000
16351,674.763000,374.561000,12.659000,321.284000
16352,521.107000,281.153000,13.449000,244.505000
16353,524.008000,293.414000,11.459000,239.235000
16354,609.026000,395.161000,9.260000,314.473000
16355,677.374000,504.758000,11.920000,338.021000
16356,582.686000,295.344000,11.179000,257.324000
16357,603.317000,372.660000,14.059000,342.462000
16358,418.210000,212.655000,12.680000,206.365000
16359,535.457000,315.933000,11.500000,309.392000
16360,824.691000,414.470000,27.239000,275.335000
16361,473.449000,219.134000,7.529000,202.856000
16362,631.496000,277.703000,9.610000,295.624000
16363,583.067000,317.303000,8.809000,287.883000
16364,664.745000,405.761000,14.130000,301.023000
16365,379.941000,198.406000,12.539000,171.396000
16366,549.308000,296.222000,9.310000,246.524000
16367,898.519000,594.106000,8.520000,450.879000
16368,691.884000,398.132000,9.208000,290.594000
16369,620.106000,352.331000,57.838000,334.671000
16370,678.985000,532.637000,20.599000,450.980000
16371,724.462000,566.387000,17.990000,408.310000
16372,631.875000,320.652000,10.490000,272.154000
16373,574.697000,305.702000,10.440000,247.884000
16374,520.428000,290.732000,14.520000,251.034000
16375,682.544000,317.973000,12.600000,276.604000
16376,431.850000,189.995000,10.480000,180.656000
16377,826.961000,471.088000,9.459000,394.601000
16378,606.526000,366.752000,10.489000,320.502000
16379,493.918000,267.283000,13.179000,233.514000
16380,702.443000,421.270000,15.708000,303.484000
16381,571.686000,240.614000,13.979000,233.165000
16382,520.637000,248.314000,8.880000,278.564000
16383,516.267000,330.962000,10.190000,231.914000
16384,749.172000,356.111000,17.919000,301.162000
16385,649.274000,356.081000,9.360000,305.823000
16386,658.273000,344.132000,13.750000,270.273000
16387,675.064000,399.061000,12.930000,325.803000
16388,604.305000,327.172000,10.930000,317.593000
16389,326.542000,147.306000,6.240000,144.907000
16390,538.017000,199.346000,18.589000,201.365000
16391,725.813000,342.402000,11.450000,327.401000
16392,695.084000,366.032000,11.960000,343.412000
16393,456.210000,219.165000,12.970000,206.365000
16394,399.021000,243.114000,9.889000,252.804000
16395,676.604000,397.901000,12.860000,327.013000
16396,637.004000,339.763000,14.860000,295.623000
16397,551.217000,257.614000,7.431000,225.364000
16398,687.464000,353.632000,12.879000,285.874000
16399,546.437000,304.513000,14.680000,278.493000
16400,822.091000,501.219000,22.390000,293.773000
16401,622.965000,318.752000,13.080000,320.442000
16402,682.994000,378.560000,11.730000,400.921000
16403,483.879000,315.743000,11.920000,282.823000
16404,519.897000,296.494000,9.550000,271.274000
16405,507.077000,295.464000,12.869000,222.015000
16406,683.783000,433.051000,11.610000,357.251000
16407,605.776000,371.141000,14.860000,318.702000
16408,477.529000,248.515000,10.179000,220.965000
16409,649.704000,381.181000,6.821000,295.693000
16410,668.154000,467.200000,15.600000,290.304000
16411,616.746000,282.543000,8.371000,261.653000
16412,761.622000,342.622000,9.879000,351.771000
16413,706.204000,386.030000,8.691000,323.971000
16414,714.373000,438.980000,25.088000,309.382000
16415,646.575000,368.361000,12.530000,311.133000
16416,489.278000,219.145000,12.750000,198.205000
16417,543.307000,264.774000,9.750000,211.776000
16418,638.125000,349.782000,12.800000,290.904000
16419,483.869000,234.144000,12.451000,234.595000
16420,653.585000,530.947000,17.379000,477.980000
16421,733.222000,477.200000,13.999000,308.073000
16422,559.167000,230.454000,11.400000,217.275000
16423,528.158000,261.315000,9.550000,234.844000
16424,598.036000,337.741000,11.339000,287.614000
16425,402.311000,263.183000,15.520000,209.035000
16426,639.265000,372.342000,17.919000,305.904000
16427,560.676000,340.572000,49.788000,307.933000
16428,493.617000,291.653000,15.710000,269.873000
16429,627.435000,316.653000,13.700000,257.453000
16430,1012.197000,498.007000,19.809000,329.453000
16431,696.483000,372.732000,10.088000,342.043000
16432,561.747000,303.493000,9.230000,288.393000
16433,769.044000,378.331000,15.430000,294.802000
16434,606.556000,332.103000,29.619000,284.344000
16435,507.568000,315.463000,7.270000,298.242000
16436,633.625000,331.823000,14.329000,251.435000
16437,517.458000,302.443000,15.830000,302.392000
16438,474.018000,316.922000,13.430000,278.984000
16439,735.922000,269.015000,15.800000,239.085000
16440,645.155000,521.988000,21.859000,331.143000
16441,642.815000,287.533000,9.520000,305.022000
16442,521.437000,267.074000,12.300000,249.994000
16443,706.273000,429.580000,50.389000,450.870000
16444,542.208000,333.313000,15.780000,350.931000
16445,646.526000,374.901000,20.619000,321.603000
16446,671.354000,326.342000,11.280000,254.664000
16447,565.417000,310.772000,8.021000,266.275000
16448,681.754000,373.312000,12.760000,327.561000
16449,593.536000,290.293000,10.990000,246.703000
16450,848.660000,637.655000,17.350000,546.556000
16451,579.737000,480.640000,9.341000,283.464000
16452,742.693000,388.760000,8.510000,371.311000
16453,704.563000,427.470000,10.080000,321.542000
16454,512.448000,301.372000,13.210000,262.954000
16455,677.514000,399.130000,10.150000,286.242000
16456,607.366000,327.443000,8.650000,273.803000
16457,578.596000,349.092000,11.511000,280.013000
16458,856.480000,433.250000,12.280000,305.762000
16459,779.922000,327.232000,13.470000,291.474000
16460,737.222000,502.400000,22.919000,335.502000
16461,867.550000,284.492000,15.880000,268.514000
16462,639.794000,342.111000,12.920000,274.234000
16463,576.596000,329.252000,12.010000,303.943000
16464,625.216000,373.540000,12.131000,307.914000
16465,763.071000,457.640000,11.981000,322.253000
16466,619.014000,363.631000,9.540000,308.763000
16467,441.180000,268.683000,9.390000,290.343000
16468,584.706000,344.620000,15.390000,317.464000
16469,613.476000,368.771000,11.570000,382.131000
16470,552.667000,364.011000,22.010000,351.782000
16471,713.482000,319.483000,11.260000,296.202000
16472,881.710000,414.430000,11.879000,319.192000
16473,753.823000,437.419000,8.270000,256.604000
16474,534.398000,314.773000,7.729000,244.115000
16475,861.251000,378.351000,15.709000,288.163000
16476,438.020000,255.274000,16.459000,222.515000
16477,587.786000,314.302000,11.051000,263.793000
16478,661.005000,376.481000,12.820000,311.043000
16479,656.735000,343.151000,42.388000,319.192000
16480,688.663000,570.627000,19.139000,566.177000
16481,550.787000,450.719000,21.459000,320.682000
16482,565.236000,207.565000,12.190000,195.975000
16483,518.758000,227.244000,8.190000,208.876000
16484,657.524000,356.791000,7.770000,305.393000
16485,507.299000,265.064000,48.868000,224.804000
16486,950.609000,365.261000,11.720000,280.123000
16487,570.806000,295.633000,15.359000,260.105000
16488,554.297000,304.453000,10.520000,274.543000
16489,857.060000,532.128000,13.019000,352.501000
16490,689.555000,498.119000,16.230000,405.201000
16491,645.895000,342.062000,11.719000,303.294000
16492,647.513000,332.113000,10.910000,298.732000
16493,610.405000,355.853000,11.790000,286.223000
16494,627.315000,344.052000,11.979000,282.685000
16495,507.136000,219.445000,9.150000,180.536000
16496,714.804000,358.902000,13.080000,275.634000
16497,522.748000,256.274000,9.800000,214.546000
16498,596.646000,344.003000,12.090000,302.933000
16499,403.751000,200.505000,8.650000,185.096000
16500,644.014000,490.378000,14.269000,289.554000
16501,673.455000,307.382000,9.870000,313.303000
16502,675.765000,355.692000,7.560000,301.373000
16503,684.963000,388.022000,11.820000,378.421000
16504,628.745000,332.862000,11.720000,319.673000
16505,506.307000,275.654000,10.409000,246.694000
16506,620.506000,370.511000,10.279000,302.552000
16507,673.695000,347.302000,11.040000,333.654000
16508,621.385000,329.662000,7.109000,302.102000
16509,694.884000,393.961000,44.119000,310.832000
16510,627.406000,482.219000,20.640000,299.463000
16511,641.604000,301.174000,13.990000,335.031000
16512,451.459000,190.595000,10.501000,194.116000
16513,457.889000,223.845000,9.509000,206.965000
16514,508.547000,263.434000,9.240000,220.385000
16515,564.416000,331.752000,47.319000,298.413000
16516,615.435000,375.420000,8.980000,299.463000
16517,573.447000,325.312000,9.480000,324.083000
16518,408.390000,205.315000,11.589000,201.435000
16519,486.408000,221.425000,8.040000,206.925000
16520,744.401000,567.677000,21.779000,383.362000
16521,609.426000,342.612000,15.000000,309.594000
16522,566.787000,287.732000,10.210000,269.674000
16523,564.867000,304.993000,11.229000,257.514000
16524,590.716000,344.702000,11.010000,275.224000
16525,561.147000,394.491000,8.170000,302.323000
16526,521.449000,298.812000,13.839000,276.744000
16527,691.213000,449.629000,14.000000,340.383000
16528,611.346000,323.722000,12.500000,278.353000
16529,632.905000,347.652000,31.050000,277.085000
16530,672.294000,579.637000,19.409000,522.507000
16531,702.043000,538.606000,12.489000,464.580000
16532,800.070000,354.512000,18.219000,254.014000
16533,641.804000,352.483000,11.940000,303.263000
16534,522.447000,331.222000,11.480000,306.332000
16535,529.687000,253.572000,11.251000,221.444000
16536,769.563000,333.131000,16.341000,263.905000
16537,611.807000,372.171000,13.090000,300.652000
16538,484.959000,260.344000,8.740000,216.305000
16539,606.106000,330.712000,11.289000,288.914000
16540,512.289000,320.211000,20.329000,336.393000
16541,568.087000,456.930000,16.050000,288.444000
16542,613.496000,279.394000,8.140000,262.404000
16543,724.233000,381.541000,11.960000,331.002000
16544,809.530000,348.442000,22.900000,322.752000
16545,639.164000,366.602000,13.280000,319.573000
16546,579.187000,279.573000,11.830000,239.344000
16547,493.559000,278.494000,8.860000,250.514000
16548,559.717000,303.232000,11.629000,238.304000
16549,607.426000,371.472000,13.609000,314.143000
16550,711.842000,310.783000,19.060000,296.373000
16551,460.709000,221.305000,9.940000,264.303000
16552,671.175000,374.451000,10.180000,320.373000
16553,583.216000,337.392000,13.769000,291.324000
16554,443.500000,218.603000,10.779000,201.835000
16555,458.190000,207.365000,7.770000,196.735000
16556,601.736000,308.573000,8.469000,254.255000
16557,674.983000,373.832000,8.430000,325.992000
16558,759.782000,455.500000,9.830000,356.721000
16559,596.436000,366.572000,11.929000,319.372000
16560,688.613000,580.626000,24.849000,567.446000
16561,856.220000,724.235000,17.530000,580.486000
16562,499.238000,267.533000,15.939000,258.685000
16563,477.457000,269.674000,7.249000,263.565000
16564,675.494000,439.479000,46.610000,378.722000
16565,699.784000,437.430000,9.210000,310.853000
16566,495.969000,262.473000,14.290000,238.244000
16567,688.544000,360.751000,9.940000,393.600000
16568,580.007000,320.233000,8.740000,268.694000
16569,670.464000,395.082000,8.640000,410.501000
16570,454.268000,350.084000,16.879000,289.262000
16571,731.214000,395.311000,10.780000,379.541000
16572,696.843000,331.953000,9.240000,320.892000
16573,497.519000,302.453000,12.640000,276.153000
16574,556.337000,356.413000,12.289000,272.563000
16575,800.361000,308.253000,13.939000,244.184000
16576,588.536000,339.912000,9.520000,291.314000
16577,726.423000,419.580000,7.630000,390.340000
16578,721.503000,412.211000,11.560000,320.302000
16579,535.768000,285.993000,51.328000,253.864000
16580,728.863000,575.387000,12.110000,387.291000
16581,642.705000,262.624000,11.629000,225.785000
16582,712.344000,388.390000,11.910000,329.961000
16583,796.651000,460.440000,15.070000,421.011000
16584,505.057000,261.424000,14.130000,227.456000
16585,532.178000,290.473000,11.990000,248.225000
16586,558.206000,298.402000,14.280000,260.264000
16587,523.519000,292.143000,14.120000,258.373000
16588,705.403000,408.541000,9.750000,322.392000
16589,588.026000,330.062000,12.110000,272.374000
16590,684.063000,637.775000,56.369000,486.519000
16591,691.373000,398.860000,11.129000,346.773000
16592,1013.336000,399.250000,12.739000,319.901000
16593,759.043000,504.807000,10.590000,313.193000
16594,718.813000,393.021000,10.621000,370.481000
16595,480.509000,246.325000,7.130000,215.085000
16596,612.846000,303.153000,16.810000,249.415000
16597,513.097000,269.254000,17.140000,241.374000
16598,418.781000,212.374000,7.131000,185.896000
16599,641.874000,347.272000,14.369000,303.983000
16600,674.594000,541.526000,25.699000,372.872000
16601,633.775000,310.152000,20.939000,300.383000
16602,630.606000,361.573000,14.110000,308.503000
16603,548.686000,319.454000,10.499000,290.313000
16604,603.025000,355.292000,7.630000,295.453000
16605,678.214000,432.499000,7.959000,348.432000
16606,494.170000,234.474000,9.570000,190.816000
16607,603.095000,330.282000,10.329000,291.793000
16608,562.936000,276.484000,9.790000,238.004000
16609,659.294000,378.320000,6.541000,370.143000
16610,746.483000,512.788000,17.940000,336.022000
16611,742.184000,450.040000,13.800000,387.190000
16612,750.552000,429.750000,67.459000,332.243000
16613,561.187000,335.322000,10.790000,304.092000
16614,634.185000,362.762000,9.509000,281.373000
16615,579.716000,319.973000,10.200000,287.494000
16616,834.141000,365.861000,12.000000,296.504000
16617,451.680000,259.834000,9.519000,227.054000
16618,700.034000,471.050000,11.790000,326.943000
16619,653.215000,343.312000,14.109000,271.643000
16620,830.841000,623.415000,15.149000,521.617000
16621,621.614000,357.481000,15.979000,287.884000
16622,538.047000,300.913000,8.489000,274.563000
16623,515.588000,289.552000,13.970000,262.434000
16624,478.459000,244.834000,12.339000,208.695000
16625,628.176000,361.343000,9.970000,276.103000
16626,344.303000,203.155000,7.680000,188.304000
16627,544.926000,306.803000,10.649000,268.302000
16628,692.243000,422.171000,8.370000,384.212000
16629,653.135000,397.880000,10.630000,271.354000
16630,571.976000,301.083000,23.980000,259.553000
16631,656.045000,425.950000,11.110000,364.481000
16632,571.087000,351.471000,12.179000,320.971000
16633,566.157000,356.411000,9.890000,283.543000
16634,608.775000,309.994000,13.709000,235.174000
16635,683.093000,423.760000,52.349000,422.090000
16636,620.636000,303.483000,22.258000,261.783000
16637,574.276000,317.553000,8.109000,277.714000
16638,294.703000,147.587000,5.979000,143.498000
16639,670.565000,387.751000,7.540000,302.253000
16640,603.587000,489.678000,18.470000,348.242000
16641,613.736000,331.062000,10.939000,319.062000
16642,681.655000,397.941000,15.750000,326.622000
16643,586.066000,358.223000,17.339000,339.131000
16644,584.036000,373.842000,18.410000,337.163000
16645,633.385000,373.460000,11.750000,289.033000
16646,439.350000,234.005000,11.320000,520.128000
16647,537.436000,313.153000,7.599000,260.303000
16648,586.766000,243.595000,18.099000,214.095000
16649,578.986000,361.061000,9.940000,280.754000
16650,670.184000,572.778000,15.210000,464.018000
16651,674.615000,412.020000,20.799000,329.802000
16652,550.517000,325.371000,16.250000,274.474000
16653,581.377000,319.262000,14.619000,309.123000
16654,622.675000,350.791000,8.339000,273.685000
16655,736.453000,501.348000,12.600000,345.182000
16656,747.982000,365.051000,19.270000,291.813000
16657,527.528000,282.532000,18.139000,269.614000
16658,719.372000,340.482000,13.469000,291.923000
16659,606.605000,356.263000,8.480000,298.442000
16660,619.005000,516.539000,21.389000,471.428000
16661,676.925000,547.166000,19.570000,542.568000
16662,582.746000,327.462000,14.440000,266.453000
16663,566.396000,293.193000,14.730000,278.763000
16664,670.804000,376.351000,11.440000,291.403000
16665,671.294000,426.860000,9.170000,313.112000
16666,652.405000,421.370000,14.290000,304.652000
16667,524.188000,287.973000,9.279000,253.464000
16668,567.916000,359.232000,11.540000,346.802000
16669,729.693000,381.781000,10.180000,297.234000
16670,706.634000,485.079000,16.060000,328.483000
16671,577.797000,266.704000,11.130000,285.444000
16672,592.696000,307.952000,16.730000,246.055000
16673,386.281000,230.145000,12.400000,227.065000
16674,588.426000,452.220000,15.720000,290.243000
16675,643.255000,360.882000,13.380000,274.284000
16676,666.854000,377.941000,7.070000,273.144000
16677,690.953000,381.891000,6.990000,300.914000
16678,756.791000,403.171000,9.131000,354.272000
16679,620.865000,351.442000,10.449000,277.644000
16680,693.424000,622.915000,20.060000,481.810000
16681,560.126000,301.072000,7.829000,275.894000
16682,609.606000,350.401000,7.261000,341.703000
16683,431.259000,217.254000,9.800000,233.614000
16684,490.089000,245.334000,8.930000,221.695000
16685,636.214000,373.702000,9.240000,434.860000
16686,573.976000,285.133000,9.720000,329.064000
16687,639.226000,327.462000,11.960000,298.243000
16688,594.056000,308.552000,16.549000,287.473000
16689,568.946000,385.780000,12.780000,299.273000
16690,537.148000,431.829000,17.979000,358.552000
16691,853.060000,517.187000,19.900000,372.361000
16692,579.566000,287.533000,11.770000,270.174000
16693,551.007000,317.362000,10.790000,279.084000
16694,730.492000,475.639000,10.769000,323.052000
16695,557.318000,348.112000,9.629000,331.183000
16696,675.184000,391.320000,9.670000,323.732000
16697,493.258000,274.815000,12.639000,248.254000
16698,558.667000,340.753000,13.119000,293.383000
16699,567.147000,315.662000,12.410000,238.394000
16700,459.098000,339.623000,15.029000,331.912000
16701,656.825000,475.289000,16.610000,366.601000
16702,607.056000,335.542000,9.620000,295.603000
16703,656.654000,381.841000,8.460000,311.103000
16704,595.426000,335.892000,12.639000,334.003000
16705,787.212000,266.575000,19.609000,223.415000
16706,841.259000,329.293000,17.830000,274.642000
16707,602.306000,259.144000,12.590000,232.875000
16708,664.174000,342.202000,14.540000,252.964000
16709,598.176000,314.912000,10.340000,282.304000
16710,554.567000,433.380000,17.960000,295.144000
16711,609.246000,276.703000,11.090000,323.023000
16712,550.316000,435.859000,9.560000,341.632000
16713,502.599000,272.874000,15.509000,239.023000
16714,792.282000,427.929000,15.970000,331.502000
16715,668.495000,375.410000,8.950000,339.982000
16716,525.737000,273.564000,8.480000,282.895000
16717,674.683000,390.141000,8.400000,302.021000
16718,642.205000,366.921000,23.329000,530.658000
16719,513.418000,250.754000,8.480000,222.895000
16720,823.281000,353.892000,24.449000,240.484000
16721,643.165000,281.803000,35.009000,258.844000
16722,657.695000,335.252000,12.440000,312.052000
16723,670.494000,352.672000,16.910000,344.673000
16724,596.796000,343.081000,13.650000,281.204000
16725,503.228000,245.205000,11.541000,205.516000
16726,725.533000,407.320000,6.840000,360.442000
16727,715.964000,306.104000,7.769000,240.045000
16728,718.293000,399.691000,8.320000,311.153000
16729,524.378000,250.634000,5.810000,223.764000
16730,770.552000,628.165000,15.029000,540.547000
16731,465.520000,212.384000,11.550000,203.625000
16732,638.165000,326.984000,10.298000,324.722000
16733,641.366000,296.473000,15.119000,251.734000
16734,567.596000,324.613000,10.570000,275.303000
16735,504.179000,233.874000,10.259000,243.184000
16736,436.789000,218.905000,9.270000,202.115000
16737,479.659000,250.114000,7.760000,255.612000
16738,490.919000,207.495000,8.169000,187.115000
16739,453.269000,234.075000,5.790000,221.365000
16740,705.694000,568.678000,16.830000,348.982000
16741,453.201000,211.566000,9.458000,205.185000
16742,635.695000,484.219000,9.510000,306.063000
16743,649.375000,351.821000,12.780000,292.664000
16744,708.934000,380.671000,11.520000,319.202000
16745,459.400000,231.165000,7.259000,200.915000
16746,439.940000,264.964000,8.990000,229.654000
16747,575.437000,355.771000,12.900000,337.492000
16748,771.462000,395.581000,14.409000,345.213000
16749,694.174000,396.810000,8.820000,352.082000
16750,691.093000,319.853000,12.050000,528.816000
16751,406.660000,153.906000,10.320000,166.097000
16752,436.019000,174.917000,11.430000,175.826000
16753,766.492000,318.443000,9.138000,263.515000
16754,544.918000,262.332000,10.510000,236.815000
16755,619.195000,353.331000,8.139000,273.503000
16756,728.593000,343.322000,14.330000,302.012000
16757,363.730000,195.746000,15.540000,196.255000
16758,473.339000,266.004000,11.759000,250.524000
16759,681.804000,397.332000,15.059000,317.584000
16760,502.238000,375.911000,18.550000,345.742000
16761,588.067000,459.919000,19.060000,313.723000
16762,391.541000,187.196000,10.480000,182.126000
16763,476.499000,248.854000,7.360000,230.405000
16764,722.343000,377.511000,13.920000,302.243000
16765,605.066000,343.012000,12.800000,267.263000
16766,541.028000,319.682000,7.909000,245.764000
16767,585.486000,337.713000,9.560000,272.573000
16768,661.615000,342.302000,10.360000,257.514000
16769,594.076000,314.884000,44.589000,361.221000
16770,583.336000,459.938000,19.528000,421.990000
16771,491.208000,215.346000,18.060000,189.525000
16772,606.456000,347.831000,13.280000,345.071000
16773,690.744000,402.310000,13.560000,289.944000
16774,337.191000,161.116000,8.290000,167.557000
16775,775.292000,415.510000,9.240000,377.372000
16776,524.087000,255.455000,14.480000,246.415000
16777,658.945000,305.082000,10.570000,255.984000
16778,419.661000,212.174000,9.210000,191.276000
16779,759.951000,397.441000,13.660000,298.703000
16780,676.674000,484.479000,24.579000,283.283000
16781,618.866000,304.083000,11.999000,279.423000
16782,821.061000,355.551000,15.720000,287.524000
16783,507.108000,307.443000,12.879000,304.743000
16784,520.209000,301.923000,10.899000,339.324000
16785,518.086000,311.354000,8.140000,275.354000
16786,527.936000,302.214000,10.200000,361.372000
16787,647.315000,311.092000,9.590000,252.114000
16788,574.815000,266.204000,8.000000,226.134000
16789,575.226000,295.062000,12.140000,282.803000
16790,788.661000,628.366000,17.500000,422.361000
16791,680.424000,341.612000,12.990000,365.822000
16792,523.597000,322.503000,15.089000,272.874000
16793,610.975000,368.452000,11.810000,355.452000
16794,523.448000,350.052000,11.640000,305.313000
16795,551.137000,286.744000,11.261000,247.905000
16796,613.966000,379.111000,14.040000,347.221000
16797,557.256000,354.521000,13.200000,341.063000
16798,621.385000,334.402000,14.529000,290.763000
16799,767.802000,336.541000,16.640000,290.784000
16800,678.194000,583.166000,24.019000,511.948000
16801,611.846000,417.250000,16.410000,308.723000
16802,588.165000,283.854000,18.159000,254.843000
16803,609.216000,336.553000,15.130000,312.101000
16804,702.034000,498.437000,10.169000,382.751000
16805,479.860000,260.214000,10.640000,235.555000
16806,551.027000,352.072000,15.390000,295.203000
16807,703.453000,392.161000,15.539000,298.842000
16808,599.226000,334.723000,12.879000,279.164000
16809,633.386000,304.443000,21.358000,241.804000
16810,646.404000,508.267000,21.070000,395.910000
16811,552.247000,251.034000,15.198000,232.035000
16812,695.725000,370.940000,8.339000,351.672000
16813,619.906000,337.012000,6.779000,345.051000
16814,653.465000,315.002000,10.340000,267.504000
16815,578.966000,293.124000,10.959000,258.673000
16816,580.747000,275.923000,7.131000,239.184000
16817,536.768000,230.374000,12.099000,244.905000
16818,727.653000,426.670000,10.640000,338.002000
16819,601.005000,313.443000,16.019000,245.843000
16820,432.939000,328.013000,22.750000,215.755000
16821,464.649000,204.785000,11.270000,196.516000
16822,646.435000,282.764000,9.949000,294.663000
16823,544.116000,297.393000,11.470000,282.962000
16824,566.018000,384.292000,10.009000,300.253000
16825,577.018000,327.952000,11.360000,292.783000
16826,671.034000,367.571000,10.109000,290.152000
16827,631.755000,250.034000,13.480000,228.994000
16828,474.978000,196.427000,12.149000,174.157000
16829,624.985000,336.722000,9.650000,317.092000
16830,605.666000,491.548000,21.589000,491.748000
16831,663.395000,556.027000,17.440000,379.631000
16832,527.949000,307.122000,11.570000,255.133000
16833,540.438000,305.782000,9.771000,269.714000
16834,591.565000,371.201000,14.920000,397.459000
16835,642.175000,387.850000,16.819000,254.423000
16836,873.329000,293.604000,9.880000,230.784000
16837,595.646000,342.891000,16.390000,398.810000
16838,512.628000,275.022000,9.770000,240.914000
16839,669.664000,331.871000,13.589000,267.524000
16840,753.622000,559.816000,16.700000,411.340000
16841,628.675000,319.313000,13.830000,268.084000
16842,471.129000,213.465000,9.800000,184.046000
16843,531.816000,300.504000,11.070000,236.566000
16844,609.476000,385.391000,11.950000,269.553000
16845,427.920000,271.314000,10.589000,236.555000
16846,350.841000,185.005000,11.030000,174.026000
16847,572.567000,348.222000,14.700000,295.673000
16848,667.775000,392.210000,11.630000,311.424000
16849,706.823000,449.650000,9.039000,332.222000
16850,633.655000,566.556000,14.170000,376.151000
16851,435.390000,182.326000,10.310000,193.736000
16852,664.046000,363.932000,12.559000,332.113000
16853,490.009000,247.703000,11.190000,216.555000
16854,383.561000,195.656000,11.230000,189.576000
16855,523.258000,311.504000,13.099000,244.574000
16856,610.945000,338.593000,11.130000,280.913000
16857,473.709000,261.464000,14.100000,239.494000
16858,602.936000,314.993000,10.830000,300.653000
16859,552.897000,325.413000,9.120000,272.914000
16860,842.780000,532.009000,19.221000,492.128000
16861,719.533000,349.271000,14.809000,387.561000
16862,708.664000,370.501000,9.250000,305.913000
16863,641.305000,345.633000,13.040000,292.964000
16864,674.825000,388.351000,12.779000,306.652000
16865,578.458000,296.953000,11.119000,253.464000
16866,509.498000,249.263000,37.019000,216.315000
16867,558.086000,300.494000,48.619000,273.923000
16868,673.824000,408.430000,10.381000,309.504000
16869,625.685000,374.121000,11.750000,292.112000
16870,656.745000,353.011000,18.719000,296.454000
16871,579.676000,330.191000,11.869000,326.912000
16872,700.754000,352.421000,16.190000,295.574000
16873,644.725000,346.163000,9.650000,304.293000
16874,505.518000,311.663000,12.580000,264.374000
16875,702.614000,408.990000,14.779000,326.292000
16876,487.139000,290.884000,12.390000,241.804000
16877,798.871000,491.008000,12.720000,379.981000
16878,712.413000,458.419000,12.910000,354.823000
16879,665.913000,340.653000,15.069000,281.383000
16880,710.064000,604.686000,18.239000,517.578000
16881,758.093000,632.715000,14.730000,366.091000
16882,539.127000,295.743000,13.760000,270.413000
16883,585.706000,364.062000,12.920000,307.902000
16884,600.556000,368.961000,11.960000,314.163000
16885,493.179000,216.034000,9.800000,179.976000
16886,499.749000,223.475000,14.380000,201.095000
16887,616.395000,331.482000,13.169000,294.113000
16888,488.449000,313.702000,20.710000,266.855000
16889,569.377000,321.112000,11.940000,262.004000
16890,627.354000,298.054000,16.320000,297.123000
16891,569.318000,299.502000,11.989000,274.343000
16892,752.742000,427.750000,10.010000,362.651000
16893,581.106000,364.902000,7.750000,289.112000
16894,385.021000,173.166000,14.179000,186.437000
16895,522.238000,298.974000,45.377000,291.334000
16896,707.193000,353.222000,13.820000,285.754000
16897,490.517000,211.955000,8.490000,194.656000
16898,640.964000,351.162000,6.870000,294.903000
16899,626.795000,356.641000,6.940000,289.553000
16900,544.727000,415.430000,16.870000,363.141000
16901,561.377000,435.599000,15.299000,324.623000
16902,540.196000,273.824000,8.730000,254.825000
16903,539.177000,271.674000,12.119000,222.884000
16904,582.897000,317.722000,11.840000,256.784000
16905,436.640000,191.085000,11.120000,167.605000
16906,658.274000,340.961000,10.200000,320.823000
16907,565.936000,320.352000,14.580000,263.613000
16908,590.116000,326.173000,9.720000,251.813000
16909,669.815000,317.092000,12.490000,254.474000
16910,673.815000,492.088000,15.550000,341.203000
16911,602.835000,285.424000,9.159000,259.285000
16912,410.111000,175.445000,11.531000,190.325000
16913,548.927000,286.523000,5.650000,259.365000
16914,591.846000,341.841000,10.109000,282.123000
16915,577.637000,285.223000,12.670000,262.223000
16916,806.321000,470.039000,9.130000,305.844000
16917,824.640000,452.219000,7.139000,326.453000
16918,857.079000,231.015000,15.059000,237.264000
16919,579.006000,344.142000,10.839000,301.752000
16920,569.237000,278.263000,21.069000,257.414000
16921,693.653000,319.812000,12.039000,298.322000
16922,528.348000,237.694000,7.949000,219.965000
16923,661.294000,367.442000,12.149000,323.893000
16924,541.266000,304.194000,10.340000,258.553000
16925,629.515000,359.052000,6.941000,286.273000
16926,738.773000,405.939000,11.880000,335.211000
16927,571.176000,291.314000,12.810000,244.715000
16928,634.084000,314.803000,12.371000,256.475000
16929,563.717000,297.984000,12.460000,253.033000
16930,610.335000,459.580000,20.759000,324.043000
16931,681.714000,324.403000,11.070000,295.493000
16932,592.666000,304.443000,9.279000,293.624000
16933,585.097000,302.312000,13.390000,271.004000
16934,546.587000,329.153000,15.549000,265.222000
16935,573.498000,351.861000,17.239000,413.320000
16936,694.413000,409.561000,14.709000,325.853000
16937,469.809000,272.844000,9.100000,253.254000
16938,430.770000,217.525000,6.380000,213.485000
16939,543.747000,300.264000,11.429000,257.184000
16940,676.335000,503.178000,23.010000,425.051000
16941,745.762000,373.772000,13.340000,357.301000
16942,539.546000,281.544000,7.769000,237.025000
16943,525.527000,295.963000,15.510000,274.893000
16944,405.410000,189.045000,12.510000,163.368000
16945,569.506000,334.652000,9.259000,284.014000
16946,746.292000,380.561000,6.979000,273.644000
16947,636.375000,344.061000,8.390000,310.843000
16948,461.728000,227.645000,7.760000,216.745000
16949,538.699000,289.673000,6.560000,250.034000
16950,607.525000,465.080000,26.049000,333.421000
16951,656.024000,314.642000,11.409000,278.544000
16952,593.896000,287.884000,9.440000,262.994000
16953,649.425000,332.502000,13.170000,309.522000
16954,582.216000,369.041000,10.399000,281.573000
16955,665.024000,403.680000,11.510000,390.122000
16956,604.296000,330.862000,12.509000,277.525000
16957,558.557000,297.703000,17.220000,259.473000
16958,549.388000,309.622000,11.060000,277.143000
16959,647.855000,374.522000,48.108000,324.054000
16960,616.876000,505.609000,14.011000,465.450000
16961,511.267000,187.505000,14.900000,192.085000
16962,656.204000,345.382000,9.369000,286.234000
16963,466.690000,230.954000,9.130000,206.735000
16964,423.039000,204.515000,12.710000,204.635000
16965,808.853000,465.069000,7.861000,372.032000
16966,547.417000,323.411000,15.480000,288.444000
16967,598.586000,291.193000,14.960000,292.883000
16968,523.878000,318.363000,20.650000,290.353000
16969,461.438000,237.354000,17.579000,210.175000
16970,968.957000,473.047000,14.040000,346.193000
16971,714.383000,315.742000,9.541000,291.223000
16972,504.440000,261.433000,8.720000,265.214000
16973,645.975000,348.002000,13.140000,306.203000
16974,536.027000,275.913000,13.670000,239.945000
16975,480.868000,298.043000,16.060000,270.144000
16976,528.387000,378.081000,14.049000,292.703000
16977,622.934000,370.431000,13.219000,311.792000
16978,659.795000,361.780000,14.000000,309.812000
16979,735.442000,425.360000,12.000000,376.761000
16980,651.034000,513.018000,22.320000,489.009000
16981,664.695000,550.957000,19.899000,401.681000
16982,598.156000,298.643000,16.490000,294.633000
16983,707.804000,358.212000,9.440000,309.054000
16984,574.197000,312.524000,7.660000,252.064000
16985,713.424000,411.250000,8.700000,334.401000
16986,558.657000,284.362000,7.691000,226.574000
16987,626.056000,354.601000,12.050000,307.484000
16988,587.736000,362.951000,12.170000,302.514000
16989,561.527000,262.793000,10.890000,238.354000
16990,668.574000,493.259000,15.819000,380.051000
16991,651.985000,313.773000,9.990000,297.634000
16992,452.159000,257.554000,14.710000,257.795000
16993,624.466000,343.421000,10.750000,340.063000
16994,528.357000,351.331000,68.359000,384.491000
16995,689.284000,392.081000,10.760000,329.531000
16996,729.912000,354.552000,13.150000,274.843000
16997,760.512000,338.862000,10.449000,289.734000
16998,631.365000,336.862000,9.350000,330.912000
16999,566.406000,303.113000,2612.389000,443.188000
17000,839.770000,562.657000,21.510000,306.303000
17001,642.775000,278.623000,9.760000,281.533000
17002,443.570000,200.175000,6.820000,218.675000
17003,546.467000,309.353000,8.380000,300.883000
17004,577.637000,245.414000,13.090000,227.495000
17005,609.745000,365.761000,8.560000,283.364000
17006,556.276000,339.593000,8.130000,291.372000
17007,628.255000,319.842000,10.849000,270.165000
17008,696.685000,371.781000,6.971000,282.303000
17009,619.895000,364.831000,9.131000,290.403000
17010,659.425000,473.377000,16.480000,273.724000
17011,408.700000,171.816000,9.760000,177.605000
17012,664.004000,328.122000,8.299000,301.073000
17013,661.954000,330.812000,10.510000,301.444000
17014,667.193000,344.402000,11.150000,273.132000
17015,351.193000,171.245000,8.939000,168.486000
17016,541.907000,259.684000,5.990000,222.715000
17017,532.717000,274.694000,43.179000,293.433000
17018,954.288000,525.317000,9.670000,363.611000
17019,729.643000,356.712000,9.790000,484.740000
17020,672.634000,274.114000,14.888000,294.994000
17021,625.485000,304.042000,8.910000,280.534000
17022,644.885000,358.371000,8.500000,306.734000
17023,669.374000,369.222000,9.970000,314.803000
17024,478.649000,273.194000,8.480000,247.304000
17025,595.086000,368.502000,8.210000,259.243000
17026,621.966000,351.173000,9.490000,287.402000
17027,580.177000,350.253000,8.750000,303.992000
17028,701.824000,360.211000,10.580000,367.481000
17029,467.229000,214.626000,15.249000,195.245000
17030,572.947000,403.141000,53.977000,257.714000
17031,766.012000,384.791000,10.520000,358.382000
17032,1126.423000,397.661000,16.329000,279.894000
17033,751.652000,418.650000,8.400000,302.983000
17034,1295.899000,465.479000,18.860000,345.601000
17035,656.074000,305.893000,16.229000,294.693000
17036,592.806000,280.054000,12.549000,262.323000
17037,359.272000,139.576000,7.700000,157.106000
17038,561.008000,345.801000,8.360000,280.433000
17039,666.683000,322.173000,8.860000,273.943000
17040,526.158000,230.675000,18.090000,233.955000
17041,473.699000,228.615000,10.040000,222.824000
17042,673.964000,332.993000,12.110000,310.042000
17043,625.855000,369.801000,15.040000,323.853000
17044,436.910000,223.133000,8.929000,205.405000
17045,646.025000,352.003000,10.559000,283.074000
17046,759.811000,441.500000,7.600000,339.041000
17047,705.074000,364.221000,8.250000,302.244000
17048,590.296000,280.564000,7.810000,268.293000
17049,620.796000,377.152000,9.390000,338.952000
17050,881.518000,523.719000,21.789000,387.171000
17051,605.156000,295.894000,10.919000,310.652000
17052,675.344000,305.062000,48.139000,285.343000
17053,580.457000,354.942000,13.160000,318.442000
17054,571.008000,308.221000,10.890000,335.971000
17055,569.917000,281.213000,8.870000,290.844000
17056,627.835000,274.514000,12.170000,264.833000
17057,595.917000,309.154000,10.019000,244.444000
17058,615.785000,405.260000,7.720000,293.062000
17059,630.835000,415.750000,6.469000,267.794000
17060,555.577000,297.034000,16.380000,262.524000
17061,647.074000,360.423000,10.329000,324.562000
17062,736.682000,383.661000,12.979000,305.854000
17063,655.075000,336.831000,14.581000,311.243000
17064,588.335000,354.222000,14.700000,297.253000
17065,617.856000,340.462000,10.339000,262.764000
17066,497.827000,255.404000,13.569000,235.414000
17067,582.447000,307.211000,9.430000,264.535000
17068,753.092000,395.271000,6.590000,376.021000
17069,625.155000,298.252000,5.819000,255.164000
17070,703.955000,491.928000,12.360000,292.223000
17071,570.106000,297.774000,13.480000,314.052000
17072,590.477000,322.761000,9.240000,287.623000
17073,390.122000,195.384000,9.291000,179.055000
17074,678.794000,458.149000,11.920000,347.972000
17075,552.967000,269.144000,11.509000,218.545000
17076,582.748000,315.932000,40.629000,359.741000
17077,512.668000,291.442000,11.880000,305.133000
17078,605.206000,319.282000,8.040000,255.304000
17079,627.396000,319.422000,8.650000,258.574000
17080,922.449000,731.692000,16.660000,374.251000
17081,668.045000,315.964000,13.040000,320.382000
17082,682.944000,329.712000,43.409000,264.085000
17083,633.285000,349.212000,10.150000,294.173000
17084,545.698000,340.482000,13.770000,338.843000
17085,429.910000,282.454000,13.759000,253.924000
17086,601.585000,362.882000,9.980000,375.581000
17087,508.089000,318.392000,7.970000,313.953000
17088,657.634000,392.131000,11.099000,308.763000
17089,459.760000,226.265000,11.510000,199.535000
17090,755.911000,585.818000,51.659000,442.660000
17091,673.234000,379.591000,13.690000,326.883000
17092,766.802000,335.792000,14.440000,251.164000
17093,585.626000,374.450000,9.670000,305.464000
17094,659.474000,374.831000,7.940000,333.612000
17095,482.779000,304.662000,7.840000,255.154000
17096,533.057000,325.863000,6.810000,284.382000
17097,660.265000,365.923000,10.338000,309.703000
17098,588.146000,315.474000,11.219000,249.262000
17099,615.925000,408.011000,11.268000,327.952000
17100,513.098000,392.691000,14.969000,329.162000
17101,555.987000,309.282000,11.660000,269.304000
17102,677.843000,390.781000,15.969000,321.313000
17103,581.845000,360.812000,49.769000,304.462000
17104,683.714000,663.145000,7.990000,441.700000
17105,782.062000,412.030000,10.010000,310.884000
17106,701.112000,418.970000,14.210000,320.353000
17107,730.592000,333.471000,22.360000,293.704000
17108,470.799000,234.913000,11.460000,201.245000
17109,637.026000,430.420000,11.950000,320.903000
17110,687.845000,562.266000,21.509000,377.130000
17111,674.365000,352.532000,15.640000,276.334000
17112,608.246000,380.391000,13.479000,329.792000
17113,450.249000,280.724000,11.010000,243.494000
17114,719.263000,389.361000,18.291000,315.001000
17115,420.621000,265.223000,13.000000,253.094000
17116,523.647000,311.243000,11.590000,273.023000
17117,564.378000,290.213000,15.720000,254.705000
17118,919.739000,372.721000,17.999000,273.933000
17119,697.034000,410.671000,50.938000,397.570000
17120,893.889000,364.282000,20.980000,292.892000
17121,572.746000,300.134000,15.300000,264.255000
17122,610.846000,391.921000,9.420000,347.481000
17123,628.625000,380.701000,9.120000,352.182000
17124,684.974000,383.700000,8.530000,288.554000
17125,602.036000,371.541000,122.728000,297.483000
17126,376.641000,197.075000,10.410000,190.875000
17127,560.048000,271.793000,11.190000,257.794000
17128,356.841000,190.776000,9.151000,175.756000
17129,581.227000,314.732000,8.990000,284.493000
17130,655.715000,519.378000,15.810000,371.591000
17131,622.395000,356.502000,8.470000,324.792000
17132,649.165000,358.122000,7.851000,294.914000
17133,579.326000,364.811000,15.170000,301.013000
17134,662.835000,420.950000,12.579000,321.553000
17135,632.845000,399.611000,10.819000,309.682000
17136,633.406000,381.883000,8.099000,329.222000
17137,631.825000,349.231000,7.440000,292.643000
17138,595.355000,342.372000,14.000000,289.943000
17139,705.243000,423.550000,12.219000,334.181000
17140,670.314000,373.252000,13.389000,320.812000
17141,958.768000,409.561000,12.219000,402.390000
17142,753.322000,367.002000,10.870000,375.711000
17143,700.433000,379.791000,9.960000,301.604000
17144,759.512000,444.910000,9.950000,414.200000
17145,658.125000,354.781000,8.410000,260.554000
17146,557.146000,308.894000,9.320000,278.472000
17147,582.386000,343.934000,11.100000,288.192000
17148,597.325000,338.723000,13.630000,267.073000
17149,633.505000,345.132000,13.270000,317.732000
17150,635.945000,522.128000,67.129000,469.878000
17151,576.867000,480.058000,16.640000,405.770000
17152,581.506000,315.463000,20.309000,349.441000
17153,575.196000,349.623000,10.010000,285.062000
17154,1041.416000,505.148000,17.200000,431.609000
17155,709.623000,448.889000,11.239000,325.752000
17156,587.558000,337.611000,9.590000,280.082000
17157,618.365000,364.782000,7.460000,310.322000
17158,517.167000,306.211000,11.710000,276.784000
17159,688.412000,413.891000,11.329000,360.903000
17160,443.969000,328.711000,20.210000,302.953000
17161,497.988000,376.972000,22.669000,301.603000
17162,559.517000,322.642000,48.560000,304.823000
17163,662.014000,396.892000,84.017000,335.722000
17164,605.125000,320.403000,9.160000,261.364000
17165,535.517000,347.573000,11.760000,272.473000
17166,558.907000,279.943000,9.179000,235.944000
17167,631.316000,384.131000,11.880000,328.411000
17168,600.535000,338.343000,13.139000,342.681000
17169,684.723000,436.280000,12.120000,349.342000
17170,523.896000,268.034000,14.630000,234.875000
17171,642.595000,365.871000,12.650000,302.262000
17172,698.484000,377.821000,19.289000,337.222000
17173,535.048000,297.972000,13.230000,273.674000
17174,624.656000,407.761000,8.460000,327.192000
17175,631.885000,364.102000,10.590000,282.792000
17176,694.963000,390.431000,15.870000,298.182000
17177,800.052000,404.420000,7.359000,316.763000
17178,615.237000,339.832000,13.000000,322.534000
17179,832.690000,472.509000,9.698000,332.373000
17180,649.303000,530.208000,15.449000,488.768000
17181,538.268000,316.562000,11.010000,244.554000
17182,710.753000,343.091000,12.619000,281.482000
17183,591.767000,319.492000,15.739000,289.474000
17184,637.184000,438.800000,13.960000,341.073000
17185,465.629000,246.835000,10.320000,236.664000
17186,609.755000,360.742000,9.389000,305.954000
17187,543.917000,295.214000,84.617000,252.035000
17188,547.028000,324.551000,12.710000,278.414000
17189,615.065000,357.761000,9.051000,289.323000
17190,625.526000,438.979000,11.309000,376.792000
17191,503.638000,235.014000,9.810000,201.705000
17192,703.824000,414.370000,7.920000,387.491000
17193,593.325000,340.323000,9.099000,274.564000
17194,551.677000,328.602000,45.238000,292.803000
17195,679.944000,390.890000,8.720000,386.901000
17196,528.417000,305.023000,9.090000,268.723000
17197,601.646000,357.502000,11.760000,299.602000
17198,519.718000,292.752000,10.620000,233.695000
17199,653.754000,379.541000,8.260000,356.153000
17200,575.176000,477.639000,16.550000,441.648000
17201,858.039000,664.244000,10.660000,432.371000
17202,723.482000,406.740000,10.539000,319.694000
17203,660.914000,327.053000,11.690000,265.234000
17204,660.275000,406.320000,8.350000,313.772000
17205,650.514000,311.882000,5.671000,266.683000
17206,597.796000,305.214000,10.470000,276.523000
17207,499.749000,211.515000,11.380000,173.286000
17208,602.746000,318.022000,10.531000,279.943000
17209,598.346000,353.561000,8.510000,269.734000
17210,556.957000,435.540000,15.809000,334.322000
17211,686.484000,383.311000,15.710000,326.481000
17212,699.883000,424.000000,12.909000,381.831000
17213,500.228000,306.742000,8.009000,261.304000
17214,640.675000,403.191000,8.661000,320.472000
17215,691.424000,411.081000,13.080000,394.941000
17216,508.288000,257.514000,12.039000,242.184000
17217,715.533000,448.759000,11.139000,339.302000
17218,657.495000,415.320000,11.851000,340.172000
17219,597.837000,334.162000,9.680000,263.543000
17220,475.188000,248.925000,14.310000,215.615000
17221,607.295000,316.104000,8.410000,320.442000
17222,631.485000,353.521000,10.620000,319.603000
17223,508.788000,311.254000,12.789000,298.712000
17224,531.098000,306.483000,11.520000,240.374000
17225,623.595000,362.851000,9.700000,306.203000
17226,690.143000,346.843000,17.399000,295.173000
17227,635.495000,356.942000,9.719000,375.292000
17228,1042.665000,362.272000,13.600000,277.003000
17229,627.884000,406.190000,12.459000,296.914000
17230,696.054000,519.387000,23.700000,349.252000
17231,599.506000,335.842000,14.469000,283.142000
17232,526.438000,289.642000,14.280000,236.514000
17233,480.170000,287.802000,7.480000,255.634000
17234,508.937000,309.382000,10.440000,254.314000
17235,529.057000,321.453000,11.980000,265.533000
17236,629.795000,343.562000,12.410000,296.013000
17237,655.715000,375.871000,10.579000,325.593000
17238,560.926000,346.801000,9.910000,309.433000
17239,526.257000,226.726000,7.250000,208.995000
17240,522.147000,399.541000,14.469000,351.612000
17241,625.655000,504.998000,10.670000,335.983000
17242,688.803000,377.480000,9.920000,318.013000
17243,674.214000,434.629000,10.379000,333.703000
17244,691.564000,399.541000,12.220000,352.312000
17245,705.482000,412.111000,9.700000,282.043000
17246,653.425000,381.991000,10.720000,341.681000
17247,466.799000,231.335000,9.550000,207.506000
17248,520.808000,229.245000,15.789000,221.175000
17249,769.772000,554.457000,10.539000,399.271000
17250,715.203000,560.787000,20.430000,380.252000
17251,1241.021000,273.224000,20.449000,262.264000
17252,510.148000,228.295000,13.329000,210.816000
17253,617.795000,306.882000,8.560000,320.303000
17254,579.376000,366.500000,12.399000,395.561000
17255,538.438000,310.162000,10.279000,398.420000
17256,763.691000,337.183000,11.960000,306.602000
17257,672.824000,374.671000,9.580000,309.312000
17258,543.738000,322.402000,11.249000,328.923000
17259,723.422000,415.610000,17.249000,310.043000
17260,641.785000,481.319000,18.790000,391.501000
17261,671.325000,333.671000,51.719000,334.003000
17262,505.468000,239.054000,18.560000,232.594000
17263,615.056000,302.273000,16.480000,263.503000
17264,486.839000,238.165000,7.430000,291.593000
17265,963.937000,341.731000,19.499000,263.263000
17266,589.106000,293.283000,13.820000,273.812000
17267,609.136000,315.601000,6.461000,267.654000
17268,634.095000,360.682000,9.729000,290.172000
17269,789.931000,517.428000,87.727000,365.812000
17270,725.674000,551.457000,42.040000,410.140000
17271,605.746000,304.933000,8.180000,268.923000
17272,629.265000,293.144000,9.350000,258.373000
17273,612.795000,359.182000,12.360000,451.489000
17274,580.916000,328.863000,12.359000,280.254000
17275,497.658000,331.552000,10.179000,271.353000
17276,584.527000,293.503000,13.309000,253.694000
17277,723.082000,366.951000,8.461000,332.843000
17278,554.497000,298.943000,12.520000,266.453000
17279,670.614000,381.451000,10.340000,304.523000
17280,643.165000,541.778000,18.009000,334.602000
17281,591.197000,324.452000,12.199000,300.642000
17282,758.673000,432.350000,11.069000,345.401000
17283,555.997000,309.503000,9.490000,250.503000
17284,531.668000,287.513000,15.040000,256.743000
17285,507.018000,281.683000,11.450000,243.155000
17286,659.434000,360.521000,12.800000,325.781000
17287,503.389000,289.823000,11.680000,237.144000
17288,596.436000,264.394000,11.079000,217.995000
17289,608.746000,315.283000,10.099000,265.124000
17290,680.125000,452.380000,15.890000,321.061000
17291,537.328000,247.293000,9.510000,232.365000
17292,653.934000,309.894000,9.459000,286.353000
17293,487.199000,226.305000,7.750000,203.334000
17294,666.055000,372.892000,10.040000,291.993000
17295,448.380000,225.205000,9.049000,202.575000
17296,505.347000,301.824000,12.880000,272.933000
17297,639.024000,313.803000,11.360000,267.484000
17298,989.957000,512.537000,11.440000,516.529000
17299,565.557000,293.873000,12.830000,257.484000
17300,689.183000,330.332000,16.020000,294.613000
17301,548.008000,272.903000,14.370000,265.733000
17302,644.854000,317.883000,11.310000,257.884000
17303,685.134000,304.362000,13.420000,274.434000
17304,657.834000,306.291000,9.299000,248.984000
17305,628.136000,349.532000,13.150000,310.012000
17306,719.252000,359.311000,10.920000,287.904000
17307,658.674000,371.332000,8.909000,311.262000
17308,660.324000,391.421000,10.189000,302.903000
17309,492.389000,255.743000,8.070000,262.744000
17310,433.499000,281.484000,16.599000,273.633000
17311,571.637000,254.394000,10.290000,231.215000
17312,564.807000,211.295000,7.720000,199.256000
17313,423.900000,199.996000,12.820000,197.056000
17314,462.089000,203.746000,9.730000,187.355000
17315,702.333000,394.770000,6.710000,307.944000
17316,581.366000,303.413000,13.170000,258.524000
17317,532.378000,312.272000,11.380000,259.484000
17318,760.231000,426.180000,8.380000,371.111000
17319,578.336000,303.794000,10.150000,277.904000
17320,510.988000,333.383000,20.770000,209.195000
17321,687.724000,330.732000,10.630000,331.802000
17322,641.096000,308.774000,18.251000,307.172000
17323,532.388000,278.334000,15.280000,242.454000
17324,863.129000,395.731000,14.720000,300.702000
17325,572.956000,286.504000,12.209000,244.214000
17326,512.268000,326.414000,10.981000,328.282000
17327,608.905000,343.212000,11.611000,274.213000
17328,481.339000,200.235000,9.730000,186.216000
17329,485.119000,265.433000,7.010000,270.453000
17330,711.823000,326.353000,11.701000,305.842000
17331,718.533000,370.682000,10.119000,321.982000
17332,669.515000,346.971000,9.720000,471.840000
17333,660.075000,350.611000,7.400000,329.182000
17334,758.073000,422.050000,11.140000,315.192000
17335,612.426000,332.513000,13.470000,273.533000
17336,612.575000,287.694000,11.360000,242.184000
17337,500.208000,270.604000,9.680000,214.305000
17338,588.495000,212.816000,10.350000,170.826000
17339,536.608000,263.234000,10.570000,243.455000
17340,906.328000,385.060000,18.339000,311.182000
17341,660.245000,315.443000,9.640000,264.573000
17342,444.940000,244.985000,9.350000,265.664000
17343,490.528000,289.753000,12.060000,306.923000
17344,472.790000,259.354000,12.799000,230.725000
17345,708.393000,417.240000,10.040000,357.981000
17346,618.846000,344.462000,10.860000,291.752000
17347,499.428000,261.104000,14.539000,237.864000
17348,456.510000,214.845000,10.140000,246.685000
17349,642.875000,335.222000,6.710000,311.923000
17350,708.482000,498.888000,10.280000,282.244000
17351,591.377000,285.293000,8.520000,271.304000
17352,600.936000,296.462000,9.600000,260.674000
17353,711.233000,411.560000,9.570000,330.002000
17354,561.727000,321.432000,11.010000,314.312000
17355,625.564000,382.382000,8.720000,275.892000
17356,482.659000,288.492000,51.588000,223.126000
17357,635.386000,340.712000,9.390000,283.674000
17358,359.991000,153.856000,7.400000,153.077000
17359,590.556000,302.732000,12.659000,294.453000
17360,689.324000,427.110000,19.120000,293.134000
17361,656.344000,273.273000,8.890000,252.204000
17362,1106.264000,466.989000,11.479000,378.822000
17363,1095.313000,372.862000,17.999000,270.634000
17364,597.306000,307.963000,11.120000,268.393000
17365,787.632000,512.187000,11.720000,338.122000
17366,616.085000,354.573000,9.690000,272.804000
17367,743.192000,455.430000,7.978000,343.893000
17368,561.046000,299.104000,7.511000,240.885000
17369,840.740000,475.229000,10.489000,344.402000
17370,581.786000,471.969000,16.660000,366.872000
17371,673.134000,352.822000,11.090000,295.942000
17372,594.646000,276.024000,17.310000,262.083000
17373,624.366000,326.322000,12.200000,278.792000
17374,463.270000,281.913000,9.400000,243.295000
17375,504.178000,314.063000,6.680000,259.783000
17376,637.145000,365.912000,9.541000,295.583000
17377,719.963000,394.021000,9.140000,327.062000
17378,535.428000,295.692000,7.350000,262.594000
17379,787.812000,457.120000,9.709000,354.072000
17380,636.345000,465.989000,18.729000,397.340000
17381,551.436000,250.954000,12.820000,250.474000
17382,626.765000,317.162000,15.729000,269.933000
17383,663.794000,382.321000,50.299000,325.222000
17384,668.234000,415.800000,11.051000,331.521000
17385,653.355000,292.963000,9.380000,254.234000
17386,642.694000,326.652000,9.550000,262.033000
17387,405.821000,211.526000,7.720000,207.444000
17388,510.069000,245.825000,6.369000,207.855000
17389,546.497000,293.824000,8.958000,247.944000
17390,724.193000,552.557000,20.200000,314.293000
17391,565.227000,274.733000,17.580000,272.824000
17392,596.025000,430.620000,18.350000,370.561000
17393,662.894000,384.202000,12.689000,363.521000
17394,504.309000,262.463000,20.120000,233.774000
17395,590.277000,348.042000,11.019000,307.152000
17396,658.114000,384.041000,9.390000,367.251000
17397,428.489000,230.125000,10.009000,216.904000
17398,555.457000,306.304000,11.129000,260.894000
17399,525.379000,294.832000,13.280000,267.184000
17400,519.387000,387.650000,16.420000,340.461000
17401,652.944000,532.198000,53.888000,421.050000
17402,547.547000,258.993000,13.380000,246.534000
17403,673.944000,382.060000,13.059000,310.883000
17404,562.808000,312.812000,15.159000,271.954000
17405,485.859000,263.744000,7.600000,216.965000
17406,645.214000,375.300000,42.980000,359.551000
17407,525.738000,245.265000,10.459000,215.975000
17408,616.975000,343.052000,45.759000,301.162000
17409,524.629000,260.333000,12.000000,265.574000
17410,751.662000,552.117000,20.580000,301.364000
17411,740.982000,358.601000,10.369000,319.313000
17412,1368.198000,273.345000,15.051000,223.764000
17413,661.404000,290.074000,18.920000,237.845000
17414,605.366000,310.482000,11.089000,309.324000
17415,416.071000,268.884000,12.319000,252.224000
17416,595.635000,310.302000,10.661000,275.553000
17417,759.513000,312.852000,26.280000,265.284000
17418,572.326000,333.552000,15.490000,278.834000
17419,582.236000,369.651000,9.600000,275.714000
17420,824.701000,644.694000,13.989000,469.080000
17421,681.314000,290.133000,12.021000,290.274000
17422,879.849000,450.348000,14.260000,308.313000
17423,719.872000,408.930000,10.750000,318.363000
17424,625.735000,353.592000,8.351000,303.362000
17425,982.818000,385.651000,10.890000,316.642000
17426,717.484000,376.861000,13.809000,286.473000
17427,588.317000,332.331000,9.259000,350.551000
17428,602.265000,336.362000,9.489000,271.913000
17429,550.538000,284.072000,9.289000,272.413000
17430,737.542000,542.446000,18.889000,363.893000
17431,618.275000,276.703000,16.529000,299.633000
17432,419.290000,241.225000,15.360000,251.943000
17433,476.719000,289.384000,17.650000,274.884000
17434,812.800000,329.033000,24.840000,288.302000
17435,455.130000,219.695000,9.009000,216.934000
17436,495.447000,254.935000,11.129000,223.935000
17437,775.682000,423.030000,9.839000,326.724000
17438,620.925000,331.071000,11.289000,275.024000
17439,662.164000,380.932000,7.230000,299.313000
17440,471.179000,346.652000,29.960000,306.824000
17441,752.592000,587.976000,10.620000,358.951000
17442,734.084000,338.021000,15.839000,373.351000
17443,614.735000,350.752000,14.879000,283.113000
17444,593.566000,283.244000,15.789000,258.754000
17445,575.136000,340.932000,15.979000,282.014000
17446,617.775000,283.434000,15.548000,227.695000
17447,633.435000,360.281000,15.230000,354.543000
17448,701.713000,310.663000,15.079000,256.073000
17449,1702.281000,349.762000,12.370000,239.934000
17450,911.728000,343.842000,23.339000,323.582000
17451,711.003000,294.934000,9.179000,269.634000
17452,717.022000,400.330000,8.020000,336.163000
17453,570.056000,309.512000,13.110000,265.874000
17454,567.787000,286.243000,12.219000,226.165000
17455,540.286000,288.533000,9.150000,247.274000
17456,665.773000,373.732000,7.759000,307.593000
17457,569.886000,283.924000,11.069000,245.255000
17458,360.921000,185.555000,12.029000,175.365000
17459,725.122000,413.560000,9.849000,324.453000
17460,660.094000,502.268000,18.639000,330.662000
17461,639.295000,290.714000,9.500000,282.913000
17462,633.656000,352.561000,11.390000,321.723000
17463,592.285000,339.613000,10.200000,273.004000
17464,646.224000,340.513000,7.450000,327.581000
17465,579.207000,326.623000,10.760000,266.743000
17466,553.887000,313.092000,12.839000,295.864000
17467,823.621000,430.549000,11.520000,329.742000
17468,637.636000,350.500000,13.430000,267.385000
17469,474.440000,237.263000,14.060000,213.825000
17470,649.025000,535.787000,24.909000,431.220000
17471,571.096000,242.795000,20.089000,240.374000
17472,547.807000,269.634000,7.781000,238.064000
17473,719.433000,397.901000,10.150000,331.983000
17474,497.187000,208.605000,11.569000,183.996000
17475,663.325000,391.661000,10.150000,292.653000
17476,284.974000,114.728000,15.850000,127.787000
17477,831.351000,379.431000,11.960000,300.324000
17478,620.485000,331.543000,8.290000,266.244000
17479,588.356000,315.002000,12.890000,275.514000
17480,675.435000,519.048000,28.748000,384.552000
17481,609.636000,303.572000,15.140000,265.335000
17482,505.808000,242.623000,10.460000,276.083000
17483,661.894000,379.271000,13.750000,304.462000
17484,901.799000,381.391000,16.750000,331.563000
17485,503.269000,208.895000,16.490000,211.795000
17486,548.367000,275.874000,8.480000,261.484000
17487,622.955000,361.151000,9.960000,294.963000
17488,600.247000,333.363000,9.329000,293.402000
17489,726.473000,280.354000,12.600000,248.004000
17490,716.843000,571.396000,22.949000,378.330000
17491,532.398000,230.374000,11.310000,222.465000
17492,450.528000,223.725000,29.090000,228.496000
17493,431.860000,194.304000,10.280000,197.566000
17494,439.279000,251.434000,10.900000,237.864000
17495,624.315000,170.497000,16.399000,157.837000
17496,682.073000,318.223000,15.000000,254.074000
17497,608.256000,349.761000,11.629000,342.421000
17498,505.789000,287.743000,14.050000,258.965000
17499,518.478000,268.943000,9.650000,223.985000
17500,633.485000,452.500000,17.470000,385.041000
17501,826.620000,359.242000,13.020000,314.571000
17502,614.936000,306.923000,11.540000,360.822000
17503,476.349000,244.313000,8.530000,213.446000
17504,695.874000,392.910000,10.139000,346.201000
17505,801.691000,275.575000,12.880000,218.745000
17506,589.317000,338.382000,12.050000,308.863000
17507,621.835000,349.602000,15.770000,286.203000
17508,650.755000,350.941000,10.720000,282.913000
17509,665.996000,347.553000,8.009000,286.673000
17510,373.861000,159.747000,12.829000,155.337000
17511,652.935000,284.393000,9.649000,275.574000
17512,472.568000,195.577000,8.599000,227.864000
17513,744.563000,406.990000,10.610000,334.931000
17514,672.335000,400.811000,10.610000,314.242000
17515,578.266000,347.872000,10.969000,275.073000
17516,681.813000,402.931000,10.610000,324.492000
17517,531.088000,303.144000,13.730000,300.012000
17518,697.835000,376.191000,10.300000,336.201000
17519,623.806000,343.942000,8.280000,303.603000
17520,770.311000,484.219000,14.770000,304.922000
17521,446.670000,191.596000,11.750000,193.446000
17522,555.197000,268.604000,10.260000,249.995000
17523,988.576000,280.633000,16.530000,233.553000
17524,465.070000,249.934000,13.200000,230.785000
17525,655.663000,334.903000,15.470000,279.873000
17526,775.852000,408.661000,14.330000,341.931000
17527,555.937000,256.253000,14.560000,216.205000
17528,634.965000,332.741000,12.940000,318.823000
17529,422.910000,193.505000,16.369000,189.006000
17530,472.989000,216.245000,14.920000,226.654000
17531,443.840000,219.225000,12.620000,214.995000
17532,558.487000,246.305000,9.409000,282.613000
17533,716.713000,402.481000,11.890000,342.112000
17534,515.188000,265.564000,13.279000,228.515000
17535,685.464000,436.920000,8.150000,322.622000
17536,462.080000,223.424000,9.939000,196.545000
17537,557.637000,316.613000,14.340000,247.913000
17538,477.839000,227.285000,11.989000,256.764000
17539,533.757000,287.844000,9.070000,263.882000
17540,719.353000,306.593000,18.109000,299.414000
17541,753.681000,327.282000,18.750000,335.443000
17542,503.548000,226.025000,14.970000,217.915000
17543,590.536000,328.433000,11.860000,286.642000
17544,523.908000,280.962000,8.980000,288.274000
17545,444.979000,268.103000,5.710000,232.385000
17546,594.026000,329.982000,7.370000,264.803000
17547,905.859000,390.621000,10.949000,318.663000
17548,548.176000,256.964000,13.650000,241.333000
17549,533.817000,282.014000,13.789000,259.584000
17550,671.485000,525.918000,16.360000,374.642000
17551,581.696000,291.212000,11.110000,267.404000
17552,802.841000,577.936000,10.870000,446.049000
17553,393.860000,172.646000,14.799000,173.585000
17554,684.874000,420.821000,13.120000,301.282000
17555,615.427000,337.122000,17.610000,308.472000
17556,590.147000,349.691000,12.770000,310.142000
17557,644.535000,319.243000,9.490000,268.943000
17558,467.750000,267.923000,10.740000,234.954000
17559,652.305000,344.522000,12.509000,297.383000
17560,597.496000,481.479000,20.299000,448.448000
17561,710.334000,602.886000,15.009000,362.261000
17562,427.181000,182.146000,11.760000,178.345000
17563,662.864000,372.221000,16.830000,354.351000
17564,483.749000,278.734000,13.380000,234.184000
17565,677.285000,409.711000,19.750000,314.533000
17566,563.017000,352.351000,55.649000,322.522000
17567,482.669000,227.074000,8.410000,203.945000
17568,326.142000,151.516000,14.470000,162.387000
17569,541.207000,272.824000,6.750000,262.694000
17570,745.502000,485.669000,19.899000,330.604000
17571,697.393000,330.332000,12.920000,336.902000
17572,651.216000,284.643000,14.449000,270.283000
17573,556.068000,277.113000,11.830000,263.674000
17574,489.329000,267.763000,7.870000,276.765000
17575,507.437000,273.744000,8.650000,247.404000
17576,688.765000,391.401000,9.529000,314.872000
17577,519.168000,287.733000,11.090000,268.074000
17578,682.532000,362.522000,9.370000,289.993000
17579,627.225000,328.364000,11.019000,276.823000
17580,626.935000,492.218000,23.800000,447.860000
17581,678.504000,363.851000,11.810000,310.253000
17582,486.898000,226.115000,10.571000,207.236000
17583,606.966000,324.833000,13.198000,253.474000
17584,662.415000,485.149000,22.459000,333.403000
17585,582.096000,326.482000,15.349000,269.253000
17586,582.076000,310.984000,8.640000,265.233000
17587,515.568000,253.825000,9.768000,206.285000
17588,616.475000,307.524000,12.080000,332.462000
17589,730.214000,406.880000,14.239000,309.263000
17590,787.631000,487.169000,24.259000,425.089000
17591,598.596000,231.004000,14.579000,209.665000
17592,621.366000,303.522000,9.850000,297.714000
17593,688.273000,340.033000,13.519000,301.673000
17594,763.591000,413.320000,10.979000,294.073000
17595,691.014000,340.321000,14.620000,259.213000
17596,475.449000,251.985000,8.939000,248.604000
17597,702.264000,358.862000,5.870000,289.464000
17598,660.214000,369.442000,9.340000,304.073000
17599,516.237000,269.924000,9.890000,223.454000
17600,737.363000,444.270000,17.809000,304.723000
17601,633.515000,301.873000,13.719000,298.704000
17602,599.835000,319.781000,13.840000,289.414000
17603,515.517000,221.445000,19.020000,241.764000
17604,567.747000,320.454000,8.259000,276.802000
17605,622.176000,298.823000,13.650000,248.913000
17606,798.362000,429.169000,7.870000,321.683000
17607,627.795000,334.012000,6.090000,438.750000
17608,602.706000,293.993000,30.778000,321.062000
17609,631.795000,345.861000,10.680000,280.194000
17610,655.606000,507.688000,16.930000,306.162000
17611,671.154000,305.443000,12.960000,310.682000
17612,656.934000,341.572000,11.200000,259.364000
17613,667.084000,386.871000,9.040000,319.712000
17614,673.954000,403.390000,6.410000,313.003000
17615,768.133000,329.192000,12.809000,252.935000
17616,638.496000,323.923000,10.131000,259.785000
17617,895.710000,437.091000,9.189000,297.914000
17618,600.245000,287.063000,9.340000,247.293000
17619,680.664000,350.082000,12.880000,252.144000
17620,636.504000,337.952000,14.680000,287.783000
17621,632.245000,344.423000,13.299000,285.314000
17622,526.578000,300.703000,12.499000,259.013000
17623,653.235000,372.991000,13.900000,312.072000
17624,734.183000,452.290000,11.029000,341.623000
17625,549.717000,313.423000,9.610000,273.183000
17626,657.834000,385.321000,13.420000,305.883000
17627,571.146000,328.832000,15.249000,257.884000
17628,575.786000,354.911000,13.110000,272.394000
17629,621.025000,395.271000,40.069000,353.011000
17630,577.177000,408.001000,15.219000,331.211000
17631,670.884000,507.628000,11.710000,343.682000
17632,473.369000,232.534000,12.939000,206.185000
17633,778.722000,400.461000,13.199000,314.373000
17634,570.237000,342.302000,10.800000,279.024000
17635,545.918000,338.873000,18.440000,328.022000
17636,617.546000,381.531000,16.469000,304.763000
17637,602.716000,405.521000,10.000000,321.651000
17638,545.607000,309.531000,7.740000,235.234000
17639,418.699000,213.555000,5.501000,214.915000
17640,636.995000,452.150000,15.590000,315.243000
17641,340.402000,143.018000,12.560000,156.766000
17642,705.943000,319.894000,11.899000,312.142000
17643,562.608000,299.762000,15.730000,251.694000
17644,722.152000,419.240000,14.160000,355.582000
17645,541.177000,277.694000,9.770000,257.384000
17646,681.245000,399.740000,8.150000,312.203000
17647,786.522000,365.591000,10.809000,301.572000
17648,497.169000,259.664000,11.830000,223.764000
17649,695.084000,411.120000,10.390000,333.353000
17650,720.792000,463.110000,17.630000,344.572000
17651,622.545000,301.773000,46.840000,318.783000
17652,598.037000,309.043000,8.679000,295.063000
17653,459.700000,175.855000,15.710000,175.295000
17654,703.644000,397.100000,6.449000,320.472000
17655,740.754000,325.533000,17.319000,271.975000
17656,952.428000,435.010000,21.390000,400.421000
17657,543.786000,228.055000,8.350000,204.225000
17658,923.309000,559.337000,5.560000,419.991000
17659,722.463000,382.242000,11.169000,321.811000
17660,617.565000,413.120000,18.130000,265.024000
17661,685.864000,319.732000,11.489000,326.182000
17662,691.033000,407.180000,13.399000,361.172000
17663,641.294000,382.002000,13.239000,309.573000
17664,666.465000,365.572000,10.569000,306.293000
17665,641.724000,379.942000,12.159000,310.584000
17666,670.605000,366.221000,13.360000,288.413000
17667,637.974000,307.593000,9.400000,247.235000
17668,803.841000,383.891000,12.990000,296.633000
17669,442.920000,191.695000,12.570000,185.795000
17670,669.355000,303.083000,16.168000,287.594000
17671,611.826000,281.933000,13.300000,282.363000
17672,596.626000,287.645000,16.200000,285.264000
17673,581.546000,383.441000,15.409000,329.613000
17674,638.945000,389.420000,12.610000,328.614000
17675,603.055000,337.512000,8.970000,334.041000
17676,647.676000,335.132000,11.330000,277.763000
17677,536.097000,301.742000,10.100000,283.943000
17678,513.297000,310.154000,7.349000,306.522000
17679,573.416000,297.212000,14.070000,262.004000
17680,651.135000,518.547000,26.689000,448.350000
17681,545.876000,305.564000,15.859000,235.714000
17682,594.196000,331.292000,11.150000,278.584000
17683,654.465000,428.469000,48.269000,324.523000
17684,484.658000,307.813000,11.820000,272.313000
17685,526.838000,348.022000,12.569000,314.924000
17686,601.926000,332.482000,14.750000,264.514000
17687,634.755000,485.718000,9.710000,357.233000
17688,456.289000,223.595000,7.780000,189.695000
17689,566.217000,279.613000,15.860000,270.354000
17690,618.585000,271.193000,20.709000,246.633000
17691,878.350000,401.761000,18.651000,321.483000
17692,791.101000,521.947000,14.939000,432.140000
17693,851.921000,478.698000,10.200000,328.841000
17694,830.971000,499.998000,8.029000,373.492000
17695,606.446000,286.644000,12.609000,249.745000
17696,597.546000,325.753000,17.308000,264.414000
17697,708.853000,407.510000,50.199000,376.831000
17698,508.078000,237.385000,6.670000,200.225000
17699,693.674000,383.200000,8.690000,397.460000
17700,616.965000,499.339000,21.649000,407.301000
17701,658.324000,335.662000,14.570000,304.543000
17702,678.875000,357.982000,14.180000,333.022000
17703,579.797000,340.731000,10.210000,262.644000
17704,608.896000,330.272000,13.619000,262.394000
17705,727.452000,432.260000,10.850000,303.084000
17706,796.981000,337.842000,12.330000,248.905000
17707,746.813000,418.410000,13.720000,335.882000
17708,576.187000,316.052000,8.249000,272.743000
17709,668.974000,414.750000,13.920000,353.401000
17710,748.383000,604.266000,20.080000,468.929000
17711,614.376000,316.983000,15.710000,261.943000
17712,385.812000,172.455000,14.529000,171.266000
17713,560.076000,298.783000,10.150000,259.294000
17714,686.314000,406.970000,12.009000,297.143000
17715,692.915000,406.320000,12.030000,326.643000
17716,452.758000,210.246000,15.639000,200.316000
17717,529.798000,257.493000,11.061000,221.154000
17718,518.437000,242.964000,13.600000,233.834000
17719,685.814000,382.332000,7.389000,299.083000
17720,536.447000,387.271000,17.420000,282.144000
17721,599.855000,286.074000,15.931000,266.254000
17722,577.316000,286.834000,18.449000,267.954000
17723,514.767000,267.374000,48.969000,244.394000
17724,665.913000,392.051000,15.568000,310.034000
17725,646.994000,382.641000,11.790000,339.481000
17726,546.078000,323.942000,9.939000,279.734000
17727,500.917000,272.004000,7.629000,254.564000
17728,667.453000,350.452000,8.740000,284.882000
17729,670.665000,358.451000,6.989000,292.494000
17730,751.782000,573.386000,14.040000,448.980000
17731,622.835000,346.882000,13.440000,305.163000
17732,688.903000,420.321000,12.310000,374.111000
17733,684.164000,389.011000,15.999000,346.942000
17734,528.698000,350.921000,13.320000,293.553000
17735,615.046000,365.020000,12.310000,243.275000
17736,661.575000,418.959000,44.729000,330.433000
17737,612.776000,361.071000,8.900000,311.653000
17738,579.756000,365.381000,10.960000,297.962000
17739,581.736000,310.673000,7.470000,256.454000
17740,657.084000,546.668000,16.550000,401.140000
17741,688.253000,371.862000,10.840000,298.312000
17742,490.699000,311.312000,9.710000,283.364000
17743,719.173000,451.399000,15.120000,397.161000
17744,420.390000,207.216000,14.219000,204.915000
17745,653.085000,411.631000,8.740000,318.542000
17746,706.464000,411.021000,6.950000,326.893000
17747,471.168000,211.156000,10.010000,200.016000
17748,521.168000,267.544000,12.770000,230.834000
17749,769.232000,435.920000,8.260000,331.032000
17750,483.579000,296.592000,14.939000,234.135000
17751,717.993000,415.640000,14.330000,374.961000
17752,683.924000,384.752000,18.468000,313.834000
17753,426.990000,228.475000,9.540000,210.335000
17754,886.019000,300.043000,13.800000,248.255000
17755,542.036000,298.204000,9.830000,247.523000
17756,550.788000,294.482000,14.430000,224.065000
17757,465.309000,255.093000,7.880000,230.194000
17758,546.918000,305.822000,13.310000,255.444000
17759,531.348000,367.212000,12.630000,263.503000
17760,515.189000,393.870000,14.560000,291.582000
17761,718.824000,412.250000,11.630000,333.952000
17762,591.306000,368.762000,12.960000,304.903000
17763,687.094000,419.490000,10.220000,335.651000
17764,493.509000,274.482000,8.590000,245.594000
17765,659.975000,426.350000,16.190000,342.482000
17766,423.670000,240.545000,10.830000,219.864000
17767,723.112000,437.020000,11.610000,342.192000
17768,615.485000,323.733000,11.639000,259.094000
17769,700.072000,415.310000,6.830000,361.761000
17770,782.262000,599.935000,11.859000,496.677000
17771,544.847000,430.990000,12.480000,271.202000
17772,797.071000,451.699000,13.640000,373.061000
17773,588.767000,300.392000,11.280000,285.664000
17774,492.758000,307.044000,14.369000,287.163000
17775,417.761000,243.314000,13.809000,223.605000
17776,586.117000,380.090000,17.250000,278.963000
17777,596.356000,248.193000,16.419000,232.684000
17778,823.871000,433.001000,17.749000,343.502000
17779,663.985000,379.341000,13.340000,322.203000
17780,2790.796000,345.561000,29.419000,276.113000
17781,875.440000,458.759000,14.279000,349.511000
17782,609.626000,376.221000,10.819000,322.014000
17783,647.156000,365.431000,21.869000,290.223000
17784,505.179000,305.932000,12.569000,275.305000
17785,638.625000,396.510000,16.050000,314.214000
17786,671.043000,335.993000,13.190000,280.263000
17787,710.423000,384.850000,13.080000,321.792000
17788,596.527000,331.722000,7.670000,280.023000
17789,641.825000,371.971000,9.210000,281.554000
17790,708.403000,388.021000,16.130000,307.753000
17791,634.545000,314.443000,8.610000,265.223000
17792,581.296000,326.463000,7.880000,298.913000
17793,561.718000,324.182000,6.340000,286.193000
17794,527.728000,336.192000,10.270000,287.744000
17795,706.562000,431.261000,11.070000,346.003000
17796,532.887000,279.364000,8.099000,234.594000
17797,467.889000,228.395000,8.860000,226.414000
17798,652.074000,362.901000,10.891000,293.523000
17799,561.116000,301.763000,10.790000,271.234000
17800,550.767000,285.544000,16.810000,247.773000
17801,647.545000,327.641000,13.531000,279.954000
17802,566.606000,338.731000,9.750000,287.724000
17803,534.566000,295.793000,13.160000,243.194000
17804,626.966000,368.882000,13.731000,309.172000
17805,676.405000,324.381000,16.229000,269.884000
17806,662.195000,343.341000,18.100000,278.164000
17807,387.850000,238.775000,12.679000,212.405000
17808,439.900000,260.464000,13.999000,233.395000
17809,561.516000,308.433000,11.260000,255.673000
17810,618.446000,357.012000,17.690000,327.952000
17811,641.665000,396.460000,11.160000,315.683000
17812,565.877000,330.862000,12.150000,268.605000
17813,1023.745000,503.239000,16.520000,370.562000
17814,554.417000,347.061000,10.590000,319.613000
17815,674.023000,403.321000,10.739000,301.733000
17816,498.327000,269.354000,6.409000,248.944000
17817,736.872000,541.148000,10.769000,412.061000
17818,660.164000,355.311000,9.540000,357.192000
17819,740.651000,434.360000,10.050000,375.001000
17820,774.043000,689.922000,16.529000,572.608000
17821,675.563000,345.993000,18.129000,312.072000
17822,616.176000,369.141000,14.609000,301.873000
17823,458.909000,255.803000,11.659000,209.144000
17824,543.049000,308.492000,10.420000,250.114000
17825,584.546000,332.182000,10.699000,265.284000
17826,702.915000,454.280000,10.088000,377.421000
17827,612.346000,334.172000,19.699000,285.054000
17828,647.125000,366.031000,15.070000,300.852000
17829,669.685000,410.870000,7.500000,317.962000
17830,701.224000,425.430000,15.820000,416.429000
17831,683.795000,379.850000,9.950000,344.462000
17832,596.106000,351.531000,9.350000,282.093000
17833,537.947000,325.863000,10.790000,264.505000
17834,461.219000,262.644000,16.088000,231.654000
17835,718.034000,381.291000,16.859000,308.102000
17836,447.878000,293.684000,13.509000,256.124000
17837,1037.016000,406.091000,13.540000,284.853000
17838,548.186000,243.754000,10.449000,220.605000
17839,685.514000,388.590000,11.490000,310.172000
17840,676.025000,485.699000,17.179000,303.853000
17841,517.407000,285.904000,12.090000,255.294000
17842,701.923000,414.440000,10.739000,334.484000
17843,465.529000,240.464000,13.589000,212.935000
17844,759.352000,398.280000,13.979000,383.032000
17845,477.009000,288.744000,11.950000,298.442000
17846,704.994000,454.059000,7.620000,304.982000
17847,776.183000,549.257000,5.780000,374.012000
17848,668.864000,388.610000,6.981000,303.572000
17849,659.615000,375.960000,6.351000,292.414000
17850,645.785000,263.964000,15.000000,227.054000
17851,566.737000,270.674000,7.469000,224.304000
17852,637.646000,336.743000,9.240000,273.423000
17853,488.499000,298.674000,10.100000,244.333000
17854,549.418000,332.062000,7.420000,249.484000
17855,688.545000,452.498000,10.298000,379.081000
17856,634.806000,392.380000,11.969000,338.362000
17857,620.545000,326.102000,17.320000,286.883000
17858,623.466000,437.370000,17.051000,350.500000
17859,691.445000,406.901000,12.300000,321.242000
17860,577.367000,342.232000,19.240000,338.212000
17861,560.577000,322.353000,10.800000,266.173000
17862,813.261000,471.879000,12.630000,394.961000
17863,801.901000,542.297000,13.169000,420.980000
17864,488.598000,265.424000,10.360000,223.635000
17865,492.689000,295.313000,9.550000,232.455000
17866,643.654000,419.331000,12.590000,349.242000
17867,681.103000,415.260000,13.960000,315.213000
17868,513.948000,331.303000,12.460000,279.813000
17869,716.773000,388.762000,14.229000,297.822000
17870,751.113000,682.714000,23.999000,621.556000
17871,534.177000,291.513000,16.379000,309.044000
17872,676.883000,308.673000,16.200000,263.064000
17873,352.322000,229.345000,12.720000,233.634000
17874,792.760000,331.341000,18.331000,274.704000
17875,388.851000,184.705000,11.550000,171.266000
17876,825.821000,495.840000,13.048000,424.930000
17877,681.434000,414.501000,13.999000,321.174000
17878,524.678000,334.171000,16.650000,310.653000
17879,717.313000,429.770000,11.449000,348.502000
17880,696.392000,588.506000,18.209000,406.950000
17881,657.965000,400.491000,14.180000,396.231000
17882,576.906000,348.563000,10.630000,292.073000
17883,481.419000,308.424000,14.650000,258.943000
17884,557.008000,352.252000,15.880000,300.843000
17885,644.625000,401.611000,15.360000,317.393000
17886,657.734000,406.360000,14.149000,331.233000
17887,719.642000,446.500000,10.239000,358.911000
17888,601.917000,395.331000,8.079000,327.543000
17889,642.745000,405.970000,9.910000,318.882000
17890,655.554000,493.438000,24.380000,419.220000
17891,616.105000,356.732000,13.421000,310.153000
17892,530.347000,354.522000,13.270000,280.962000
17893,549.437000,329.933000,12.620000,280.322000
17894,648.345000,434.019000,8.960000,363.382000
17895,474.330000,270.674000,9.979000,253.462000
17896,558.688000,320.042000,11.570000,295.133000
17897,576.746000,448.190000,10.230000,326.512000
17898,453.320000,240.325000,6.570000,203.085000
17899,584.116000,354.891000,7.000000,266.694000
17900,729.953000,595.807000,18.289000,386.070000
17901,563.948000,305.522000,8.809000,250.345000
17902,664.984000,383.282000,9.240000,319.782000
17903,564.586000,339.262000,11.300000,277.522000
17904,414.040000,228.095000,10.571000,198.435000
17905,767.932000,354.162000,14.139000,288.503000
17906,598.286000,330.882000,10.309000,301.133000
17907,459.169000,240.945000,8.350000,249.824000
17908,584.996000,339.902000,15.350000,281.673000
17909,402.141000,237.724000,16.449000,223.605000
17910,683.855000,497.929000,17.410000,330.312000
17911,750.912000,327.853000,8.859000,250.815000
17912,712.842000,417.570000,8.230000,375.161000
17913,547.908000,328.212000,6.771000,268.773000
17914,574.537000,354.302000,9.950000,308.443000
17915,627.246000,389.590000,15.070000,320.053000
17916,589.296000,317.722000,12.170000,265.514000
17917,690.184000,370.371000,7.820000,324.112000
17918,619.606000,434.959000,9.250000,368.481000
17919,577.837000,363.662000,9.840000,313.822000
17920,678.324000,539.957000,17.629000,481.739000
17921,794.141000,402.071000,11.350000,327.862000
17922,621.466000,337.833000,8.270000,317.582000
17923,431.230000,217.385000,7.409000,194.545000
17924,384.031000,222.355000,7.419000,199.066000
17925,594.026000,352.702000,10.240000,353.891000
17926,498.458000,295.634000,11.110000,228.525000
17927,682.233000,552.167000,9.340000,423.040000
17928,588.366000,344.721000,8.650000,280.164000
17929,640.015000,405.221000,12.039000,355.772000
17930,662.893000,480.719000,15.240000,369.141000
17931,640.445000,329.832000,18.870000,288.513000
17932,698.993000,439.510000,56.109000,409.060000
17933,513.427000,329.103000,11.199000,277.743000
17934,516.058000,295.652000,15.419000,262.274000
17935,609.575000,314.573000,17.040000,255.724000
17936,493.749000,281.843000,12.999000,235.054000
17937,589.527000,505.299000,13.371000,361.582000
17938,638.215000,356.813000,7.180000,323.063000
17939,747.373000,424.470000,11.570000,309.303000
17940,535.019000,298.113000,18.240000,272.045000
17941,460.150000,240.095000,12.850000,223.943000
17942,628.725000,379.582000,14.520000,313.262000
17943,521.719000,297.263000,10.720000,244.844000
17944,550.736000,323.784000,10.889000,274.803000
17945,418.271000,232.264000,13.210000,211.395000
17946,400.260000,227.594000,12.130000,194.406000
17947,676.575000,417.060000,44.998000,337.382000
17948,590.406000,326.171000,13.540000,290.183000
17949,627.455000,372.972000,8.220000,337.861000
17950,723.333000,562.537000,20.669000,373.191000
17951,723.223000,350.803000,11.190000,305.143000
17952,668.905000,384.480000,9.260000,338.481000
17953,790.123000,335.711000,15.060000,265.654000
17954,596.576000,352.201000,9.350000,276.944000
17955,631.725000,393.022000,46.139000,284.165000
17956,565.076000,302.213000,11.010000,265.424000
17957,671.014000,371.883000,9.390000,339.262000
17958,688.225000,500.158000,11.779000,385.391000
17959,791.881000,478.770000,10.120000,360.921000
17960,679.253000,557.926000,16.970000,394.620000
17961,675.624000,420.660000,11.830000,341.292000
17962,605.205000,361.092000,11.079000,293.313000
17963,769.671000,531.338000,11.300000,390.991000
17964,427.650000,240.504000,5.810000,197.275000
17965,763.352000,490.419000,41.528000,444.620000
17966,643.185000,353.031000,10.930000,300.684000
17967,649.036000,333.561000,17.530000,315.462000
17968,600.497000,311.522000,8.400000,255.895000
17969,585.757000,335.351000,51.429000,289.394000
17970,575.508000,450.939000,21.910000,417.070000
17971,602.436000,392.150000,13.750000,331.993000
17972,724.482000,575.196000,11.179000,394.942000
17973,659.724000,363.613000,8.000000,280.222000
17974,580.996000,335.263000,10.850000,253.624000
17975,596.357000,347.460000,12.110000,284.583000
17976,862.829000,269.054000,11.060000,212.545000
17977,689.155000,394.341000,10.419000,337.562000
17978,575.796000,307.403000,11.839000,263.294000
17979,385.301000,171.255000,11.139000,175.196000
17980,726.302000,361.682000,16.259000,298.773000
17981,551.878000,251.644000,36.050000,392.801000
17982,1041.065000,326.972000,21.069000,300.163000
17983,506.509000,239.003000,10.260000,224.305000
17984,502.128000,254.934000,6.060000,259.554000
17985,382.041000,226.124000,5.470000,200.516000
17986,706.754000,410.670000,5.480000,443.650000
17987,585.576000,338.282000,8.489000,278.794000
17988,741.432000,420.489000,10.390000,332.023000
17989,808.791000,411.141000,10.701000,336.282000
17990,612.576000,473.549000,17.850000,273.063000
17991,723.704000,368.812000,8.880000,340.232000
17992,577.846000,311.174000,11.020000,285.323000
17993,560.016000,314.392000,13.899000,254.374000
17994,614.166000,321.673000,19.689000,271.474000
17995,547.347000,316.683000,12.010000,277.424000
17996,733.773000,311.462000,14.939000,270.684000
17997,580.796000,310.893000,8.239000,266.833000
17998,713.734000,415.841000,9.080000,340.641000
17999,446.069000,237.475000,2616.108000,390.722000
18000,865.010000,331.882000,16.660000,360.161000
18001,603.026000,280.194000,13.560000,269.863000
18002,481.859000,273.454000,13.059000,256.503000
18003,567.557000,333.912000,13.710000,387.950000
18004,573.287000,330.023000,15.039000,273.694000
18005,678.495000,376.242000,10.220000,295.233000
18006,539.027000,267.174000,6.589000,242.533000
18007,722.883000,331.712000,14.320000,288.904000
18008,423.931000,227.944000,6.570000,207.766000
18009,465.759000,211.546000,10.719000,195.545000
18010,732.353000,581.756000,14.419000,323.941000
18011,528.058000,251.235000,7.969000,254.655000
18012,613.077000,329.512000,9.290000,339.313000
18013,613.816000,366.930000,10.660000,308.133000
18014,575.517000,390.111000,12.850000,329.482000
18015,500.988000,289.973000,11.550000,225.895000
18016,427.540000,253.684000,13.009000,240.084000
18017,576.607000,301.482000,9.000000,272.604000
18018,408.000000,204.255000,10.700000,194.096000
18019,597.136000,310.343000,9.689000,269.623000
18020,665.754000,372.242000,14.479000,208.344000
18021,860.129000,395.412000,9.719000,353.312000
18022,614.206000,316.583000,11.260000,280.763000
18023,612.786000,325.182000,10.931000,263.644000
18024,646.214000,367.071000,13.160000,291.004000
18025,646.375000,361.581000,14.530000,303.302000
18026,622.986000,238.864000,14.040000,197.905000
18027,684.935000,371.460000,11.880000,327.862000
18028,639.925000,345.052000,9.918000,280.674000
18029,592.125000,198.706000,13.530000,175.646000
18030,600.027000,477.977000,19.499000,327.122000
18031,691.584000,322.372000,12.509000,289.123000
18032,686.244000,353.751000,7.390000,301.363000
18033,546.247000,312.114000,9.268000,262.124000
18034,757.213000,450.079000,10.699000,354.861000
18035,760.452000,290.654000,14.919000,260.074000
18036,516.578000,261.124000,9.440000,247.494000
18037,757.443000,409.590000,9.230000,413.790000
18038,629.675000,346.623000,46.827000,348.702000
18039,669.085000,399.590000,10.010000,374.961000
18040,490.079000,250.823000,18.200000,224.694000
18041,888.969000,367.031000,17.210000,355.912000
18042,791.743000,460.079000,10.061000,488.930000
18043,465.090000,232.604000,19.499000,212.185000
18044,608.685000,406.461000,10.089000,358.132000
18045,399.141000,222.975000,8.239000,231.254000
18046,668.594000,312.603000,11.259000,301.623000
18047,529.059000,276.622000,11.410000,274.935000
18048,452.110000,228.385000,10.220000,211.774000
18049,476.588000,270.783000,8.420000,319.054000
18050,546.626000,323.033000,18.750000,205.575000
18051,635.024000,278.234000,16.229000,281.394000
18052,698.703000,338.072000,46.149000,314.542000
18053,483.049000,261.113000,14.990000,256.764000
18054,620.826000,366.111000,15.020000,331.703000
18055,437.780000,262.823000,10.840000,240.326000
18056,562.777000,332.363000,11.251000,289.273000
18057,915.699000,379.991000,12.219000,362.151000
18058,536.049000,297.422000,12.390000,252.334000
18059,569.007000,338.022000,7.210000,300.662000
18060,770.632000,602.467000,17.009000,520.538000
18061,1127.364000,571.797000,14.729000,511.688000
18062,593.055000,338.112000,14.130000,286.904000
18063,680.524000,358.351000,16.610000,368.441000
18064,465.260000,250.822000,11.400000,237.095000
18065,378.551000,169.357000,13.310000,170.965000
18066,573.936000,296.343000,7.900000,257.543000
18067,520.848000,267.334000,9.689000,230.745000
18068,744.513000,437.959000,8.969000,372.092000
18069,749.052000,347.303000,9.779000,278.753000
18070,345.082000,251.505000,24.940000,235.444000
18071,637.416000,501.279000,13.680000,449.979000
18072,610.755000,312.844000,9.769000,275.113000
18073,909.309000,371.331000,9.750000,294.932000
18074,697.064000,441.320000,9.790000,398.821000
18075,573.157000,357.801000,10.339000,299.633000
18076,546.507000,337.633000,14.089000,282.982000
18077,627.296000,371.532000,13.390000,302.284000
18078,516.507000,263.384000,16.419000,244.504000
18079,605.276000,299.083000,12.629000,251.095000
18080,599.996000,483.929000,24.420000,397.301000
18081,811.041000,417.361000,10.240000,381.802000
18082,584.547000,310.694000,12.339000,334.803000
18083,644.565000,412.360000,11.861000,326.482000
18084,604.226000,365.362000,15.079000,271.564000
18085,660.055000,360.641000,32.239000,284.753000
18086,712.423000,407.611000,7.730000,348.283000
18087,551.887000,306.793000,11.020000,259.833000
18088,519.278000,261.864000,15.810000,223.535000
18089,720.014000,385.300000,7.250000,337.811000
18090,602.715000,314.243000,17.110000,287.063000
18091,649.945000,254.534000,15.399000,218.775000
18092,764.692000,489.849000,10.750000,335.592000
18093,534.058000,380.951000,14.470000,320.641000
18094,726.733000,467.588000,16.030000,354.663000
18095,620.806000,388.361000,9.531000,311.612000
18096,494.589000,315.422000,6.209000,242.594000
18097,654.954000,385.481000,9.960000,316.373000
18098,983.066000,364.351000,18.880000,298.513000
18099,900.299000,364.411000,13.670000,267.514000
18100,586.076000,489.179000,19.629000,435.390000
18101,687.583000,550.628000,13.429000,381.700000
18102,650.535000,351.932000,16.160000,353.662000
18103,502.008000,294.813000,19.640000,239.795000
18104,556.197000,371.172000,12.720000,327.921000
18105,514.318000,318.642000,9.839000,280.413000
18106,638.495000,376.740000,7.830000,296.624000
18107,595.365000,370.582000,6.460000,294.542000
18108,918.619000,508.177000,13.870000,356.993000
18109,655.393000,309.033000,11.450000,255.354000
18110,685.504000,522.697000,18.469000,342.022000
18111,345.463000,166.046000,13.670000,163.246000
18112,640.745000,347.792000,12.379000,307.352000
18113,660.225000,344.362000,12.949000,291.972000
18114,560.588000,342.212000,12.179000,294.813000
18115,451.239000,238.434000,13.569000,206.555000
18116,629.305000,366.832000,15.400000,295.184000
18117,619.205000,352.222000,11.290000,317.322000
18118,500.978000,269.254000,12.738000,264.655000
18119,547.278000,265.774000,9.379000,201.875000
18120,635.804000,351.931000,14.580000,300.684000
18121,701.023000,318.663000,11.020000,258.694000
18122,677.945000,414.710000,13.959000,360.401000
18123,645.456000,429.330000,7.489000,372.402000
18124,632.305000,382.101000,8.829000,315.233000
18125,570.916000,233.805000,14.389000,203.275000
18126,772.313000,503.547000,11.061000,394.421000
18127,614.406000,412.291000,8.849000,331.073000
18128,524.027000,323.974000,14.969000,266.283000
18129,558.998000,332.302000,15.979000,290.974000
18130,664.375000,538.627000,19.190000,480.558000
18131,660.485000,371.391000,10.199000,305.802000
18132,557.607000,314.892000,10.589000,279.645000
18133,476.249000,312.453000,10.840000,275.705000
18134,637.465000,498.098000,14.980000,344.812000
18135,661.854000,384.141000,52.709000,303.463000
18136,453.099000,185.876000,9.110000,183.276000
18137,673.783000,367.842000,8.609000,314.633000
18138,789.031000,475.380000,6.980000,345.931000
18139,740.803000,474.738000,7.570000,342.053000
18140,675.664000,584.496000,19.069000,415.021000
18141,516.358000,290.834000,13.590000,265.084000
18142,888.529000,354.952000,14.719000,324.793000
18143,1422.907000,356.211000,14.730000,262.924000
18144,751.822000,347.192000,14.491000,282.553000
18145,595.226000,351.043000,9.880000,319.412000
18146,612.406000,390.492000,8.259000,308.403000
18147,762.073000,495.088000,8.600000,355.932000
18148,577.617000,328.711000,14.350000,289.733000
18149,561.167000,348.792000,11.619000,288.374000
18150,644.615000,532.618000,20.280000,464.149000
18151,667.153000,449.390000,15.419000,435.639000
18152,557.336000,318.083000,12.490000,263.843000
18153,579.777000,382.581000,10.610000,355.011000
18154,430.200000,215.235000,14.340000,189.536000
18155,448.338000,291.062000,8.941000,239.885000
18156,690.074000,411.710000,7.730000,340.132000
18157,643.326000,388.300000,10.830000,298.483000
18158,633.595000,347.891000,12.390000,289.972000
18159,570.727000,352.311000,11.129000,290.753000
18160,636.444000,514.378000,25.570000,468.309000
18161,713.294000,503.609000,13.519000,513.588000
18162,539.057000,292.034000,48.199000,260.864000
18163,611.956000,407.480000,9.250000,300.873000
18164,706.903000,476.078000,11.310000,363.241000
18165,565.397000,358.191000,14.860000,321.531000
18166,622.526000,409.051000,11.050000,317.183000
18167,698.313000,380.641000,10.650000,311.532000
18168,640.035000,359.521000,8.940000,304.912000
18169,590.667000,342.102000,6.560000,313.561000
18170,673.014000,506.798000,15.690000,392.560000
18171,675.995000,385.282000,9.019000,317.193000
18172,694.444000,213.426000,13.209000,194.165000
18173,725.194000,411.220000,8.820000,366.541000
18174,599.886000,389.100000,9.710000,322.952000
18175,780.543000,365.231000,19.040000,301.233000
18176,575.247000,347.631000,19.640000,303.492000
18177,628.146000,340.633000,21.060000,296.983000
18178,592.325000,363.320000,9.990000,304.433000
18179,661.784000,363.552000,6.200000,314.502000
18180,608.425000,450.979000,15.129000,381.872000
18181,687.514000,342.253000,10.579000,282.012000
18182,763.902000,416.490000,12.939000,379.631000
18183,630.646000,385.490000,10.649000,318.414000
18184,508.277000,274.174000,11.141000,223.215000
18185,601.957000,345.062000,9.849000,276.614000
18186,430.540000,235.204000,9.390000,212.885000
18187,332.973000,203.865000,8.149000,197.226000
18188,747.643000,425.600000,9.830000,356.041000
18189,591.926000,329.042000,12.890000,278.944000
18190,769.422000,596.666000,17.489000,457.110000
18191,653.715000,443.420000,7.529000,360.882000
18192,610.247000,385.261000,8.330000,327.073000
18193,561.398000,344.411000,7.960000,277.844000
18194,467.149000,325.582000,35.510000,299.063000
18195,554.148000,380.901000,10.240000,306.963000
18196,542.658000,338.211000,11.769000,286.604000
18197,685.933000,462.489000,6.449000,364.582000
18198,581.377000,369.312000,6.960000,345.091000
18199,713.043000,403.281000,14.279000,319.723000
18200,599.225000,542.688000,20.838000,464.439000
18201,568.376000,425.740000,11.020000,293.384000
18202,555.556000,307.714000,13.680000,258.454000
18203,764.643000,315.202000,18.230000,259.734000
18204,708.163000,249.325000,16.630000,206.706000
18205,494.789000,210.075000,11.759000,187.006000
18206,553.036000,337.942000,37.278000,290.363000
18207,551.957000,228.385000,10.341000,193.196000
18208,648.575000,376.271000,15.790000,338.332000
18209,605.615000,336.102000,13.440000,303.003000
18210,748.643000,563.566000,26.430000,432.839000
18211,529.937000,250.824000,16.150000,263.224000
18212,543.857000,294.234000,15.120000,281.774000
18213,689.313000,428.110000,14.089000,422.411000
18214,563.457000,337.701000,59.218000,352.502000
18215,460.530000,261.164000,16.940000,228.744000
18216,653.304000,354.883000,9.370000,312.042000
18217,620.966000,279.334000,9.710000,250.763000
18218,813.982000,269.473000,8.120000,206.945000
18219,741.643000,394.171000,9.340000,350.122000
18220,770.772000,659.795000,16.949000,519.848000
18221,643.665000,345.244000,7.860000,281.312000
18222,726.103000,423.931000,10.300000,356.671000
18223,608.595000,376.721000,12.510000,314.583000
18224,623.185000,474.798000,8.619000,383.172000
18225,620.804000,347.562000,9.870000,348.501000
18226,616.526000,376.781000,8.439000,327.654000
18227,598.875000,335.522000,8.990000,359.621000
18228,734.883000,290.853000,12.570000,235.155000
18229,798.941000,461.978000,11.211000,364.481000
18230,1108.614000,386.791000,24.360000,314.453000
18231,695.032000,352.302000,17.649000,292.682000
18232,563.006000,318.373000,9.939000,298.142000
18233,528.698000,298.763000,12.879000,242.945000
18234,443.729000,285.393000,18.280000,288.253000
18235,505.278000,321.904000,59.719000,315.842000
18236,445.429000,274.494000,12.260000,247.604000
18237,475.328000,279.594000,15.650000,221.015000
18238,554.167000,332.221000,41.388000,297.653000
18239,604.215000,375.572000,16.190000,303.293000
18240,656.735000,543.637000,23.279000,465.860000
18241,603.016000,346.083000,11.381000,321.183000
18242,630.165000,317.852000,16.110000,294.533000
18243,429.280000,235.614000,10.331000,218.034000
18244,659.855000,371.471000,10.600000,287.173000
18245,621.646000,370.341000,11.580000,311.243000
18246,576.686000,339.362000,10.651000,307.092000
18247,735.192000,405.780000,10.150000,518.619000
18248,617.756000,363.181000,7.530000,309.973000
18249,469.258000,263.475000,5.990000,240.995000
18250,693.144000,561.867000,14.910000,510.718000
18251,672.745000,389.571000,15.400000,331.171000
18252,786.852000,417.910000,13.479000,346.353000
18253,676.403000,378.602000,12.860000,348.021000
18254,742.773000,383.071000,17.519000,314.183000
18255,626.175000,373.001000,12.140000,474.209000
18256,456.620000,263.932000,9.730000,222.444000
18257,696.565000,412.310000,8.060000,323.182000
18258,692.344000,456.239000,13.919000,344.032000
18259,488.577000,300.424000,12.979000,256.804000
18260,594.986000,415.651000,21.190000,378.380000
18261,629.696000,374.991000,11.609000,325.233000
18262,797.171000,459.840000,12.320000,364.801000
18263,600.345000,338.531000,12.160000,325.183000
18264,655.043000,370.842000,13.299000,292.952000
18265,736.213000,391.591000,10.079000,355.572000
18266,578.966000,311.594000,9.420000,254.704000
18267,514.738000,239.714000,5.220000,242.725000
18268,715.533000,363.891000,11.560000,316.813000
18269,633.065000,333.601000,15.380000,273.793000
18270,582.708000,393.731000,19.160000,273.933000
18271,670.365000,308.983000,14.600000,260.662000
18272,661.835000,369.111000,13.970000,316.033000
18273,715.292000,426.790000,17.779000,329.141000
18274,571.398000,329.271000,11.550000,319.202000
18275,746.163000,427.710000,12.430000,342.832000
18276,690.714000,368.351000,19.800000,271.554000
18277,507.968000,264.325000,7.960000,210.055000
18278,729.493000,430.770000,9.270000,369.351000
18279,638.315000,396.931000,13.811000,325.732000
18280,723.212000,606.376000,20.340000,525.498000
18281,659.924000,465.979000,13.270000,385.451000
18282,642.635000,392.431000,13.940000,352.372000
18283,551.348000,348.282000,14.929000,284.594000
18284,518.857000,328.692000,13.870000,259.714000
18285,392.161000,186.365000,11.710000,168.117000
18286,589.176000,384.732000,12.971000,291.623000
18287,561.277000,318.592000,13.620000,294.793000
18288,541.218000,341.892000,10.810000,265.784000
18289,1167.842000,473.239000,30.630000,426.710000
18290,716.073000,613.306000,20.690000,414.830000
18291,479.518000,246.814000,12.310000,213.075000
18292,511.398000,265.024000,6.660000,223.335000
18293,313.423000,190.116000,10.519000,183.055000
18294,608.906000,358.581000,8.179000,300.692000
18295,463.070000,273.163000,5.520000,234.124000
18296,640.315000,389.301000,13.640000,312.243000
18297,612.415000,372.421000,13.670000,311.454000
18298,598.077000,327.883000,8.230000,294.693000
18299,776.532000,461.179000,9.671000,347.222000
18300,630.645000,363.762000,18.420000,324.972000
18301,773.861000,456.490000,8.639000,367.311000
18302,758.811000,425.040000,8.020000,352.842000
18303,617.856000,393.411000,9.249000,308.372000
18304,662.525000,411.840000,11.840000,392.960000
18305,636.825000,374.772000,14.299000,310.454000
18306,672.574000,395.120000,7.460000,311.243000
18307,562.487000,311.083000,11.510000,254.493000
18308,638.115000,403.150000,10.569000,384.371000
18309,563.018000,303.682000,14.960000,288.765000
18310,636.906000,519.528000,24.159000,478.249000
18311,762.623000,576.146000,20.009000,488.868000
18312,453.630000,232.564000,15.070000,208.995000
18313,589.286000,363.961000,11.020000,308.303000
18314,693.193000,374.072000,12.740000,282.383000
18315,551.008000,348.940000,12.349000,366.220000
18316,586.786000,352.433000,10.719000,343.812000
18317,597.265000,328.291000,10.560000,252.015000
18318,648.954000,374.431000,8.120000,288.454000
18319,350.212000,160.506000,12.810000,147.076000
18320,687.864000,485.428000,15.499000,378.101000
18321,602.975000,349.833000,12.870000,291.503000
18322,627.865000,318.344000,11.789000,276.883000
18323,549.316000,335.892000,10.710000,280.873000
18324,766.282000,327.561000,21.189000,295.443000
18325,699.863000,515.389000,9.981000,383.081000
18326,554.247000,309.452000,7.370000,232.714000
18327,729.173000,416.720000,7.120000,317.132000
18328,578.516000,319.582000,6.520000,284.833000
18329,529.277000,221.975000,9.030000,196.695000
18330,678.644000,389.651000,18.720000,352.322000
18331,722.283000,288.342000,18.730000,297.883000
18332,598.926000,337.211000,11.120000,286.934000
18333,597.226000,379.260000,13.171000,314.403000
18334,599.216000,361.101000,12.440000,298.204000
18335,655.444000,384.011000,11.109000,321.713000
18336,458.880000,265.814000,12.280000,232.374000
18337,669.735000,436.150000,9.240000,336.581000
18338,1044.825000,244.695000,13.510000,206.296000
18339,829.760000,417.981000,12.040000,299.723000
18340,757.043000,528.547000,18.270000,456.150000
18341,567.106000,350.921000,17.050000,302.614000
18342,609.916000,346.652000,13.610000,273.004000
18343,515.847000,312.374000,12.540000,283.513000
18344,630.756000,404.560000,10.930000,323.213000
18345,464.618000,309.652000,10.190000,290.922000
18346,555.388000,365.292000,13.609000,335.502000
18347,557.907000,337.872000,12.889000,261.894000
18348,478.029000,280.803000,10.470000,229.705000
18349,480.599000,278.083000,20.560000,248.814000
18350,622.435000,444.590000,13.740000,347.842000
18351,711.964000,384.211000,47.649000,367.372000
18352,680.484000,311.922000,11.190000,255.754000
18353,512.227000,281.744000,10.190000,239.485000
18354,473.480000,283.863000,10.389000,245.834000
18355,646.775000,382.951000,13.720000,302.603000
18356,698.714000,427.011000,14.120000,336.412000
18357,617.205000,384.571000,15.609000,334.862000
18358,543.158000,286.535000,18.620000,242.343000
18359,494.259000,313.994000,13.910000,272.883000
18360,793.441000,693.013000,20.519000,647.275000
18361,631.846000,488.519000,16.660000,333.253000
18362,688.523000,412.930000,9.330000,339.502000
18363,448.500000,205.485000,10.600000,176.656000
18364,621.806000,429.050000,8.700000,290.584000
18365,515.588000,305.542000,9.000000,274.794000
18366,476.829000,296.413000,6.790000,258.834000
18367,663.925000,405.970000,10.960000,325.102000
18368,450.769000,229.125000,8.820000,200.286000
18369,602.346000,389.221000,10.889000,368.050000
18370,693.153000,574.606000,19.709000,511.408000
18371,669.655000,347.522000,13.119000,295.443000
18372,502.127000,242.424000,11.690000,215.814000
18373,704.514000,418.740000,14.609000,339.482000
18374,645.235000,365.201000,10.910000,319.962000
18375,612.886000,370.422000,9.949000,296.883000
18376,623.825000,337.592000,11.920000,282.534000
18377,594.946000,359.912000,8.749000,280.683000
18378,463.499000,230.325000,9.710000,228.213000
18379,731.444000,476.379000,44.729000,516.508000
18380,524.608000,264.633000,9.420000,239.354000
18381,696.794000,392.411000,14.720000,318.892000
18382,637.595000,359.461000,15.860000,317.123000
18383,654.565000,381.271000,12.110000,316.093000
18384,461.899000,276.183000,11.820000,225.525000
18385,500.578000,290.114000,8.059000,239.033000
18386,636.075000,400.140000,7.570000,346.821000
18387,705.472000,440.100000,8.950000,358.193000
18388,777.602000,589.506000,7.530000,341.012000
18389,423.790000,211.635000,7.311000,181.886000
18390,667.624000,456.710000,18.999000,311.522000
18391,514.308000,288.264000,16.730000,244.713000
18392,576.267000,332.373000,17.350000,315.282000
18393,858.420000,406.840000,18.570000,324.963000
18394,520.408000,300.754000,10.420000,272.323000
18395,586.426000,346.562000,46.558000,286.684000
18396,469.029000,254.443000,10.240000,230.175000
18397,598.725000,389.701000,13.590000,318.653000
18398,616.026000,365.060000,10.680000,337.321000
18399,594.646000,360.672000,10.290000,294.533000
18400,691.693000,510.448000,21.000000,367.722000
18401,657.814000,376.160000,9.569000,285.264000
18402,580.886000,228.434000,13.690000,213.565000
18403,682.273000,401.631000,11.190000,364.331000
18404,435.009000,228.894000,13.600000,198.566000
18405,606.226000,333.842000,13.429000,268.173000
18406,532.898000,303.993000,17.309000,267.574000
18407,640.675000,401.150000,9.899000,309.262000
18408,532.467000,324.222000,10.129000,291.903000
18409,557.336000,354.112000,11.588000,381.672000
18410,690.124000,551.397000,57.010000,406.701000
18411,773.841000,457.790000,13.930000,402.700000
18412,716.334000,372.432000,44.039000,299.033000
18413,438.750000,234.275000,6.940000,203.625000
18414,752.372000,440.650000,13.739000,344.672000
18415,656.004000,456.989000,10.330000,353.081000
18416,621.525000,373.783000,13.020000,385.360000
18417,642.375000,395.910000,11.260000,379.602000
18418,681.655000,431.389000,13.380000,377.653000
18419,463.919000,202.745000,11.920000,190.075000
18420,671.984000,493.048000,19.210000,361.892000
18421,588.746000,345.282000,13.159000,289.173000
18422,523.229000,306.802000,11.880000,282.854000
18423,727.343000,439.140000,6.659000,447.300000
18424,644.364000,298.132000,8.830000,271.904000
18425,697.724000,371.641000,13.770000,317.481000
18426,903.229000,470.599000,11.760000,357.171000
18427,436.850000,253.244000,11.448000,227.525000
18428,729.754000,377.901000,17.570000,306.012000
18429,624.335000,412.431000,12.869000,331.063000
18430,676.483000,551.067000,20.760000,362.642000
18431,481.108000,281.674000,10.840000,239.344000
18432,419.840000,250.382000,11.400000,218.515000
18433,612.415000,360.962000,14.640000,273.744000
18434,695.674000,451.519000,52.199000,359.462000
18435,727.862000,233.735000,12.869000,206.515000
18436,554.146000,318.052000,10.460000,256.613000
18437,583.288000,287.883000,10.460000,231.625000
18438,728.584000,339.631000,14.779000,276.713000
18439,668.864000,395.821000,15.550000,309.823000
18440,744.373000,692.483000,18.870000,576.647000
18441,673.903000,380.061000,14.880000,313.993000
18442,558.516000,330.782000,8.869000,272.223000
18443,684.853000,432.859000,10.870000,344.912000
18444,599.166000,383.820000,11.870000,314.313000
18445,583.776000,350.712000,15.530000,281.045000
18446,591.336000,346.932000,9.920000,276.794000
18447,770.102000,441.440000,15.470000,417.411000
18448,829.110000,403.221000,16.860000,323.212000
18449,731.304000,398.190000,15.560000,293.343000
18450,660.084000,372.823000,14.360000,398.170000
18451,722.613000,317.863000,14.599000,293.533000
18452,667.665000,452.249000,18.519000,372.822000
18453,627.204000,374.111000,14.120000,263.523000
18454,472.939000,272.565000,9.769000,249.364000
18455,512.888000,314.753000,9.290000,264.813000
18456,635.855000,345.313000,13.910000,291.952000
18457,664.964000,378.802000,15.910000,301.073000
18458,648.844000,361.832000,16.988000,289.234000
18459,647.055000,392.282000,11.020000,353.371000
18460,670.944000,569.677000,16.300000,495.969000
18461,833.380000,206.725000,12.250000,194.595000
18462,812.221000,414.710000,13.640000,359.422000
18463,672.705000,365.732000,7.270000,293.494000
18464,563.666000,273.994000,8.181000,226.536000
18465,1048.876000,318.661000,19.110000,251.535000
18466,689.023000,370.901000,14.130000,328.943000
18467,624.716000,345.351000,7.980000,323.102000
18468,494.478000,268.754000,7.629000,224.955000
18469,555.627000,322.752000,8.479000,253.944000
18470,709.053000,636.554000,16.700000,370.732000
18471,674.874000,330.593000,11.740000,296.352000
18472,703.733000,318.343000,7.729000,273.364000
18473,528.568000,269.012000,5.680000,309.093000
18474,621.875000,351.981000,9.350000,295.943000
18475,672.914000,404.111000,11.739000,324.983000
18476,505.507000,274.763000,11.120000,233.534000
18477,617.096000,332.922000,9.290000,285.404000
18478,549.537000,359.681000,7.880000,324.413000
18479,541.008000,312.802000,12.119000,275.454000
18480,697.264000,560.576000,25.079000,395.890000
18481,480.429000,220.974000,14.810000,209.545000
18482,730.753000,315.853000,11.108000,265.613000
18483,459.269000,230.655000,11.971000,189.116000
18484,613.966000,353.051000,8.901000,283.064000
18485,645.225000,348.202000,10.969000,303.623000
18486,572.516000,281.414000,12.610000,262.124000
18487,715.183000,381.602000,10.490000,345.072000
18488,811.041000,421.061000,11.381000,381.822000
18489,423.631000,202.426000,7.159000,193.506000
18490,619.726000,520.538000,18.010000,374.711000
18491,513.179000,253.824000,10.379000,231.644000
18492,619.555000,332.533000,10.070000,353.681000
18493,547.857000,288.633000,9.570000,308.882000
18494,680.484000,409.850000,13.380000,324.372000
18495,624.826000,348.202000,12.461000,284.993000
18496,566.397000,304.523000,9.680000,250.844000
18497,729.093000,403.170000,10.849000,323.433000
18498,520.217000,313.503000,10.010000,260.323000
18499,604.625000,308.153000,14.400000,239.865000
18500,646.455000,541.716000,14.669000,512.508000
18501,656.934000,219.285000,19.020000,226.014000
18502,611.245000,253.974000,17.620000,250.403000
18503,557.847000,313.192000,12.700000,312.494000
18504,713.594000,430.621000,57.359000,344.462000
18505,626.365000,326.273000,14.650000,276.483000
18506,607.105000,356.063000,10.960000,371.751000
18507,660.174000,341.823000,14.270000,324.811000
18508,554.686000,320.893000,12.150000,289.462000
18509,731.673000,398.100000,11.789000,301.253000
18510,511.898000,338.603000,20.230000,233.764000
18511,731.122000,466.069000,15.560000,344.741000
18512,615.856000,295.754000,13.819000,356.371000
18513,614.626000,356.921000,11.459000,320.782000
18514,578.037000,360.791000,12.460000,377.901000
18515,607.576000,353.511000,9.370000,294.253000
18516,471.068000,233.004000,13.030000,215.765000
18517,552.978000,268.244000,7.699000,238.045000
18518,672.364000,393.011000,9.050000,332.081000
18519,637.945000,312.433000,19.469000,290.992000
18520,685.274000,379.200000,15.741000,337.251000
18521,2145.120000,484.338000,18.920000,416.890000
18522,675.185000,413.461000,10.969000,395.891000
18523,677.225000,415.900000,10.110000,305.183000
18524,427.709000,226.834000,10.270000,196.735000
18525,564.657000,350.962000,6.890000,308.912000
18526,542.498000,296.212000,8.190000,251.724000
18527,497.687000,240.735000,7.040000,215.774000
18528,449.159000,238.324000,8.419000,217.704000
18529,509.078000,299.214000,8.459000,258.383000
18530,626.716000,508.579000,17.869000,426.119000
18531,741.053000,423.660000,9.970000,365.680000
18532,383.500000,158.916000,16.649000,169.956000
18533,608.446000,378.003000,14.538000,321.633000
18534,1310.810000,428.430000,21.819000,345.902000
18535,608.696000,445.969000,11.430000,345.641000
18536,518.608000,283.872000,8.571000,251.394000
18537,593.956000,349.822000,10.670000,278.554000
18538,618.835000,362.181000,10.740000,295.704000
18539,573.636000,344.361000,9.480000,282.464000
18540,759.512000,592.706000,50.090000,408.400000
18541,621.466000,326.102000,13.410000,278.404000
18542,700.632000,421.600000,9.990000,338.561000
18543,409.551000,228.134000,7.940000,215.904000
18544,591.836000,368.690000,11.010000,326.882000
18545,542.267000,319.622000,5.969000,265.405000
18546,634.275000,339.911000,8.880000,265.914000
18547,640.274000,259.323000,9.871000,210.976000
18548,630.756000,357.271000,11.860000,294.584000
18549,631.335000,353.001000,11.690000,284.563000
18550,592.246000,468.659000,70.598000,329.633000
18551,637.265000,339.591000,9.630000,355.571000
18552,548.787000,323.533000,13.780000,281.254000
18553,635.656000,343.991000,13.390000,275.783000
18554,684.564000,438.780000,11.720000,427.490000
18555,468.269000,269.963000,15.560000,240.726000
18556,455.090000,290.923000,15.319000,238.804000
18557,700.354000,343.622000,43.860000,313.824000
18558,497.898000,302.494000,9.919000,246.094000
18559,576.918000,322.143000,7.560000,260.274000
18560,888.230000,497.708000,17.800000,461.850000
18561,602.996000,507.909000,16.689000,430.370000
18562,731.203000,511.559000,16.550000,497.227000
18563,460.260000,278.663000,47.839000,244.505000
18564,458.279000,242.255000,13.340000,197.966000
18565,636.654000,388.612000,12.919000,284.723000
18566,1072.615000,409.571000,17.979000,395.430000
18567,732.883000,430.860000,16.670000,328.312000
18568,615.605000,345.813000,8.911000,297.413000
18569,562.587000,334.362000,33.269000,290.524000
18570,655.665000,469.420000,23.299000,337.272000
18571,774.551000,416.821000,10.719000,342.152000
18572,730.854000,454.669000,15.770000,359.871000
18573,752.362000,410.061000,54.439000,324.852000
18574,653.964000,405.830000,7.119000,312.033000
18575,477.109000,260.144000,10.929000,400.181000
18576,539.408000,276.132000,11.720000,229.665000
18577,774.932000,476.269000,9.850000,365.572000
18578,457.309000,250.544000,14.730000,222.955000
18579,435.869000,216.344000,10.181000,177.006000
18580,584.236000,495.499000,18.120000,450.020000
18581,490.417000,268.724000,14.330000,235.205000
18582,825.930000,419.480000,10.080000,306.182000
18583,747.143000,523.778000,12.000000,406.611000
18584,582.826000,339.383000,9.541000,327.292000
18585,631.135000,373.940000,13.279000,263.455000
18586,723.613000,446.100000,11.569000,367.181000
18587,690.794000,309.792000,20.960000,253.404000
18588,605.715000,321.573000,7.220000,258.724000
18589,624.356000,363.552000,8.879000,300.703000
18590,689.873000,540.498000,18.550000,391.741000
18591,672.524000,368.621000,10.990000,299.093000
18592,481.939000,267.213000,11.599000,223.315000
18593,455.648000,263.194000,29.329000,231.465000
18594,749.022000,338.214000,11.739000,258.743000
18595,671.895000,406.350000,9.930000,312.673000
18596,598.226000,341.431000,11.210000,281.594000
18597,599.655000,367.522000,19.419000,307.042000
18598,600.105000,322.153000,7.750000,250.113000
18599,618.056000,350.951000,7.171000,292.542000
18600,485.729000,333.142000,20.259000,311.304000
18601,608.856000,520.678000,14.350000,434.141000
18602,594.176000,340.501000,10.590000,299.343000
18603,544.387000,326.863000,8.970000,276.943000
18604,763.082000,375.770000,18.560000,320.152000
18605,551.358000,321.201000,11.080000,255.175000
18606,645.236000,367.031000,11.290000,292.693000
18607,674.905000,432.331000,8.480000,336.391000
18608,602.666000,334.193000,11.059000,269.442000
18609,536.119000,297.842000,7.819000,254.494000
18610,860.669000,492.368000,19.740000,324.454000
18611,727.503000,424.280000,10.400000,328.493000
18612,647.525000,397.230000,14.670000,324.603000
18613,383.320000,213.346000,11.180000,199.435000
18614,600.365000,357.171000,19.400000,300.574000
18615,644.334000,446.041000,13.480000,341.253000
18616,615.736000,378.291000,15.130000,321.422000
18617,603.546000,346.152000,13.360000,280.562000
18618,689.604000,438.570000,8.981000,341.182000
18619,613.996000,374.831000,6.910000,301.804000
18620,679.035000,571.657000,12.891000,562.506000
18621,704.474000,399.941000,8.249000,321.333000
18622,627.185000,341.912000,13.080000,319.272000
18623,694.374000,418.820000,10.000000,372.491000
18624,536.038000,296.092000,9.610000,264.564000
18625,496.298000,294.304000,11.640000,252.114000
18626,504.858000,280.444000,14.199000,242.214000
18627,657.165000,409.880000,9.710000,315.753000
18628,676.255000,408.131000,7.590000,376.071000
18629,646.324000,385.202000,9.259000,313.443000
18630,727.953000,588.326000,22.669000,551.577000
18631,600.976000,341.962000,17.408000,267.074000
18632,624.525000,379.252000,10.730000,297.064000
18633,542.457000,317.684000,8.449000,249.195000
18634,661.673000,374.652000,12.389000,303.923000
18635,671.625000,454.128000,15.010000,345.203000
18636,598.346000,261.594000,19.199000,222.685000
18637,715.594000,457.980000,11.080000,359.811000
18638,632.376000,376.620000,9.940000,317.652000
18639,577.367000,296.543000,7.390000,232.694000
18640,548.426000,447.930000,18.680000,340.562000
18641,487.269000,265.093000,13.621000,221.715000
18642,426.820000,254.225000,9.979000,221.585000
18643,562.687000,312.994000,8.500000,255.403000
18644,914.089000,520.597000,8.630000,378.862000
18645,664.354000,419.760000,10.400000,320.094000
18646,711.724000,454.249000,11.101000,380.981000
18647,579.085000,302.733000,11.100000,266.464000
18648,495.828000,271.524000,10.250000,210.875000
18649,408.270000,238.484000,10.350000,213.735000
18650,621.545000,487.129000,18.760000,324.943000
18651,731.013000,419.450000,12.460000,356.781000
18652,492.358000,276.964000,13.339000,234.364000
18653,499.769000,295.292000,14.100000,282.183000
18654,376.370000,254.774000,10.610000,265.903000
18655,517.148000,291.402000,9.179000,243.345000
18656,677.694000,396.700000,7.109000,362.801000
18657,646.805000,368.871000,14.019000,335.682000
18658,699.603000,404.990000,8.230000,365.401000
18659,585.558000,338.732000,7.660000,305.583000
18660,543.456000,408.551000,20.940000,297.682000
18661,464.850000,253.724000,10.969000,211.705000
18662,551.507000,294.233000,10.570000,275.993000
18663,614.505000,372.653000,10.689000,300.112000
18664,582.416000,398.481000,12.938000,330.323000
18665,513.307000,301.454000,12.339000,249.514000
18666,565.776000,387.081000,13.540000,298.222000
18667,736.743000,433.851000,11.579000,347.402000
18668,562.076000,173.765000,13.039000,157.837000
18669,580.536000,328.681000,8.160000,266.364000
18670,628.844000,461.049000,18.390000,277.504000
18671,727.533000,357.422000,9.620000,349.932000
18672,646.835000,352.341000,9.730000,345.742000
18673,748.291000,385.401000,20.350000,317.262000
18674,623.686000,371.991000,49.929000,298.063000
18675,503.869000,246.535000,13.019000,215.655000
18676,537.827000,373.212000,13.469000,261.754000
18677,422.490000,256.615000,14.139000,216.505000
18678,576.286000,279.053000,18.120000,267.445000
18679,406.570000,216.265000,36.869000,192.675000
18680,675.475000,543.587000,15.060000,453.440000
18681,557.347000,300.263000,11.600000,281.212000
18682,511.299000,242.364000,9.670000,218.495000
18683,704.283000,262.394000,14.510000,246.864000
18684,497.048000,266.274000,11.280000,241.035000
18685,430.650000,199.776000,10.720000,179.375000
18686,751.232000,386.701000,12.589000,316.172000
18687,659.264000,360.812000,12.630000,283.013000
18688,610.815000,307.504000,12.030000,274.453000
18689,571.827000,317.023000,12.400000,294.414000
18690,757.742000,572.856000,24.829000,339.351000
18691,492.199000,238.945000,12.270000,229.014000
18692,625.216000,300.132000,9.590000,262.224000
18693,741.972000,440.419000,8.781000,362.931000
18694,540.907000,296.242000,42.799000,244.775000
18695,638.255000,403.230000,9.590000,314.781000
18696,603.447000,326.312000,11.410000,275.744000
18697,468.589000,210.275000,16.590000,187.795000
18698,603.805000,377.611000,10.091000,339.912000
18699,552.376000,344.441000,8.189000,297.804000
18700,634.774000,476.468000,17.300000,274.404000
18701,674.724000,311.552000,15.040000,341.412000
18702,532.158000,299.332000,12.729000,298.434000
18703,468.810000,234.493000,11.480000,222.325000
18704,653.645000,317.403000,14.160000,275.103000
18705,589.526000,347.873000,11.290000,284.942000
18706,826.131000,396.852000,7.798000,300.224000
18707,515.628000,301.553000,9.600000,272.874000
18708,714.363000,337.731000,13.470000,252.775000
18709,658.915000,375.751000,13.320000,318.262000
18710,556.846000,418.350000,22.849000,273.574000
18711,634.865000,306.132000,12.779000,272.714000
18712,716.423000,308.394000,18.559000,278.753000
18713,621.854000,364.312000,7.850000,305.943000
18714,522.887000,304.183000,9.141000,276.494000
18715,517.817000,291.543000,12.580000,250.123000
18716,708.004000,439.249000,51.079000,347.321000
18717,628.564000,331.451000,6.080000,269.154000
18718,867.620000,363.051000,10.650000,279.574000
18719,639.156000,338.763000,7.949000,286.814000
18720,457.389000,354.462000,19.449000,207.546000
18721,632.155000,290.853000,14.630000,284.883000
18722,684.275000,362.801000,11.420000,364.182000
18723,686.103000,368.763000,11.050000,296.942000
18724,445.829000,267.754000,13.100000,234.883000
18725,603.965000,309.493000,51.300000,266.864000
18726,651.834000,378.541000,11.079000,313.224000
18727,534.057000,275.424000,9.530000,233.965000
18728,847.379000,292.485000,8.590000,230.305000
18729,628.845000,248.874000,14.329000,212.025000
18730,660.104000,291.713000,16.139000,323.172000
18731,635.775000,299.984000,12.340000,288.273000
18732,518.098000,260.934000,10.630000,243.014000
18733,589.627000,330.902000,14.660000,299.272000
18734,598.216000,337.142000,10.990000,257.323000
18735,498.628000,288.234000,11.370000,250.063000
18736,628.626000,360.762000,10.659000,300.813000
18737,670.834000,385.521000,9.800000,295.554000
18738,585.076000,346.012000,8.970000,314.913000
18739,613.525000,356.402000,11.530000,325.691000
18740,706.884000,569.476000,16.990000,444.800000
18741,552.297000,268.134000,10.519000,251.734000
18742,533.086000,211.704000,8.369000,201.645000
18743,517.927000,285.813000,6.660000,264.164000
18744,848.770000,386.030000,12.389000,300.172000
18745,876.289000,320.212000,20.570000,279.125000
18746,756.841000,301.973000,18.920000,251.494000
18747,461.749000,279.403000,10.741000,300.422000
18748,601.656000,337.932000,8.569000,315.732000
18749,586.718000,336.141000,11.600000,284.634000
18750,688.783000,386.121000,20.139000,327.162000
18751,557.087000,309.602000,13.349000,254.414000
18752,567.255000,271.905000,15.399000,230.495000
18753,735.853000,456.159000,6.480000,402.000000
18754,534.787000,292.213000,7.089000,256.805000
18755,793.481000,461.149000,46.838000,366.923000
18756,636.114000,359.582000,8.330000,312.612000
18757,757.113000,448.419000,7.160000,363.171000
18758,445.059000,154.567000,11.849000,143.556000
18759,735.062000,395.061000,10.360000,315.463000
18760,705.104000,524.727000,19.649000,416.790000
18761,539.628000,325.452000,19.840000,298.503000
18762,554.467000,322.703000,18.190000,268.994000
18763,601.656000,363.061000,14.179000,344.762000
18764,622.584000,393.001000,13.779000,319.293000
18765,672.245000,424.750000,11.978000,372.682000
18766,549.187000,306.554000,8.560000,302.162000
18767,630.406000,366.741000,47.749000,327.873000
18768,868.309000,411.890000,9.370000,310.573000
18769,814.071000,552.507000,47.698000,346.411000
18770,621.665000,482.529000,20.069000,356.481000
18771,667.384000,399.310000,13.190000,323.782000
18772,745.374000,433.999000,14.199000,333.443000
18773,656.944000,388.271000,11.131000,306.922000
18774,650.295000,420.859000,11.249000,334.683000
18775,495.179000,315.242000,12.120000,269.494000
18776,546.778000,321.461000,15.569000,272.413000
18777,730.972000,339.322000,10.539000,266.164000
18778,547.928000,318.412000,7.779000,283.003000
18779,658.123000,366.353000,14.989000,306.712000
18780,631.945000,497.038000,62.428000,354.231000
18781,411.281000,226.355000,8.430000,183.735000
18782,629.455000,386.320000,12.600000,318.853000
18783,360.612000,194.976000,10.540000,180.906000
18784,579.485000,362.122000,9.470000,365.961000
18785,628.895000,394.891000,13.919000,327.733000
18786,634.575000,353.283000,12.128000,279.333000
18787,601.505000,315.663000,10.800000,257.993000
18788,603.306000,355.393000,12.200000,291.763000
18789,477.128000,228.496000,11.480000,204.146000
18790,854.650000,506.137000,19.910000,463.509000
18791,565.737000,431.721000,12.999000,309.694000
18792,536.418000,273.903000,8.930000,253.284000
18793,711.662000,334.552000,11.480000,263.974000
18794,595.556000,366.222000,9.499000,339.772000
18795,578.266000,340.032000,9.150000,294.163000
18796,623.576000,344.422000,8.610000,293.994000
18797,525.047000,306.703000,8.080000,267.853000
18798,607.677000,337.572000,8.949000,277.923000
18799,476.469000,236.654000,10.149000,246.065000
18800,729.152000,587.576000,22.790000,451.870000
18801,654.135000,384.481000,15.000000,321.732000
18802,582.837000,376.991000,7.580000,294.302000
18803,615.707000,396.000000,29.369000,287.284000
18804,474.618000,295.232000,8.720000,282.454000
18805,650.485000,353.731000,12.230000,331.843000
18806,330.553000,163.765000,7.160000,141.446000
18807,254.783000,147.026000,8.550000,161.996000
18808,725.743000,475.299000,12.630000,357.842000
18809,561.807000,318.982000,12.860000,288.553000
18810,514.349000,241.985000,14.999000,279.584000
18811,633.785000,333.032000,11.800000,293.723000
18812,668.524000,365.981000,11.770000,355.431000
18813,592.796000,361.892000,14.480000,291.643000
18814,600.616000,315.184000,21.140000,274.113000
18815,532.437000,335.062000,10.211000,283.764000
18816,565.386000,312.472000,6.840000,245.475000
18817,911.369000,379.901000,12.339000,288.802000
18818,565.178000,274.723000,13.110000,235.943000
18819,535.068000,276.343000,8.120000,248.694000
18820,675.294000,538.057000,13.060000,481.309000
18821,590.506000,458.598000,9.710000,322.643000
18822,619.085000,326.472000,11.550000,275.934000
18823,503.807000,271.164000,10.000000,246.985000
18824,606.256000,349.340000,10.449000,274.154000
18825,645.846000,440.980000,8.230000,335.612000
18826,719.653000,415.460000,14.829000,325.963000
18827,624.086000,331.482000,8.150000,264.344000
18828,708.722000,305.223000,11.310000,250.424000
18829,613.374000,294.703000,7.980000,244.075000
18830,523.649000,424.649000,17.769000,300.744000
18831,609.616000,346.931000,7.840000,298.794000
18832,704.663000,260.223000,13.610000,228.265000
18833,602.997000,349.451000,11.090000,379.781000
18834,651.435000,389.711000,11.540000,328.072000
18835,657.095000,393.420000,10.980000,315.113000
18836,538.917000,249.095000,9.910000,205.945000
18837,647.125000,354.651000,97.278000,307.332000
18838,558.698000,308.373000,6.380000,273.945000
18839,621.066000,333.972000,10.251000,299.433000
18840,756.702000,628.726000,23.729000,596.475000
18841,733.403000,429.870000,12.019000,359.621000
18842,796.451000,438.639000,15.290000,343.151000
18843,608.277000,343.661000,14.741000,317.623000
18844,636.785000,403.310000,46.948000,317.062000
18845,671.505000,380.090000,8.280000,287.133000
18846,573.126000,347.762000,11.230000,289.214000
18847,499.908000,299.974000,14.699000,238.495000
18848,601.906000,351.221000,13.879000,306.634000
18849,623.557000,357.742000,9.109000,286.462000
18850,937.069000,337.282000,15.180000,331.642000
18851,752.201000,273.335000,14.730000,232.185000
18852,526.437000,226.294000,9.670000,207.426000
18853,541.256000,233.324000,13.660000,215.295000
18854,322.172000,138.277000,13.170000,141.777000
18855,649.774000,343.642000,8.689000,265.504000
18856,350.552000,164.097000,11.829000,152.227000
18857,285.842000,153.157000,10.240000,149.597000
18858,511.188000,286.604000,9.560000,270.204000
18859,484.988000,277.864000,11.430000,253.614000
18860,526.128000,397.270000,16.330000,260.274000
18861,423.360000,243.105000,10.569000,239.404000
18862,504.548000,229.924000,11.800000,227.295000
18863,542.107000,222.695000,6.510000,190.386000
18864,693.784000,339.452000,9.649000,268.294000
18865,780.771000,441.659000,10.080000,317.722000
18866,509.809000,233.644000,10.149000,209.725000
18867,579.388000,201.786000,14.600000,188.746000
18868,664.674000,353.582000,14.839000,384.901000
18869,673.194000,395.451000,11.920000,322.352000
18870,778.002000,314.873000,17.590000,329.402000
18871,651.415000,278.264000,9.809000,291.953000
18872,683.404000,372.841000,29.220000,325.872000
18873,499.928000,236.934000,9.621000,195.305000
18874,671.373000,385.552000,11.929000,438.880000
18875,643.256000,348.684000,8.719000,285.932000
18876,729.813000,414.860000,7.211000,303.322000
18877,606.656000,289.744000,6.530000,222.355000
18878,765.163000,408.541000,8.171000,327.243000
18879,825.591000,429.720000,8.240000,369.151000
18880,596.047000,473.088000,18.520000,411.160000
18881,547.417000,248.885000,10.379000,232.995000
18882,561.286000,279.974000,13.120000,263.834000
18883,672.194000,314.323000,13.899000,255.822000
18884,727.044000,449.280000,11.859000,360.071000
18885,416.710000,213.685000,9.670000,180.415000
18886,602.366000,305.843000,11.400000,283.773000
18887,685.625000,265.274000,12.070000,230.595000
18888,679.134000,471.369000,8.640000,320.802000
18889,732.063000,422.900000,4.979000,383.691000
18890,852.970000,585.096000,10.210000,368.482000
18891,652.005000,312.931000,11.219000,297.403000
18892,763.562000,454.510000,9.910000,364.701000
18893,673.305000,339.373000,12.679000,283.252000
18894,546.966000,320.633000,10.341000,299.993000
18895,677.894000,375.541000,10.410000,307.673000
18896,675.194000,385.031000,10.730000,310.323000
18897,572.196000,333.242000,12.290000,314.492000
18898,579.607000,346.302000,11.080000,297.164000
18899,645.435000,360.311000,7.991000,313.803000
18900,690.824000,544.948000,16.050000,462.859000
18901,755.813000,597.175000,12.139000,351.972000
18902,522.558000,242.044000,8.930000,217.125000
18903,669.545000,355.541000,7.889000,352.063000
18904,609.365000,354.642000,10.530000,322.022000
18905,672.774000,393.590000,48.178000,307.962000
18906,683.704000,412.710000,8.630000,305.703000
18907,516.677000,219.695000,8.379000,178.626000
18908,570.186000,320.244000,13.110000,288.952000
18909,735.363000,426.049000,15.670000,329.171000
18910,587.356000,388.601000,17.420000,338.282000
18911,821.321000,540.587000,9.450000,349.061000
18912,423.800000,211.965000,7.430000,201.745000
18913,666.344000,347.941000,9.020000,287.684000
18914,471.039000,223.965000,11.690000,208.216000
18915,685.594000,366.261000,16.630000,289.793000
18916,616.456000,301.682000,14.570000,233.664000
18917,668.374000,420.561000,16.480000,350.701000
18918,593.986000,311.243000,12.130000,269.793000
18919,539.538000,298.992000,8.910000,260.695000
18920,635.625000,476.160000,16.050000,423.769000
18921,653.334000,326.272000,12.320000,319.603000
18922,562.276000,289.463000,14.830000,290.453000
18923,475.179000,297.652000,15.589000,272.724000
18924,574.026000,339.123000,16.249000,284.654000
18925,827.872000,488.259000,12.819000,400.601000
18926,616.876000,305.182000,11.039000,252.505000
18927,660.465000,363.021000,10.120000,291.953000
18928,604.216000,373.640000,12.420000,358.501000
18929,695.974000,358.092000,17.011000,295.252000
18930,805.302000,619.036000,18.460000,411.900000
18931,596.626000,272.673000,13.409000,257.665000
18932,582.855000,277.974000,9.569000,294.394000
18933,543.257000,311.762000,9.629000,264.983000
18934,705.974000,384.751000,9.560000,313.633000
18935,623.776000,372.622000,46.979000,298.433000
18936,580.996000,344.302000,8.741000,282.243000
18937,733.992000,585.336000,10.149000,397.712000
18938,629.554000,408.531000,11.120000,320.963000
18939,644.065000,275.492000,9.809000,219.705000
18940,648.484000,506.737000,21.930000,363.631000
18941,606.426000,281.464000,10.049000,280.173000
18942,610.926000,243.724000,13.959000,230.835000
18943,600.346000,305.334000,12.460000,291.633000
18944,488.409000,269.474000,11.590000,248.334000
18945,704.855000,401.990000,12.830000,310.342000
18946,588.557000,348.112000,8.050000,313.223000
18947,620.755000,327.963000,7.300000,268.454000
18948,618.285000,361.801000,6.830000,317.012000
18949,769.253000,532.007000,11.869000,378.441000
18950,585.347000,460.628000,18.890000,405.271000
18951,1125.104000,336.802000,19.889000,290.764000
18952,642.394000,224.734000,16.959000,232.355000
18953,489.149000,275.503000,13.299000,264.645000
18954,511.129000,317.152000,10.659000,281.453000
18955,644.865000,290.372000,16.789000,235.035000
18956,558.317000,301.623000,9.370000,255.254000
18957,478.277000,271.474000,8.299000,254.175000
18958,600.746000,337.482000,13.500000,314.742000
18959,796.971000,400.021000,14.060000,368.662000
18960,749.552000,593.845000,18.230000,532.728000
18961,518.678000,387.441000,12.240000,259.203000
18962,535.288000,248.094000,10.959000,232.394000
18963,646.165000,355.041000,10.150000,303.044000
18964,591.095000,299.862000,13.360000,314.632000
18965,669.804000,405.391000,11.399000,391.131000
18966,506.069000,218.294000,10.960000,189.466000
18967,566.826000,275.064000,11.769000,234.595000
18968,588.286000,312.584000,11.040000,266.363000
18969,528.958000,287.094000,14.168000,260.844000
18970,815.911000,363.961000,17.739000,411.529000
18971,746.961000,369.321000,50.820000,363.542000
18972,657.925000,351.712000,10.240000,280.582000
18973,588.116000,334.374000,9.989000,296.842000
18974,439.361000,280.774000,8.050000,309.412000
18975,728.283000,387.021000,9.050000,297.762000
18976,466.300000,239.984000,11.330000,220.854000
18977,723.752000,398.421000,7.890000,331.163000
18978,619.445000,310.242000,5.890000,266.024000
18979,674.495000,332.442000,13.229000,350.740000
18980,572.508000,275.093000,20.039000,264.985000
18981,722.023000,313.732000,15.809000,328.162000
18982,655.374000,342.621000,14.510000,333.613000
18983,567.656000,310.732000,15.000000,270.844000
18984,529.988000,295.922000,9.971000,272.923000
18985,677.482000,384.521000,8.969000,277.463000
18986,567.287000,284.733000,8.290000,263.134000
18987,348.031000,159.615000,7.270000,140.796000
18988,577.977000,336.262000,10.480000,281.215000
18989,700.473000,400.591000,14.000000,321.893000
18990,757.483000,605.426000,37.800000,498.388000
18991,564.157000,293.073000,11.800000,289.424000
18992,634.966000,342.592000,18.280000,292.773000
18993,629.985000,352.062000,38.980000,266.363000
18994,518.569000,270.093000,10.980000,239.593000
18995,554.809000,332.411000,12.760000,317.163000
18996,504.148000,296.423000,20.159000,260.984000
18997,671.794000,311.542000,21.219000,256.504000
18998,711.184000,387.901000,6.509000,311.293000
18999,582.227000,226.914000,2685.997000,336.863000
19000,928.219000,712.033000,51.919000,394.501000
19001,548.077000,268.084000,14.049000,284.824000
19002,496.127000,220.514000,11.189000,189.805000
19003,748.993000,460.360000,11.249000,325.572000
19004,691.434000,319.303000,14.290000,281.453000
19005,484.167000,223.734000,14.280000,214.044000
19006,577.806000,308.744000,9.080000,265.212000
19007,580.807000,339.753000,11.860000,283.363000
19008,664.504000,329.783000,17.760000,270.292000
19009,673.285000,363.381000,7.480000,281.634000
19010,719.723000,300.032000,47.999000,291.774000
19011,687.633000,317.203000,12.860000,324.942000
19012,731.323000,367.551000,12.190000,332.022000
19013,598.416000,348.322000,13.179000,297.744000
19014,547.267000,301.443000,20.479000,242.745000
19015,572.536000,353.281000,13.070000,282.124000
19016,628.645000,340.002000,8.489000,333.081000
19017,542.498000,274.603000,11.150000,233.984000
19018,591.306000,334.902000,15.109000,272.894000
19019,536.889000,312.321000,13.341000,286.923000
19020,643.345000,505.467000,19.929000,416.190000
19021,821.170000,379.132000,11.569000,344.541000
19022,555.408000,278.793000,11.280000,262.534000
19023,641.764000,315.782000,10.760000,342.022000
19024,565.116000,310.602000,10.660000,248.385000
19025,597.476000,332.853000,50.160000,269.132000
19026,669.425000,356.591000,14.850000,313.044000
19027,529.777000,263.754000,49.899000,237.755000
19028,717.803000,476.509000,11.230000,357.951000
19029,669.935000,405.730000,9.199000,315.532000
19030,623.075000,366.781000,11.350000,300.634000
19031,641.086000,304.552000,10.099000,264.234000
19032,469.570000,286.944000,9.079000,257.613000
19033,621.975000,416.991000,9.869000,306.003000
19034,613.396000,272.763000,18.379000,230.405000
19035,693.134000,364.261000,7.930000,407.030000
19036,639.855000,405.831000,7.969000,284.592000
19037,886.288000,358.161000,12.660000,294.664000
19038,622.696000,321.753000,17.448000,267.194000
19039,638.995000,318.102000,14.720000,281.343000
19040,552.307000,184.696000,29.889000,185.535000
19041,502.747000,247.575000,11.899000,238.655000
19042,907.599000,420.140000,11.489000,409.782000
19043,582.576000,303.233000,14.310000,282.364000
19044,507.037000,252.984000,13.480000,220.214000
19045,578.106000,347.991000,8.610000,278.554000
19046,920.427000,298.783000,15.730000,248.795000
19047,524.617000,257.075000,7.980000,221.755000
19048,746.792000,404.610000,8.590000,398.911000
19049,516.838000,286.303000,6.780000,243.006000
19050,729.143000,402.140000,17.350000,329.253000
19051,654.805000,360.541000,16.680000,333.921000
19052,586.076000,329.152000,12.840000,280.064000
19053,657.594000,372.121000,11.230000,311.232000
19054,684.384000,407.271000,12.519000,321.033000
19055,537.338000,324.131000,14.209000,298.804000
19056,535.728000,305.273000,13.189000,256.784000
19057,561.396000,339.742000,10.730000,280.295000
19058,675.254000,387.701000,7.710000,325.893000
19059,692.125000,387.041000,6.010000,282.053000
19060,488.730000,331.923000,14.449000,228.005000
19061,616.605000,337.372000,10.320000,306.352000
19062,639.145000,365.101000,9.319000,307.984000
19063,746.573000,358.602000,12.890000,279.473000
19064,698.123000,510.388000,42.460000,323.392000
19065,643.314000,406.260000,8.390000,329.542000
19066,704.284000,391.781000,11.779000,351.813000
19067,576.137000,286.153000,10.780000,230.385000
19068,534.938000,296.462000,10.690000,237.365000
19069,491.719000,254.293000,8.861000,215.536000
19070,918.598000,479.049000,19.160000,332.672000
19071,741.032000,429.680000,10.171000,323.551000
19072,661.375000,374.341000,8.040000,313.622000
19073,609.575000,368.192000,10.290000,434.718000
19074,892.949000,414.791000,14.860000,318.051000
19075,583.158000,351.731000,13.690000,318.602000
19076,611.746000,361.961000,12.251000,327.473000
19077,625.974000,366.431000,11.200000,310.342000
19078,576.318000,357.451000,10.011000,344.432000
19079,508.798000,303.763000,13.430000,259.684000
19080,600.285000,271.323000,26.400000,239.355000
19081,871.390000,475.890000,10.830000,361.102000
19082,805.090000,402.090000,11.249000,296.093000
19083,589.966000,351.161000,10.491000,271.393000
19084,688.495000,408.670000,13.299000,322.621000
19085,741.074000,373.211000,18.229000,245.454000
19086,697.024000,457.980000,17.520000,372.361000
19087,789.441000,384.841000,20.839000,296.984000
19088,556.177000,307.532000,10.169000,233.244000
19089,599.715000,335.063000,9.390000,275.402000
19090,743.832000,573.277000,21.189000,470.409000
19091,606.226000,340.092000,10.979000,278.144000
19092,586.976000,383.231000,10.970000,321.992000
19093,395.361000,205.715000,11.510000,180.946000
19094,531.777000,356.902000,13.130000,305.273000
19095,613.966000,400.611000,19.239000,338.872000
19096,1491.766000,340.391000,25.380000,288.613000
19097,704.072000,425.070000,11.270000,342.193000
19098,626.864000,333.483000,13.049000,292.262000
19099,603.946000,305.763000,6.289000,249.365000
19100,635.145000,461.960000,14.820000,343.302000
19101,738.672000,444.070000,15.099000,428.810000
19102,641.965000,390.261000,15.599000,442.070000
19103,489.728000,270.574000,15.480000,216.595000
19104,648.634000,403.671000,15.139000,369.541000
19105,450.700000,226.594000,12.980000,212.514000
19106,584.487000,347.021000,11.670000,338.522000
19107,651.624000,379.782000,8.959000,290.343000
19108,562.467000,287.034000,5.659000,307.162000
19109,622.035000,324.184000,7.309000,263.622000
19110,737.423000,614.156000,17.089000,447.169000
19111,506.978000,256.285000,13.509000,220.435000
19112,621.555000,338.671000,10.621000,273.794000
19113,651.195000,407.880000,14.450000,311.362000
19114,541.538000,321.682000,13.400000,262.434000
19115,619.475000,357.071000,13.519000,300.092000
19116,533.387000,333.432000,54.260000,287.535000
19117,474.349000,314.103000,12.200000,302.371000
19118,462.119000,243.075000,11.839000,196.025000
19119,622.575000,324.032000,7.840000,253.644000
19120,803.792000,428.200000,17.499000,385.291000
19121,352.282000,139.046000,11.440000,127.068000
19122,651.645000,302.923000,7.270000,282.304000
19123,526.037000,246.405000,7.140000,212.315000
19124,600.115000,323.472000,9.020000,266.144000
19125,578.096000,406.511000,8.830000,337.982000
19126,475.408000,277.594000,8.619000,245.135000
19127,694.044000,416.450000,10.509000,330.313000
19128,592.466000,354.022000,11.910000,342.512000
19129,749.114000,413.391000,11.609000,323.483000
19130,635.425000,516.758000,22.358000,466.040000
19131,714.084000,382.141000,11.570000,394.091000
19132,491.318000,267.233000,5.539000,246.175000
19133,637.815000,295.843000,10.020000,260.883000
19134,625.334000,397.500000,10.040000,349.373000
19135,482.148000,282.043000,12.859000,231.935000
19136,560.947000,343.052000,7.939000,258.655000
19137,699.294000,377.831000,13.590000,332.362000
19138,702.704000,380.541000,47.808000,380.392000
19139,596.525000,321.752000,10.781000,260.415000
19140,757.202000,421.090000,17.139000,341.602000
19141,767.341000,415.400000,11.590000,350.562000
19142,512.939000,264.533000,10.689000,258.974000
19143,567.307000,199.536000,7.519000,167.796000
19144,716.143000,459.019000,7.320000,323.642000
19145,596.176000,367.441000,12.820000,391.840000
19146,742.282000,425.530000,12.811000,453.470000
19147,683.923000,388.202000,9.918000,328.492000
19148,662.925000,360.782000,8.579000,306.183000
19149,434.940000,185.436000,11.160000,167.526000
19150,636.295000,420.320000,16.620000,307.462000
19151,719.774000,422.180000,11.899000,434.981000
19152,618.186000,351.231000,10.430000,282.944000
19153,695.473000,406.002000,10.390000,396.991000
19154,587.067000,320.582000,13.499000,251.484000
19155,623.816000,361.781000,47.059000,435.150000
19156,490.418000,250.184000,5.449000,204.435000
19157,607.936000,307.053000,10.190000,269.733000
19158,705.294000,378.151000,6.730000,310.344000
19159,572.637000,301.823000,11.070000,246.975000
19160,578.906000,382.622000,19.699000,246.204000
19161,649.675000,257.185000,11.259000,260.994000
19162,638.636000,299.192000,11.750000,254.274000
19163,702.414000,369.321000,10.640000,312.192000
19164,509.558000,297.032000,12.860000,260.894000
19165,571.986000,300.804000,11.649000,256.744000
19166,527.268000,272.892000,6.381000,217.244000
19167,909.908000,437.869000,9.540000,387.061000
19168,635.025000,332.662000,9.061000,347.693000
19169,706.603000,374.071000,9.880000,359.402000
19170,762.151000,328.701000,19.019000,394.191000
19171,817.131000,304.904000,10.969000,287.733000
19172,720.983000,353.491000,10.510000,300.513000
19173,520.227000,256.665000,14.720000,242.454000
19174,536.087000,262.094000,29.710000,202.835000
19175,625.435000,336.982000,7.899000,263.614000
19176,631.065000,340.441000,8.210000,293.701000
19177,795.483000,443.049000,5.300000,267.493000
19178,579.556000,306.343000,11.100000,260.734000
19179,361.481000,173.806000,11.100000,160.426000
19180,1171.853000,333.262000,19.640000,301.203000
19181,604.716000,240.804000,11.530000,262.023000
19182,559.188000,264.063000,6.210000,248.124000
19183,864.579000,369.901000,11.100000,344.512000
19184,493.368000,214.675000,14.750000,190.816000
19185,677.023000,370.392000,11.479000,317.393000
19186,530.978000,263.454000,9.370000,251.614000
19187,596.246000,309.403000,7.320000,270.642000
19188,393.122000,212.746000,7.729000,188.346000
19189,385.271000,234.145000,8.989000,242.295000
19190,721.563000,575.916000,17.640000,392.350000
19191,596.836000,280.214000,9.939000,303.043000
19192,544.507000,241.824000,8.520000,228.424000
19193,559.026000,329.422000,7.370000,261.704000
19194,672.674000,399.590000,10.119000,328.222000
19195,685.125000,422.780000,15.169000,336.832000
19196,632.385000,300.953000,14.950000,247.594000
19197,516.029000,244.205000,11.449000,226.743000
19198,443.370000,196.115000,6.980000,182.497000
19199,601.506000,328.521000,10.030000,261.945000
19200,649.325000,494.219000,22.879000,335.214000
19201,708.253000,334.493000,11.630000,318.952000
19202,430.070000,199.975000,11.619000,184.076000
19203,437.990000,227.195000,7.640000,202.725000
19204,510.308000,255.454000,10.250000,224.525000
19205,679.324000,384.151000,9.210000,305.662000
19206,730.903000,417.221000,8.280000,345.611000
19207,568.606000,285.343000,8.030000,242.474000
19208,504.557000,195.575000,11.260000,179.167000
19209,625.765000,352.762000,7.989000,275.393000
19210,710.613000,591.176000,18.950000,348.972000
19211,644.305000,311.003000,14.220000,301.973000
19212,592.336000,329.673000,11.840000,304.102000
19213,500.159000,273.014000,11.369000,244.434000
19214,300.464000,133.127000,13.580000,122.758000
19215,572.217000,315.133000,51.249000,268.154000
19216,709.354000,315.073000,11.219000,253.283000
19217,751.423000,370.541000,6.981000,316.972000
19218,690.564000,310.202000,12.280000,261.505000
19219,676.874000,377.081000,8.690000,309.214000
19220,704.574000,306.522000,12.129000,269.215000
19221,728.903000,347.961000,12.270000,360.401000
19222,482.450000,204.455000,10.059000,189.925000
19223,629.235000,311.052000,11.480000,266.754000
19224,655.785000,350.941000,11.590000,381.161000
19225,702.404000,384.612000,6.950000,305.522000
19226,636.844000,347.493000,11.600000,294.233000
19227,572.556000,314.463000,10.940000,273.394000
19228,691.433000,410.801000,9.900000,362.521000
19229,574.978000,317.552000,13.650000,289.484000
19230,765.863000,572.186000,16.320000,330.333000
19231,586.205000,281.284000,8.630000,263.294000
19232,557.297000,248.644000,8.089000,219.075000
19233,377.730000,153.097000,12.899000,161.406000
19234,744.802000,409.831000,10.890000,304.662000
19235,566.677000,353.422000,11.179000,342.051000
19236,481.219000,240.055000,9.589000,206.165000
19237,518.348000,278.524000,11.859000,276.042000
19238,615.645000,339.712000,10.600000,323.802000
19239,471.839000,252.853000,10.749000,223.964000
19240,601.436000,427.440000,17.600000,258.213000
19241,732.293000,362.132000,11.030000,353.692000
19242,602.546000,284.804000,13.620000,267.972000
19243,695.793000,338.121000,11.899000,294.094000
19244,714.962000,354.052000,10.550000,325.684000
19245,685.014000,373.551000,9.400000,309.643000
19246,539.818000,262.993000,19.679000,229.355000
19247,598.746000,332.283000,11.950000,332.222000
19248,449.670000,246.435000,11.140000,221.984000
19249,462.999000,242.614000,8.870000,204.936000
19250,597.726000,426.010000,21.430000,378.801000
19251,832.620000,564.217000,9.851000,364.512000
19252,718.683000,391.030000,14.230000,358.103000
19253,916.437000,266.564000,13.931000,211.644000
19254,563.856000,220.365000,13.190000,206.334000
19255,645.665000,360.561000,8.570000,297.802000
19256,733.393000,410.101000,12.980000,315.442000
19257,584.476000,308.502000,9.830000,335.392000
19258,728.133000,316.172000,11.940000,358.893000
19259,551.057000,293.603000,7.669000,255.635000
19260,735.183000,362.051000,11.409000,318.943000
19261,490.198000,186.505000,7.120000,184.137000
19262,641.355000,337.932000,12.539000,358.241000
19263,719.813000,415.691000,37.888000,332.483000
19264,566.497000,330.922000,9.640000,269.663000
19265,466.599000,235.776000,11.129000,204.646000
19266,2045.172000,424.609000,13.629000,282.603000
19267,660.485000,326.513000,13.099000,319.193000
19268,623.615000,305.084000,10.658000,305.852000
19269,584.446000,315.814000,12.169000,292.862000
19270,611.476000,508.498000,21.080000,328.291000
19271,709.603000,315.373000,11.679000,327.813000
19272,695.604000,422.431000,13.909000,332.621000
19273,684.774000,352.812000,17.190000,306.813000
19274,562.636000,317.812000,14.759000,266.994000
19275,665.134000,341.382000,12.239000,302.024000
19276,543.677000,324.643000,12.869000,291.373000
19277,598.186000,335.721000,52.540000,309.384000
19278,773.241000,442.449000,7.850000,335.661000
19279,614.796000,301.604000,10.659000,265.022000
19280,738.852000,570.507000,19.020000,422.319000
19281,650.345000,328.692000,11.440000,292.833000
19282,581.237000,327.043000,12.800000,288.442000
19283,572.706000,311.953000,9.621000,276.563000
19284,763.822000,418.840000,9.860000,308.663000
19285,678.085000,421.520000,12.659000,314.262000
19286,535.256000,268.743000,13.400000,220.844000
19287,641.374000,339.323000,7.420000,328.582000
19288,638.065000,419.120000,8.279000,320.912000
19289,537.259000,316.282000,13.790000,271.465000
19290,806.721000,596.746000,22.310000,366.180000
19291,568.928000,248.234000,12.049000,260.034000
19292,509.368000,247.233000,7.899000,252.255000
19293,578.786000,338.413000,9.960000,294.863000
19294,644.086000,393.490000,11.670000,295.394000
19295,643.484000,361.291000,8.539000,313.093000
19296,688.015000,403.130000,52.909000,329.492000
19297,609.556000,364.812000,11.150000,340.752000
19298,488.348000,213.655000,8.300000,179.616000
19299,564.616000,360.381000,10.969000,314.582000
19300,634.125000,415.610000,23.169000,284.313000
19301,804.021000,447.340000,43.349000,362.502000
19302,650.294000,365.952000,14.719000,334.933000
19303,567.546000,285.453000,12.519000,240.633000
19304,460.140000,206.414000,7.911000,185.986000
19305,696.124000,367.911000,38.529000,365.191000
19306,645.595000,372.732000,10.569000,331.143000
19307,678.963000,391.172000,12.760000,310.212000
19308,618.386000,321.462000,11.090000,262.883000
19309,614.236000,324.142000,8.710000,278.775000
19310,523.858000,277.984000,17.560000,231.754000
19311,730.851000,395.141000,10.650000,325.802000
19312,677.664000,384.371000,14.060000,302.424000
19313,593.926000,328.342000,14.030000,282.645000
19314,594.256000,374.580000,11.240000,298.643000
19315,682.354000,435.099000,10.299000,312.212000
19316,992.977000,354.101000,15.669000,274.894000
19317,453.440000,202.785000,8.880000,175.095000
19318,443.860000,216.694000,10.170000,209.706000
19319,475.829000,212.575000,8.259000,188.296000
19320,755.682000,501.499000,17.190000,349.012000
19321,760.972000,423.640000,13.339000,384.171000
19322,507.348000,228.966000,10.880000,214.606000
19323,568.587000,290.783000,8.420000,272.653000
19324,518.798000,301.113000,9.830000,267.495000
19325,572.187000,329.612000,10.020000,299.763000
19326,630.605000,325.462000,7.680000,274.304000
19327,682.895000,393.131000,5.920000,325.912000
19328,607.185000,384.782000,10.600000,295.943000
19329,524.798000,277.213000,10.810000,249.875000
19330,735.812000,300.293000,16.760000,297.323000
19331,737.132000,353.973000,11.030000,445.090000
19332,480.978000,218.975000,8.840000,201.695000
19333,637.465000,342.552000,13.930000,291.443000
19334,623.405000,352.171000,54.739000,290.375000
19335,609.295000,339.241000,11.870000,346.382000
19336,435.599000,237.584000,11.270000,202.675000
19337,644.925000,332.142000,12.660000,302.213000
19338,544.497000,305.623000,18.369000,285.135000
19339,541.547000,175.457000,17.019000,162.237000
19340,1167.022000,499.908000,24.230000,337.192000
19341,664.084000,310.552000,9.180000,286.774000
19342,585.396000,301.722000,7.060000,263.224000
19343,501.119000,278.482000,10.280000,256.505000
19344,621.245000,324.202000,12.900000,278.904000
19345,576.897000,336.673000,52.158000,308.363000
19346,787.101000,441.649000,14.661000,323.212000
19347,580.957000,290.213000,14.660000,268.614000
19348,532.396000,308.843000,21.509000,288.782000
19349,617.516000,382.702000,14.110000,323.873000
19350,439.718000,341.252000,49.869000,280.733000
19351,652.274000,441.169000,16.390000,285.663000
19352,585.796000,271.214000,9.010000,260.583000
19353,764.191000,303.463000,15.560000,281.953000
19354,550.398000,293.092000,12.461000,274.354000
19355,535.537000,314.003000,17.599000,263.373000
19356,869.500000,567.596000,12.370000,404.940000
19357,592.277000,308.552000,12.470000,268.964000
19358,669.534000,360.443000,11.829000,304.062000
19359,488.279000,236.364000,8.311000,203.405000
19360,516.808000,342.141000,18.560000,297.513000
19361,638.485000,336.913000,12.840000,297.522000
19362,589.256000,296.374000,8.710000,292.353000
19363,630.695000,405.190000,43.080000,328.961000
19364,594.676000,316.152000,7.139000,258.034000
19365,568.896000,321.003000,5.379000,327.802000
19366,663.425000,351.961000,5.640000,293.964000
19367,521.637000,233.684000,6.119000,193.056000
19368,532.008000,293.354000,8.199000,234.385000
19369,505.277000,317.843000,10.070000,272.192000
19370,609.885000,236.105000,17.100000,235.854000
19371,687.974000,317.063000,14.030000,306.303000
19372,660.324000,323.683000,18.160000,323.811000
19373,485.018000,275.043000,12.360000,300.123000
19374,743.673000,418.609000,11.079000,475.559000
19375,834.951000,404.121000,11.569000,285.654000
19376,660.733000,223.835000,12.050000,177.796000
19377,624.376000,342.523000,8.659000,310.011000
19378,747.592000,426.541000,14.138000,326.303000
19379,821.401000,337.052000,11.990000,352.892000
19380,744.532000,558.547000,18.160000,590.755000
19381,652.145000,516.939000,16.050000,357.192000
19382,697.712000,336.432000,14.669000,276.643000
19383,599.706000,334.543000,8.650000,285.333000
19384,685.265000,398.880000,6.369000,314.123000
19385,429.910000,203.795000,15.480000,206.536000
19386,548.707000,305.503000,14.020000,256.454000
19387,434.331000,209.015000,11.189000,188.036000
19388,447.279000,247.575000,8.071000,207.625000
19389,752.612000,448.090000,8.950000,333.281000
19390,813.771000,655.175000,14.749000,499.958000
19391,698.474000,334.222000,11.270000,262.815000
19392,681.194000,344.771000,13.580000,287.483000
19393,565.517000,260.503000,16.040000,244.085000
19394,560.026000,328.143000,11.540000,272.223000
19395,481.619000,246.845000,8.000000,201.906000
19396,580.026000,301.563000,42.859000,251.425000
19397,898.259000,509.317000,6.040000,373.813000
19398,426.590000,229.835000,9.450000,194.575000
19399,697.864000,428.139000,11.760000,333.162000
19400,510.758000,385.570000,24.350000,371.423000
19401,552.906000,248.074000,11.310000,243.943000
19402,760.133000,321.542000,11.349000,277.524000
19403,628.845000,302.062000,10.879000,261.315000
19404,598.496000,334.924000,8.228000,278.184000
19405,457.330000,252.604000,9.240000,253.143000
19406,693.764000,399.071000,10.990000,335.452000
19407,471.300000,214.624000,14.710000,188.755000
19408,437.120000,206.795000,11.260000,185.586000
19409,610.915000,346.561000,12.170000,286.513000
19410,638.635000,492.378000,19.470000,314.852000
19411,543.948000,324.102000,11.490000,271.405000
19412,651.235000,419.201000,15.360000,296.224000
19413,605.776000,365.591000,9.720000,330.592000
19414,574.388000,354.072000,10.910000,304.952000
19415,633.025000,387.942000,51.618000,328.683000
19416,590.056000,352.042000,14.920000,296.603000
19417,609.935000,289.622000,12.670000,240.745000
19418,580.936000,214.625000,13.960000,193.005000
19419,560.966000,311.844000,14.029000,289.372000
19420,664.065000,456.680000,20.829000,291.443000
19421,514.279000,249.414000,8.821000,230.303000
19422,477.689000,211.445000,8.110000,218.175000
19423,485.839000,253.963000,11.100000,235.634000
19424,825.721000,393.110000,15.301000,294.644000
19425,693.744000,493.608000,13.260000,371.161000
19426,588.107000,316.232000,41.660000,352.611000
19427,832.541000,426.360000,6.800000,472.979000
19428,635.775000,282.314000,16.130000,223.695000
19429,523.267000,275.714000,7.790000,235.514000
19430,678.773000,308.714000,16.990000,296.952000
19431,658.764000,298.864000,9.028000,317.394000
19432,610.706000,279.623000,10.739000,255.354000
19433,821.211000,284.584000,21.150000,240.464000
19434,469.198000,262.824000,17.089000,245.244000
19435,504.898000,301.324000,14.769000,284.253000
19436,634.185000,333.312000,14.480000,304.853000
19437,493.528000,279.433000,9.930000,249.854000
19438,633.756000,373.311000,13.020000,300.063000
19439,598.306000,325.662000,9.680000,257.114000
19440,706.954000,556.706000,17.160000,392.720000
19441,565.126000,281.333000,10.730000,254.454000
19442,529.097000,234.704000,17.060000,238.194000
19443,503.528000,248.774000,8.540000,218.255000
19444,557.006000,295.053000,20.169000,254.902000
19445,555.398000,308.743000,14.190000,255.964000
19446,643.926000,349.622000,10.950000,293.833000
19447,586.497000,333.152000,13.100000,303.293000
19448,501.287000,274.034000,48.610000,222.255000
19449,412.110000,192.645000,5.130000,167.045000
19450,997.007000,595.036000,16.420000,317.632000
19451,719.883000,333.172000,10.460000,348.692000
19452,474.000000,184.155000,19.309000,193.965000
19453,573.307000,443.859000,11.600000,339.162000
19454,494.157000,285.483000,11.500000,255.615000
19455,513.978000,334.173000,18.770000,288.843000
19456,461.360000,234.824000,12.450000,183.215000
19457,415.581000,199.195000,8.610000,191.585000
19458,641.805000,355.972000,8.061000,289.433000
19459,769.223000,464.668000,11.260000,335.562000
19460,662.154000,521.957000,19.090000,377.940000
19461,605.626000,251.154000,8.631000,239.755000
19462,478.288000,239.604000,7.279000,214.975000
19463,638.244000,330.283000,8.939000,308.452000
19464,737.643000,346.371000,16.700000,337.621000
19465,577.096000,266.754000,8.419000,226.905000
19466,560.067000,268.024000,12.390000,223.725000
19467,683.184000,373.711000,7.899000,318.883000
19468,385.171000,228.785000,7.219000,204.405000
19469,822.011000,482.679000,7.790000,356.351000
19470,440.540000,319.033000,15.899000,215.445000
19471,654.445000,330.232000,10.280000,290.833000
19472,627.845000,318.443000,48.409000,292.974000
19473,610.755000,295.784000,12.900000,249.413000
19474,526.038000,253.874000,7.741000,201.286000
19475,407.261000,196.525000,10.640000,179.356000
19476,699.533000,403.020000,7.160000,295.184000
19477,623.135000,310.882000,10.070000,280.334000
19478,643.886000,349.742000,8.820000,278.414000
19479,695.994000,358.553000,13.720000,324.763000
19480,659.335000,478.179000,23.420000,432.640000
19481,661.675000,514.628000,15.620000,449.530000
19482,621.006000,469.809000,14.890000,304.832000
19483,676.114000,324.581000,15.290000,380.692000
19484,550.336000,293.262000,9.970000,258.284000
19485,649.785000,277.104000,12.240000,246.224000
19486,595.976000,288.962000,8.051000,255.705000
19487,656.765000,287.363000,12.480000,285.415000
19488,493.258000,231.315000,9.349000,220.686000
19489,571.187000,301.573000,8.050000,251.304000
19490,623.266000,496.159000,18.739000,391.021000
19491,749.242000,343.302000,14.049000,328.063000
19492,565.657000,301.802000,15.370000,299.503000
19493,510.228000,258.754000,10.390000,233.385000
19494,623.255000,351.561000,9.689000,309.492000
19495,420.220000,211.124000,12.929000,188.245000
19496,665.625000,355.731000,9.470000,331.733000
19497,754.841000,407.111000,10.089000,356.881000
19498,542.178000,260.024000,8.290000,227.423000
19499,569.867000,305.082000,8.600000,320.893000
19500,780.342000,615.515000,14.869000,429.161000
19501,521.808000,238.554000,8.480000,250.044000
19502,738.213000,391.460000,10.880000,292.902000
19503,483.119000,246.004000,8.560000,211.985000
19504,600.675000,356.212000,12.070000,287.204000
19505,657.585000,382.781000,10.710000,307.903000
19506,529.677000,276.044000,9.390000,251.393000
19507,664.985000,369.461000,16.379000,318.383000
19508,523.736000,277.083000,10.339000,221.615000
19509,458.020000,277.943000,9.170000,255.314000
19510,1726.470000,342.961000,24.530000,377.710000
19511,589.035000,330.832000,13.890000,342.621000
19512,697.603000,369.852000,13.440000,350.941000
19513,728.243000,360.823000,11.000000,377.271000
19514,589.456000,369.061000,8.379000,309.022000
19515,598.635000,342.491000,11.150000,313.804000
19516,626.955000,359.582000,47.579000,298.993000
19517,623.215000,345.311000,11.360000,299.363000
19518,696.493000,329.943000,7.610000,302.212000
19519,735.124000,434.110000,10.160000,336.002000
19520,450.170000,330.523000,18.089000,279.794000
19521,420.800000,281.913000,12.729000,196.555000
19522,689.915000,390.531000,13.230000,298.054000
19523,661.773000,359.413000,10.319000,335.512000
19524,466.910000,238.582000,15.329000,209.595000
19525,539.988000,284.902000,8.720000,303.794000
19526,652.185000,352.861000,11.560000,294.114000
19527,369.801000,192.006000,12.020000,174.226000
19528,722.604000,385.881000,9.410000,305.492000
19529,499.158000,257.484000,10.340000,232.305000
19530,574.627000,425.670000,16.809000,383.551000
19531,678.904000,548.758000,11.931000,303.763000
19532,598.226000,296.221000,14.980000,271.794000
19533,693.064000,359.091000,16.159000,330.792000
19534,685.533000,326.232000,12.670000,273.554000
19535,636.535000,388.371000,11.520000,305.904000
19536,594.496000,305.632000,45.999000,281.404000
19537,509.537000,245.425000,9.110000,217.936000
19538,612.836000,328.382000,4.960000,281.693000
19539,693.054000,328.852000,12.110000,270.853000
19540,643.705000,512.618000,20.110000,393.471000
19541,682.544000,319.043000,14.060000,300.314000
19542,650.323000,324.812000,12.360000,305.992000
19543,530.409000,310.803000,16.190000,307.192000
19544,429.590000,213.696000,12.780000,204.066000
19545,654.276000,376.821000,11.669000,313.873000
19546,558.607000,301.904000,10.700000,271.513000
19547,609.295000,315.292000,14.660000,293.592000
19548,688.684000,334.452000,7.950000,274.244000
19549,1063.364000,413.701000,18.729000,348.322000
19550,620.475000,497.628000,18.100000,423.900000
19551,726.052000,519.097000,15.540000,341.922000
19552,650.805000,307.143000,21.018000,282.884000
19553,556.467000,311.953000,13.540000,289.862000
19554,528.289000,330.453000,11.339000,277.593000
19555,622.705000,319.823000,15.619000,280.814000
19556,631.215000,311.672000,11.860000,255.974000
19557,682.875000,381.801000,10.210000,324.862000
19558,568.916000,285.834000,10.150000,237.905000
19559,693.375000,285.832000,9.500000,224.494000
19560,678.924000,537.967000,16.200000,384.490000
19561,833.761000,437.409000,9.880000,378.682000
19562,646.484000,331.463000,13.040000,280.732000
19563,517.199000,274.824000,12.880000,273.222000
19564,676.245000,368.201000,12.710000,312.553000
19565,611.225000,323.742000,7.110000,279.514000
19566,667.753000,397.460000,7.920000,384.191000
19567,718.414000,385.561000,15.320000,295.933000
19568,515.887000,319.833000,10.450000,318.453000
19569,515.509000,246.454000,7.729000,204.555000
19570,704.813000,325.692000,14.019000,298.393000
19571,685.184000,327.782000,9.600000,301.403000
19572,591.536000,329.741000,9.431000,348.023000
19573,574.196000,273.494000,19.700000,261.503000
19574,528.758000,273.703000,38.660000,270.224000
19575,693.983000,390.332000,8.229000,336.293000
19576,535.267000,310.704000,29.309000,246.744000
19577,647.585000,317.613000,12.560000,267.063000
19578,649.225000,376.461000,6.460000,306.153000
19579,716.723000,417.901000,12.580000,333.173000
19580,694.074000,513.368000,22.019000,488.719000
19581,660.903000,406.502000,12.948000,294.314000
19582,545.277000,306.203000,14.219000,286.374000
19583,858.440000,386.543000,16.190000,375.381000
19584,608.135000,333.923000,11.720000,282.033000
19585,565.616000,293.293000,14.900000,255.764000
19586,529.588000,324.503000,14.420000,286.832000
19587,674.515000,363.211000,11.169000,297.134000
19588,634.075000,348.242000,7.149000,347.813000
19589,681.733000,253.034000,8.859000,222.646000
19590,476.629000,313.813000,16.819000,273.564000
19591,414.331000,298.322000,13.599000,272.924000
19592,561.326000,251.294000,16.560000,247.494000
19593,670.153000,368.072000,11.800000,341.991000
19594,457.809000,235.005000,9.340000,204.085000
19595,706.193000,326.623000,14.940000,268.503000
19596,577.805000,307.344000,9.390000,279.254000
19597,609.706000,347.791000,9.800000,301.983000
19598,541.758000,331.521000,12.851000,298.043000
19599,402.220000,187.335000,11.270000,173.566000
19600,622.805000,451.430000,16.970000,290.053000
19601,865.331000,330.882000,12.389000,339.651000
19602,656.545000,324.332000,10.350000,293.223000
19603,626.736000,348.632000,13.320000,331.182000
19604,631.455000,377.121000,11.880000,310.523000
19605,455.749000,238.024000,12.020000,235.744000
19606,494.639000,263.474000,14.180000,233.484000
19607,695.253000,327.203000,9.439000,261.005000
19608,624.995000,298.973000,12.250000,256.703000
19609,504.048000,250.294000,5.950000,218.974000
19610,416.120000,182.476000,14.859000,200.864000
19611,637.555000,285.934000,9.620000,290.693000
19612,683.544000,336.342000,10.821000,283.694000
19613,866.640000,469.638000,12.030000,369.632000
19614,593.706000,305.373000,13.670000,299.413000
19615,609.635000,354.051000,14.850000,304.612000
19616,570.788000,290.502000,11.409000,241.585000
19617,652.356000,408.071000,15.679000,367.322000
19618,441.750000,206.765000,16.470000,188.436000
19619,418.360000,190.675000,13.740000,314.892000
19620,685.075000,312.952000,17.410000,280.554000
19621,529.907000,217.576000,8.630000,202.226000
19622,731.463000,398.981000,9.260000,318.033000
19623,514.598000,248.854000,9.100000,223.075000
19624,667.604000,430.420000,6.040000,364.661000
19625,606.875000,315.853000,6.300000,253.663000
19626,603.376000,338.822000,11.400000,273.894000
19627,622.405000,326.712000,16.880000,277.054000
19628,411.870000,210.325000,8.900000,181.646000
19629,533.288000,288.893000,9.380000,250.043000
19630,609.435000,489.789000,14.840000,376.241000
19631,638.386000,294.123000,13.480000,295.303000
19632,1343.720000,342.261000,19.000000,308.142000
19633,569.127000,293.503000,9.240000,250.634000
19634,694.913000,279.704000,12.679000,213.305000
19635,625.275000,362.132000,9.210000,311.683000
19636,520.947000,299.584000,10.571000,238.784000
19637,634.135000,362.311000,6.779000,290.072000
19638,719.873000,435.310000,7.230000,361.811000
19639,584.856000,424.289000,9.329000,320.352000
19640,563.266000,287.633000,82.167000,271.013000
19641,638.215000,311.683000,15.209000,303.274000
19642,520.518000,209.835000,10.678000,192.647000
19643,331.462000,170.605000,9.600000,180.696000
19644,654.455000,377.791000,11.409000,318.212000
19645,731.863000,403.171000,12.860000,295.653000
19646,575.656000,284.652000,10.450000,262.503000
19647,626.735000,370.902000,12.249000,294.274000
19648,691.653000,378.662000,7.589000,404.042000
19649,687.912000,418.240000,8.890000,324.762000
19650,705.732000,483.259000,18.680000,427.931000
19651,622.275000,291.343000,13.329000,278.474000
19652,770.792000,385.120000,13.900000,399.191000
19653,515.998000,241.744000,12.110000,209.395000
19654,424.249000,243.825000,9.249000,228.744000
19655,303.843000,194.126000,8.139000,189.115000
19656,514.228000,267.324000,8.180000,230.734000
19657,740.662000,239.154000,11.210000,192.945000
19658,747.124000,428.960000,14.009000,329.603000
19659,436.980000,207.165000,7.650000,181.555000
19660,747.822000,317.172000,15.390000,327.291000
19661,567.997000,280.433000,13.120000,250.654000
19662,640.244000,322.453000,11.640000,323.492000
19663,624.786000,326.463000,44.719000,304.443000
19664,612.215000,353.391000,12.389000,306.902000
19665,625.185000,408.391000,15.519000,290.772000
19666,590.546000,323.894000,14.790000,290.872000
19667,612.266000,335.333000,9.390000,273.143000
19668,993.587000,322.432000,8.520000,237.825000
19669,583.706000,293.234000,11.469000,306.822000
19670,686.513000,482.149000,15.550000,389.730000
19671,571.716000,283.434000,9.250000,286.183000
19672,708.064000,360.500000,11.809000,313.633000
19673,578.747000,285.134000,8.730000,242.483000
19674,569.247000,300.832000,8.020000,273.034000
19675,723.723000,476.379000,7.570000,369.772000
19676,645.484000,344.802000,6.570000,278.514000
19677,617.055000,341.131000,8.971000,343.802000
19678,675.584000,316.593000,11.779000,252.465000
19679,644.483000,391.191000,12.180000,342.692000
19680,668.745000,541.436000,20.229000,411.530000
19681,857.460000,449.329000,11.330000,382.151000
19682,634.045000,332.692000,10.470000,277.724000
19683,699.723000,443.329000,10.969000,371.652000
19684,738.554000,356.451000,11.670000,279.704000
19685,601.316000,306.813000,12.640000,253.404000
19686,531.527000,353.212000,10.849000,275.003000
19687,425.010000,248.015000,13.989000,223.035000
19688,555.638000,334.622000,15.200000,305.753000
19689,604.606000,276.574000,13.969000,215.485000
19690,668.285000,519.747000,19.030000,416.280000
19691,579.906000,278.604000,12.050000,289.183000
19692,652.213000,350.673000,15.269000,295.343000
19693,714.484000,330.563000,15.590000,282.554000
19694,574.856000,309.153000,7.790000,311.433000
19695,561.117000,289.014000,8.009000,248.614000
19696,402.071000,199.326000,32.778000,166.667000
19697,730.262000,421.630000,8.650000,335.492000
19698,620.075000,306.594000,10.480000,259.685000
19699,965.747000,360.831000,11.850000,412.640000
19700,804.011000,630.046000,21.480000,539.527000
19701,613.916000,357.482000,12.820000,304.573000
19702,634.965000,372.631000,10.090000,305.064000
19703,606.146000,365.131000,9.100000,300.862000
19704,472.490000,210.446000,12.659000,186.184000
19705,637.395000,352.661000,9.209000,290.144000
19706,588.736000,357.422000,8.380000,299.523000
19707,494.108000,277.424000,10.169000,234.244000
19708,846.330000,392.741000,12.340000,305.392000
19709,532.537000,297.664000,9.539000,232.175000
19710,808.171000,567.138000,17.220000,513.678000
19711,686.704000,569.826000,17.879000,401.561000
19712,676.395000,433.960000,10.870000,363.261000
19713,676.124000,402.101000,12.559000,362.342000
19714,608.565000,425.641000,10.960000,542.117000
19715,625.805000,304.043000,15.510000,240.583000
19716,561.947000,332.112000,15.780000,331.482000
19717,593.477000,362.211000,11.440000,292.422000
19718,540.518000,320.092000,5.740000,244.384000
19719,720.223000,407.850000,8.731000,328.193000
19720,679.544000,347.872000,16.479000,311.752000
19721,456.929000,234.214000,10.060000,198.645000
19722,665.205000,391.280000,8.861000,281.683000
19723,453.619000,262.324000,7.009000,229.974000
19724,549.596000,318.203000,12.820000,281.503000
19725,655.144000,382.321000,10.700000,330.243000
19726,751.742000,435.310000,17.489000,360.211000
19727,460.459000,243.415000,9.279000,194.655000
19728,586.456000,378.610000,15.709000,320.113000
19729,612.386000,339.562000,10.939000,307.212000
19730,762.803000,532.336000,19.000000,404.650000
19731,720.814000,369.261000,16.930000,294.704000
19732,570.927000,335.552000,8.470000,292.904000
19733,445.721000,255.033000,8.509000,204.685000
19734,599.227000,317.663000,9.770000,266.205000
19735,713.913000,436.740000,8.130000,373.080000
19736,623.385000,335.823000,9.511000,260.304000
19737,673.294000,422.780000,8.330000,300.163000
19738,775.253000,423.850000,8.590000,361.562000
19739,521.987000,258.314000,6.791000,219.265000
19740,485.878000,327.193000,18.479000,243.675000
19741,607.146000,355.092000,10.579000,337.322000
19742,762.962000,420.350000,8.100000,503.487000
19743,585.786000,347.013000,15.269000,282.343000
19744,607.826000,400.981000,15.859000,316.374000
19745,675.323000,278.493000,13.171000,212.715000
19746,498.188000,242.215000,12.981000,203.295000
19747,606.517000,337.042000,13.040000,285.922000
19748,587.107000,326.863000,10.400000,278.983000
19749,689.484000,415.850000,10.070000,321.653000
19750,659.393000,648.975000,14.580000,519.238000
19751,729.192000,453.339000,10.990000,379.711000
19752,344.891000,198.916000,14.710000,231.995000
19753,652.425000,378.451000,13.440000,294.304000
19754,764.591000,396.950000,16.380000,327.772000
19755,591.027000,357.341000,8.160000,295.682000
19756,538.167000,269.253000,9.270000,215.624000
19757,475.958000,240.375000,6.589000,201.245000
19758,751.782000,435.459000,9.510000,349.063000
19759,416.611000,234.023000,10.459000,191.415000
19760,731.853000,609.115000,17.310000,576.696000
19761,596.397000,337.843000,14.800000,287.804000
19762,589.146000,356.001000,11.770000,281.614000
19763,574.307000,349.802000,9.680000,336.682000
19764,459.750000,253.714000,14.360000,323.491000
19765,597.436000,321.433000,9.710000,237.203000
19766,554.628000,309.872000,7.710000,248.105000
19767,602.866000,348.553000,7.421000,296.132000
19768,520.218000,267.362000,12.030000,239.594000
19769,720.703000,253.063000,16.530000,209.455000
19770,527.118000,449.390000,61.798000,417.370000
19771,688.204000,606.855000,14.329000,445.510000
19772,766.022000,463.229000,10.810000,389.291000
19773,599.847000,358.551000,10.569000,286.194000
19774,603.036000,390.091000,12.729000,329.901000
19775,607.256000,347.533000,15.440000,299.063000
19776,571.336000,309.173000,12.809000,267.444000
19777,589.255000,337.632000,10.330000,289.143000
19778,558.297000,335.721000,7.740000,278.234000
19779,572.306000,376.522000,7.600000,292.582000
19780,1014.926000,499.039000,24.760000,438.619000
19781,730.402000,515.118000,12.590000,399.990000
19782,664.035000,407.042000,9.299000,340.302000
19783,608.305000,312.362000,10.139000,253.964000
19784,596.077000,358.132000,8.669000,275.853000
19785,601.266000,373.621000,8.740000,307.393000
19786,611.256000,375.202000,9.630000,297.134000
19787,523.057000,311.753000,11.280000,247.873000
19788,627.385000,368.983000,11.920000,313.942000
19789,488.940000,254.053000,15.620000,224.454000
19790,518.618000,404.930000,20.860000,348.582000
19791,610.976000,341.502000,8.829000,289.402000
19792,641.875000,311.153000,41.809000,260.524000
19793,545.517000,298.503000,11.810000,278.734000
19794,594.305000,322.692000,16.270000,368.580000
19795,533.158000,280.292000,11.190000,236.654000
19796,748.513000,501.677000,8.240000,367.791000
19797,640.665000,381.010000,11.480000,345.832000
19798,520.376000,300.034000,9.740000,260.873000
19799,774.653000,510.147000,7.930000,353.631000
19800,548.487000,445.629000,19.600000,327.252000
19801,743.602000,452.980000,41.138000,347.953000
19802,612.336000,280.703000,17.840000,236.035000
19803,513.968000,329.902000,12.820000,366.321000
19804,667.554000,375.941000,16.539000,304.854000
19805,645.065000,412.969000,9.760000,332.051000
19806,710.903000,434.670000,10.649000,324.892000
19807,745.242000,387.351000,8.220000,387.501000
19808,593.876000,343.393000,26.169000,243.343000
19809,646.585000,362.462000,7.939000,287.823000
19810,604.328000,309.312000,20.269000,262.764000
19811,515.018000,304.714000,15.959000,272.143000
19812,750.793000,417.720000,16.220000,325.602000
19813,587.626000,361.723000,12.200000,307.442000
19814,651.705000,422.480000,10.370000,343.272000
19815,738.363000,370.322000,7.270000,287.572000
19816,595.276000,367.511000,9.460000,305.733000
19817,567.476000,350.613000,9.569000,324.722000
19818,499.839000,283.283000,10.129000,242.074000
19819,669.134000,420.141000,8.550000,346.651000
19820,635.604000,515.469000,19.969000,390.941000
19821,639.785000,382.381000,11.480000,300.562000
19822,608.236000,427.921000,11.799000,316.924000
19823,589.165000,359.632000,21.360000,301.033000
19824,469.109000,297.893000,24.229000,261.194000
19825,649.295000,418.089000,58.149000,325.853000
19826,609.666000,360.450000,9.800000,280.452000
19827,633.866000,343.272000,9.300000,258.283000
19828,645.395000,283.763000,14.870000,246.905000
19829,714.712000,353.742000,11.439000,291.913000
19830,872.889000,566.367000,19.489000,523.328000
19831,526.819000,281.343000,17.820000,238.134000
19832,573.196000,314.013000,10.780000,261.304000
19833,677.744000,411.311000,11.539000,343.972000
19834,581.066000,282.374000,13.920000,234.003000
19835,569.628000,282.353000,11.269000,227.285000
19836,613.785000,377.381000,8.900000,329.003000
19837,279.262000,123.099000,12.459000,121.837000
19838,587.766000,339.481000,9.940000,298.624000
19839,1786.577000,385.341000,24.388000,277.605000
19840,659.794000,520.358000,20.150000,314.863000
19841,660.284000,205.755000,16.630000,198.316000
19842,687.723000,346.272000,10.980000,283.693000
19843,619.265000,326.572000,10.969000,267.154000
19844,741.401000,376.781000,14.200000,329.723000
19845,418.369000,205.166000,9.219000,171.057000
19846,597.896000,345.692000,10.369000,353.322000
19847,878.340000,435.110000,18.590000,320.722000
19848,671.525000,345.023000,12.269000,337.072000
19849,569.617000,326.182000,16.240000,276.422000
19850,626.976000,501.518000,29.320000,462.570000
19851,729.842000,574.176000,12.910000,366.650000
19852,865.809000,284.133000,10.829000,232.275000
19853,626.004000,328.161000,9.981000,285.064000
19854,531.437000,308.003000,9.170000,246.004000
19855,596.975000,321.214000,9.039000,297.812000
19856,450.110000,250.534000,7.099000,217.304000
19857,483.469000,257.074000,8.599000,219.585000
19858,615.215000,327.883000,8.529000,273.823000
19859,595.467000,361.411000,9.370000,294.733000
19860,727.543000,583.526000,23.240000,447.960000
19861,656.274000,348.192000,13.739000,352.641000
19862,591.846000,359.711000,11.850000,293.953000
19863,555.958000,337.982000,11.540000,305.013000
19864,609.656000,274.343000,8.490000,210.325000
19865,601.075000,364.521000,7.541000,336.212000
19866,568.617000,287.193000,14.790000,273.173000
19867,641.995000,306.914000,7.549000,254.773000
19868,694.634000,395.210000,11.529000,323.553000
19869,471.199000,263.114000,14.360000,238.564000
19870,718.593000,534.756000,19.240000,364.011000
19871,681.245000,345.492000,14.650000,311.713000
19872,685.365000,379.131000,15.470000,329.933000
19873,575.826000,300.944000,16.000000,251.804000
19874,581.926000,357.282000,10.580000,297.264000
19875,519.078000,298.873000,14.830000,254.174000
19876,643.564000,325.664000,14.049000,271.293000
19877,616.416000,351.172000,9.511000,309.144000
19878,563.036000,335.633000,9.530000,324.032000
19879,588.215000,374.921000,10.699000,338.793000
19880,745.442000,603.956000,19.710000,539.547000
19881,630.016000,453.130000,19.170000,361.591000
19882,668.354000,468.959000,18.079000,403.391000
19883,539.476000,345.803000,18.210000,256.005000
19884,618.846000,371.011000,13.461000,295.944000
19885,532.658000,248.424000,30.719000,241.503000
19886,562.628000,302.692000,8.510000,248.734000
19887,605.746000,323.762000,10.589000,276.943000
19888,709.823000,408.040000,10.750000,301.861000
19889,597.136000,330.404000,10.250000,270.393000
19890,636.376000,496.379000,16.959000,436.560000
19891,806.351000,332.872000,14.680000,308.643000
19892,555.256000,287.422000,8.501000,258.933000
19893,540.178000,356.652000,10.020000,284.024000
19894,806.461000,501.058000,10.860000,351.101000
19895,511.099000,277.424000,12.189000,255.025000
19896,547.047000,264.754000,10.870000,306.584000
19897,781.682000,371.471000,7.499000,266.503000
19898,660.934000,393.430000,11.130000,338.231000
19899,635.366000,358.112000,12.850000,262.524000
19900,708.434000,525.317000,22.139000,499.049000
19901,500.498000,220.885000,12.420000,197.905000
19902,640.865000,315.253000,14.300000,284.903000
19903,580.698000,307.482000,11.290000,266.614000
19904,812.741000,536.776000,12.070000,322.804000
19905,718.952000,388.531000,10.689000,389.381000
19906,447.689000,205.956000,13.140000,186.465000
19907,542.217000,301.843000,14.560000,258.614000
19908,758.782000,544.677000,19.149000,435.580000
19909,540.329000,297.512000,14.809000,269.834000
19910,678.714000,548.258000,23.449000,402.810000
19911,556.147000,249.504000,11.710000,256.873000
19912,537.598000,278.713000,8.040000,250.294000
19913,788.502000,517.259000,11.200000,433.970000
19914,575.887000,311.404000,10.659000,261.113000
19915,698.335000,367.111000,11.320000,311.292000
19916,647.925000,409.921000,8.990000,321.123000
19917,733.573000,404.851000,43.599000,324.011000
19918,530.917000,294.052000,8.950000,229.904000
19919,859.740000,522.648000,8.531000,390.572000
19920,634.244000,413.360000,18.289000,281.634000
19921,426.310000,242.763000,11.569000,217.465000
19922,410.201000,179.966000,37.250000,257.825000
19923,731.303000,393.261000,11.149000,301.682000
19924,576.376000,326.083000,13.970000,297.043000
19925,634.866000,378.332000,6.489000,288.184000
19926,737.803000,435.839000,7.329000,329.073000
19927,681.572000,384.112000,9.869000,343.513000
19928,537.838000,273.304000,14.930000,235.564000
19929,547.176000,289.403000,13.999000,250.743000
19930,500.229000,388.781000,23.080000,244.055000
19931,629.795000,306.133000,10.570000,281.354000
19932,741.752000,401.990000,10.089000,341.853000
19933,646.404000,332.962000,10.099000,290.793000
19934,512.928000,319.782000,10.910000,278.604000
19935,566.996000,295.353000,14.389000,391.940000
19936,710.403000,385.852000,7.731000,317.771000
19937,1060.215000,400.570000,16.130000,331.432000
19938,540.107000,305.553000,16.119000,267.063000
19939,483.948000,194.005000,14.919000,176.016000
19940,693.354000,547.087000,16.930000,326.692000
19941,671.694000,338.452000,12.470000,351.853000
19942,583.576000,311.232000,10.610000,275.564000
19943,595.026000,346.153000,11.819000,311.504000
19944,582.037000,364.831000,12.550000,420.550000
19945,551.188000,308.863000,11.729000,256.575000
19946,665.284000,369.241000,15.000000,300.722000
19947,594.777000,312.283000,11.329000,272.583000
19948,609.416000,357.122000,14.610000,302.192000
19949,722.863000,429.881000,13.269000,335.921000
19950,597.486000,455.570000,15.940000,406.310000
19951,689.613000,230.055000,13.050000,203.965000
19952,608.036000,297.953000,11.850000,297.242000
19953,650.775000,316.893000,11.869000,281.253000
19954,706.403000,425.310000,10.080000,511.558000
19955,960.058000,427.160000,16.210000,378.971000
19956,521.077000,278.085000,12.419000,270.052000
19957,642.805000,367.852000,7.409000,350.582000
19958,485.169000,219.634000,13.289000,187.527000
19959,476.398000,278.044000,17.309000,251.084000
19960,789.690000,592.146000,23.929000,347.781000
19961,684.094000,340.222000,9.660000,317.052000
19962,558.177000,250.504000,8.820000,218.955000
19963,670.184000,379.052000,9.409000,328.772000
19964,622.675000,374.671000,10.249000,284.034000
19965,615.165000,318.211000,29.209000,261.584000
19966,534.517000,303.033000,8.740000,243.054000
19967,620.975000,309.702000,7.390000,265.384000
19968,639.185000,375.911000,7.880000,330.582000
19969,581.686000,317.743000,11.830000,263.972000
19970,690.954000,331.143000,15.589000,327.603000
19971,442.789000,190.176000,10.379000,182.196000
19972,383.020000,214.165000,8.230000,218.746000
19973,657.396000,370.751000,9.700000,340.572000
19974,646.725000,339.872000,8.920000,268.164000
19975,568.327000,255.434000,12.750000,242.155000
19976,570.706000,321.873000,8.259000,253.615000
19977,623.016000,317.413000,11.891000,272.623000
19978,634.185000,344.043000,11.100000,299.852000
19979,708.113000,383.751000,7.080000,300.432000
19980,715.934000,327.832000,16.989000,308.543000
19981,456.650000,224.834000,9.251000,211.024000
19982,650.584000,366.302000,11.609000,338.352000
19983,613.776000,357.391000,14.320000,355.551000
19984,412.180000,203.185000,9.680000,172.756000
19985,659.224000,360.721000,17.211000,286.393000
19986,747.972000,356.213000,12.510000,287.703000
19987,519.738000,265.133000,8.600000,224.595000
19988,505.459000,272.884000,6.310000,217.834000
19989,520.218000,302.194000,8.959000,352.582000
19990,796.741000,503.559000,21.870000,312.943000
19991,637.576000,292.524000,13.849000,259.433000
19992,540.538000,325.261000,10.809000,292.533000
19993,549.067000,261.194000,11.260000,250.553000
19994,506.549000,290.713000,8.460000,213.275000
19995,562.978000,312.292000,11.890000,277.804000
19996,645.314000,403.000000,48.059000,423.169000
19997,680.813000,381.061000,41.569000,295.903000
19998,591.216000,261.655000,10.131000,228.925000
19999,476.859000,213.815000,2614.858000,310.193000
