cycle,update_changed_us,restore_us,remove_us,readd_us
0,526.667000,313.593000,11.560000,280.332000
1,684.814000,372.102000,4.649000,300.073000
2,490.378000,245.045000,4.310000,209.105000
3,742.022000,449.870000,3.550000,341.593000
4,591.846000,340.372000,4.080000,281.983000
5,768.222000,471.229000,9.589000,374.742000
6,622.356000,410.210000,16.639000,343.153000
7,518.177000,288.304000,4.100000,233.124000
8,533.938000,309.374000,3.139000,267.973000
9,600.066000,380.100000,2.150000,295.533000
10,666.294000,396.200000,4.600000,329.703000
11,710.653000,408.241000,3.539000,350.084000
12,512.399000,281.784000,7.680000,278.923000
13,779.841000,466.109000,7.771000,357.051000
14,589.006000,345.422000,13.090000,281.013000
15,607.536000,367.552000,6.600000,290.303000
16,658.125000,398.850000,2.070000,311.763000
17,764.213000,468.348000,7.581000,372.121000
18,706.334000,431.141000,3.740000,315.093000
19,632.526000,374.881000,1.790000,297.523000
20,760.103000,409.231000,7.830000,385.451000
21,743.002000,459.069000,5.960000,381.031000
22,692.754000,409.601000,2.640000,355.812000
23,696.872000,413.160000,1.800000,303.203000
24,766.532000,477.479000,3.130000,388.900000
25,636.735000,365.031000,2.020000,270.464000
26,843.610000,507.498000,8.490000,397.501000
27,696.444000,453.708000,4.301000,380.142000
28,728.383000,420.180000,4.790000,335.362000
29,736.644000,479.057000,3.100000,333.402000
30,496.357000,262.994000,4.360000,226.635000
31,692.673000,400.312000,6.039000,359.503000
32,655.036000,380.321000,4.270000,276.733000
33,615.076000,379.201000,3.649000,310.843000
34,502.307000,317.933000,7.030000,293.442000
35,751.103000,471.778000,3.189000,370.563000
36,832.841000,521.197000,2.411000,390.710000
37,643.335000,367.761000,9.669000,298.554000
38,748.022000,442.020000,3.330000,355.851000
39,657.985000,409.640000,2.609000,334.382000
40,714.112000,409.720000,15.720000,355.511000
41,628.445000,344.562000,19.449000,299.163000
42,559.066000,345.452000,15.409000,289.543000
43,754.113000,476.018000,4.060000,357.141000
44,676.725000,414.710000,2.880000,319.972000
45,727.943000,449.220000,6.670000,345.871000
46,720.003000,452.359000,2.779000,383.431000
47,636.634000,369.801000,4.689000,293.684000
48,535.687000,311.893000,2.430000,258.424000
49,731.722000,463.999000,2.089000,353.261000
50,716.044000,445.800000,2.380000,351.012000
51,705.414000,394.810000,8.690000,352.441000
52,538.887000,315.023000,7.790000,281.083000
53,708.673000,414.551000,2.180000,316.632000
54,640.284000,368.671000,1.690000,281.333000
55,754.072000,483.368000,1.770000,365.881000
56,732.802000,397.471000,2.080000,308.414000
57,778.651000,466.229000,2.039000,391.820000
58,652.095000,370.941000,1.220000,285.303000
59,641.354000,398.441000,1.180000,310.243000
60,595.896000,312.872000,2.640000,269.734000
61,793.271000,450.359000,3.181000,360.771000
62,498.839000,281.724000,1.480000,243.265000
63,593.856000,344.271000,7.469000,308.713000
64,573.097000,345.451000,19.169000,302.683000
65,719.102000,445.340000,5.360000,335.452000
66,629.355000,367.661000,1.859000,280.874000
67,489.349000,256.533000,1.860000,237.624000
68,742.823000,451.188000,2.520000,332.163000
69,523.787000,314.233000,2.549000,255.732000
70,648.636000,364.471000,20.230000,327.632000
71,571.737000,311.673000,7.960000,283.433000
72,699.653000,400.450000,4.280000,318.743000
73,775.602000,487.099000,2.650000,364.391000
74,528.347000,349.141000,1.240000,281.693000
75,620.875000,359.661000,1.170000,283.124000
76,738.242000,437.360000,1.360000,335.832000
77,660.434000,397.420000,1.851000,300.263000
78,605.126000,368.191000,3.930000,297.153000
79,788.952000,461.558000,1.900000,356.102000
80,658.973000,397.221000,2.149000,331.753000
81,587.156000,329.902000,5.230000,314.093000
82,760.672000,502.328000,4.139000,364.731000
83,604.666000,349.682000,8.480000,285.093000
84,633.415000,389.831000,8.800000,324.742000
85,731.943000,469.279000,2.590000,347.712000
86,681.474000,431.279000,4.209000,337.103000
87,649.255000,387.360000,11.429000,321.452000
88,761.832000,462.189000,8.769000,371.251000
89,595.957000,348.023000,4.899000,283.702000
90,669.675000,356.231000,9.240000,309.823000
91,596.156000,317.052000,10.020000,281.034000
92,647.145000,399.541000,3.930000,323.852000
93,671.415000,451.970000,2.550000,341.411000
94,544.126000,317.113000,1.141000,258.164000
95,664.523000,372.351000,2.960000,283.614000
96,610.717000,333.971000,1.900000,258.585000
97,704.934000,450.168000,1.349000,339.253000
98,456.380000,279.103000,6.990000,248.764000
99,724.142000,461.429000,2.050000,331.872000
100,722.593000,382.892000,4.389000,364.212000
101,657.005000,444.939000,4.299000,323.813000
102,659.815000,383.591000,6.430000,317.422000
103,742.672000,419.670000,2.470000,320.713000
104,716.122000,431.830000,8.769000,330.203000
105,780.121000,488.938000,4.159000,350.892000
106,598.506000,354.471000,4.529000,284.874000
107,859.379000,513.099000,2.160000,357.042000
108,748.672000,425.630000,18.130000,352.022000
109,492.869000,244.444000,2.891000,249.965000
110,728.102000,407.761000,2.650000,384.402000
111,640.804000,342.433000,2.779000,286.302000
112,696.004000,424.950000,2.390000,324.623000
113,765.623000,452.849000,1.810000,375.471000
114,659.775000,430.710000,2.560000,329.063000
115,814.360000,431.138000,11.179000,348.223000
116,568.777000,297.712000,3.809000,234.485000
117,764.563000,425.049000,1.890000,316.543000
118,841.640000,466.348000,2.141000,328.692000
119,647.486000,356.141000,2.181000,278.653000
120,697.833000,378.282000,6.769000,307.893000
121,747.342000,375.621000,2.070000,308.902000
122,631.614000,320.293000,1.750000,277.644000
123,564.976000,310.632000,18.399000,278.654000
124,715.633000,451.000000,8.580000,374.071000
125,628.715000,369.301000,4.630000,288.173000
126,748.422000,404.711000,8.509000,332.483000
127,672.224000,384.991000,2.160000,353.453000
128,604.245000,366.932000,4.899000,309.841000
129,588.846000,388.362000,1.840000,318.232000
130,736.322000,424.680000,2.930000,342.923000
131,685.113000,413.560000,4.220000,335.343000
132,686.463000,377.881000,1.870000,297.803000
133,715.602000,403.191000,5.089000,342.203000
134,660.964000,369.802000,2.790000,280.684000
135,458.458000,241.835000,13.230000,214.095000
136,624.825000,358.661000,4.770000,281.993000
137,527.937000,287.143000,3.200000,258.644000
138,460.039000,273.175000,1.589000,235.694000
139,775.532000,470.519000,5.269000,399.091000
140,772.132000,379.610000,3.070000,343.252000
141,697.724000,402.191000,4.010000,322.662000
142,626.706000,398.790000,2.870000,301.533000
143,703.453000,443.119000,2.480000,328.122000
144,556.567000,310.922000,1.191000,247.134000
145,651.815000,396.441000,4.300000,311.223000
146,733.934000,458.298000,5.229000,341.242000
147,817.941000,488.759000,5.129000,352.392000
148,633.475000,337.382000,7.790000,275.714000
149,743.931000,446.430000,2.270000,352.311000
150,541.017000,291.584000,3.200000,229.045000
151,738.872000,389.471000,2.320000,357.961000
152,713.365000,413.430000,7.371000,347.762000
153,849.470000,488.789000,2.640000,366.651000
154,760.302000,467.460000,2.860000,358.082000
155,731.953000,469.298000,11.970000,398.741000
156,684.605000,417.050000,4.320000,309.932000
157,780.881000,445.830000,1.570000,317.993000
158,588.976000,347.541000,3.030000,263.924000
159,816.301000,472.418000,4.631000,354.572000
160,640.385000,338.112000,9.970000,298.993000
161,872.490000,494.119000,2.710000,385.570000
162,646.305000,389.340000,3.760000,304.622000
163,587.986000,330.343000,2.510000,352.572000
164,654.945000,400.950000,2.379000,303.753000
165,863.500000,493.468000,2.030000,348.921000
166,719.243000,409.951000,1.950000,328.672000
167,533.837000,279.383000,1.550000,240.395000
168,600.296000,316.012000,5.330000,249.764000
169,697.693000,444.850000,4.720000,330.364000
170,760.342000,362.742000,3.190000,338.241000
171,844.490000,386.290000,15.350000,336.752000
172,718.972000,392.151000,11.930000,350.571000
173,740.533000,449.909000,2.749000,341.813000
174,612.526000,327.012000,19.169000,311.024000
175,743.582000,458.699000,3.230000,332.182000
176,778.832000,501.078000,1.540000,391.090000
177,716.552000,430.020000,1.180000,318.904000
178,586.805000,297.393000,1.110000,263.204000
179,738.022000,439.130000,1.819000,342.072000
180,744.912000,432.739000,1.980000,350.131000
181,760.753000,439.830000,5.111000,345.313000
182,724.763000,446.829000,2.580000,343.923000
183,549.106000,292.394000,1.311000,248.474000
184,764.262000,445.819000,3.820000,362.421000
185,684.474000,435.550000,12.768000,374.102000
186,631.056000,365.492000,3.249000,278.553000
187,767.133000,451.499000,17.129000,385.141000
188,742.434000,479.047000,3.549000,336.273000
189,783.991000,461.290000,7.371000,361.112000
190,696.894000,378.772000,3.110000,321.392000
191,451.280000,202.125000,6.970000,207.205000
192,671.644000,334.122000,2.000000,292.174000
193,719.563000,456.940000,2.449000,400.121000
194,746.003000,430.350000,17.350000,354.812000
195,661.565000,366.131000,2.950000,315.373000
196,683.444000,346.732000,11.440000,326.261000
197,564.066000,360.162000,19.250000,331.372000
198,494.248000,246.824000,4.650000,250.414000
199,792.551000,461.840000,1.960000,345.121000
200,560.257000,234.955000,5.730000,229.954000
201,793.911000,422.260000,1.980000,330.922000
202,634.935000,311.953000,6.191000,296.042000
203,707.824000,367.500000,3.299000,289.484000
204,812.221000,495.167000,1.840000,330.604000
205,664.314000,415.591000,1.451000,351.343000
206,692.973000,389.841000,1.150000,299.134000
207,524.487000,261.454000,1.620000,235.735000
208,755.871000,394.380000,1.710000,305.694000
209,832.831000,527.607000,1.940000,379.671000
210,639.825000,353.353000,12.549000,337.393000
211,905.518000,570.686000,2.539000,399.841000
212,761.602000,485.839000,6.951000,354.581000
213,775.971000,435.470000,5.851000,330.021000
214,637.295000,340.562000,11.571000,289.963000
215,688.914000,415.340000,3.539000,328.342000
216,466.338000,258.563000,2.250000,227.185000
217,583.157000,345.733000,9.370000,288.992000
218,763.512000,466.349000,8.600000,360.191000
219,708.155000,411.430000,2.311000,316.332000
220,832.551000,458.480000,3.060000,365.261000
221,684.845000,390.380000,2.600000,311.492000
222,660.225000,442.689000,1.550000,368.081000
223,555.286000,295.583000,1.461000,236.754000
224,516.127000,331.473000,1.461000,284.142000
225,585.866000,335.283000,2.781000,271.132000
226,757.962000,456.058000,1.390000,343.012000
227,770.052000,483.239000,3.570000,378.921000
228,689.533000,414.870000,2.289000,324.542000
229,761.432000,486.189000,2.600000,361.311000
230,720.983000,390.881000,3.060000,311.943000
231,713.413000,406.730000,14.790000,350.262000
232,710.004000,390.821000,10.200000,326.302000
233,845.291000,527.398000,4.099000,393.220000
234,780.762000,460.159000,2.850000,335.242000
235,898.148000,463.480000,8.670000,373.321000
236,609.155000,333.213000,5.779000,308.452000
237,834.960000,556.337000,2.580000,411.261000
238,597.546000,343.022000,1.810000,277.873000
239,705.234000,421.361000,1.249000,348.251000
240,762.773000,407.400000,1.381000,329.221000
241,773.970000,453.739000,1.311000,356.651000
242,697.603000,408.040000,1.120000,323.282000
243,729.464000,461.097000,2.040000,340.273000
244,530.577000,288.844000,1.450000,250.553000
245,777.043000,450.320000,1.170000,363.713000
246,796.572000,477.419000,15.541000,370.792000
247,699.863000,407.611000,2.810000,294.903000
248,722.382000,450.209000,1.270000,332.422000
249,624.715000,346.232000,16.968000,314.694000
250,611.975000,283.793000,6.169000,261.494000
251,760.692000,410.230000,4.099000,331.654000
252,718.633000,379.022000,1.819000,318.213000
253,668.733000,378.040000,17.069000,342.593000
254,809.071000,486.559000,3.320000,354.131000
255,694.764000,379.460000,2.600000,283.914000
256,717.832000,430.870000,1.511000,340.722000
257,732.822000,421.329000,10.490000,337.552000
258,592.646000,371.792000,1.980000,292.742000
259,612.435000,382.071000,1.310000,320.813000
260,779.012000,449.409000,10.760000,378.401000
261,753.023000,414.320000,2.670000,341.922000
262,635.816000,371.831000,2.310000,305.693000
263,666.555000,404.041000,2.340000,317.863000
264,605.686000,388.940000,5.580000,312.962000
265,671.585000,391.541000,1.459000,301.964000
266,573.576000,318.512000,2.759000,273.604000
267,803.651000,479.559000,1.970000,413.629000
268,434.829000,239.555000,4.209000,272.645000
269,550.636000,281.164000,2.100000,250.704000
270,716.324000,347.181000,1.520000,316.973000
271,748.954000,390.440000,1.440000,319.162000
272,630.675000,337.613000,18.289000,295.533000
273,547.517000,294.354000,4.590000,255.174000
274,807.881000,515.917000,2.291000,362.141000
275,688.204000,369.321000,2.750000,292.944000
276,646.244000,372.920000,3.661000,325.411000
277,730.254000,415.610000,1.700000,327.362000
278,671.765000,368.420000,17.180000,293.912000
279,597.127000,324.613000,4.631000,267.834000
280,778.063000,370.321000,2.010000,330.072000
281,738.723000,387.461000,4.900000,375.852000
282,609.665000,322.842000,1.990000,273.424000
283,689.513000,422.420000,1.469000,334.783000
284,771.392000,500.419000,1.630000,360.092000
285,644.235000,362.361000,3.981000,274.123000
286,683.045000,422.510000,1.489000,324.932000
287,593.197000,302.042000,4.050000,271.634000
288,663.293000,395.482000,6.550000,328.272000
289,526.937000,263.734000,3.690000,233.465000
290,641.376000,386.951000,6.460000,328.252000
291,560.517000,324.322000,1.859000,279.284000
292,517.117000,337.113000,1.920000,294.092000
293,555.387000,333.493000,1.670000,290.242000
294,660.354000,337.402000,11.061000,313.643000
295,572.437000,333.071000,2.450000,295.233000
296,735.152000,440.159000,10.520000,333.833000
297,805.712000,454.488000,2.170000,332.663000
298,738.422000,422.441000,1.731000,313.013000
299,689.313000,389.851000,1.310000,296.244000
300,713.673000,382.721000,2.050000,347.121000
301,611.816000,371.001000,1.430000,347.822000
302,571.108000,338.202000,3.200000,278.113000
303,360.291000,180.946000,6.449000,166.156000
304,611.195000,377.871000,2.089000,300.743000
305,641.764000,416.560000,2.749000,315.963000
306,752.102000,431.310000,1.429000,341.183000
307,788.421000,458.358000,3.790000,362.922000
308,819.791000,465.888000,2.550000,341.423000
309,750.322000,445.049000,1.370000,330.542000
310,805.531000,444.009000,4.500000,355.512000
311,619.165000,352.862000,9.129000,332.824000
312,649.003000,321.603000,2.370000,269.133000
313,588.196000,330.982000,8.600000,276.174000
314,717.212000,428.809000,2.000000,347.702000
315,541.958000,326.401000,3.090000,287.833000
316,766.912000,458.179000,2.330000,335.882000
317,697.324000,474.269000,1.350000,353.301000
318,824.420000,447.320000,9.549000,373.521000
319,532.088000,265.725000,4.210000,231.665000
320,681.564000,304.223000,9.120000,277.922000
321,779.601000,401.061000,4.229000,337.632000
322,617.905000,328.293000,2.040000,271.543000
323,550.466000,355.982000,1.470000,298.813000
324,699.523000,397.181000,2.480000,347.333000
325,787.501000,512.847000,3.379000,373.912000
326,709.812000,425.261000,2.540000,329.541000
327,539.418000,282.633000,8.160000,243.405000
328,564.637000,303.084000,4.940000,253.745000
329,781.642000,452.689000,12.139000,347.232000
330,761.291000,412.021000,4.190000,346.312000
331,732.473000,392.631000,9.720000,346.492000
332,657.695000,367.321000,16.280000,325.342000
333,732.853000,437.349000,3.420000,339.751000
334,637.236000,415.860000,5.340000,325.482000
335,549.858000,350.422000,11.409000,287.322000
336,632.095000,380.231000,2.740000,293.973000
337,677.734000,401.990000,2.320000,331.731000
338,773.931000,469.519000,1.680000,341.612000
339,734.623000,432.059000,2.630000,354.722000
340,783.901000,433.670000,1.600000,328.312000
341,775.011000,485.339000,3.830000,443.490000
342,732.922000,379.351000,5.400000,295.943000
343,709.253000,404.990000,4.351000,315.484000
344,689.784000,436.188000,2.770000,329.093000
345,858.770000,530.887000,1.430000,387.011000
346,621.985000,344.891000,1.140000,262.744000
347,742.952000,440.539000,2.720000,339.313000
348,538.717000,303.002000,3.061000,259.404000
349,722.904000,457.768000,3.970000,357.192000
350,572.626000,291.774000,3.300000,248.434000
351,712.512000,409.011000,3.501000,328.113000
352,759.012000,461.859000,4.190000,366.961000
353,607.966000,336.462000,1.709000,304.104000
354,694.033000,453.710000,3.809000,341.201000
355,673.305000,356.500000,2.009000,299.194000
356,717.203000,344.324000,21.240000,321.252000
357,575.236000,341.492000,3.280000,264.962000
358,745.753000,449.629000,1.979000,347.233000
359,565.946000,315.133000,2.960000,267.284000
360,799.061000,384.491000,14.370000,381.410000
361,483.619000,216.534000,3.690000,227.734000
362,702.504000,360.051000,3.381000,303.654000
363,716.213000,402.621000,2.360000,332.623000
364,737.973000,414.609000,1.141000,302.002000
365,598.607000,345.412000,1.440000,278.063000
366,727.643000,394.411000,1.110000,312.051000
367,789.602000,438.949000,14.821000,393.870000
368,713.163000,409.510000,6.220000,322.772000
369,621.225000,313.183000,1.450000,248.305000
370,564.666000,297.233000,1.240000,262.864000
371,669.064000,350.342000,5.520000,286.563000
372,675.065000,386.600000,2.920000,334.512000
373,600.885000,328.694000,2.609000,254.463000
374,724.374000,453.389000,2.280000,346.142000
375,803.310000,477.798000,3.660000,350.751000
376,694.383000,397.782000,1.488000,307.203000
377,667.585000,416.710000,1.270000,322.061000
378,721.734000,404.731000,1.710000,322.612000
379,709.124000,351.641000,16.360000,322.912000
380,709.523000,320.494000,8.890000,334.362000
381,678.634000,306.022000,5.790000,275.803000
382,614.386000,300.932000,1.949000,271.934000
383,568.546000,286.373000,2.150000,260.323000
384,753.053000,435.800000,6.610000,332.512000
385,700.024000,389.301000,2.440000,301.862000
386,608.426000,372.570000,1.621000,289.333000
387,462.809000,231.165000,2.360000,194.586000
388,637.024000,343.163000,5.630000,312.983000
389,757.263000,425.389000,2.520000,319.624000
390,803.241000,388.021000,7.270000,346.731000
391,769.293000,390.301000,2.160000,320.842000
392,647.975000,374.721000,2.751000,333.442000
393,654.593000,393.121000,3.280000,324.793000
394,708.312000,400.771000,2.400000,308.124000
395,686.465000,399.521000,12.230000,318.693000
396,791.101000,454.089000,2.949000,344.422000
397,785.942000,441.990000,4.170000,322.852000
398,782.482000,455.798000,5.501000,367.891000
399,564.196000,331.862000,1.710000,280.974000
400,777.952000,406.230000,4.600000,356.582000
401,703.564000,356.571000,1.750000,293.434000
402,613.526000,323.823000,5.769000,380.581000
403,708.563000,405.190000,1.920000,312.182000
404,840.750000,464.829000,14.060000,356.581000
405,690.784000,388.960000,2.440000,324.841000
406,720.734000,369.321000,8.400000,306.672000
407,754.732000,431.430000,4.261000,354.290000
408,543.726000,271.343000,2.790000,225.015000
409,791.861000,426.360000,2.000000,321.112000
410,561.487000,241.454000,2.210000,263.674000
411,406.800000,166.806000,1.180000,158.317000
412,693.303000,379.091000,5.100000,323.493000
413,658.283000,344.183000,6.560000,282.173000
414,711.833000,440.889000,3.440000,340.872000
415,585.946000,326.203000,2.360000,253.303000
416,458.529000,235.084000,2.160000,199.165000
417,477.179000,278.124000,2.100000,242.905000
418,636.796000,373.052000,1.291000,317.063000
419,685.444000,364.861000,17.110000,315.343000
420,739.783000,341.241000,5.741000,306.244000
421,590.635000,294.673000,1.300000,264.283000
422,821.110000,416.250000,1.410000,344.372000
423,507.288000,267.894000,4.150000,216.825000
424,666.785000,408.621000,2.310000,320.863000
425,651.833000,363.143000,19.359000,313.442000
426,713.232000,426.080000,2.780000,314.213000
427,605.605000,369.191000,4.770000,311.273000
428,695.323000,351.422000,3.729000,278.873000
429,686.523000,386.671000,20.230000,332.852000
430,800.521000,405.721000,9.701000,373.730000
431,751.572000,375.540000,18.830000,342.473000
432,446.208000,215.125000,2.850000,208.785000
433,867.361000,480.568000,17.300000,372.241000
434,704.962000,364.633000,4.360000,300.563000
435,610.235000,306.213000,3.300000,264.413000
436,765.632000,448.348000,2.850000,349.392000
437,669.353000,423.410000,2.200000,340.953000
438,642.854000,360.132000,10.010000,318.382000
439,707.044000,426.140000,2.790000,340.111000
440,650.595000,367.851000,2.190000,318.133000
441,786.802000,365.351000,3.530000,331.562000
442,722.943000,377.690000,4.090000,335.312000
443,579.935000,301.413000,1.540000,249.304000
444,809.391000,474.049000,1.619000,336.313000
445,691.943000,369.722000,1.810000,321.942000
446,783.472000,416.470000,19.670000,327.322000
447,701.554000,405.871000,6.760000,323.232000
448,721.293000,394.260000,4.920000,302.642000
449,761.253000,414.289000,2.691000,315.223000
450,755.011000,359.701000,1.640000,335.942000
451,728.883000,359.931000,9.240000,325.073000
452,635.354000,298.744000,17.409000,347.131000
453,850.551000,413.380000,3.950000,324.332000
454,613.476000,306.514000,5.420000,269.694000
455,635.884000,339.432000,1.831000,264.892000
456,502.898000,238.125000,1.869000,200.816000
457,857.689000,482.679000,1.420000,361.321000
458,751.783000,398.991000,2.850000,311.242000
459,668.634000,355.202000,1.389000,280.445000
460,724.273000,315.352000,57.169000,329.332000
461,735.883000,406.230000,5.430000,340.761000
462,838.201000,464.020000,2.780000,391.470000
463,638.546000,379.181000,4.790000,338.881000
464,818.011000,420.320000,6.020000,345.451000
465,659.785000,403.071000,2.390000,327.792000
466,674.894000,385.530000,1.579000,300.184000
467,598.496000,312.903000,7.410000,266.724000
468,816.152000,462.489000,3.510000,372.641000
469,724.362000,444.210000,3.750000,342.131000
470,743.643000,367.161000,2.351000,308.553000
471,694.803000,322.003000,1.430000,265.014000
472,815.421000,478.428000,2.200000,380.382000
473,744.993000,441.320000,1.640000,329.161000
474,580.175000,344.861000,2.620000,300.653000
475,558.497000,313.183000,2.270000,253.313000
476,600.476000,326.143000,14.450000,306.323000
477,555.138000,300.192000,10.449000,281.483000
478,666.393000,386.372000,2.180000,321.141000
479,585.416000,315.903000,4.700000,272.033000
480,594.387000,249.604000,16.510000,284.154000
481,776.881000,372.861000,2.950000,356.801000
482,803.502000,398.511000,1.560000,319.961000
483,690.194000,362.631000,1.230000,304.763000
484,840.411000,457.869000,4.990000,348.472000
485,699.494000,393.711000,2.260000,335.052000
486,716.933000,410.251000,1.911000,333.072000
487,611.666000,336.663000,1.869000,281.034000
488,671.955000,405.160000,1.589000,349.871000
489,947.228000,516.249000,16.849000,396.131000
490,772.671000,355.131000,21.891000,353.211000
491,530.407000,277.433000,2.701000,241.744000
492,656.375000,353.011000,4.860000,278.444000
493,775.873000,461.489000,2.471000,351.772000
494,547.667000,330.423000,6.579000,288.543000
495,692.904000,392.580000,10.090000,332.721000
496,674.984000,393.451000,13.030000,363.352000
497,677.815000,370.471000,2.720000,291.563000
498,585.295000,352.002000,1.700000,268.554000
499,752.031000,432.829000,1.400000,310.883000
500,711.152000,407.990000,5.380000,391.471000
501,798.562000,384.693000,12.229000,344.042000
502,748.902000,441.370000,2.259000,318.862000
503,603.086000,338.693000,1.080000,267.523000
504,648.984000,361.901000,2.071000,279.972000
505,577.997000,322.734000,3.200000,343.652000
506,670.274000,384.191000,1.560000,314.872000
507,787.671000,456.650000,3.149000,357.941000
508,706.523000,421.621000,8.990000,327.402000
509,648.105000,364.312000,3.290000,313.844000
510,700.833000,326.873000,2.320000,287.502000
511,731.074000,367.851000,20.680000,358.011000
512,783.451000,427.440000,3.840000,345.023000
513,778.732000,446.229000,1.899000,357.022000
514,777.881000,381.240000,2.661000,309.543000
515,641.284000,355.412000,1.290000,279.223000
516,719.022000,395.751000,1.350000,324.983000
517,734.863000,406.540000,3.160000,300.492000
518,674.193000,356.673000,3.320000,307.162000
519,724.943000,423.230000,2.040000,315.552000
520,803.832000,406.861000,2.610000,338.972000
521,706.314000,352.551000,1.909000,298.262000
522,729.814000,372.941000,1.920000,344.171000
523,606.556000,316.203000,1.880000,249.495000
524,598.776000,333.672000,1.880000,253.965000
525,749.921000,446.429000,3.469000,329.312000
526,661.664000,370.571000,7.179000,325.742000
527,676.584000,364.791000,2.750000,294.164000
528,756.283000,402.361000,1.930000,315.393000
529,902.988000,506.409000,9.910000,398.801000
530,719.723000,362.072000,3.970000,313.872000
531,543.497000,253.655000,2.920000,246.285000
532,622.465000,310.872000,3.660000,263.344000
533,729.294000,413.700000,2.870000,319.372000
534,701.645000,409.681000,4.190000,337.272000
535,461.149000,230.174000,3.250000,219.784000
536,790.352000,427.858000,1.240000,333.853000
537,714.832000,421.130000,1.320000,300.594000
538,652.196000,349.711000,2.500000,273.522000
539,807.541000,479.807000,3.301000,450.340000
540,668.814000,277.364000,1.570000,269.934000
541,755.302000,411.380000,3.190000,336.752000
542,697.544000,373.132000,1.709000,299.184000
543,739.573000,404.710000,7.160000,368.471000
544,642.745000,362.052000,2.860000,289.524000
545,640.335000,340.812000,3.379000,263.234000
546,815.620000,459.189000,8.889000,357.162000
547,617.545000,333.032000,8.810000,288.574000
548,716.712000,433.610000,4.030000,321.411000
549,715.183000,377.330000,1.661000,316.373000
550,734.333000,328.912000,2.700000,304.054000
551,724.902000,363.202000,2.660000,312.943000
552,611.105000,307.973000,2.629000,267.863000
553,780.481000,433.900000,16.169000,358.281000
554,774.532000,427.400000,10.541000,339.573000
555,714.783000,418.050000,5.210000,334.591000
556,710.134000,398.331000,15.759000,340.071000
557,636.876000,346.312000,5.760000,327.292000
558,754.812000,471.149000,3.570000,341.533000
559,638.315000,344.962000,3.831000,333.993000
560,708.933000,434.220000,2.260000,337.022000
561,742.752000,367.511000,2.179000,319.404000
562,738.933000,451.820000,1.341000,330.731000
563,489.668000,219.285000,2.770000,193.365000
564,426.350000,242.875000,10.249000,228.015000
565,707.113000,381.281000,2.190000,301.203000
566,837.951000,436.841000,7.929000,351.392000
567,724.823000,401.981000,6.229000,341.253000
568,715.823000,390.710000,2.680000,330.703000
569,737.913000,424.270000,8.110000,351.811000
570,648.085000,300.634000,17.629000,264.324000
571,707.813000,337.462000,1.640000,312.283000
572,665.944000,377.782000,3.400000,324.201000
573,650.895000,372.581000,7.280000,304.713000
574,693.775000,414.910000,2.910000,309.242000
575,764.703000,449.079000,2.510000,347.331000
576,799.301000,428.230000,2.461000,308.181000
577,626.686000,318.533000,1.630000,264.043000
578,710.114000,421.650000,1.990000,320.122000
579,544.138000,315.922000,2.021000,269.884000
580,683.924000,327.452000,2.240000,307.572000
581,775.051000,418.960000,1.190000,351.081000
582,548.307000,317.112000,3.360000,280.384000
583,702.903000,410.260000,2.950000,326.953000
584,568.016000,336.262000,1.170000,239.854000
585,663.494000,369.082000,0.960000,345.932000
586,669.235000,420.761000,1.581000,308.662000
587,629.935000,375.271000,1.270000,262.604000
588,722.124000,441.259000,3.950000,301.593000
589,691.994000,374.311000,21.670000,307.093000
590,624.465000,280.243000,3.960000,282.644000
591,752.142000,375.042000,3.539000,320.553000
592,869.799000,429.171000,2.660000,334.821000
593,804.101000,428.250000,21.579000,356.052000
594,705.633000,387.680000,3.911000,306.093000
595,516.509000,304.952000,2.000000,302.123000
596,748.132000,445.969000,1.950000,345.582000
597,730.092000,401.222000,6.859000,322.613000
598,692.933000,418.010000,10.891000,321.002000
599,720.673000,400.651000,9.370000,314.833000
600,704.284000,324.202000,4.310000,295.373000
601,719.333000,329.873000,1.621000,308.621000
602,669.814000,404.481000,1.370000,319.451000
603,794.970000,511.448000,5.040000,359.721000
604,743.593000,438.669000,2.189000,325.333000
605,711.302000,388.670000,1.330000,291.094000
606,508.428000,262.575000,10.559000,248.055000
607,584.056000,301.453000,2.169000,241.644000
608,760.863000,403.891000,3.300000,329.432000
609,780.401000,450.709000,13.730000,352.432000
610,751.692000,372.432000,3.899000,311.054000
611,693.943000,337.793000,3.320000,300.132000
612,665.014000,351.042000,1.459000,304.684000
613,731.722000,415.651000,1.110000,314.292000
614,702.202000,426.520000,1.029000,352.780000
615,583.556000,395.652000,1.171000,303.852000
616,559.487000,391.841000,1.170000,312.793000
617,777.392000,467.480000,4.720000,347.121000
618,650.065000,370.791000,19.480000,281.163000
619,641.874000,365.072000,2.611000,282.192000
620,628.256000,274.203000,3.800000,288.924000
621,740.592000,363.612000,15.000000,338.142000
622,735.343000,431.481000,2.310000,332.282000
623,726.333000,415.040000,1.250000,326.792000
624,735.323000,448.260000,4.140000,338.811000
625,635.426000,360.951000,1.680000,263.744000
626,722.462000,398.930000,4.790000,378.210000
627,775.893000,380.520000,2.150000,282.953000
628,661.744000,377.211000,1.400000,311.844000
629,669.253000,365.562000,1.500000,292.472000
630,528.187000,286.764000,7.529000,277.612000
631,595.705000,276.453000,2.050000,253.575000
632,655.164000,322.733000,1.560000,276.793000
633,662.604000,367.672000,1.341000,291.373000
634,648.045000,358.732000,1.829000,319.903000
635,788.922000,527.567000,3.289000,365.321000
636,595.046000,325.593000,2.269000,273.163000
637,547.369000,253.434000,4.440000,208.065000
638,705.674000,374.260000,19.869000,423.210000
639,581.426000,317.654000,12.339000,283.872000
640,664.595000,295.125000,11.549000,279.043000
641,773.532000,364.761000,2.461000,316.272000
642,578.047000,268.925000,6.311000,243.495000
643,779.762000,457.020000,5.760000,338.542000
644,724.274000,418.150000,6.349000,321.543000
645,613.216000,352.312000,4.210000,293.503000
646,648.364000,359.102000,1.451000,294.983000
647,789.701000,431.870000,2.750000,323.893000
648,576.977000,298.341000,3.780000,250.495000
649,789.142000,469.899000,3.510000,339.962000
650,771.401000,367.853000,4.000000,336.052000
651,734.632000,388.690000,7.900000,311.523000
652,641.954000,354.290000,2.661000,280.523000
653,663.534000,392.601000,1.331000,322.123000
654,661.584000,357.501000,6.750000,272.753000
655,603.657000,345.112000,2.019000,275.733000
656,730.154000,409.320000,0.810000,301.873000
657,655.934000,389.560000,0.831000,289.713000
658,475.469000,274.852000,1.080000,239.585000
659,718.823000,428.070000,1.169000,300.124000
660,698.313000,267.704000,5.239000,253.964000
661,827.450000,394.840000,2.050000,340.012000
662,540.737000,262.953000,2.160000,241.635000
663,507.929000,268.764000,2.510000,258.084000
664,812.341000,456.480000,1.520000,340.132000
665,863.869000,468.770000,1.261000,336.822000
666,620.636000,306.482000,2.460000,263.934000
667,718.614000,404.401000,1.770000,307.812000
668,755.872000,428.651000,11.269000,339.542000
669,542.676000,277.695000,5.740000,232.964000
670,760.982000,350.761000,2.050000,322.642000
671,669.834000,321.643000,1.771000,282.993000
672,771.972000,386.430000,5.589000,335.563000
673,701.833000,410.890000,3.440000,345.452000
674,641.745000,366.241000,6.409000,309.302000
675,619.236000,360.992000,3.130000,314.342000
676,624.995000,376.900000,3.220000,297.514000
677,797.352000,451.220000,2.299000,334.722000
678,677.434000,383.491000,11.840000,325.442000
679,528.277000,332.072000,4.251000,317.312000
680,667.593000,331.093000,3.520000,307.352000
681,589.726000,261.014000,3.310000,243.225000
682,743.502000,409.121000,8.869000,366.911000
683,670.954000,361.292000,3.720000,291.554000
684,708.863000,435.180000,3.470000,340.663000
685,560.046000,260.684000,5.060000,216.665000
686,714.462000,391.430000,8.160000,315.283000
687,723.993000,375.751000,3.059000,304.364000
688,643.124000,319.413000,8.860000,285.212000
689,598.347000,338.602000,19.629000,293.703000
690,687.363000,295.524000,20.909000,319.822000
691,746.252000,343.933000,3.340000,300.682000
692,600.296000,291.223000,1.100000,309.843000
693,755.862000,430.630000,3.960000,349.742000
694,646.665000,338.942000,19.010000,304.303000
695,621.685000,346.142000,13.440000,310.983000
696,881.909000,437.759000,2.880000,343.381000
697,771.732000,392.630000,4.839000,322.112000
698,593.846000,299.753000,6.299000,266.522000
699,753.684000,434.529000,3.760000,329.152000
700,748.372000,377.401000,3.880000,322.643000
701,669.023000,349.183000,1.901000,327.982000
702,749.213000,417.011000,1.530000,334.743000
703,730.292000,427.350000,3.800000,339.512000
704,746.063000,419.450000,1.731000,313.272000
705,607.946000,307.144000,19.780000,275.963000
706,765.183000,435.299000,2.739000,326.983000
707,704.373000,401.381000,6.480000,308.583000
708,572.177000,280.684000,3.360000,254.113000
709,743.943000,388.721000,2.150000,293.993000
710,667.024000,287.264000,1.139000,268.393000
711,718.643000,343.222000,2.220000,329.321000
712,698.015000,343.772000,5.579000,304.023000
713,667.535000,402.901000,2.200000,305.022000
714,861.780000,522.847000,4.960000,365.732000
715,882.938000,465.589000,19.270000,376.030000
716,656.965000,361.671000,4.040000,315.723000
717,620.214000,376.283000,1.410000,294.392000
718,483.919000,241.454000,6.710000,231.854000
719,562.567000,297.152000,5.860000,242.445000
720,772.972000,368.402000,2.200000,327.512000
721,663.716000,316.281000,2.259000,295.344000
722,778.121000,451.760000,3.030000,350.261000
723,720.083000,403.870000,4.580000,335.223000
724,708.823000,404.760000,1.920000,331.293000
725,609.145000,339.442000,1.180000,266.504000
726,720.042000,384.751000,0.920000,297.723000
727,720.803000,382.361000,4.110000,309.804000
728,655.085000,388.961000,5.780000,314.042000
729,649.635000,383.721000,2.280000,305.914000
730,791.911000,353.551000,19.740000,328.373000
731,666.563000,315.764000,5.270000,302.543000
732,651.694000,324.083000,20.950000,297.683000
733,752.191000,409.251000,6.459000,319.984000
734,887.408000,530.088000,16.340000,396.580000
735,706.383000,364.303000,15.359000,331.652000
736,763.512000,417.710000,4.120000,318.322000
737,788.692000,464.089000,3.199000,344.333000
738,737.302000,428.290000,2.240000,335.472000
739,688.244000,377.911000,1.720000,288.523000
740,686.205000,333.032000,7.440000,311.253000
741,743.372000,380.341000,2.230000,340.672000
742,608.125000,313.592000,2.071000,250.664000
743,606.675000,347.521000,1.370000,337.982000
744,801.200000,494.908000,2.870000,348.713000
745,476.538000,277.224000,2.220000,239.806000
746,572.347000,339.301000,1.430000,270.834000
747,753.822000,458.259000,1.160000,334.332000
748,525.428000,267.673000,2.819000,261.374000
749,562.037000,290.304000,2.280000,263.973000
750,653.064000,335.203000,3.210000,307.872000
751,567.547000,248.334000,1.570000,262.204000
752,647.275000,306.242000,10.510000,280.564000
753,794.221000,422.540000,18.640000,375.021000
754,799.271000,517.979000,2.730000,383.761000
755,744.412000,418.050000,1.930000,337.122000
756,652.814000,366.682000,4.330000,296.214000
757,790.082000,479.478000,3.440000,357.012000
758,785.282000,462.359000,3.560000,327.802000
759,773.932000,410.660000,2.100000,326.033000
760,799.002000,356.031000,1.550000,311.262000
761,678.264000,353.462000,2.089000,291.093000
762,605.345000,357.561000,1.579000,366.442000
763,593.065000,306.994000,1.211000,234.985000
764,909.218000,549.798000,1.180000,352.471000
765,558.497000,272.844000,5.071000,252.984000
766,686.313000,381.821000,3.760000,299.714000
767,623.256000,347.061000,2.231000,292.393000
768,708.524000,419.489000,2.090000,349.161000
769,453.980000,222.235000,10.171000,206.385000
770,724.992000,331.203000,3.820000,297.612000
771,779.272000,398.400000,1.330000,320.193000
772,793.131000,460.610000,6.559000,334.192000
773,627.155000,338.311000,5.850000,287.883000
774,504.648000,274.455000,7.429000,263.474000
775,825.151000,473.928000,1.930000,340.942000
776,787.651000,443.300000,9.200000,373.570000
777,706.233000,368.703000,4.879000,386.201000
778,721.412000,398.591000,20.059000,357.532000
779,750.473000,468.188000,3.111000,341.923000
780,570.737000,250.655000,10.760000,252.224000
781,746.182000,354.292000,2.531000,308.744000
782,678.925000,315.863000,7.089000,297.293000
783,732.693000,367.440000,5.981000,301.454000
784,782.041000,437.750000,1.810000,341.352000
785,614.256000,296.284000,1.400000,240.463000
786,718.494000,416.560000,1.510000,324.952000
787,795.071000,444.829000,1.289000,397.191000
788,789.671000,416.710000,1.310000,319.114000
789,695.713000,422.859000,1.100000,321.012000
790,693.675000,326.781000,5.520000,325.864000
791,729.922000,368.691000,5.360000,342.172000
792,619.576000,363.902000,1.660000,288.953000
793,710.464000,465.648000,3.421000,396.511000
794,765.442000,367.511000,10.140000,328.521000
795,558.368000,309.473000,5.080000,297.982000
796,580.135000,311.722000,1.680000,271.454000
797,600.326000,331.832000,3.510000,282.764000
798,817.921000,486.728000,2.729000,352.732000
799,790.591000,407.950000,13.950000,397.651000
800,490.450000,258.903000,3.750000,256.264000
801,569.068000,305.762000,1.720000,278.474000
802,668.485000,317.432000,1.780000,295.253000
803,515.298000,277.194000,3.500000,260.193000
804,665.945000,385.431000,7.569000,327.383000
805,785.231000,480.888000,4.260000,346.653000
806,749.522000,437.870000,3.270000,359.522000
807,516.478000,268.662000,8.621000,237.854000
808,447.009000,237.006000,5.650000,234.184000
809,813.381000,455.269000,1.850000,341.403000
810,654.005000,313.622000,4.700000,275.084000
811,602.456000,309.772000,2.120000,299.084000
812,672.785000,357.012000,1.610000,317.443000
813,572.677000,304.122000,17.990000,296.683000
814,588.146000,326.961000,3.400000,295.523000
815,741.212000,404.001000,13.430000,319.662000
816,709.834000,390.741000,3.720000,308.992000
817,536.418000,291.723000,4.980000,266.503000
818,874.010000,474.509000,1.530000,334.752000
819,741.712000,427.250000,6.050000,341.101000
820,569.376000,240.854000,7.650000,263.835000
821,657.494000,324.942000,1.990000,289.144000
822,739.722000,409.281000,3.420000,328.552000
823,716.853000,387.110000,3.970000,331.332000
824,754.163000,450.929000,1.560000,341.673000
825,657.664000,359.823000,2.100000,272.133000
826,630.515000,318.373000,16.799000,283.062000
827,698.215000,398.321000,11.710000,341.022000
828,789.680000,435.720000,3.179000,326.054000
829,644.803000,371.572000,2.840000,325.002000
830,753.103000,360.490000,19.649000,335.172000
831,700.784000,341.222000,4.430000,301.034000
832,762.871000,397.850000,1.490000,344.771000
833,560.737000,352.952000,1.150000,314.933000
834,745.202000,419.390000,7.151000,332.712000
835,540.907000,272.944000,2.080000,230.805000
836,737.752000,405.831000,0.880000,305.454000
837,689.883000,377.182000,4.958000,307.993000
838,630.685000,349.521000,2.940000,291.993000
839,872.909000,467.589000,2.990000,352.041000
840,644.845000,318.742000,3.320000,288.384000
841,768.342000,404.450000,4.600000,369.401000
842,774.194000,465.949000,2.379000,385.471000
843,723.583000,404.200000,2.830000,312.392000
844,694.053000,408.150000,1.909000,336.832000
845,523.738000,278.913000,13.689000,234.775000
846,320.793000,212.515000,9.698000,211.616000
847,648.525000,376.241000,3.120000,329.393000
848,687.282000,403.850000,1.740000,304.793000
849,700.924000,414.590000,11.039000,337.943000
850,798.523000,383.351000,4.471000,346.431000
851,748.973000,394.570000,1.870000,305.513000
852,769.701000,423.799000,1.290000,339.813000
853,615.106000,328.803000,21.980000,281.532000
854,503.379000,261.584000,3.140000,236.784000
855,724.624000,387.210000,6.351000,325.922000
856,506.249000,252.684000,1.790000,229.883000
857,705.553000,392.700000,2.380000,308.784000
858,501.928000,241.155000,3.600000,222.484000
859,517.927000,282.144000,5.629000,242.525000
860,778.422000,407.381000,2.950000,337.272000
861,839.880000,450.750000,18.379000,365.841000
862,561.907000,291.684000,3.800000,269.443000
863,648.435000,368.922000,11.240000,320.413000
864,661.605000,387.051000,15.590000,316.013000
865,700.373000,385.821000,2.960000,316.302000
866,555.986000,287.033000,1.810000,242.925000
867,767.691000,416.971000,4.739000,331.902000
868,535.219000,292.912000,2.300000,262.774000
869,990.536000,552.138000,6.989000,415.790000
870,807.451000,399.811000,3.470000,320.422000
871,817.150000,382.442000,15.159000,348.633000
872,624.825000,353.772000,4.370000,292.664000
873,704.363000,366.211000,6.480000,301.193000
874,711.174000,399.171000,4.221000,325.722000
875,705.354000,395.971000,1.871000,307.542000
876,644.795000,342.091000,3.840000,282.794000
877,740.232000,455.360000,6.949000,339.552000
878,633.006000,391.431000,3.360000,327.153000
879,653.225000,369.581000,7.350000,304.882000
880,828.251000,383.221000,12.030000,346.881000
881,825.860000,385.591000,9.390000,365.871000
882,682.374000,387.481000,2.110000,311.913000
883,652.514000,368.142000,1.380000,294.832000
884,744.242000,444.010000,5.230000,341.703000
885,549.477000,274.533000,2.790000,240.433000
886,733.804000,420.080000,4.550000,349.382000
887,575.777000,342.303000,3.679000,278.483000
888,777.312000,390.850000,5.349000,309.993000
889,612.375000,329.271000,1.640000,255.915000
890,732.992000,369.152000,1.730000,331.681000
891,705.024000,332.301000,16.799000,329.632000
892,856.119000,470.009000,13.840000,398.510000
893,770.881000,410.300000,17.289000,373.481000
894,673.295000,384.691000,2.520000,282.984000
895,692.384000,387.861000,1.400000,308.253000
896,651.615000,380.772000,3.480000,318.651000
897,685.065000,399.280000,2.740000,308.022000
898,817.741000,442.660000,20.379000,383.981000
899,649.204000,359.041000,3.510000,298.534000
900,665.794000,361.082000,4.530000,308.313000
901,703.213000,371.260000,3.410000,344.932000
902,698.384000,385.151000,2.610000,323.862000
903,733.033000,443.379000,1.630000,334.682000
904,803.851000,447.650000,7.839000,356.752000
905,694.805000,377.210000,5.000000,294.273000
906,561.388000,279.903000,10.570000,257.344000
907,616.606000,335.561000,7.290000,293.604000
908,730.542000,438.370000,1.450000,311.642000
909,602.156000,297.912000,2.330000,255.484000
910,628.005000,308.802000,2.839000,300.693000
911,645.985000,338.062000,4.730000,316.632000
912,752.273000,390.242000,15.670000,388.201000
913,601.266000,298.742000,4.790000,270.704000
914,707.804000,451.668000,3.510000,337.623000
915,732.922000,416.700000,1.280000,313.163000
916,768.742000,378.031000,18.430000,312.743000
917,694.024000,387.920000,8.830000,327.663000
918,846.001000,437.940000,20.800000,349.812000
919,617.035000,315.183000,3.150000,266.293000
920,693.374000,306.264000,4.230000,267.772000
921,736.882000,427.399000,1.820000,317.982000
922,724.062000,402.330000,16.539000,350.983000
923,620.485000,330.442000,3.370000,267.444000
924,841.530000,525.727000,5.629000,371.561000
925,675.655000,385.682000,1.990000,320.611000
926,740.263000,425.830000,1.490000,365.461000
927,642.635000,361.131000,1.180000,285.123000
928,608.225000,324.641000,1.139000,280.834000
929,837.410000,446.010000,12.440000,360.311000
930,753.382000,385.250000,4.351000,347.522000
931,752.993000,416.990000,4.610000,375.261000
932,594.076000,306.322000,1.550000,256.534000
933,797.241000,482.909000,4.390000,349.241000
934,584.287000,294.343000,2.170000,268.003000
935,721.244000,446.600000,2.061000,332.921000
936,822.631000,443.750000,2.009000,334.082000
937,755.583000,422.609000,5.479000,391.702000
938,785.761000,459.248000,1.689000,381.522000
939,758.302000,424.430000,1.181000,320.723000
940,605.986000,270.304000,1.791000,300.164000
941,890.549000,506.869000,2.590000,360.501000
942,723.763000,369.602000,1.480000,297.342000
943,666.225000,376.311000,1.480000,325.392000
944,781.582000,454.458000,2.579000,330.174000
945,741.113000,427.969000,2.060000,340.242000
946,722.963000,375.242000,9.089000,310.162000
947,781.232000,446.738000,4.941000,345.152000
948,673.874000,370.901000,1.531000,303.232000
949,607.496000,344.811000,1.360000,291.483000
950,713.923000,338.332000,1.630000,301.543000
951,621.676000,288.973000,3.520000,263.443000
952,560.057000,273.393000,14.830000,257.294000
953,780.803000,441.578000,3.191000,339.654000
954,743.202000,421.670000,8.220000,336.462000
955,848.180000,468.399000,2.749000,350.231000
956,717.634000,348.511000,18.570000,324.891000
957,837.900000,482.649000,2.810000,363.401000
958,758.512000,418.840000,4.500000,327.493000
959,601.186000,346.371000,9.790000,279.824000
960,680.714000,340.453000,2.969000,357.492000
961,814.001000,396.420000,2.960000,333.512000
962,592.276000,279.733000,7.969000,259.265000
963,680.473000,364.783000,4.150000,340.211000
964,611.766000,343.072000,5.310000,276.604000
965,768.932000,430.750000,2.400000,319.442000
966,527.618000,233.035000,8.181000,227.445000
967,703.723000,380.571000,14.029000,353.702000
968,817.531000,468.859000,7.560000,330.152000
969,792.353000,456.989000,2.499000,320.593000
970,841.160000,374.911000,2.090000,309.614000
971,816.630000,394.521000,1.861000,323.391000
972,693.485000,383.031000,1.431000,314.651000
973,650.795000,368.742000,7.679000,289.164000
974,676.534000,369.050000,3.379000,275.783000
975,683.494000,384.500000,2.050000,302.113000
976,808.110000,473.658000,6.950000,368.742000
977,789.791000,433.460000,10.949000,341.953000
978,693.893000,331.623000,14.570000,296.652000
979,764.383000,456.729000,3.070000,333.203000
980,799.541000,418.221000,3.789000,372.650000
981,704.923000,336.852000,1.930000,292.124000
982,613.346000,357.351000,1.440000,307.213000
983,751.222000,400.351000,16.020000,343.382000
984,601.056000,356.562000,3.420000,288.413000
985,870.419000,486.818000,21.788000,346.293000
986,652.425000,364.471000,4.910000,362.102000
987,769.203000,448.829000,3.550000,378.871000
988,765.061000,427.980000,6.510000,359.112000
989,888.789000,505.208000,6.099000,374.922000
990,643.785000,302.403000,3.100000,266.513000
991,535.378000,254.905000,4.391000,240.533000
992,744.893000,379.210000,17.160000,327.601000
993,657.055000,384.981000,2.160000,290.863000
994,839.671000,471.508000,1.080000,335.342000
995,848.980000,501.598000,1.010000,340.702000
996,579.636000,271.524000,5.990000,236.575000
997,812.401000,470.030000,10.600000,365.051000
998,649.514000,361.062000,2.280000,321.002000
999,622.986000,343.062000,116.607000,277.694000
1000,878.789000,400.280000,2.420000,352.371000
1001,560.146000,257.244000,10.180000,258.124000
1002,581.506000,354.441000,11.239000,316.032000
1003,825.681000,454.360000,11.159000,368.361000
1004,675.084000,404.740000,3.960000,313.692000
1005,723.932000,411.800000,6.370000,339.432000
1006,689.893000,363.331000,2.380000,300.284000
1007,659.034000,323.723000,4.910000,294.842000
1008,689.124000,380.501000,3.610000,315.652000
1009,650.565000,343.202000,7.190000,300.783000
1010,445.700000,197.066000,2.310000,186.035000
1011,756.512000,396.391000,1.471000,319.771000
1012,725.304000,381.681000,1.990000,326.842000
1013,715.733000,419.979000,6.651000,334.392000
1014,673.365000,341.211000,5.190000,294.993000
1015,713.332000,400.621000,3.440000,298.283000
1016,871.809000,481.258000,3.069000,370.671000
1017,664.074000,344.032000,1.830000,299.504000
1018,692.784000,402.091000,2.040000,286.302000
1019,641.774000,346.822000,1.120000,310.493000
1020,735.032000,334.552000,2.050000,300.353000
1021,581.716000,263.163000,4.581000,265.184000
1022,829.791000,425.820000,3.301000,373.263000
1023,849.939000,486.259000,2.480000,369.662000
1024,706.813000,403.110000,4.040000,308.653000
1025,537.248000,289.453000,1.480000,261.104000
1026,853.161000,469.758000,9.590000,362.872000
1027,795.421000,405.800000,2.610000,321.772000
1028,788.721000,442.170000,4.400000,342.142000
1029,704.573000,394.991000,3.490000,312.172000
1030,772.683000,384.701000,2.589000,337.642000
1031,721.423000,328.722000,3.301000,357.301000
1032,652.605000,308.072000,4.110000,363.572000
1033,664.452000,364.243000,3.110000,300.843000
1034,726.163000,405.301000,9.709000,335.943000
1035,834.200000,482.208000,6.940000,348.792000
1036,733.783000,389.531000,6.619000,313.034000
1037,521.507000,331.052000,2.269000,299.324000
1038,565.727000,410.821000,1.739000,320.774000
1039,488.377000,263.444000,11.479000,219.546000
1040,595.397000,273.583000,3.840000,310.133000
1041,502.638000,234.195000,7.700000,228.315000
1042,603.195000,307.294000,2.501000,283.802000
1043,634.346000,312.914000,4.790000,279.772000
1044,754.802000,444.680000,2.250000,326.632000
1045,727.432000,406.511000,8.439000,321.673000
1046,775.061000,445.780000,2.289000,327.242000
1047,625.626000,297.734000,4.410000,266.303000
1048,813.311000,469.200000,1.740000,357.770000
1049,702.403000,407.291000,2.419000,323.032000
1050,682.824000,305.932000,1.569000,265.362000
1051,602.516000,277.024000,1.680000,248.885000
1052,579.537000,293.353000,6.430000,276.064000
1053,645.726000,347.831000,1.680000,279.504000
1054,545.846000,303.693000,2.930000,262.593000
1055,785.962000,458.248000,3.020000,330.864000
1056,729.663000,420.080000,3.400000,341.032000
1057,732.303000,377.991000,2.420000,292.044000
1058,798.550000,453.939000,2.440000,360.802000
1059,788.362000,453.399000,4.280000,408.640000
1060,691.353000,334.862000,2.740000,311.834000
1061,778.322000,374.151000,1.350000,321.163000
1062,594.316000,292.842000,1.410000,262.135000
1063,644.845000,320.133000,5.920000,263.805000
1064,834.441000,465.108000,2.080000,338.052000
1065,559.686000,267.724000,5.090000,228.725000
1066,692.444000,370.031000,6.120000,296.273000
1067,727.413000,380.302000,3.579000,306.842000
1068,806.011000,425.870000,1.920000,419.790000
1069,656.425000,365.501000,11.789000,323.293000
1070,581.787000,322.472000,6.069000,302.833000
1071,619.936000,305.263000,2.240000,266.734000
1072,851.291000,447.190000,1.640000,343.751000
1073,602.046000,332.762000,2.620000,268.364000
1074,775.081000,414.470000,15.479000,345.701000
1075,831.190000,451.770000,5.160000,336.032000
1076,739.973000,408.020000,2.550000,294.282000
1077,551.128000,302.703000,1.171000,259.463000
1078,634.876000,354.441000,6.700000,298.223000
1079,691.162000,394.012000,4.319000,321.323000
1080,744.812000,357.892000,6.080000,321.181000
1081,700.573000,365.732000,2.069000,300.434000
1082,822.251000,448.409000,17.268000,401.501000
1083,748.602000,446.610000,8.440000,363.951000
1084,711.733000,405.000000,4.000000,318.654000
1085,714.753000,396.050000,2.679000,294.283000
1086,663.655000,382.170000,1.970000,280.413000
1087,625.185000,309.373000,5.160000,271.713000
1088,565.007000,286.643000,15.030000,264.044000
1089,806.701000,424.161000,6.099000,361.551000
1090,842.199000,385.171000,5.270000,369.592000
1091,782.412000,398.391000,2.080000,336.042000
1092,757.912000,422.780000,1.890000,370.512000
1093,750.282000,433.020000,4.229000,348.331000
1094,460.249000,220.494000,3.941000,211.235000
1095,735.462000,442.599000,2.501000,335.133000
1096,638.325000,348.842000,3.350000,287.803000
1097,708.684000,432.509000,2.730000,329.423000
1098,621.225000,344.882000,1.500000,278.803000
1099,532.778000,267.863000,6.080000,250.005000
1100,781.012000,392.060000,4.021000,342.841000
1101,606.196000,275.984000,4.060000,272.933000
1102,598.136000,306.341000,1.171000,285.753000
1103,699.143000,376.721000,5.180000,324.832000
1104,796.811000,458.620000,5.630000,336.292000
1105,695.674000,399.181000,2.360000,311.982000
1106,530.428000,259.784000,9.129000,247.084000
1107,637.035000,336.342000,2.720000,295.903000
1108,811.301000,466.540000,3.070000,349.522000
1109,498.378000,253.874000,1.890000,229.915000
1110,669.804000,353.182000,16.409000,316.373000
1111,665.275000,334.642000,5.700000,320.182000
1112,656.323000,334.383000,3.970000,289.213000
1113,663.505000,404.591000,3.630000,339.764000
1114,703.544000,396.791000,5.960000,328.921000
1115,789.611000,473.889000,1.760000,374.610000
1116,874.789000,497.828000,6.440000,387.881000
1117,526.077000,262.894000,4.320000,236.795000
1118,668.653000,351.123000,6.829000,303.253000
1119,653.204000,374.740000,2.070000,295.703000
1120,590.786000,299.862000,1.220000,277.043000
1121,750.802000,394.291000,12.960000,360.062000
1122,717.483000,347.552000,3.310000,310.313000
1123,719.863000,393.650000,4.729000,346.993000
1124,690.442000,375.651000,2.211000,307.624000
1125,750.042000,395.190000,6.149000,330.503000
1126,437.610000,195.665000,2.000000,169.086000
1127,830.871000,474.617000,9.699000,391.871000
1128,735.863000,403.310000,3.490000,315.362000
1129,719.923000,486.948000,7.830000,387.591000
1130,817.451000,418.291000,10.879000,397.381000
1131,815.761000,459.409000,17.029000,400.871000
1132,658.845000,355.312000,3.030000,310.101000
1133,699.954000,407.800000,2.580000,300.032000
1134,703.424000,409.400000,5.489000,310.293000
1135,576.336000,317.073000,3.130000,271.994000
1136,809.101000,423.500000,8.528000,350.502000
1137,788.141000,481.749000,2.609000,380.970000
1138,685.174000,387.761000,19.790000,323.493000
1139,758.652000,407.440000,4.890000,319.942000
1140,823.861000,390.481000,1.550000,328.022000
1141,768.422000,393.721000,1.980000,319.223000
1142,682.093000,366.183000,3.240000,303.261000
1143,765.772000,433.710000,1.609000,354.971000
1144,714.123000,401.541000,1.560000,318.892000
1145,732.573000,396.361000,3.620000,387.521000
1146,634.276000,347.331000,3.880000,311.254000
1147,556.837000,293.142000,2.360000,248.195000
1148,685.074000,399.811000,1.689000,319.162000
1149,702.735000,372.311000,3.769000,355.302000
1150,735.613000,384.661000,2.729000,316.201000
1151,739.192000,371.532000,1.460000,346.072000
1152,660.705000,372.111000,3.330000,326.082000
1153,664.114000,356.121000,2.300000,288.734000
1154,730.072000,448.930000,12.750000,369.551000
1155,571.347000,349.352000,3.240000,327.292000
1156,728.063000,448.118000,1.820000,344.022000
1157,575.917000,290.662000,1.840000,244.914000
1158,706.834000,471.209000,1.251000,318.843000
1159,703.473000,440.931000,3.089000,326.332000
1160,719.693000,335.542000,3.009000,297.184000
1161,803.410000,403.530000,4.920000,338.092000
1162,544.857000,305.282000,8.820000,315.703000
1163,797.061000,432.650000,14.790000,366.671000
1164,687.443000,389.832000,3.699000,302.733000
1165,677.004000,362.372000,7.960000,308.411000
1166,709.595000,360.951000,7.339000,320.134000
1167,903.527000,500.179000,5.039000,373.891000
1168,812.911000,460.799000,2.181000,346.691000
1169,689.613000,376.422000,3.269000,292.063000
1170,611.365000,282.215000,3.720000,312.142000
1171,778.722000,405.560000,5.380000,345.661000
1172,717.832000,354.921000,8.579000,314.372000
1173,807.571000,428.510000,18.999000,359.742000
1174,746.453000,428.931000,2.730000,351.972000
1175,610.366000,328.012000,1.510000,297.792000
1176,727.964000,423.440000,5.160000,367.231000
1177,716.733000,404.660000,3.320000,318.533000
1178,689.534000,406.141000,1.849000,308.613000
1179,585.586000,317.743000,9.120000,269.353000
1180,703.114000,339.582000,5.640000,305.622000
1181,600.386000,326.973000,16.110000,326.462000
1182,592.836000,326.833000,2.880000,293.882000
1183,840.980000,462.070000,2.550000,347.371000
1184,753.303000,448.980000,1.750000,312.942000
1185,656.785000,365.811000,1.440000,312.103000
1186,728.412000,404.300000,8.149000,331.083000
1187,687.624000,362.961000,5.720000,289.753000
1188,669.005000,420.379000,1.360000,330.723000
1189,723.472000,412.801000,5.040000,313.173000
1190,626.025000,284.823000,2.570000,263.375000
1191,794.610000,389.092000,5.099000,379.821000
1192,641.725000,341.303000,1.930000,290.902000
1193,783.671000,460.880000,1.510000,362.381000
1194,717.473000,419.070000,1.750000,369.571000
1195,683.214000,401.981000,1.530000,300.682000
1196,498.549000,247.624000,1.110000,218.264000
1197,441.350000,248.144000,3.400000,229.255000
1198,732.872000,403.941000,3.910000,344.402000
1199,734.492000,424.440000,4.610000,423.410000
1200,589.626000,296.173000,3.600000,274.364000
1201,639.134000,347.563000,2.251000,318.691000
1202,730.774000,382.031000,3.739000,319.093000
1203,713.784000,434.189000,2.060000,326.282000
1204,872.860000,528.417000,2.350000,378.140000
1205,517.708000,255.013000,1.400000,210.645000
1206,682.685000,394.521000,1.090000,304.214000
1207,690.284000,362.902000,3.700000,319.443000
1208,680.215000,398.171000,2.511000,304.922000
1209,721.543000,381.271000,5.000000,313.402000
1210,708.043000,307.543000,3.650000,284.323000
1211,816.351000,475.029000,3.729000,377.071000
1212,607.926000,337.781000,6.750000,291.864000
1213,723.743000,439.390000,16.120000,353.052000
1214,817.171000,513.988000,10.600000,372.201000
1215,749.862000,442.070000,2.240000,332.202000
1216,767.871000,483.478000,2.000000,392.861000
1217,747.704000,429.529000,1.649000,318.943000
1218,735.662000,427.450000,4.350000,323.903000
1219,813.181000,492.039000,2.240000,309.713000
1220,658.225000,317.423000,3.610000,289.572000
1221,665.135000,313.202000,2.570000,267.314000
1222,585.296000,298.893000,2.180000,265.624000
1223,718.244000,412.499000,2.550000,323.702000
1224,779.753000,392.231000,3.410000,304.823000
1225,790.272000,452.280000,1.489000,333.422000
1226,726.623000,409.890000,1.330000,295.483000
1227,694.504000,335.051000,1.731000,263.714000
1228,735.242000,400.210000,1.490000,302.154000
1229,665.444000,357.281000,7.530000,292.404000
1230,537.567000,243.315000,4.230000,248.105000
1231,674.134000,320.373000,1.989000,367.620000
1232,788.231000,422.730000,1.650000,334.843000
1233,345.182000,164.266000,3.380000,163.856000
1234,745.183000,412.440000,13.250000,321.052000
1235,719.933000,398.741000,3.050000,293.303000
1236,806.000000,410.201000,10.640000,350.662000
1237,514.548000,328.342000,5.890000,259.464000
1238,787.821000,418.641000,2.080000,324.941000
1239,672.454000,386.931000,2.750000,294.323000
1240,717.974000,320.131000,5.459000,331.472000
1241,774.912000,398.940000,2.920000,340.892000
1242,598.736000,305.184000,2.160000,259.393000
1243,769.572000,446.008000,4.379000,348.983000
1244,641.513000,344.862000,15.110000,277.972000
1245,732.264000,424.850000,2.750000,324.482000
1246,613.595000,329.572000,2.630000,253.345000
1247,592.257000,336.572000,2.630000,268.763000
1248,753.313000,441.189000,2.109000,302.093000
1249,714.994000,391.731000,1.991000,302.912000
1250,817.941000,391.721000,2.901000,335.902000
1251,633.494000,333.702000,2.760000,364.501000
1252,749.102000,378.982000,1.459000,315.862000
1253,700.344000,402.610000,1.349000,312.512000
1254,666.884000,395.971000,1.720000,315.032000
1255,543.598000,321.332000,2.980000,280.963000
1256,748.791000,418.731000,8.981000,362.671000
1257,664.695000,403.531000,8.209000,362.092000
1258,635.605000,371.661000,5.260000,307.354000
1259,733.841000,417.570000,6.589000,315.823000
1260,576.847000,243.985000,7.760000,238.865000
1261,661.804000,380.571000,1.950000,323.552000
1262,815.831000,441.430000,3.250000,345.822000
1263,604.056000,355.652000,2.970000,286.372000
1264,554.028000,307.992000,1.230000,229.694000
1265,665.074000,393.020000,6.440000,308.973000
1266,774.522000,491.829000,1.869000,338.102000
1267,801.941000,502.469000,3.090000,372.841000
1268,561.607000,297.863000,2.230000,248.605000
1269,785.902000,445.149000,8.430000,339.872000
1270,713.734000,358.151000,4.120000,317.162000
1271,788.472000,377.240000,2.250000,344.932000
1272,805.501000,457.450000,1.930000,331.652000
1273,791.222000,480.949000,6.780000,372.611000
1274,765.812000,421.750000,2.150000,321.193000
1275,684.003000,365.042000,1.889000,297.113000
1276,862.580000,511.878000,1.800000,354.912000
1277,673.974000,458.930000,1.930000,365.532000
1278,745.493000,434.270000,2.861000,378.611000
1279,788.641000,472.179000,3.409000,405.722000
1280,648.364000,288.303000,12.990000,270.713000
1281,810.831000,422.230000,3.620000,410.240000
1282,706.144000,365.281000,2.250000,297.162000
1283,682.403000,375.772000,1.660000,295.784000
1284,704.073000,386.890000,6.339000,337.632000
1285,745.632000,418.659000,3.659000,323.103000
1286,622.275000,331.682000,5.141000,281.403000
1287,643.654000,375.130000,2.159000,316.114000
1288,781.162000,467.809000,12.700000,339.572000
1289,821.081000,427.220000,16.140000,343.622000
1290,775.693000,367.181000,3.770000,323.022000
1291,660.885000,338.541000,17.929000,332.283000
1292,626.225000,305.473000,3.510000,280.713000
1293,621.856000,335.342000,2.400000,271.774000
1294,605.426000,324.813000,2.059000,266.034000
1295,760.222000,441.810000,3.160000,322.812000
1296,819.621000,466.419000,1.840000,345.121000
1297,849.590000,468.939000,4.630000,389.821000
1298,737.832000,376.051000,21.309000,326.873000
1299,722.533000,421.000000,3.831000,311.074000
1300,721.063000,350.433000,16.760000,357.161000
1301,815.361000,437.629000,7.019000,367.092000
1302,709.613000,426.961000,6.060000,344.693000
1303,551.326000,371.732000,6.510000,296.033000
1304,813.921000,509.307000,3.610000,360.651000
1305,667.045000,395.591000,2.779000,316.553000
1306,746.052000,541.547000,3.149000,441.239000
1307,599.796000,327.702000,1.739000,244.845000
1308,716.394000,450.259000,1.200000,316.722000
1309,692.304000,442.470000,1.560000,347.392000
1310,710.113000,378.340000,1.551000,308.843000
1311,674.383000,307.533000,2.730000,272.204000
1312,637.105000,369.871000,1.551000,299.433000
1313,779.191000,452.050000,8.651000,339.161000
1314,739.673000,448.919000,6.000000,312.953000
1315,866.310000,509.257000,3.211000,359.602000
1316,648.164000,372.871000,2.210000,284.324000
1317,543.707000,278.454000,8.410000,227.344000
1318,785.271000,468.419000,2.450000,353.551000
1319,804.541000,499.749000,1.420000,381.040000
1320,855.000000,418.080000,1.570000,329.592000
1321,748.812000,392.520000,2.330000,327.172000
1322,728.753000,427.870000,2.220000,314.353000
1323,775.812000,451.139000,2.119000,328.583000
1324,695.653000,411.560000,7.060000,319.123000
1325,641.255000,353.881000,2.830000,279.113000
1326,784.730000,422.571000,6.029000,326.363000
1327,646.385000,389.890000,5.920000,339.222000
1328,814.861000,455.719000,3.510000,371.272000
1329,741.983000,456.819000,1.791000,329.812000
1330,652.055000,334.491000,3.790000,282.143000
1331,720.573000,354.521000,5.400000,306.913000
1332,730.062000,412.201000,8.820000,332.463000
1333,546.176000,291.523000,3.110000,241.683000
1334,535.998000,277.633000,1.370000,281.744000
1335,709.513000,377.041000,2.061000,289.422000
1336,769.562000,462.549000,2.310000,419.561000
1337,757.352000,458.060000,1.859000,346.822000
1338,539.048000,271.513000,3.700000,241.924000
1339,745.453000,451.639000,1.660000,330.334000
1340,793.511000,372.951000,15.160000,354.312000
1341,703.094000,354.342000,4.919000,332.282000
1342,641.935000,354.261000,10.800000,318.833000
1343,593.776000,341.521000,9.000000,310.353000
1344,476.428000,270.883000,2.120000,231.264000
1345,605.116000,335.092000,5.379000,313.013000
1346,800.621000,465.359000,3.279000,362.263000
1347,661.294000,351.962000,5.480000,288.513000
1348,708.493000,370.991000,3.760000,300.223000
1349,724.293000,410.230000,3.970000,345.721000
1350,648.385000,334.282000,27.539000,310.014000
1351,659.403000,373.852000,4.298000,328.073000
1352,690.205000,367.911000,4.979000,318.173000
1353,642.015000,402.710000,9.539000,364.771000
1354,761.941000,438.280000,3.950000,347.543000
1355,699.092000,402.150000,7.519000,327.283000
1356,705.673000,400.510000,4.780000,363.701000
1357,686.525000,397.540000,2.270000,331.432000
1358,715.574000,383.351000,2.400000,309.502000
1359,787.091000,447.219000,2.329000,342.372000
1360,586.276000,280.024000,5.849000,235.034000
1361,557.888000,252.644000,4.079000,242.014000
1362,660.294000,347.591000,1.669000,284.343000
1363,621.345000,337.362000,1.380000,297.364000
1364,585.155000,353.382000,7.369000,292.293000
1365,742.462000,432.710000,2.110000,334.571000
1366,658.054000,346.483000,2.889000,323.193000
1367,708.742000,397.171000,5.240000,322.793000
1368,829.310000,406.591000,20.659000,327.312000
1369,678.224000,356.422000,8.370000,301.864000
1370,538.468000,244.095000,4.209000,246.803000
1371,788.723000,414.779000,6.590000,356.302000
1372,596.125000,325.092000,2.110000,297.824000
1373,603.586000,336.612000,1.000000,285.165000
1374,648.495000,397.580000,3.730000,313.082000
1375,656.174000,371.861000,2.030000,275.204000
1376,746.472000,421.040000,1.420000,298.173000
1377,739.444000,422.860000,1.861000,328.361000
1378,776.722000,453.129000,3.980000,350.180000
1379,634.535000,336.132000,1.480000,291.563000
1380,669.385000,303.303000,1.831000,291.312000
1381,712.444000,391.360000,1.409000,329.711000
1382,858.120000,418.160000,4.300000,332.062000
1383,728.553000,386.391000,2.760000,287.973000
1384,721.893000,410.520000,1.291000,363.980000
1385,617.585000,324.142000,5.540000,262.134000
1386,713.154000,392.291000,5.019000,305.703000
1387,683.984000,375.041000,3.800000,303.263000
1388,823.280000,523.898000,2.959000,361.971000
1389,649.335000,330.112000,1.930000,279.264000
1390,736.173000,376.181000,12.120000,357.092000
1391,603.617000,333.511000,3.009000,317.312000
1392,617.826000,302.574000,2.300000,272.713000
1393,685.615000,370.691000,1.070000,298.983000
1394,778.542000,418.230000,5.020000,314.962000
1395,628.945000,350.272000,1.689000,280.752000
1396,579.046000,290.403000,2.060000,247.044000
1397,615.256000,342.902000,2.221000,294.763000
1398,643.954000,351.102000,2.160000,264.803000
1399,498.518000,270.284000,1.540000,226.475000
1400,747.803000,392.861000,2.769000,448.368000
1401,748.453000,467.729000,2.180000,393.141000
1402,670.513000,368.032000,1.791000,295.522000
1403,715.124000,418.150000,4.210000,316.142000
1404,827.340000,455.419000,5.770000,346.481000
1405,708.003000,359.502000,8.320000,309.053000
1406,498.919000,319.162000,2.360000,275.464000
1407,470.389000,301.012000,2.590000,264.415000
1408,676.954000,379.082000,2.880000,294.472000
1409,493.859000,257.953000,5.240000,221.955000
1410,698.112000,335.832000,2.100000,315.772000
1411,751.982000,377.312000,11.939000,347.923000
1412,646.985000,322.392000,4.080000,275.094000
1413,610.205000,344.301000,2.220000,290.284000
1414,745.762000,434.420000,2.300000,346.601000
1415,742.002000,432.570000,2.490000,338.963000
1416,545.577000,308.593000,2.340000,266.534000
1417,667.405000,375.641000,7.030000,308.022000
1418,683.634000,380.562000,3.960000,334.743000
1419,729.732000,398.640000,16.429000,333.192000
1420,768.721000,382.411000,7.080000,370.351000
1421,519.967000,241.423000,2.400000,210.726000
1422,674.434000,363.761000,8.459000,306.002000
1423,645.856000,351.772000,3.110000,276.394000
1424,540.616000,285.203000,1.790000,227.805000
1425,740.072000,428.840000,4.670000,339.752000
1426,648.133000,334.742000,3.860000,297.633000
1427,714.193000,392.840000,3.909000,323.912000
1428,642.676000,393.470000,11.800000,318.813000
1429,699.692000,374.621000,7.200000,305.994000
1430,741.681000,364.152000,7.930000,312.853000
1431,743.972000,360.302000,5.150000,332.713000
1432,714.562000,370.740000,3.779000,312.614000
1433,653.606000,347.821000,5.640000,288.674000
1434,757.102000,455.618000,9.720000,407.641000
1435,607.226000,297.122000,2.460000,272.264000
1436,735.143000,385.680000,2.630000,299.433000
1437,709.623000,389.811000,1.970000,301.103000
1438,668.834000,413.870000,1.080000,319.692000
1439,696.514000,461.558000,5.270000,343.732000
1440,648.416000,306.533000,2.859000,263.674000
1441,642.694000,296.274000,8.899000,285.994000
1442,732.612000,368.883000,2.930000,306.062000
1443,418.021000,191.485000,3.930000,179.605000
1444,693.213000,386.411000,1.680000,283.204000
1445,553.686000,298.792000,2.531000,272.695000
1446,739.291000,434.920000,12.571000,371.151000
1447,776.363000,530.987000,3.420000,360.851000
1448,677.984000,370.241000,1.471000,309.243000
1449,717.772000,398.111000,20.969000,368.151000
1450,812.360000,429.209000,6.219000,354.881000
1451,533.369000,266.344000,1.671000,250.104000
1452,601.115000,305.003000,1.320000,269.433000
1453,779.991000,453.429000,2.231000,349.341000
1454,461.400000,250.954000,3.110000,234.014000
1455,749.561000,390.560000,5.990000,337.343000
1456,767.191000,439.330000,1.680000,338.392000
1457,564.156000,288.874000,2.829000,238.166000
1458,796.031000,476.609000,1.880000,336.793000
1459,732.733000,399.840000,2.000000,352.072000
1460,697.972000,344.833000,2.260000,317.052000
1461,719.103000,354.952000,19.900000,314.513000
1462,773.631000,424.941000,3.939000,341.201000
1463,629.755000,372.751000,2.410000,298.393000
1464,657.825000,389.181000,7.029000,326.282000
1465,599.796000,364.871000,16.790000,327.643000
1466,848.000000,513.948000,3.660000,366.321000
1467,714.795000,350.851000,2.730000,273.684000
1468,697.863000,405.860000,9.250000,332.941000
1469,775.272000,454.339000,3.491000,336.893000
1470,733.142000,355.391000,2.280000,332.823000
1471,700.903000,349.351000,5.061000,319.782000
1472,703.652000,360.012000,2.510000,300.263000
1473,640.495000,360.661000,4.990000,295.693000
1474,763.732000,440.540000,3.450000,381.381000
1475,777.673000,426.910000,5.420000,322.053000
1476,723.632000,395.371000,1.530000,337.262000
1477,695.274000,411.780000,1.000000,326.802000
1478,779.072000,484.369000,4.129000,354.491000
1479,686.334000,356.461000,2.839000,285.644000
1480,703.944000,323.432000,14.499000,298.823000
1481,774.382000,358.731000,2.240000,327.633000
1482,905.938000,485.579000,1.120000,387.481000
1483,782.462000,431.700000,7.719000,340.582000
1484,712.774000,425.870000,10.780000,332.422000
1485,731.542000,407.921000,2.621000,313.993000
1486,632.565000,356.712000,0.900000,294.663000
1487,554.166000,266.854000,12.379000,267.384000
1488,750.392000,441.829000,2.811000,350.003000
1489,787.122000,450.489000,2.870000,513.187000
1490,663.345000,301.473000,3.990000,290.093000
1491,820.610000,394.021000,1.990000,353.851000
1492,747.322000,419.490000,1.760000,345.712000
1493,801.101000,519.367000,11.730000,351.652000
1494,531.618000,257.044000,6.911000,229.353000
1495,735.784000,436.030000,1.920000,317.552000
1496,720.734000,403.682000,10.429000,311.662000
1497,599.346000,314.703000,2.220000,253.823000
1498,539.819000,312.732000,1.020000,258.305000
1499,480.450000,264.092000,1.000000,221.385000
1500,728.574000,395.261000,2.440000,324.533000
1501,682.305000,346.532000,3.570000,303.743000
1502,756.522000,441.640000,1.509000,339.702000
1503,734.714000,357.971000,5.360000,298.223000
1504,732.153000,411.320000,15.360000,347.831000
1505,582.876000,280.363000,2.970000,248.613000
1506,772.823000,418.120000,4.960000,332.332000
1507,648.585000,347.611000,3.270000,289.644000
1508,589.916000,357.062000,1.820000,252.684000
1509,611.475000,331.391000,8.040000,274.843000
1510,490.448000,209.155000,3.430000,198.715000
1511,771.161000,413.260000,7.620000,371.041000
1512,693.584000,359.912000,3.659000,310.274000
1513,770.092000,434.040000,1.800000,337.841000
1514,781.262000,459.309000,1.471000,337.402000
1515,657.574000,366.292000,2.749000,292.683000
1516,738.222000,400.080000,1.680000,277.444000
1517,732.903000,429.439000,10.830000,359.832000
1518,510.587000,251.405000,2.140000,211.725000
1519,553.667000,299.473000,1.230000,238.403000
1520,726.964000,343.571000,5.190000,297.062000
1521,761.163000,401.831000,16.250000,367.221000
1522,420.691000,209.805000,5.260000,194.815000
1523,680.614000,401.891000,2.870000,325.851000
1524,760.912000,444.080000,2.150000,343.651000
1525,761.083000,447.729000,2.190000,324.553000
1526,761.433000,432.291000,3.350000,364.460000
1527,720.515000,405.650000,3.630000,314.023000
1528,559.707000,272.064000,2.640000,222.325000
1529,701.792000,397.991000,2.760000,290.353000
1530,775.022000,338.923000,8.779000,341.902000
1531,532.508000,256.233000,5.100000,238.425000
1532,853.540000,442.771000,1.670000,342.822000
1533,579.216000,328.923000,7.120000,301.552000
1534,779.782000,478.299000,3.100000,351.581000
1535,602.266000,333.233000,2.331000,272.033000
1536,752.263000,439.350000,2.199000,328.502000
1537,714.323000,405.170000,4.060000,416.390000
1538,493.518000,221.145000,5.250000,217.195000
1539,751.551000,447.779000,2.120000,322.552000
1540,747.573000,360.582000,1.910000,325.182000
1541,675.175000,350.921000,8.410000,332.483000
1542,817.091000,434.448000,9.550000,347.502000
1543,728.583000,426.890000,1.969000,323.451000
1544,642.105000,352.353000,1.339000,301.513000
1545,502.489000,270.022000,2.019000,256.815000
1546,659.095000,359.522000,3.150000,282.294000
1547,732.753000,437.611000,5.240000,336.162000
1548,644.165000,343.172000,1.950000,257.834000
1549,728.293000,435.789000,1.960000,320.253000
1550,514.248000,249.614000,9.050000,250.345000
1551,777.451000,421.240000,5.060000,345.432000
1552,522.129000,263.692000,5.609000,245.264000
1553,656.724000,331.891000,12.520000,299.253000
1554,699.054000,407.040000,2.200000,328.333000
1555,593.326000,380.231000,3.080000,306.892000
1556,697.644000,394.551000,15.179000,328.342000
1557,678.504000,363.921000,3.520000,284.714000
1558,592.125000,359.061000,1.819000,294.084000
1559,771.191000,470.448000,3.110000,345.142000
1560,729.013000,348.073000,2.290000,302.653000
1561,730.723000,422.839000,1.230000,329.123000
1562,761.521000,411.761000,6.430000,325.522000
1563,551.997000,369.012000,2.560000,307.402000
1564,816.260000,466.319000,1.551000,351.451000
1565,729.633000,413.070000,2.510000,302.733000
1566,784.602000,451.269000,3.070000,330.743000
1567,633.766000,346.182000,2.439000,277.065000
1568,744.952000,453.710000,2.860000,345.312000
1569,652.894000,353.721000,2.859000,316.032000
1570,661.405000,307.363000,3.080000,294.442000
1571,761.652000,371.532000,2.229000,348.892000
1572,613.366000,298.342000,3.849000,276.922000
1573,507.348000,244.904000,4.989000,230.805000
1574,692.324000,390.220000,3.470000,304.843000
1575,713.173000,364.942000,3.979000,300.403000
1576,727.622000,376.431000,3.840000,306.963000
1577,542.666000,263.754000,1.981000,236.824000
1578,797.021000,460.609000,2.730000,375.760000
1579,609.705000,339.572000,9.151000,304.503000
1580,795.372000,370.431000,3.100000,395.581000
1581,766.062000,372.271000,2.520000,372.251000
1582,484.029000,211.416000,2.440000,216.295000
1583,690.083000,367.592000,3.040000,294.654000
1584,782.702000,463.080000,6.511000,323.312000
1585,522.638000,303.833000,1.640000,250.574000
1586,773.661000,427.061000,1.920000,308.664000
1587,742.082000,387.151000,2.210000,308.023000
1588,679.643000,415.720000,1.210000,327.844000
1589,638.544000,354.942000,1.120000,293.983000
1590,783.181000,332.392000,18.109000,344.352000
1591,790.861000,410.031000,10.680000,352.322000
1592,689.064000,404.442000,3.350000,314.301000
1593,776.330000,428.929000,6.989000,325.712000
1594,716.153000,399.591000,6.919000,310.952000
1595,693.594000,378.991000,1.920000,322.643000
1596,706.084000,374.302000,1.240000,288.254000
1597,675.444000,351.622000,6.420000,278.793000
1598,852.460000,478.430000,2.210000,379.661000
1599,668.374000,390.221000,1.610000,312.461000
1600,732.014000,335.481000,8.289000,319.483000
1601,623.096000,273.524000,5.540000,245.074000
1602,728.432000,371.882000,2.751000,313.843000
1603,601.586000,324.781000,1.460000,264.423000
1604,717.084000,404.530000,1.790000,351.532000
1605,350.592000,163.717000,7.999000,168.196000
1606,742.032000,400.901000,6.880000,326.373000
1607,624.556000,361.012000,2.900000,306.922000
1608,836.050000,487.889000,1.770000,356.462000
1609,649.985000,388.501000,20.219000,325.042000
1610,703.645000,346.131000,5.110000,343.211000
1611,520.638000,234.944000,2.400000,207.715000
1612,749.883000,402.731000,8.680000,339.811000
1613,621.056000,320.082000,2.739000,284.703000
1614,719.673000,410.120000,8.170000,323.682000
1615,619.706000,333.151000,3.550000,310.174000
1616,575.066000,292.614000,1.710000,231.015000
1617,500.657000,253.185000,1.400000,228.255000
1618,575.336000,303.872000,1.400000,258.164000
1619,715.394000,417.870000,1.260000,342.662000
1620,796.350000,390.371000,8.870000,339.471000
1621,762.873000,387.621000,4.670000,335.542000
1622,726.133000,407.610000,4.950000,328.662000
1623,655.205000,366.891000,3.000000,289.453000
1624,694.574000,390.311000,2.809000,327.372000
1625,832.189000,416.291000,6.179000,340.734000
1626,557.176000,277.354000,1.950000,217.654000
1627,555.996000,280.383000,1.820000,247.384000
1628,632.395000,377.852000,1.070000,297.254000
1629,675.064000,405.751000,2.059000,314.863000
1630,690.163000,417.280000,1.760000,358.831000
1631,619.386000,368.582000,3.509000,326.783000
1632,607.116000,378.402000,2.899000,308.834000
1633,763.932000,486.218000,8.421000,378.852000
1634,738.322000,468.140000,3.019000,386.480000
1635,633.976000,435.208000,1.790000,326.453000
1636,797.041000,427.910000,3.221000,311.523000
1637,813.571000,456.600000,13.030000,361.441000
1638,656.074000,347.882000,3.600000,270.644000
1639,750.201000,434.969000,2.000000,329.014000
1640,780.121000,343.441000,1.630000,349.183000
1641,817.611000,404.200000,2.941000,343.201000
1642,739.331000,397.721000,5.210000,332.582000
1643,621.226000,327.652000,49.619000,284.763000
1644,657.025000,369.591000,5.160000,291.433000
1645,723.912000,432.249000,1.950000,328.833000
1646,677.544000,368.432000,6.590000,309.652000
1647,705.883000,402.570000,2.110000,314.572000
1648,839.830000,462.509000,5.550000,358.161000
1649,649.804000,371.601000,2.410000,311.702000
1650,750.832000,352.511000,4.470000,308.024000
1651,687.384000,316.621000,14.070000,312.602000
1652,707.694000,396.900000,6.010000,368.741000
1653,775.322000,451.859000,3.210000,324.173000
1654,513.627000,277.893000,2.260000,309.483000
1655,672.215000,342.992000,15.089000,280.354000
1656,706.293000,394.921000,2.300000,324.683000
1657,681.063000,358.812000,6.581000,314.222000
1658,765.052000,421.411000,9.879000,361.192000
1659,662.444000,393.420000,2.360000,326.053000
1660,675.324000,330.222000,3.430000,332.472000
1661,692.115000,410.770000,1.520000,335.552000
1662,759.732000,413.620000,2.189000,310.504000
1663,790.052000,459.990000,1.389000,343.372000
1664,564.666000,308.684000,3.240000,262.572000
1665,702.354000,424.139000,1.830000,329.723000
1666,730.474000,372.291000,14.269000,317.702000
1667,616.316000,343.163000,3.269000,299.972000
1668,733.323000,374.071000,18.579000,328.142000
1669,745.642000,426.960000,3.630000,331.233000
1670,828.361000,414.650000,3.829000,477.789000
1671,699.473000,363.043000,2.600000,332.622000
1672,539.917000,255.284000,2.470000,257.225000
1673,749.012000,409.530000,2.200000,327.812000
1674,542.697000,278.122000,2.020000,249.605000
1675,652.766000,386.701000,1.520000,300.052000
1676,566.967000,284.223000,2.280000,223.604000
1677,720.904000,402.161000,19.280000,337.142000
1678,571.107000,315.763000,3.109000,290.233000
1679,819.731000,484.978000,2.280000,341.412000
1680,743.443000,345.141000,9.830000,331.862000
1681,777.783000,398.050000,4.370000,336.262000
1682,755.582000,490.928000,12.870000,343.921000
1683,620.885000,336.242000,3.240000,264.064000
1684,693.734000,398.740000,2.091000,335.561000
1685,704.944000,368.881000,3.480000,281.782000
1686,780.202000,494.708000,1.570000,382.431000
1687,723.643000,423.670000,1.670000,346.151000
1688,711.383000,418.090000,1.150000,318.133000
1689,693.593000,409.440000,2.031000,301.942000
1690,781.091000,405.211000,9.270000,363.291000
1691,679.814000,343.322000,3.000000,291.613000
1692,472.168000,234.155000,1.360000,217.525000
1693,569.417000,290.303000,1.340000,250.845000
1694,434.049000,244.693000,1.499000,224.215000
1695,745.543000,406.320000,1.600000,318.352000
1696,697.273000,411.850000,1.560000,347.312000
1697,511.038000,270.504000,2.230000,236.785000
1698,797.121000,491.069000,1.270000,358.921000
1699,603.445000,298.443000,1.380000,256.734000
1700,753.662000,336.932000,5.719000,315.052000
1701,561.106000,257.714000,14.320000,257.054000
1702,600.476000,343.082000,2.690000,290.824000
1703,696.773000,375.202000,1.260000,304.472000
1704,508.158000,295.164000,1.309000,259.734000
1705,610.556000,344.452000,1.070000,263.384000
1706,776.862000,458.439000,5.009000,357.691000
1707,717.584000,399.421000,3.390000,307.892000
1708,609.965000,322.204000,3.990000,276.175000
1709,476.020000,260.224000,4.960000,243.473000
1710,601.086000,271.064000,1.570000,267.034000
1711,767.182000,326.352000,21.690000,331.574000
1712,643.776000,346.051000,2.760000,287.953000
1713,766.404000,396.981000,7.180000,329.731000
1714,746.553000,484.760000,2.310000,345.092000
1715,572.187000,303.672000,2.300000,260.285000
1716,784.361000,415.270000,5.560000,346.972000
1717,730.663000,393.811000,3.011000,318.421000
1718,785.831000,429.630000,7.020000,329.953000
1719,678.984000,379.551000,2.110000,320.423000
1720,795.201000,425.331000,1.730000,329.233000
1721,738.422000,375.342000,2.219000,317.513000
1722,958.638000,438.060000,15.510000,381.621000
1723,761.882000,420.530000,6.740000,330.032000
1724,714.373000,397.619000,3.960000,337.812000
1725,649.776000,376.571000,2.950000,301.404000
1726,708.924000,361.213000,11.019000,292.613000
1727,607.997000,314.044000,3.930000,297.062000
1728,858.470000,492.479000,2.419000,362.083000
1729,704.173000,388.001000,2.349000,292.044000
1730,535.886000,265.354000,2.471000,244.014000
1731,748.222000,391.350000,2.080000,326.102000
1732,595.746000,298.213000,5.010000,262.314000
1733,386.760000,235.724000,7.420000,211.285000
1734,665.735000,399.420000,4.410000,318.842000
1735,788.641000,487.610000,4.940000,353.691000
1736,582.476000,307.124000,6.620000,255.384000
1737,639.174000,356.712000,2.500000,268.422000
1738,739.943000,451.569000,1.370000,321.003000
1739,797.251000,434.200000,4.830000,342.981000
1740,508.298000,220.454000,2.271000,213.124000
1741,628.676000,317.064000,1.040000,281.162000
1742,901.109000,462.248000,20.150000,393.970000
1743,665.294000,322.333000,12.490000,278.503000
1744,713.024000,421.851000,12.729000,317.482000
1745,572.036000,318.614000,4.861000,270.664000
1746,834.510000,464.579000,4.500000,356.871000
1747,719.084000,403.981000,4.009000,343.392000
1748,815.291000,493.358000,2.861000,397.521000
1749,551.267000,277.173000,10.450000,263.233000
1750,813.571000,375.200000,3.090000,324.523000
1751,786.742000,399.200000,17.740000,374.311000
1752,789.561000,415.851000,6.460000,363.571000
1753,634.535000,346.722000,8.350000,320.532000
1754,733.132000,430.130000,2.120000,307.473000
1755,687.883000,392.650000,2.340000,335.252000
1756,449.918000,218.615000,4.710000,212.135000
1757,670.374000,383.882000,2.030000,329.923000
1758,692.903000,417.321000,7.419000,338.901000
1759,755.983000,452.918000,2.020000,350.162000
1760,733.443000,330.353000,1.500000,304.423000
1761,665.205000,323.212000,2.410000,278.023000
1762,538.196000,306.354000,1.340000,290.462000
1763,705.553000,428.011000,1.140000,339.762000
1764,694.574000,407.100000,5.050000,308.673000
1765,585.997000,321.963000,2.059000,263.324000
1766,583.406000,327.562000,1.301000,291.983000
1767,664.824000,364.931000,1.951000,296.263000
1768,749.532000,423.421000,1.629000,312.523000
1769,677.334000,390.862000,2.280000,343.662000
1770,741.693000,388.682000,2.840000,336.341000
1771,798.282000,396.581000,5.349000,342.913000
1772,682.994000,361.302000,18.200000,323.134000
1773,562.556000,298.113000,2.689000,241.164000
1774,618.495000,322.923000,2.210000,282.163000
1775,733.014000,364.871000,19.569000,324.462000
1776,672.524000,355.532000,13.379000,301.894000
1777,696.593000,375.271000,20.340000,333.213000
1778,650.095000,350.292000,4.351000,301.462000
1779,660.454000,365.181000,1.550000,271.284000
1780,683.024000,304.802000,1.439000,294.384000
1781,703.634000,368.781000,2.390000,325.692000
1782,730.243000,401.781000,4.800000,343.572000
1783,700.172000,387.332000,4.780000,310.082000
1784,630.825000,358.441000,6.811000,290.354000
1785,701.603000,401.120000,5.379000,322.273000
1786,831.931000,489.527000,1.911000,388.980000
1787,809.621000,437.990000,7.460000,344.842000
1788,442.739000,203.725000,2.150000,179.996000
1789,937.159000,512.578000,3.290000,375.752000
1790,692.964000,338.692000,2.979000,287.913000
1791,646.054000,302.894000,4.581000,284.183000
1792,673.073000,406.051000,3.060000,339.972000
1793,574.977000,338.712000,4.030000,291.104000
1794,524.237000,332.392000,8.160000,287.493000
1795,655.895000,357.251000,12.120000,287.774000
1796,699.813000,343.113000,3.948000,284.774000
1797,697.484000,386.921000,4.091000,306.283000
1798,715.253000,429.929000,13.030000,364.382000
1799,824.840000,461.099000,3.581000,342.861000
1800,691.412000,375.031000,1.930000,358.013000
1801,675.663000,382.541000,2.030000,340.972000
1802,761.972000,424.800000,3.719000,397.191000
1803,412.290000,191.406000,2.869000,178.445000
1804,824.831000,508.748000,2.720000,367.151000
1805,699.772000,373.131000,2.360000,297.172000
1806,647.454000,346.681000,1.470000,258.614000
1807,598.375000,317.832000,2.240000,265.174000
1808,699.234000,405.671000,1.280000,308.033000
1809,749.804000,433.509000,1.530000,334.242000
1810,843.229000,454.400000,2.021000,335.452000
1811,461.719000,219.915000,3.901000,214.106000
1812,749.243000,438.849000,3.810000,336.312000
1813,749.551000,416.550000,2.840000,333.272000
1814,794.961000,439.190000,14.449000,368.631000
1815,723.203000,429.910000,11.389000,353.292000
1816,379.831000,175.196000,2.430000,164.356000
1817,706.355000,408.630000,1.080000,305.843000
1818,645.744000,354.342000,3.010000,278.663000
1819,702.624000,417.680000,1.660000,322.712000
1820,777.572000,360.221000,1.120000,341.332000
1821,718.192000,345.001000,1.050000,294.014000
1822,619.346000,341.132000,1.500000,257.884000
1823,687.214000,381.551000,6.930000,308.412000
1824,704.154000,449.540000,1.940000,342.632000
1825,800.061000,450.980000,2.130000,335.472000
1826,658.735000,349.882000,19.450000,323.583000
1827,717.143000,423.990000,4.100000,320.562000
1828,649.535000,354.102000,16.989000,315.823000
1829,736.313000,436.830000,4.410000,330.152000
1830,776.522000,378.371000,9.960000,341.313000
1831,612.655000,335.551000,4.580000,323.721000
1832,665.205000,319.212000,7.781000,284.732000
1833,536.497000,350.842000,2.489000,300.362000
1834,691.964000,408.920000,1.551000,317.621000
1835,632.626000,322.393000,5.489000,274.513000
1836,560.628000,336.571000,2.371000,302.102000
1837,607.987000,316.091000,9.870000,282.024000
1838,582.746000,369.771000,2.180000,295.733000
1839,630.595000,381.281000,4.470000,294.293000
1840,719.814000,327.731000,4.610000,292.143000
1841,700.873000,325.763000,3.370000,279.872000
1842,985.887000,492.179000,2.150000,343.442000
1843,458.940000,223.025000,2.220000,189.185000
1844,834.950000,433.061000,12.251000,350.691000
1845,712.595000,437.299000,3.021000,310.252000
1846,653.765000,360.451000,1.050000,275.963000
1847,660.525000,392.020000,4.791000,323.611000
1848,676.644000,432.380000,4.030000,323.422000
1849,817.341000,458.600000,2.340000,374.402000
1850,758.482000,382.511000,2.811000,392.310000
1851,727.683000,379.440000,3.240000,331.252000
1852,640.735000,326.293000,1.570000,291.183000
1853,571.596000,287.053000,2.880000,253.015000
1854,549.638000,294.623000,19.148000,284.563000
1855,822.281000,500.589000,4.181000,367.561000
1856,1013.845000,464.319000,18.909000,381.202000
1857,674.334000,349.732000,3.589000,324.563000
1858,679.655000,402.791000,1.890000,324.682000
1859,880.410000,475.579000,16.900000,389.591000
1860,723.423000,330.992000,5.470000,304.713000
1861,478.268000,202.265000,1.440000,188.736000
1862,616.826000,293.003000,1.680000,273.654000
1863,652.963000,359.802000,1.180000,305.122000
1864,762.502000,444.760000,2.691000,342.882000
1865,678.204000,370.810000,8.539000,325.103000
1866,830.731000,478.878000,2.200000,405.380000
1867,677.235000,385.111000,1.200000,308.843000
1868,862.520000,495.989000,2.271000,368.581000
1869,641.724000,306.363000,5.899000,239.843000
1870,772.583000,346.361000,2.320000,315.963000
1871,709.894000,351.412000,8.360000,298.723000
1872,707.622000,386.710000,2.700000,321.993000
1873,777.801000,416.460000,1.640000,337.632000
1874,680.234000,380.071000,4.120000,296.124000
1875,828.511000,520.637000,1.860000,369.921000
1876,640.975000,349.502000,17.369000,316.643000
1877,568.946000,329.852000,8.100000,290.753000
1878,732.532000,419.031000,3.569000,330.692000
1879,827.380000,521.569000,2.360000,352.321000
1880,621.236000,339.431000,8.230000,331.252000
1881,644.544000,340.772000,2.470000,323.352000
1882,676.924000,344.441000,0.950000,353.791000
1883,629.795000,323.723000,2.609000,273.113000
1884,661.785000,373.911000,1.450000,301.494000
1885,674.255000,402.341000,1.280000,372.842000
1886,605.005000,320.622000,1.920000,246.794000
1887,773.632000,439.159000,5.569000,348.102000
1888,705.023000,416.970000,6.160000,357.081000
1889,740.202000,414.489000,6.569000,345.533000
1890,708.104000,328.022000,2.849000,308.124000
1891,711.972000,354.571000,5.470000,325.233000
1892,653.485000,342.102000,3.930000,283.694000
1893,679.974000,354.781000,1.981000,355.762000
1894,819.220000,462.578000,5.510000,341.233000
1895,682.753000,377.501000,1.760000,301.423000
1896,747.622000,420.170000,1.730000,320.583000
1897,526.457000,275.424000,2.920000,266.044000
1898,716.972000,391.300000,1.330000,326.722000
1899,833.000000,467.519000,19.910000,384.500000
1900,393.271000,176.845000,10.070000,181.316000
1901,820.232000,395.471000,12.039000,344.301000
1902,610.316000,345.482000,19.850000,317.963000
1903,657.395000,387.501000,3.870000,298.842000
1904,725.894000,475.999000,2.320000,350.672000
1905,683.803000,412.721000,2.800000,317.724000
1906,494.957000,257.335000,1.690000,214.346000
1907,362.500000,199.186000,1.149000,185.676000
1908,622.076000,345.924000,5.749000,269.854000
1909,731.044000,418.470000,1.551000,302.822000
1910,764.173000,440.959000,10.191000,346.962000
1911,777.891000,402.680000,2.439000,331.362000
1912,584.645000,284.003000,1.329000,241.685000
1913,770.341000,448.850000,3.320000,347.322000
1914,757.102000,445.700000,4.850000,324.723000
1915,772.971000,425.249000,5.729000,356.552000
1916,769.482000,430.840000,2.059000,336.923000
1917,543.017000,263.344000,3.579000,218.466000
1918,638.485000,352.092000,1.460000,284.033000
1919,841.240000,478.709000,1.031000,342.362000
1920,703.703000,339.283000,2.130000,301.453000
1921,732.883000,365.051000,9.369000,344.371000
1922,468.400000,223.504000,3.819000,258.845000
1923,682.704000,384.221000,2.050000,315.013000
1924,713.163000,399.781000,3.040000,321.203000
1925,706.253000,396.421000,1.861000,327.662000
1926,658.065000,346.122000,13.920000,295.183000
1927,620.106000,398.130000,5.560000,322.932000
1928,651.724000,373.722000,1.400000,298.672000
1929,819.432000,487.688000,1.730000,368.601000
1930,804.061000,404.410000,6.301000,349.202000
1931,652.765000,341.692000,4.320000,348.660000
1932,642.204000,331.492000,2.040000,281.682000
1933,522.268000,350.241000,2.380000,282.213000
1934,571.598000,349.901000,1.390000,275.784000
1935,518.307000,304.574000,15.369000,272.063000
1936,588.925000,320.294000,3.680000,302.572000
1937,572.596000,350.263000,1.179000,241.865000
1938,701.982000,380.071000,1.631000,333.313000
1939,716.792000,390.531000,19.630000,352.011000
1940,774.641000,389.571000,3.489000,343.052000
1941,607.086000,324.113000,1.500000,296.802000
1942,712.124000,375.181000,4.750000,332.682000
1943,746.343000,441.570000,14.340000,382.552000
1944,673.383000,411.680000,8.160000,368.800000
1945,631.665000,367.092000,2.050000,291.253000
1946,728.873000,443.579000,1.309000,312.103000
1947,619.955000,342.312000,1.440000,298.293000
1948,654.574000,358.942000,1.120000,293.443000
1949,797.312000,462.740000,4.119000,368.672000
1950,946.848000,459.159000,2.160000,424.619000
1951,671.784000,338.881000,1.690000,290.154000
1952,790.532000,468.729000,17.600000,362.401000
1953,600.476000,376.932000,9.309000,321.604000
1954,772.891000,468.349000,2.980000,330.461000
1955,706.133000,452.389000,2.910000,285.563000
1956,631.165000,313.472000,1.890000,296.213000
1957,616.915000,349.671000,2.539000,296.213000
1958,813.051000,517.337000,1.870000,373.961000
1959,773.352000,473.580000,1.440000,347.332000
1960,654.874000,380.691000,1.049000,339.061000
1961,796.641000,388.791000,9.049000,352.363000
1962,811.281000,461.139000,7.300000,379.401000
1963,723.903000,381.970000,15.179000,329.913000
1964,693.433000,428.740000,7.139000,329.873000
1965,501.448000,244.744000,2.911000,200.824000
1966,756.273000,438.750000,4.110000,331.712000
1967,756.143000,443.790000,6.349000,312.383000
1968,653.665000,328.622000,11.760000,269.594000
1969,775.222000,450.619000,16.740000,349.451000
1970,685.354000,316.483000,8.279000,304.224000
1971,688.944000,355.452000,19.709000,335.912000
1972,749.942000,423.849000,2.710000,344.353000
1973,674.893000,381.813000,3.999000,312.003000
1974,654.645000,397.131000,7.600000,337.763000
1975,615.986000,375.121000,3.850000,315.443000
1976,747.302000,443.759000,2.219000,303.023000
1977,511.139000,238.475000,1.610000,204.735000
1978,875.508000,484.509000,3.769000,386.932000
1979,733.613000,402.271000,2.040000,304.182000
1980,777.411000,403.352000,6.628000,361.033000
1981,669.024000,382.842000,6.080000,329.352000
1982,624.875000,332.362000,2.910000,291.134000
1983,626.106000,368.111000,3.890000,321.712000
1984,845.980000,501.028000,4.691000,364.551000
1985,673.404000,376.911000,1.960000,328.272000
1986,672.005000,391.930000,3.560000,320.552000
1987,661.135000,342.262000,1.789000,274.335000
1988,702.054000,428.320000,4.000000,352.542000
1989,642.324000,378.640000,3.280000,295.943000
1990,800.841000,399.030000,4.970000,331.042000
1991,720.184000,332.482000,5.190000,318.643000
1992,1011.445000,575.547000,4.840000,418.150000
1993,478.378000,227.185000,3.621000,210.176000
1994,585.805000,308.364000,3.289000,267.073000
1995,680.674000,393.021000,4.230000,319.603000
1996,720.482000,386.791000,2.460000,306.683000
1997,633.314000,364.491000,1.531000,317.483000
1998,642.154000,372.062000,1.170000,319.452000
1999,655.883000,405.301000,123.767000,346.371000
2000,497.098000,219.835000,3.840000,216.384000
2001,734.712000,341.922000,2.781000,317.091000
2002,626.294000,306.803000,3.390000,285.603000
2003,640.865000,346.321000,1.960000,282.253000
2004,675.844000,343.102000,8.720000,312.702000
2005,784.232000,453.009000,5.510000,354.462000
2006,509.528000,312.454000,1.960000,294.242000
2007,606.775000,378.241000,13.059000,340.893000
2008,741.922000,446.930000,2.650000,324.482000
2009,699.033000,350.481000,19.600000,304.702000
2010,741.633000,383.942000,4.709000,342.443000
2011,661.234000,315.922000,1.570000,281.923000
2012,743.252000,428.190000,47.909000,352.331000
2013,760.132000,465.040000,2.411000,359.652000
2014,576.256000,310.913000,3.320000,271.964000
2015,694.123000,415.161000,1.870000,315.573000
2016,748.641000,416.081000,1.061000,315.141000
2017,753.783000,419.459000,5.520000,348.822000
2018,629.665000,312.812000,11.000000,276.823000
2019,813.961000,438.029000,16.171000,349.391000
2020,762.922000,354.242000,4.990000,319.082000
2021,659.684000,323.512000,3.650000,301.213000
2022,672.364000,371.161000,3.720000,302.812000
2023,654.775000,369.391000,2.790000,320.643000
2024,578.576000,311.272000,4.680000,259.594000
2025,825.911000,527.628000,3.509000,360.842000
2026,823.961000,449.549000,1.461000,431.950000
2027,674.055000,358.712000,1.320000,300.633000
2028,820.711000,502.777000,12.000000,398.111000
2029,565.328000,282.503000,2.870000,231.365000
2030,643.715000,286.443000,2.979000,260.504000
2031,777.023000,404.440000,2.900000,325.021000
2032,815.300000,490.619000,2.251000,346.272000
2033,709.613000,374.462000,2.600000,301.542000
2034,796.211000,460.620000,8.240000,330.752000
2035,780.852000,458.258000,4.780000,375.031000
2036,615.636000,338.402000,5.011000,293.092000
2037,794.021000,475.109000,7.680000,327.832000
2038,767.742000,452.868000,6.230000,371.552000
2039,504.757000,246.705000,21.870000,221.985000
2040,590.386000,269.375000,21.359000,263.654000
2041,767.602000,394.360000,7.190000,366.111000
2042,800.630000,437.811000,3.720000,343.892000
2043,761.102000,430.809000,2.941000,317.123000
2044,660.744000,398.711000,5.550000,300.962000
2045,730.503000,426.990000,2.000000,328.852000
2046,808.961000,428.780000,1.860000,343.861000
2047,700.054000,393.721000,2.230000,340.322000
2048,541.798000,263.182000,1.290000,211.475000
2049,685.245000,395.981000,1.909000,318.401000
2050,599.206000,261.104000,3.970000,259.444000
2051,535.077000,261.285000,1.930000,258.434000
2052,753.142000,357.490000,2.151000,293.084000
2053,607.425000,321.842000,1.650000,273.264000
2054,409.900000,225.025000,1.500000,216.895000
2055,765.791000,423.900000,5.450000,326.182000
2056,662.224000,379.012000,3.691000,292.823000
2057,786.251000,423.881000,2.790000,344.182000
2058,783.931000,436.161000,1.811000,314.193000
2059,693.123000,371.281000,2.391000,307.203000
2060,874.320000,486.618000,5.070000,382.731000
2061,604.866000,290.932000,2.351000,242.755000
2062,597.096000,337.322000,1.531000,277.514000
2063,449.119000,241.565000,2.351000,204.295000
2064,747.052000,506.029000,1.600000,341.811000
2065,767.541000,444.400000,1.160000,337.452000
2066,846.920000,483.909000,5.960000,359.901000
2067,748.582000,438.390000,1.710000,322.573000
2068,715.453000,393.700000,1.950000,368.012000
2069,727.594000,384.212000,1.430000,282.953000
2070,796.922000,410.170000,4.470000,374.610000
2071,592.826000,273.245000,2.540000,268.604000
2072,745.052000,421.970000,2.030000,349.012000
2073,662.014000,374.541000,2.191000,286.873000
2074,710.672000,438.000000,4.700000,380.890000
2075,697.663000,382.801000,1.910000,283.934000
2076,769.622000,465.847000,3.920000,352.862000
2077,719.183000,399.071000,4.370000,309.794000
2078,676.224000,396.810000,4.470000,299.733000
2079,776.152000,444.909000,1.710000,326.933000
2080,778.491000,381.100000,1.280000,317.263000
2081,658.475000,292.602000,8.571000,308.894000
2082,748.233000,399.470000,2.240000,330.422000
2083,777.702000,437.829000,3.140000,331.613000
2084,458.229000,254.945000,2.101000,257.505000
2085,599.266000,355.801000,2.609000,297.493000
2086,654.755000,393.611000,1.941000,364.770000
2087,528.187000,269.834000,2.711000,223.006000
2088,730.103000,421.570000,1.780000,315.073000
2089,674.483000,399.921000,1.630000,341.083000
2090,722.274000,346.181000,1.530000,325.762000
2091,812.191000,391.931000,4.190000,343.273000
2092,730.972000,410.009000,8.169000,338.122000
2093,751.033000,432.040000,1.940000,335.801000
2094,601.906000,319.341000,1.480000,266.565000
2095,660.375000,392.651000,4.780000,340.803000
2096,640.945000,353.711000,3.280000,312.093000
2097,582.686000,327.092000,1.211000,253.834000
2098,820.121000,436.559000,2.311000,358.192000
2099,727.813000,483.608000,3.890000,353.612000
2100,687.734000,329.713000,1.850000,298.423000
2101,689.874000,346.761000,1.350000,322.623000
2102,649.235000,319.202000,5.430000,264.244000
2103,773.802000,446.270000,3.749000,337.542000
2104,648.696000,376.641000,3.959000,311.202000
2105,779.942000,454.209000,2.049000,327.983000
2106,778.291000,462.700000,10.040000,366.872000
2107,525.788000,305.163000,3.369000,255.314000
2108,549.976000,320.692000,2.139000,270.095000
2109,832.050000,503.988000,2.960000,364.912000
2110,745.414000,329.891000,11.970000,313.843000
2111,511.898000,240.494000,10.070000,231.375000
2112,523.988000,241.284000,11.360000,272.474000
2113,731.033000,406.341000,5.070000,309.233000
2114,666.783000,375.751000,5.251000,307.744000
2115,622.216000,357.702000,5.830000,330.862000
2116,819.120000,440.710000,3.899000,338.262000
2117,730.582000,403.190000,5.350000,336.521000
2118,755.762000,412.950000,2.450000,304.552000
2119,579.826000,318.083000,1.790000,255.234000
2120,708.794000,344.262000,1.629000,309.433000
2121,575.986000,299.412000,2.870000,279.074000
2122,732.213000,388.121000,1.451000,337.211000
2123,589.236000,320.762000,20.599000,274.085000
2124,771.932000,426.870000,3.330000,352.751000
2125,770.902000,460.858000,7.140000,342.862000
2126,733.433000,393.120000,7.310000,409.181000
2127,701.044000,395.701000,2.491000,328.432000
2128,744.274000,511.677000,1.750000,335.082000
2129,717.644000,383.931000,1.170000,310.392000
2130,671.395000,333.803000,1.541000,318.792000
2131,625.806000,330.432000,4.720000,311.472000
2132,582.756000,342.772000,7.170000,320.872000
2133,834.590000,576.567000,3.579000,385.760000
2134,664.174000,368.671000,3.020000,295.704000
2135,568.646000,288.513000,4.261000,287.063000
2136,702.624000,387.431000,4.291000,318.093000
2137,621.076000,291.893000,4.129000,260.143000
2138,637.316000,357.872000,1.530000,295.782000
2139,730.553000,399.871000,4.990000,316.003000
2140,808.500000,471.509000,2.590000,359.361000
2141,700.514000,332.022000,1.360000,302.364000
2142,659.874000,366.182000,2.689000,317.413000
2143,752.042000,413.810000,11.670000,360.693000
2144,774.601000,452.769000,5.040000,364.621000
2145,661.165000,340.792000,13.530000,337.552000
2146,698.804000,411.670000,7.850000,349.921000
2147,573.885000,316.443000,3.480000,254.054000
2148,717.963000,452.159000,3.710000,392.121000
2149,668.493000,378.822000,1.380000,404.021000
2150,692.095000,305.252000,8.700000,287.944000
2151,750.942000,401.760000,3.120000,379.971000
2152,764.622000,435.620000,18.970000,384.951000
2153,716.712000,408.161000,2.709000,325.862000
2154,794.152000,466.608000,1.500000,355.282000
2155,636.955000,346.251000,3.170000,283.642000
2156,744.393000,404.490000,7.830000,339.102000
2157,711.894000,367.551000,19.130000,318.762000
2158,698.204000,374.991000,3.050000,299.163000
2159,803.921000,490.488000,1.139000,344.172000
2160,584.857000,257.523000,5.990000,247.955000
2161,962.678000,438.289000,10.769000,356.543000
2162,586.356000,312.492000,5.900000,283.164000
2163,793.881000,484.398000,2.249000,368.472000
2164,699.243000,403.210000,3.300000,312.884000
2165,720.573000,427.170000,1.520000,342.321000
2166,721.384000,405.790000,1.409000,305.833000
2167,790.733000,490.608000,7.600000,358.991000
2168,703.364000,391.750000,2.019000,295.744000
2169,732.452000,423.231000,1.680000,334.652000
2170,730.702000,361.662000,2.571000,334.582000
2171,770.541000,413.581000,2.140000,348.971000
2172,667.464000,343.382000,4.960000,306.793000
2173,803.481000,469.779000,3.040000,343.012000
2174,603.875000,319.012000,1.939000,249.615000
2175,607.906000,323.082000,4.701000,290.103000
2176,731.443000,382.981000,7.290000,321.862000
2177,719.174000,397.000000,3.440000,313.562000
2178,739.922000,467.240000,1.909000,358.062000
2179,797.992000,476.679000,2.820000,363.851000
2180,663.094000,355.272000,2.280000,324.983000
2181,717.342000,377.911000,1.670000,322.733000
2182,672.433000,439.629000,2.140000,337.082000
2183,612.686000,364.481000,4.781000,294.773000
2184,476.819000,236.595000,8.600000,226.224000
2185,779.361000,457.029000,3.290000,335.501000
2186,824.050000,441.250000,7.080000,348.302000
2187,767.501000,429.570000,7.450000,365.521000
2188,740.803000,421.030000,2.111000,310.022000
2189,790.761000,443.889000,9.640000,378.691000
2190,604.155000,264.874000,3.170000,263.613000
2191,677.593000,326.463000,1.581000,307.212000
2192,560.447000,277.854000,2.809000,264.543000
2193,557.267000,319.823000,1.410000,293.532000
2194,562.947000,324.303000,1.950000,317.132000
2195,570.836000,328.913000,5.550000,314.012000
2196,436.980000,259.384000,1.860000,243.825000
2197,545.887000,333.772000,6.130000,287.064000
2198,676.835000,375.900000,2.500000,284.022000
2199,728.734000,426.501000,17.089000,349.202000
2200,809.751000,412.250000,19.970000,379.661000
2201,926.177000,439.179000,3.131000,376.401000
2202,681.625000,379.281000,2.739000,333.322000
2203,713.454000,453.649000,2.090000,401.041000
2204,715.153000,384.271000,3.680000,319.283000
2205,761.633000,418.790000,2.320000,313.442000
2206,671.385000,361.901000,1.300000,326.323000
2207,526.467000,274.254000,3.410000,231.305000
2208,857.330000,465.948000,2.430000,376.471000
2209,789.012000,420.660000,2.399000,346.122000
2210,938.759000,425.001000,3.780000,372.171000
2211,768.422000,392.870000,4.190000,340.202000
2212,773.421000,420.421000,5.780000,352.552000
2213,661.624000,397.691000,3.939000,322.872000
2214,761.222000,522.028000,2.080000,350.772000
2215,769.412000,405.300000,20.440000,352.292000
2216,503.867000,256.014000,7.380000,219.675000
2217,743.573000,448.780000,15.320000,338.381000
2218,752.432000,415.601000,6.639000,317.673000
2219,844.210000,459.939000,2.190000,395.511000
2220,682.164000,309.632000,7.520000,288.234000
2221,585.327000,273.813000,5.630000,244.194000
2222,808.591000,431.339000,1.789000,409.590000
2223,735.522000,392.011000,3.420000,324.372000
2224,617.585000,351.433000,3.270000,279.223000
2225,703.723000,415.101000,1.929000,306.483000
2226,754.734000,436.539000,1.669000,353.533000
2227,736.732000,392.981000,4.140000,318.344000
2228,737.032000,404.641000,10.989000,322.742000
2229,691.454000,360.682000,3.579000,294.754000
2230,845.009000,435.128000,2.021000,330.783000
2231,631.535000,329.242000,7.029000,298.993000
2232,689.532000,366.921000,2.991000,315.333000
2233,655.054000,387.920000,1.751000,304.931000
2234,561.487000,300.933000,1.621000,280.304000
2235,661.254000,342.793000,2.120000,283.353000
2236,736.863000,393.831000,16.530000,326.291000
2237,690.344000,415.300000,2.729000,319.943000
2238,757.531000,423.449000,8.810000,334.623000
2239,768.472000,409.491000,3.729000,322.832000
2240,538.659000,292.032000,1.720000,266.584000
2241,759.993000,374.351000,1.870000,323.014000
2242,595.007000,310.693000,3.280000,274.655000
2243,817.081000,502.989000,3.000000,399.931000
2244,578.186000,315.773000,8.171000,258.255000
2245,725.223000,399.700000,2.019000,396.712000
2246,829.210000,481.819000,0.951000,354.161000
2247,753.263000,401.962000,4.800000,331.412000
2248,730.833000,412.451000,3.461000,351.912000
2249,795.351000,410.911000,22.030000,357.381000
2250,720.442000,360.521000,4.120000,336.593000
2251,653.053000,318.964000,3.120000,270.964000
2252,691.193000,398.241000,1.720000,379.460000
2253,736.833000,417.260000,4.910000,332.552000
2254,703.333000,437.291000,1.790000,460.049000
2255,780.641000,443.200000,1.280000,361.421000
2256,742.923000,475.229000,1.510000,347.412000
2257,545.067000,259.534000,3.800000,227.314000
2258,576.386000,305.652000,3.040000,287.184000
2259,728.912000,408.470000,6.960000,333.572000
2260,719.143000,316.772000,8.880000,329.733000
2261,830.629000,411.200000,13.640000,372.822000
2262,507.007000,232.145000,4.230000,217.865000
2263,694.882000,384.762000,3.810000,319.921000
2264,753.171000,426.070000,4.580000,335.983000
2265,752.052000,425.540000,2.840000,317.822000
2266,683.344000,371.280000,13.700000,316.843000
2267,623.285000,333.433000,5.861000,297.123000
2268,686.304000,382.161000,3.569000,312.153000
2269,593.198000,350.221000,16.649000,334.931000
2270,710.463000,347.211000,3.320000,362.903000
2271,508.937000,206.045000,4.859000,205.865000
2272,681.955000,318.622000,1.820000,299.403000
2273,761.302000,402.300000,1.270000,322.943000
2274,884.630000,557.147000,16.000000,382.161000
2275,481.219000,249.325000,4.510000,217.776000
2276,614.005000,354.711000,1.650000,293.973000
2277,797.752000,471.699000,2.730000,338.082000
2278,659.445000,367.003000,6.200000,330.492000
2279,703.443000,396.012000,10.349000,333.273000
2280,512.647000,220.915000,2.760000,209.185000
2281,711.834000,377.402000,1.619000,337.121000
2282,576.948000,303.922000,7.791000,296.034000
2283,584.777000,305.992000,3.600000,262.443000
2284,766.801000,423.650000,2.080000,313.492000
2285,755.712000,417.499000,2.079000,325.202000
2286,739.153000,409.101000,10.229000,333.183000
2287,872.129000,447.339000,18.340000,367.491000
2288,740.172000,393.771000,4.610000,333.952000
2289,690.534000,382.741000,13.230000,312.713000
2290,643.985000,301.873000,4.329000,294.172000
2291,748.403000,399.500000,1.360000,333.992000
2292,592.296000,345.563000,9.538000,317.633000
2293,745.443000,426.881000,3.571000,336.343000
2294,769.662000,421.960000,1.800000,313.482000
2295,695.554000,402.480000,1.381000,343.331000
2296,625.815000,314.533000,3.969000,285.574000
2297,660.554000,317.123000,10.299000,288.223000
2298,741.201000,450.790000,2.300000,331.472000
2299,758.354000,404.561000,10.640000,325.203000
2300,755.982000,352.852000,4.410000,302.832000
2301,877.550000,439.550000,14.499000,370.471000
2302,630.684000,358.460000,16.030000,335.453000
2303,840.660000,472.047000,2.770000,372.422000
2304,725.083000,431.650000,1.200000,329.422000
2305,599.375000,333.172000,1.560000,265.014000
2306,695.654000,366.890000,16.519000,310.562000
2307,732.233000,420.990000,21.680000,349.482000
2308,583.186000,303.683000,8.880000,266.422000
2309,706.604000,402.911000,2.520000,327.573000
2310,801.432000,388.541000,5.560000,339.752000
2311,753.672000,423.190000,2.490000,345.902000
2312,806.571000,450.169000,9.640000,382.792000
2313,625.584000,389.883000,5.360000,328.531000
2314,708.893000,409.600000,2.190000,333.033000
2315,638.255000,334.882000,8.049000,285.535000
2316,767.842000,430.260000,2.309000,341.392000
2317,592.076000,299.043000,3.070000,243.563000
2318,795.652000,457.788000,5.440000,376.010000
2319,747.314000,435.219000,2.590000,339.692000
2320,690.043000,395.360000,2.381000,303.074000
2321,744.502000,356.961000,2.640000,308.703000
2322,673.005000,364.521000,2.000000,313.032000
2323,672.544000,371.941000,1.380000,279.593000
2324,492.158000,255.964000,4.120000,251.455000
2325,713.553000,419.150000,3.610000,330.383000
2326,672.563000,385.932000,2.510000,312.962000
2327,642.374000,354.441000,13.370000,299.713000
2328,637.594000,328.904000,5.061000,278.263000
2329,826.281000,512.338000,2.680000,365.161000
2330,800.000000,385.621000,2.890000,326.022000
2331,774.882000,376.020000,3.580000,321.953000
2332,613.925000,287.882000,3.911000,258.874000
2333,794.361000,426.280000,2.460000,350.661000
2334,459.599000,252.964000,1.840000,223.355000
2335,761.151000,432.289000,4.021000,351.521000
2336,655.624000,346.481000,7.990000,305.253000
2337,798.991000,446.230000,3.260000,377.851000
2338,465.329000,273.983000,1.420000,241.895000
2339,635.025000,403.160000,3.590000,333.772000
2340,711.564000,352.012000,3.950000,313.152000
2341,757.582000,381.341000,2.990000,328.882000
2342,630.375000,343.812000,3.000000,292.383000
2343,609.376000,358.211000,1.660000,307.034000
2344,759.282000,467.020000,5.760000,358.341000
2345,706.054000,413.921000,9.709000,362.193000
2346,560.697000,291.204000,5.611000,251.433000
2347,714.343000,414.720000,2.991000,297.332000
2348,690.134000,360.212000,12.439000,312.714000
2349,761.752000,424.890000,10.260000,349.191000
2350,740.002000,394.961000,8.291000,368.561000
2351,836.110000,432.550000,16.039000,378.740000
2352,499.508000,321.853000,5.421000,287.984000
2353,664.715000,369.641000,4.621000,306.733000
2354,739.822000,435.259000,2.750000,360.571000
2355,850.910000,488.179000,5.710000,373.010000
2356,727.732000,432.990000,2.740000,337.272000
2357,729.823000,391.621000,3.520000,319.563000
2358,501.888000,244.885000,1.739000,208.876000
2359,732.962000,438.140000,1.970000,348.772000
2360,645.695000,332.123000,2.990000,299.752000
2361,645.494000,342.782000,1.920000,307.763000
2362,577.836000,277.544000,5.030000,269.712000
2363,454.919000,212.585000,3.960000,185.136000
2364,664.076000,391.080000,2.100000,313.892000
2365,697.704000,392.801000,1.440000,350.443000
2366,921.388000,470.769000,2.340000,329.923000
2367,752.972000,427.350000,2.200000,359.011000
2368,595.306000,309.043000,7.110000,274.093000
2369,356.222000,158.436000,2.330000,151.547000
2370,585.696000,249.105000,1.760000,269.563000
2371,740.422000,389.890000,1.621000,330.162000
2372,631.554000,308.433000,10.371000,287.253000
2373,834.919000,443.250000,2.990000,350.703000
2374,842.259000,481.189000,2.269000,353.281000
2375,735.473000,430.510000,7.150000,333.952000
2376,639.215000,370.761000,3.159000,315.452000
2377,676.565000,367.161000,4.709000,290.874000
2378,787.922000,461.679000,2.850000,336.413000
2379,611.706000,342.292000,1.580000,277.553000
2380,670.714000,317.233000,1.251000,287.572000
2381,659.255000,343.401000,3.030000,321.643000
2382,694.563000,375.561000,3.170000,308.744000
2383,690.353000,365.293000,1.720000,335.611000
2384,650.895000,353.752000,13.310000,301.234000
2385,635.594000,346.432000,20.699000,299.872000
2386,721.193000,404.011000,3.490000,306.402000
2387,722.043000,393.041000,2.221000,326.042000
2388,712.783000,379.591000,4.590000,309.172000
2389,638.225000,386.250000,4.740000,305.253000
2390,709.023000,308.263000,2.211000,278.613000
2391,715.234000,336.772000,2.539000,310.093000
2392,648.235000,352.212000,1.490000,281.073000
2393,768.822000,415.859000,2.440000,310.622000
2394,880.620000,484.018000,15.399000,350.432000
2395,766.932000,413.790000,4.640000,354.332000
2396,726.512000,403.510000,14.030000,332.603000
2397,655.004000,340.604000,5.500000,301.912000
2398,770.991000,454.829000,2.560000,349.802000
2399,623.954000,365.291000,1.511000,308.042000
2400,579.947000,284.353000,3.190000,278.714000
2401,693.514000,344.881000,4.360000,288.614000
2402,795.261000,428.730000,2.450000,338.321000
2403,681.665000,384.651000,1.980000,291.112000
2404,688.493000,385.671000,2.870000,293.564000
2405,700.193000,381.591000,8.169000,317.073000
2406,747.992000,432.490000,3.219000,333.772000
2407,793.512000,418.089000,3.000000,335.543000
2408,686.563000,391.432000,1.390000,289.323000
2409,758.902000,395.939000,2.200000,318.943000
2410,688.714000,321.781000,3.390000,326.261000
2411,738.684000,374.591000,2.160000,322.761000
2412,737.323000,386.360000,2.330000,311.282000
2413,588.127000,301.094000,6.620000,258.164000
2414,658.635000,421.570000,2.610000,308.753000
2415,734.202000,420.240000,3.040000,332.373000
2416,802.901000,471.618000,6.180000,359.451000
2417,665.554000,406.951000,5.109000,339.302000
2418,749.412000,474.469000,2.399000,340.991000
2419,565.556000,264.074000,14.550000,250.935000
2420,770.462000,363.092000,3.800000,312.773000
2421,678.534000,312.412000,8.320000,341.712000
2422,675.495000,336.902000,12.210000,333.673000
2423,743.072000,423.261000,3.770000,338.552000
2424,761.892000,408.721000,20.210000,340.423000
2425,665.603000,387.941000,6.570000,320.364000
2426,572.636000,297.844000,2.000000,257.854000
2427,822.540000,468.270000,6.840000,349.682000
2428,767.972000,404.950000,4.240000,303.272000
2429,671.844000,368.261000,2.971000,293.593000
2430,828.951000,388.071000,3.249000,393.570000
2431,635.235000,309.421000,3.000000,258.384000
2432,725.402000,399.120000,2.300000,319.843000
2433,867.430000,494.768000,14.439000,416.571000
2434,745.012000,413.001000,17.069000,368.690000
2435,631.686000,394.250000,2.510000,313.404000
2436,683.944000,389.020000,1.990000,388.960000
2437,830.651000,493.127000,2.651000,366.871000
2438,799.761000,454.618000,1.710000,316.693000
2439,714.923000,396.480000,2.750000,349.483000
2440,788.341000,436.790000,1.940000,345.601000
2441,637.774000,342.661000,2.790000,286.114000
2442,686.284000,344.112000,1.739000,336.732000
2443,493.429000,239.694000,1.771000,194.885000
2444,713.253000,402.461000,5.369000,317.483000
2445,792.101000,430.880000,3.830000,335.182000
2446,546.836000,249.624000,4.840000,209.525000
2447,676.754000,370.062000,1.899000,304.472000
2448,752.004000,401.680000,14.270000,344.831000
2449,569.276000,319.483000,5.540000,261.463000
2450,833.230000,427.750000,5.360000,360.641000
2451,839.011000,439.080000,11.440000,387.320000
2452,559.357000,265.844000,2.150000,251.663000
2453,572.887000,299.322000,3.499000,248.904000
2454,759.282000,374.921000,2.710000,287.123000
2455,611.196000,331.562000,1.610000,253.864000
2456,817.861000,444.989000,2.570000,366.201000
2457,764.941000,438.260000,1.660000,361.502000
2458,707.504000,371.621000,1.549000,285.873000
2459,592.565000,311.363000,1.390000,264.984000
2460,552.447000,286.784000,1.790000,269.084000
2461,729.123000,381.261000,5.591000,317.444000
2462,568.986000,293.163000,3.240000,238.895000
2463,734.003000,406.750000,7.560000,326.512000
2464,827.570000,479.019000,4.870000,355.851000
2465,811.741000,478.040000,8.410000,387.201000
2466,697.613000,386.411000,2.590000,344.952000
2467,758.812000,426.860000,1.440000,310.082000
2468,632.055000,349.091000,1.130000,271.454000
2469,681.014000,373.481000,1.880000,308.052000
2470,638.335000,288.233000,4.950000,273.944000
2471,813.691000,387.341000,2.419000,370.412000
2472,721.133000,375.351000,2.310000,346.291000
2473,821.911000,502.009000,5.440000,349.751000
2474,694.353000,378.622000,8.700000,306.972000
2475,734.462000,403.360000,5.109000,343.502000
2476,586.127000,314.803000,2.670000,235.654000
2477,715.653000,417.480000,18.480000,345.082000
2478,623.635000,365.102000,3.240000,322.672000
2479,521.868000,263.454000,2.169000,203.055000
2480,809.101000,373.851000,9.650000,345.403000
2481,712.134000,331.742000,2.580000,292.674000
2482,675.233000,355.463000,1.340000,276.733000
2483,640.355000,343.291000,16.490000,304.493000
2484,623.216000,345.411000,4.490000,286.683000
2485,734.172000,412.051000,2.569000,326.133000
2486,625.545000,410.811000,3.299000,329.113000
2487,641.566000,338.031000,13.720000,300.412000
2488,733.583000,423.660000,3.909000,310.513000
2489,666.574000,361.842000,1.400000,325.692000
2490,743.992000,393.170000,3.381000,358.012000
2491,810.480000,368.053000,15.250000,331.762000
2492,731.811000,374.882000,8.390000,312.481000
2493,622.785000,330.812000,10.000000,292.134000
2494,684.163000,386.042000,2.120000,284.123000
2495,642.756000,327.142000,5.549000,288.173000
2496,887.060000,516.277000,13.020000,447.210000
2497,590.836000,291.414000,4.950000,261.983000
2498,675.125000,377.251000,2.600000,311.563000
2499,773.992000,434.659000,1.341000,366.202000
2500,766.124000,381.821000,2.990000,340.292000
2501,683.784000,336.092000,20.920000,332.812000
2502,734.472000,416.791000,4.070000,333.331000
2503,702.683000,413.690000,1.819000,342.291000
2504,713.374000,387.450000,2.570000,304.562000
2505,751.362000,421.921000,1.610000,344.112000
2506,731.142000,414.801000,2.760000,320.003000
2507,617.415000,326.471000,5.990000,266.794000
2508,767.982000,438.120000,2.619000,341.502000
2509,579.617000,275.245000,14.640000,252.254000
2510,697.052000,335.003000,5.200000,319.842000
2511,806.190000,379.562000,1.819000,340.804000
2512,733.253000,422.231000,7.851000,337.491000
2513,786.702000,460.718000,9.639000,396.111000
2514,588.066000,298.262000,7.670000,265.345000
2515,716.003000,376.302000,4.250000,313.012000
2516,740.542000,341.141000,11.340000,293.503000
2517,719.252000,415.080000,3.129000,326.723000
2518,641.115000,381.541000,2.290000,282.543000
2519,552.738000,299.443000,8.621000,245.845000
2520,628.095000,332.922000,3.400000,293.673000
2521,664.195000,317.692000,6.490000,275.054000
2522,877.850000,520.208000,49.489000,453.180000
2523,691.403000,386.191000,3.210000,299.904000
2524,668.254000,415.690000,2.100000,315.952000
2525,776.762000,473.709000,2.280000,336.952000
2526,729.873000,434.749000,2.621000,339.163000
2527,522.127000,264.514000,8.220000,215.744000
2528,746.811000,410.850000,5.350000,330.792000
2529,764.022000,425.230000,4.471000,347.251000
2530,684.663000,356.402000,2.709000,295.573000
2531,751.713000,370.391000,2.740000,308.912000
2532,613.485000,325.813000,2.110000,288.253000
2533,729.763000,428.310000,2.200000,320.862000
2534,771.981000,482.649000,2.610000,352.391000
2535,655.604000,349.322000,3.150000,321.063000
2536,569.376000,316.732000,2.250000,273.893000
2537,663.865000,332.512000,4.749000,280.085000
2538,638.165000,388.281000,4.380000,344.552000
2539,579.876000,294.304000,2.000000,264.323000
2540,873.819000,365.082000,9.649000,352.311000
2541,767.942000,368.940000,6.380000,328.722000
2542,736.783000,397.700000,1.860000,298.052000
2543,695.724000,397.700000,3.380000,329.663000
2544,632.825000,370.611000,4.040000,319.042000
2545,782.561000,466.660000,3.541000,327.023000
2546,605.267000,311.182000,1.920000,260.533000
2547,772.882000,440.450000,2.390000,346.671000
2548,760.351000,482.789000,17.399000,403.631000
2549,731.992000,400.361000,5.170000,337.023000
2550,627.075000,348.852000,4.170000,333.223000
2551,736.822000,380.061000,3.560000,329.732000
2552,793.181000,376.382000,10.840000,321.632000
2553,720.103000,431.090000,5.030000,342.231000
2554,694.593000,382.292000,4.320000,303.892000
2555,588.216000,315.004000,2.149000,242.814000
2556,801.131000,455.089000,2.431000,353.152000
2557,410.880000,194.206000,6.160000,176.385000
2558,811.541000,456.670000,2.600000,355.001000
2559,764.152000,415.661000,5.739000,331.312000
2560,687.644000,360.073000,2.511000,336.681000
2561,624.825000,298.013000,5.659000,269.244000
2562,708.003000,365.671000,20.410000,319.552000
2563,538.748000,307.941000,3.389000,266.685000
2564,560.606000,322.483000,2.030000,265.004000
2565,684.723000,371.722000,17.150000,321.682000
2566,580.556000,305.164000,3.829000,270.244000
2567,738.303000,412.820000,7.929000,322.061000
2568,637.695000,337.473000,4.649000,290.223000
2569,687.134000,386.111000,4.490000,344.492000
2570,630.766000,312.602000,7.750000,303.013000
2571,720.152000,375.582000,2.840000,311.943000
2572,638.965000,320.662000,7.190000,301.404000
2573,702.413000,395.000000,2.160000,300.554000
2574,634.285000,367.091000,1.471000,298.513000
2575,439.399000,262.685000,9.200000,244.095000
2576,958.247000,531.097000,2.710000,364.012000
2577,733.622000,442.939000,3.370000,329.462000
2578,664.225000,368.711000,1.339000,288.754000
2579,710.143000,365.201000,20.389000,350.952000
2580,612.716000,273.264000,10.610000,273.913000
2581,683.763000,317.022000,4.560000,298.864000
2582,742.652000,401.051000,6.211000,355.431000
2583,613.456000,330.263000,2.080000,267.523000
2584,745.843000,432.300000,2.100000,323.792000
2585,665.574000,435.310000,1.979000,295.082000
2586,606.255000,342.082000,3.430000,291.213000
2587,775.791000,452.910000,3.539000,329.753000
2588,793.921000,483.478000,14.200000,357.763000
2589,689.413000,360.691000,3.030000,336.132000
2590,684.884000,333.382000,2.180000,291.124000
2591,611.555000,282.783000,5.059000,261.143000
2592,827.050000,417.390000,19.099000,369.982000
2593,728.172000,398.111000,15.180000,325.583000
2594,676.315000,456.710000,7.489000,373.471000
2595,850.221000,464.458000,5.691000,359.371000
2596,703.004000,386.751000,4.760000,330.572000
2597,672.855000,366.001000,3.569000,301.063000
2598,606.546000,311.162000,16.490000,268.985000
2599,718.853000,398.241000,8.611000,319.052000
2600,656.994000,319.062000,14.049000,316.252000
2601,687.243000,335.822000,2.380000,303.713000
2602,853.320000,444.870000,7.950000,350.692000
2603,831.640000,459.459000,3.530000,339.592000
2604,771.622000,431.960000,2.700000,349.682000
2605,680.075000,370.502000,1.530000,311.683000
2606,673.393000,364.013000,1.240000,303.093000
2607,673.224000,387.441000,7.410000,323.292000
2608,744.113000,408.120000,5.589000,331.792000
2609,821.510000,492.090000,4.520000,372.181000
2610,457.841000,207.764000,3.130000,218.935000
2611,653.934000,302.013000,5.010000,283.564000
2612,553.407000,248.584000,1.510000,262.953000
2613,704.354000,363.021000,3.330000,294.403000
2614,785.952000,424.641000,1.760000,370.730000
2615,780.231000,433.240000,1.410000,311.082000
2616,673.895000,373.251000,1.590000,304.483000
2617,491.618000,236.825000,1.150000,220.224000
2618,801.341000,470.389000,1.051000,344.571000
2619,618.466000,346.363000,4.380000,283.763000
2620,702.584000,325.903000,2.239000,297.693000
2621,793.521000,412.100000,5.280000,363.201000
2622,715.054000,405.030000,3.231000,334.932000
2623,729.244000,446.578000,2.260000,329.083000
2624,799.310000,489.818000,9.571000,392.710000
2625,820.481000,440.731000,4.050000,335.964000
2626,675.374000,378.351000,1.741000,328.352000
2627,725.303000,368.312000,8.860000,303.084000
2628,626.995000,333.281000,2.430000,262.334000
2629,667.075000,384.760000,3.030000,335.571000
2630,685.864000,302.342000,1.980000,300.013000
2631,714.903000,412.241000,3.410000,328.282000
2632,692.674000,396.351000,5.179000,328.242000
2633,551.248000,274.333000,3.060000,231.965000
2634,650.806000,385.340000,2.000000,303.413000
2635,651.086000,383.201000,4.070000,318.422000
2636,791.841000,465.690000,2.789000,336.272000
2637,629.635000,345.332000,1.740000,281.574000
2638,568.996000,304.403000,2.219000,256.554000
2639,654.193000,362.792000,1.690000,288.732000
2640,694.113000,347.142000,4.040000,317.272000
2641,827.660000,351.972000,23.150000,303.452000
2642,609.185000,294.703000,5.290000,265.605000
2643,716.273000,379.492000,2.550000,299.442000
2644,773.702000,449.170000,9.450000,347.791000
2645,579.707000,358.921000,4.619000,308.632000
2646,649.474000,373.591000,1.920000,292.743000
2647,761.962000,456.020000,2.040000,335.381000
2648,659.464000,354.251000,6.810000,289.014000
2649,347.001000,150.636000,1.720000,150.536000
2650,702.624000,337.502000,15.280000,344.302000
2651,699.143000,352.632000,4.720000,311.393000
2652,608.746000,281.724000,1.789000,244.643000
2653,775.412000,429.398000,1.349000,335.013000
2654,763.042000,437.840000,1.620000,323.542000
2655,640.735000,397.860000,1.610000,344.453000
2656,754.501000,448.931000,2.430000,350.552000
2657,767.322000,451.800000,3.840000,391.261000
2658,574.646000,278.224000,3.360000,231.624000
2659,607.746000,355.381000,1.620000,320.821000
2660,702.402000,329.713000,10.670000,314.632000
2661,618.605000,314.783000,4.539000,277.384000
2662,666.754000,328.712000,7.770000,319.113000
2663,755.182000,448.109000,4.311000,333.641000
2664,614.976000,327.722000,3.450000,274.404000
2665,584.196000,311.184000,6.800000,278.292000
2666,556.948000,307.453000,10.550000,279.013000
2667,818.981000,463.297000,21.270000,379.301000
2668,712.914000,399.301000,5.920000,310.321000
2669,646.164000,354.623000,1.830000,319.371000
2670,643.755000,313.512000,3.090000,285.324000
2671,726.303000,325.973000,2.320000,306.942000
2672,779.751000,442.830000,1.990000,339.942000
2673,746.903000,436.040000,8.490000,357.841000
2674,617.355000,327.823000,4.129000,274.194000
2675,801.191000,472.570000,4.950000,370.831000
2676,685.174000,367.842000,4.120000,301.682000
2677,785.201000,430.721000,11.580000,377.601000
2678,768.931000,424.590000,10.309000,371.681000
2679,648.274000,379.133000,5.049000,328.793000
2680,713.533000,410.470000,7.260000,329.144000
2681,537.956000,290.944000,3.040000,255.143000
2682,704.724000,477.419000,1.570000,356.251000
2683,710.923000,436.550000,1.990000,328.402000
2684,852.789000,542.578000,1.429000,374.002000
2685,835.860000,452.700000,5.650000,351.671000
2686,798.591000,514.448000,6.651000,338.702000
2687,752.622000,458.059000,2.940000,334.111000
2688,610.276000,365.281000,3.790000,311.943000
2689,706.533000,406.952000,1.599000,306.814000
2690,788.171000,374.831000,1.231000,325.881000
2691,624.986000,335.432000,5.890000,312.752000
2692,803.061000,435.750000,3.010000,335.432000
2693,574.897000,347.352000,2.471000,309.642000
2694,704.524000,410.001000,4.380000,310.472000
2695,573.086000,318.943000,1.939000,287.374000
2696,835.210000,485.668000,2.630000,406.971000
2697,726.084000,445.310000,2.430000,342.691000
2698,569.886000,316.802000,1.789000,244.854000
2699,823.811000,482.589000,2.981000,325.931000
2700,782.891000,341.943000,1.930000,314.302000
2701,784.862000,421.780000,2.000000,349.262000
2702,617.076000,307.812000,1.630000,252.584000
2703,848.600000,485.648000,5.270000,390.420000
2704,651.574000,358.281000,2.130000,284.584000
2705,540.167000,282.894000,3.620000,250.824000
2706,677.414000,409.080000,7.210000,335.412000
2707,713.263000,431.440000,3.020000,319.302000
2708,538.958000,288.933000,2.859000,270.895000
2709,768.631000,451.770000,3.640000,340.441000
2710,784.622000,354.312000,2.200000,341.282000
2711,558.887000,248.374000,4.760000,240.154000
2712,854.841000,451.300000,2.190000,350.522000
2713,711.933000,427.130000,1.349000,320.383000
2714,783.972000,453.879000,3.510000,364.382000
2715,695.743000,375.662000,2.530000,309.582000
2716,638.685000,360.241000,1.320000,299.543000
2717,711.702000,365.621000,11.100000,316.692000
2718,730.752000,390.000000,7.400000,341.052000
2719,631.784000,352.863000,3.280000,291.782000
2720,797.121000,408.380000,4.230000,343.562000
2721,634.426000,309.132000,1.990000,279.653000
2722,705.023000,418.790000,3.330000,364.591000
2723,842.041000,483.799000,16.030000,375.751000
2724,760.022000,448.540000,4.430000,344.291000
2725,730.053000,391.611000,2.021000,356.081000
2726,646.985000,399.651000,2.030000,325.842000
2727,754.673000,434.369000,2.000000,343.843000
2728,839.190000,468.988000,1.800000,333.853000
2729,752.161000,443.041000,3.300000,330.982000
2730,790.361000,423.170000,6.080000,354.361000
2731,713.764000,367.111000,3.060000,396.981000
2732,664.094000,422.150000,5.470000,316.592000
2733,669.485000,385.212000,9.320000,306.934000
2734,668.884000,368.611000,4.350000,291.643000
2735,752.911000,450.010000,1.790000,370.161000
2736,771.773000,428.909000,6.649000,325.903000
2737,761.911000,426.321000,5.220000,359.061000
2738,1116.075000,471.409000,22.000000,369.472000
2739,654.534000,392.271000,3.960000,307.673000
2740,713.724000,358.921000,1.750000,311.823000
2741,825.801000,411.259000,9.339000,375.343000
2742,552.436000,291.154000,21.658000,287.534000
2743,644.295000,381.121000,4.040000,302.302000
2744,642.365000,409.251000,2.340000,331.633000
2745,731.082000,467.069000,4.200000,425.380000
2746,738.292000,421.100000,3.990000,331.162000
2747,677.174000,380.241000,3.540000,282.024000
2748,712.203000,417.769000,7.200000,339.342000
2749,693.163000,362.341000,2.960000,292.724000
2750,670.335000,318.742000,7.760000,291.264000
2751,880.529000,446.240000,5.460000,386.111000
2752,751.801000,433.599000,1.941000,328.922000
2753,639.795000,342.811000,8.680000,292.792000
2754,700.504000,414.550000,2.130000,334.392000
2755,681.324000,410.859000,3.509000,324.603000
2756,510.708000,259.544000,2.950000,226.674000
2757,549.588000,327.912000,3.341000,294.564000
2758,623.676000,328.932000,6.809000,289.783000
2759,678.414000,369.141000,9.400000,301.753000
2760,843.620000,393.880000,3.160000,390.320000
2761,831.391000,413.080000,1.370000,344.872000
2762,682.064000,359.241000,1.890000,370.101000
2763,715.103000,403.801000,1.870000,343.423000
2764,637.066000,337.492000,3.790000,276.724000
2765,835.780000,497.068000,2.729000,354.081000
2766,725.264000,401.721000,1.800000,312.651000
2767,739.634000,432.840000,2.449000,339.142000
2768,726.663000,391.611000,1.729000,314.334000
2769,721.032000,416.480000,1.089000,406.581000
2770,504.538000,212.965000,3.240000,217.764000
2771,563.637000,272.753000,3.080000,262.154000
2772,705.443000,344.622000,6.840000,289.092000
2773,737.594000,393.191000,4.819000,332.001000
2774,776.692000,448.580000,2.710000,340.091000
2775,583.397000,302.683000,1.480000,233.975000
2776,664.645000,366.700000,1.400000,311.122000
2777,817.290000,459.189000,8.080000,367.981000
2778,738.023000,404.160000,14.520000,327.081000
2779,817.141000,472.139000,8.990000,385.501000
2780,874.959000,416.490000,21.160000,365.032000
2781,642.774000,329.063000,3.579000,300.412000
2782,750.814000,456.529000,3.730000,348.993000
2783,652.915000,338.242000,2.589000,289.364000
2784,748.943000,431.171000,1.181000,338.302000
2785,663.584000,355.552000,2.630000,289.194000
2786,750.203000,387.650000,8.430000,312.142000
2787,707.354000,414.620000,2.339000,319.103000
2788,591.516000,281.284000,10.430000,259.734000
2789,881.588000,489.558000,6.710000,361.591000
2790,711.922000,324.814000,4.779000,308.983000
2791,714.163000,372.391000,2.070000,337.192000
2792,807.361000,458.109000,1.180000,350.893000
2793,712.084000,389.111000,2.190000,298.624000
2794,640.916000,341.561000,2.930000,258.344000
2795,654.514000,326.392000,1.560000,277.963000
2796,801.230000,421.151000,3.459000,335.371000
2797,789.572000,438.870000,8.970000,376.281000
2798,731.324000,415.100000,3.590000,308.502000
2799,864.920000,504.237000,1.471000,346.112000
2800,567.047000,251.494000,2.080000,228.634000
2801,820.640000,450.049000,3.040000,396.650000
2802,660.775000,358.081000,1.640000,318.913000
2803,761.061000,417.380000,1.850000,350.131000
2804,584.696000,289.693000,0.889000,244.015000
2805,647.444000,354.892000,1.030000,271.003000
2806,837.540000,486.898000,19.070000,372.611000
2807,791.671000,451.770000,4.449000,350.171000
2808,800.051000,397.430000,3.979000,321.824000
2809,604.015000,314.383000,3.240000,268.874000
2810,741.684000,367.161000,2.070000,340.001000
2811,735.213000,380.461000,7.530000,347.822000
2812,552.167000,264.644000,3.450000,246.474000
2813,766.292000,474.229000,4.350000,367.061000
2814,448.100000,219.826000,4.430000,210.136000
2815,694.493000,366.092000,8.290000,292.904000
2816,804.661000,467.960000,12.519000,334.742000
2817,615.175000,337.751000,1.930000,293.183000
2818,690.483000,379.212000,5.231000,320.512000
2819,675.754000,418.260000,5.220000,323.402000
2820,547.667000,240.755000,12.720000,247.195000
2821,707.873000,320.343000,12.320000,337.822000
2822,749.243000,360.381000,3.610000,333.082000
2823,733.873000,356.511000,13.899000,341.222000
2824,845.710000,446.270000,10.009000,340.163000
2825,726.712000,406.060000,3.230000,305.204000
2826,639.565000,347.891000,6.120000,282.364000
2827,754.972000,438.280000,2.380000,320.062000
2828,735.244000,410.910000,1.771000,333.491000
2829,777.922000,443.060000,5.701000,355.881000
2830,683.603000,357.272000,4.889000,327.603000
2831,798.281000,410.859000,2.941000,343.982000
2832,687.884000,397.981000,2.290000,335.741000
2833,515.499000,236.515000,3.270000,203.694000
2834,780.891000,444.390000,2.011000,327.282000
2835,632.315000,334.123000,1.741000,283.984000
2836,818.161000,461.980000,2.179000,362.191000
2837,825.490000,445.080000,1.809000,378.521000
2838,810.291000,468.029000,15.300000,379.042000
2839,745.612000,424.820000,2.859000,329.992000
2840,802.201000,374.171000,1.779000,335.393000
2841,621.735000,284.673000,1.950000,254.425000
2842,793.231000,468.769000,3.720000,360.451000
2843,538.406000,287.154000,7.459000,255.573000
2844,585.596000,342.811000,3.550000,262.024000
2845,788.512000,411.390000,13.379000,342.351000
2846,526.479000,257.414000,6.199000,289.334000
2847,856.870000,460.538000,1.909000,351.061000
2848,636.265000,363.301000,2.420000,313.652000
2849,608.276000,325.833000,9.291000,299.403000
2850,640.255000,312.122000,2.880000,308.693000
2851,755.061000,393.060000,12.579000,354.412000
2852,737.443000,412.331000,3.070000,339.352000
2853,689.304000,450.770000,2.820000,350.622000
2854,691.803000,408.230000,4.339000,327.513000
2855,620.965000,341.852000,4.030000,292.494000
2856,749.692000,408.231000,2.840000,310.372000
2857,831.770000,456.470000,9.000000,360.381000
2858,588.396000,307.723000,4.700000,247.194000
2859,893.998000,502.139000,8.409000,373.311000
2860,820.592000,387.340000,2.910000,321.963000
2861,690.893000,317.323000,1.480000,275.384000
2862,748.412000,377.001000,1.990000,336.922000
2863,770.803000,436.329000,1.460000,351.223000
2864,609.916000,353.662000,2.731000,291.113000
2865,645.304000,359.992000,1.860000,299.243000
2866,760.311000,423.821000,5.140000,351.652000
2867,575.916000,297.942000,20.939000,277.393000
2868,537.167000,334.273000,3.250000,293.982000
2869,706.224000,418.030000,1.670000,319.452000
2870,675.294000,319.903000,3.671000,283.413000
2871,764.222000,366.042000,2.320000,307.552000
2872,568.606000,287.393000,6.090000,261.564000
2873,861.059000,463.509000,9.200000,371.411000
2874,773.361000,411.811000,16.880000,348.213000
2875,553.767000,310.432000,5.890000,275.543000
2876,733.662000,391.071000,1.471000,334.502000
2877,817.691000,484.419000,1.510000,349.592000
2878,720.542000,419.570000,1.670000,320.734000
2879,748.532000,414.640000,1.061000,309.512000
2880,645.885000,280.472000,2.181000,248.164000
2881,714.003000,350.062000,2.810000,298.983000
2882,818.640000,451.548000,1.791000,371.291000
2883,801.672000,467.449000,4.769000,360.623000
2884,734.543000,421.740000,2.410000,327.253000
2885,763.653000,440.829000,17.571000,375.451000
2886,726.154000,391.850000,2.790000,357.081000
2887,712.333000,392.150000,2.380000,321.922000
2888,811.521000,442.630000,3.019000,334.131000
2889,671.434000,368.861000,2.730000,298.643000
2890,710.562000,336.293000,5.150000,334.871000
2891,653.705000,334.621000,1.960000,313.253000
2892,735.161000,359.073000,3.820000,319.252000
2893,735.493000,395.472000,3.249000,307.234000
2894,665.225000,343.871000,17.480000,320.902000
2895,615.515000,335.763000,3.390000,291.713000
2896,674.243000,375.781000,16.510000,324.002000
2897,846.010000,440.529000,4.819000,370.570000
2898,741.844000,409.201000,2.270000,339.912000
2899,582.976000,302.704000,3.720000,290.923000
2900,725.202000,322.803000,5.251000,300.282000
2901,796.221000,374.092000,7.360000,336.872000
2902,781.462000,422.820000,4.940000,334.072000
2903,661.516000,360.042000,5.189000,298.664000
2904,705.543000,462.789000,2.600000,337.723000
2905,681.323000,427.790000,1.330000,325.623000
2906,651.824000,368.021000,3.410000,291.292000
2907,750.552000,444.869000,3.540000,337.073000
2908,765.791000,420.331000,6.840000,354.372000
2909,601.285000,368.081000,2.579000,367.951000
2910,674.133000,303.294000,2.520000,275.553000
2911,565.708000,257.403000,2.720000,244.434000
2912,809.320000,507.198000,1.780000,384.231000
2913,673.224000,374.391000,4.010000,305.952000
2914,544.628000,272.244000,5.140000,285.514000
2915,686.873000,383.272000,11.519000,348.062000
2916,738.992000,405.981000,2.439000,331.792000
2917,586.947000,338.391000,0.970000,258.364000
2918,761.031000,399.471000,19.140000,328.072000
2919,620.005000,343.382000,5.190000,295.803000
2920,662.045000,313.962000,6.789000,295.623000
2921,1025.406000,492.638000,2.249000,380.781000
2922,638.715000,317.123000,3.419000,276.445000
2923,949.049000,500.098000,17.849000,387.920000
2924,584.747000,317.572000,3.380000,280.644000
2925,680.473000,388.600000,5.819000,319.593000
2926,738.482000,423.250000,8.910000,347.062000
2927,713.743000,385.631000,19.371000,339.832000
2928,489.089000,243.104000,8.390000,238.923000
2929,695.654000,362.981000,2.630000,289.554000
2930,672.825000,322.141000,7.120000,297.843000
2931,701.823000,356.963000,2.370000,292.213000
2932,745.552000,386.162000,2.270000,320.093000
2933,662.044000,397.720000,1.341000,319.002000
2934,619.915000,386.952000,2.180000,311.882000
2935,591.856000,355.651000,1.751000,308.132000
2936,718.992000,387.301000,1.940000,315.894000
2937,634.505000,411.840000,1.899000,315.143000
2938,788.400000,422.859000,10.570000,325.513000
2939,675.484000,347.862000,5.880000,311.642000
2940,755.182000,364.912000,3.240000,347.682000
2941,738.883000,400.980000,1.779000,346.803000
2942,588.546000,310.803000,1.180000,279.634000
2943,774.932000,467.848000,3.130000,388.221000
2944,704.013000,395.472000,2.810000,301.742000
2945,675.974000,362.782000,2.379000,287.734000
2946,793.481000,406.881000,7.219000,369.662000
2947,715.232000,382.351000,18.950000,347.364000
2948,631.886000,327.391000,2.300000,283.593000
2949,799.911000,483.388000,5.360000,397.460000
2950,722.774000,364.572000,7.599000,373.111000
2951,502.847000,208.145000,1.560000,196.395000
2952,840.851000,425.581000,1.600000,342.152000
2953,612.436000,335.582000,4.069000,273.164000
2954,680.164000,387.111000,2.271000,323.843000
2955,570.877000,288.574000,6.040000,245.014000
2956,473.979000,225.864000,1.880000,218.884000
2957,866.030000,502.618000,2.189000,370.812000
2958,754.122000,415.831000,1.661000,343.061000
2959,711.733000,395.151000,3.470000,302.073000
2960,848.939000,398.021000,6.939000,371.302000
2961,736.973000,368.221000,2.071000,331.073000
2962,641.633000,334.793000,3.920000,282.812000
2963,739.623000,406.640000,3.000000,341.812000
2964,630.625000,347.752000,7.560000,300.454000
2965,714.183000,413.750000,2.410000,339.182000
2966,724.851000,440.309000,6.760000,351.891000
2967,616.875000,343.703000,2.699000,287.214000
2968,615.715000,335.251000,1.390000,259.714000
2969,756.422000,456.430000,2.250000,324.193000
2970,848.250000,430.910000,3.000000,384.081000
2971,747.812000,359.182000,3.010000,330.402000
2972,731.843000,379.491000,2.349000,337.912000
2973,829.580000,439.259000,21.480000,377.582000
2974,672.404000,395.171000,4.400000,294.893000
2975,768.142000,434.230000,3.120000,320.721000
2976,614.255000,385.511000,2.470000,344.772000
2977,778.221000,435.610000,4.440000,355.081000
2978,626.735000,353.103000,2.320000,276.082000
2979,753.084000,390.231000,3.870000,326.872000
2980,627.565000,302.803000,5.070000,285.352000
2981,733.623000,370.851000,1.780000,333.972000
2982,630.915000,329.923000,1.990000,277.823000
2983,854.260000,448.569000,4.100000,373.351000
2984,807.681000,406.551000,17.669000,360.181000
2985,718.914000,402.791000,4.051000,363.761000
2986,783.241000,481.719000,4.440000,362.262000
2987,592.016000,348.002000,2.729000,300.654000
2988,560.056000,351.021000,1.380000,306.733000
2989,694.333000,380.182000,3.710000,328.312000
2990,718.083000,345.201000,4.030000,296.332000
2991,606.345000,317.503000,3.360000,271.364000
2992,753.892000,429.550000,1.880000,365.841000
2993,627.536000,329.732000,9.499000,301.463000
2994,692.054000,428.039000,2.310000,452.379000
2995,718.133000,375.032000,1.409000,320.813000
2996,640.915000,367.242000,1.840000,291.063000
2997,482.288000,289.514000,1.349000,260.575000
2998,777.182000,504.667000,1.590000,370.462000
2999,667.334000,388.880000,117.428000,320.512000
3000,689.654000,327.232000,2.160000,300.964000
3001,740.013000,361.340000,1.890000,316.233000
3002,632.256000,317.212000,3.890000,321.723000
3003,609.696000,353.971000,3.600000,301.113000
3004,725.664000,405.430000,4.610000,321.432000
3005,727.614000,398.410000,9.730000,321.682000
3006,585.846000,302.913000,2.540000,259.703000
3007,683.164000,365.571000,1.769000,350.322000
3008,768.392000,486.538000,2.030000,362.972000
3009,581.626000,301.112000,3.630000,249.244000
3010,734.593000,358.492000,2.991000,312.423000
3011,710.804000,397.351000,7.410000,349.102000
3012,714.934000,380.471000,2.820000,309.862000
3013,724.763000,393.180000,5.530000,310.672000
3014,563.717000,311.473000,3.640000,260.305000
3015,373.311000,195.525000,2.480000,181.864000
3016,708.483000,347.372000,1.310000,275.703000
3017,780.003000,411.581000,6.249000,323.252000
3018,665.635000,373.191000,4.060000,310.802000
3019,624.136000,336.932000,1.210000,280.343000
3020,770.232000,355.482000,1.591000,327.332000
3021,760.882000,373.371000,1.140000,317.173000
3022,654.045000,348.962000,2.301000,299.572000
3023,666.996000,385.691000,8.040000,333.583000
3024,620.195000,339.322000,10.289000,285.363000
3025,604.866000,336.242000,8.600000,283.633000
3026,835.290000,480.608000,3.160000,365.442000
3027,652.215000,390.170000,14.910000,323.791000
3028,798.882000,526.667000,3.280000,338.762000
3029,832.460000,488.249000,9.029000,365.501000
3030,743.081000,333.632000,5.300000,309.683000
3031,734.543000,364.122000,2.119000,347.341000
3032,666.305000,331.842000,1.611000,280.424000
3033,800.241000,458.318000,1.270000,326.873000
3034,827.280000,461.948000,1.670000,319.324000
3035,730.442000,412.470000,1.410000,314.734000
3036,784.972000,434.049000,3.329000,339.212000
3037,738.703000,388.610000,8.000000,330.102000
3038,562.956000,295.483000,3.990000,249.854000
3039,769.221000,438.670000,3.450000,349.272000
3040,714.962000,298.173000,2.730000,267.353000
3041,699.044000,325.001000,2.419000,312.834000
3042,704.373000,368.472000,3.510000,316.972000
3043,823.931000,430.801000,2.459000,317.272000
3044,772.813000,457.158000,2.279000,380.171000
3045,655.495000,316.283000,4.450000,270.103000
3046,761.453000,410.100000,17.490000,347.672000
3047,787.391000,445.889000,5.929000,369.932000
3048,721.643000,422.670000,2.419000,322.043000
3049,796.851000,417.570000,4.780000,345.912000
3050,701.273000,375.271000,2.570000,310.453000
3051,772.232000,383.221000,2.190000,327.452000
3052,557.958000,273.113000,4.110000,242.004000
3053,479.519000,244.805000,1.970000,248.544000
3054,538.938000,307.833000,5.290000,250.054000
3055,773.441000,427.619000,3.400000,323.592000
3056,764.303000,430.440000,2.520000,358.471000
3057,828.810000,443.560000,13.880000,353.421000
3058,738.972000,417.660000,2.540000,308.984000
3059,751.372000,423.369000,11.169000,366.772000
3060,841.361000,388.270000,7.400000,388.950000
3061,616.105000,310.113000,2.370000,279.293000
3062,823.731000,449.889000,12.259000,374.952000
3063,711.842000,415.541000,4.619000,322.953000
3064,728.583000,430.771000,2.020000,330.441000
3065,699.163000,389.082000,12.610000,352.651000
3066,671.435000,437.170000,2.489000,303.693000
3067,815.011000,457.249000,5.200000,384.401000
3068,778.391000,421.720000,1.701000,345.882000
3069,784.292000,451.180000,2.190000,319.302000
3070,724.954000,354.922000,12.990000,351.091000
3071,756.571000,388.491000,4.130000,331.134000
3072,594.487000,287.422000,14.600000,300.024000
3073,639.726000,356.380000,2.760000,320.162000
3074,558.948000,319.882000,1.450000,261.035000
3075,693.583000,386.321000,2.650000,329.212000
3076,430.790000,224.854000,4.790000,199.014000
3077,543.408000,305.613000,4.410000,287.552000
3078,760.791000,376.512000,17.940000,315.602000
3079,802.601000,456.040000,5.100000,346.382000
3080,668.773000,309.532000,2.670000,331.652000
3081,747.643000,363.501000,1.570000,321.692000
3082,548.917000,288.933000,5.100000,255.725000
3083,504.919000,243.124000,2.371000,217.106000
3084,687.094000,382.932000,3.730000,298.624000
3085,851.030000,466.929000,2.110000,391.330000
3086,748.482000,391.711000,2.971000,316.611000
3087,695.175000,356.172000,2.299000,310.073000
3088,723.103000,422.800000,4.359000,336.222000
3089,704.084000,397.370000,3.971000,322.041000
3090,650.064000,293.133000,9.480000,270.083000
3091,722.223000,384.691000,2.659000,324.211000
3092,816.051000,414.360000,2.070000,341.303000
3093,524.447000,270.343000,2.520000,214.725000
3094,744.262000,399.720000,6.760000,319.653000
3095,706.953000,362.951000,2.231000,309.033000
3096,660.444000,351.092000,3.730000,287.843000
3097,785.821000,447.899000,8.021000,367.961000
3098,752.562000,480.607000,1.981000,334.793000
3099,650.705000,359.291000,13.870000,314.092000
3100,729.862000,354.162000,5.849000,300.533000
3101,799.691000,401.781000,6.290000,339.182000
3102,952.318000,421.021000,19.900000,351.272000
3103,847.870000,468.399000,3.570000,358.801000
3104,687.143000,391.881000,1.660000,303.362000
3105,741.342000,416.970000,6.970000,357.783000
3106,672.963000,403.950000,1.990000,317.384000
3107,850.830000,490.667000,2.339000,354.252000
3108,689.394000,414.020000,2.680000,380.480000
3109,782.402000,454.189000,3.990000,360.522000
3110,707.864000,354.302000,3.270000,307.813000
3111,738.703000,379.242000,1.640000,356.982000
3112,685.484000,351.862000,1.250000,294.613000
3113,551.637000,281.982000,2.250000,246.423000
3114,558.948000,270.652000,1.520000,241.115000
3115,720.383000,404.562000,1.640000,327.442000
3116,688.605000,357.421000,2.920000,285.132000
3117,706.024000,425.211000,2.880000,322.792000
3118,772.122000,448.160000,18.330000,367.711000
3119,585.777000,352.212000,16.270000,302.353000
3120,791.762000,408.110000,8.950000,370.942000
3121,697.863000,383.271000,4.860000,307.523000
3122,628.025000,324.121000,9.291000,298.534000
3123,855.340000,476.888000,20.420000,376.581000
3124,666.004000,339.882000,8.510000,273.744000
3125,740.593000,439.980000,4.901000,389.311000
3126,744.013000,395.850000,10.150000,336.201000
3127,740.602000,454.430000,5.450000,372.781000
3128,713.334000,410.511000,2.630000,303.773000
3129,774.172000,444.369000,2.380000,324.823000
3130,808.871000,438.070000,2.460000,336.461000
3131,689.883000,338.481000,5.540000,314.334000
3132,777.382000,464.810000,3.130000,382.261000
3133,624.506000,350.452000,1.760000,315.161000
3134,727.553000,428.981000,4.339000,355.532000
3135,649.875000,366.161000,2.600000,281.094000
3136,782.712000,427.539000,7.200000,350.281000
3137,728.192000,400.960000,2.739000,315.323000
3138,648.465000,366.972000,1.320000,316.282000
3139,699.184000,416.090000,2.230000,335.851000
3140,580.096000,234.625000,5.520000,239.034000
3141,860.269000,443.030000,3.120000,369.980000
3142,766.083000,415.580000,1.289000,361.981000
3143,804.111000,473.528000,1.030000,340.582000
3144,802.692000,470.799000,6.690000,352.601000
3145,576.576000,317.583000,6.330000,248.714000
3146,705.673000,392.380000,4.380000,313.733000
3147,752.782000,400.771000,1.420000,308.803000
3148,868.948000,509.388000,14.381000,393.001000
3149,711.663000,397.370000,4.190000,319.833000
3150,955.528000,390.391000,20.820000,366.652000
3151,949.898000,425.780000,11.060000,376.631000
3152,719.904000,393.470000,4.340000,323.481000
3153,725.223000,445.440000,3.460000,398.730000
3154,639.545000,365.742000,4.809000,276.513000
3155,761.713000,462.608000,2.680000,359.141000
3156,672.304000,352.772000,3.259000,304.802000
3157,635.725000,355.211000,2.150000,299.283000
3158,748.932000,417.859000,1.591000,332.121000
3159,577.598000,304.822000,5.440000,257.234000
3160,610.636000,282.044000,2.729000,263.684000
3161,618.606000,313.713000,2.459000,292.844000
3162,384.911000,191.945000,13.340000,180.435000
3163,672.584000,390.811000,2.569000,313.522000
3164,409.731000,210.515000,9.440000,200.826000
3165,817.531000,485.699000,4.449000,350.172000
3166,511.607000,257.703000,1.960000,232.004000
3167,751.962000,443.410000,2.860000,322.813000
3168,734.522000,410.569000,12.120000,317.731000
3169,757.413000,418.609000,5.299000,333.162000
3170,553.486000,260.763000,2.400000,233.975000
3171,550.957000,302.653000,1.999000,292.764000
3172,778.762000,393.831000,3.091000,339.972000
3173,828.551000,440.509000,3.280000,345.522000
3174,720.923000,410.750000,5.930000,326.383000
3175,843.009000,497.688000,4.350000,398.111000
3176,596.776000,302.523000,5.621000,249.913000
3177,687.044000,378.441000,2.160000,377.371000
3178,698.664000,325.971000,8.051000,277.944000
3179,788.611000,441.689000,2.070000,331.652000
3180,564.366000,249.055000,2.421000,305.873000
3181,708.123000,353.282000,1.440000,337.713000
3182,601.075000,330.712000,1.400000,275.154000
3183,712.593000,406.040000,1.590000,318.823000
3184,641.285000,369.851000,3.099000,281.923000
3185,712.084000,377.290000,10.400000,315.341000
3186,734.434000,382.042000,20.690000,331.801000
3187,936.799000,543.537000,6.221000,373.691000
3188,829.931000,441.710000,14.580000,360.271000
3189,732.603000,408.090000,4.350000,345.142000
3190,738.232000,362.942000,3.211000,330.622000
3191,645.265000,319.393000,20.339000,326.402000
3192,693.654000,384.611000,5.290000,345.083000
3193,677.335000,426.610000,5.670000,330.082000
3194,656.584000,410.610000,3.240000,326.232000
3195,633.595000,368.972000,8.250000,292.084000
3196,662.124000,367.571000,2.139000,306.683000
3197,762.232000,451.760000,3.440000,382.471000
3198,841.390000,421.320000,4.920000,357.452000
3199,648.984000,359.153000,3.200000,283.663000
3200,710.084000,343.971000,1.911000,304.212000
3201,627.755000,329.493000,5.710000,317.722000
3202,843.320000,447.620000,7.590000,378.520000
3203,678.354000,352.801000,11.090000,286.973000
3204,727.203000,402.300000,8.240000,352.091000
3205,749.863000,421.949000,3.120000,354.482000
3206,648.985000,368.161000,2.111000,286.923000
3207,775.241000,444.119000,8.430000,346.043000
3208,814.272000,502.058000,4.659000,395.651000
3209,700.834000,396.360000,9.809000,311.352000
3210,765.882000,376.271000,4.480000,342.231000
3211,866.600000,414.630000,3.670000,378.831000
3212,502.588000,238.523000,4.270000,216.445000
3213,740.603000,401.421000,2.981000,336.411000
3214,866.900000,507.877000,18.609000,353.573000
3215,582.916000,318.062000,3.210000,272.534000
3216,765.462000,418.939000,3.171000,353.371000
3217,810.741000,447.869000,11.890000,369.221000
3218,700.454000,421.940000,3.280000,358.311000
3219,737.502000,402.990000,17.489000,331.582000
3220,649.515000,300.644000,4.889000,280.644000
3221,557.667000,268.263000,2.800000,241.064000
3222,782.722000,443.790000,13.021000,366.872000
3223,705.553000,405.261000,2.291000,297.912000
3224,756.433000,402.600000,9.579000,337.972000
3225,663.074000,404.821000,10.099000,353.992000
3226,837.861000,500.177000,8.330000,365.903000
3227,708.373000,397.061000,1.891000,330.532000
3228,657.774000,390.450000,3.791000,318.304000
3229,664.704000,395.871000,1.520000,313.933000
3230,801.012000,388.600000,3.060000,333.701000
3231,709.393000,351.371000,4.969000,322.283000
3232,703.285000,411.211000,5.610000,342.592000
3233,650.025000,346.432000,4.009000,285.514000
3234,766.862000,462.139000,1.720000,412.921000
3235,596.116000,316.651000,9.270000,265.215000
3236,554.786000,235.595000,10.260000,219.746000
3237,868.650000,426.590000,18.308000,350.583000
3238,709.833000,393.110000,13.459000,313.493000
3239,807.092000,451.429000,3.469000,331.991000
3240,788.093000,384.081000,2.410000,354.781000
3241,774.582000,392.261000,6.369000,324.592000
3242,766.451000,438.030000,11.160000,344.551000
3243,740.042000,437.930000,2.640000,341.172000
3244,716.454000,402.411000,1.779000,325.552000
3245,841.450000,457.870000,1.480000,383.391000
3246,682.245000,388.031000,1.430000,308.952000
3247,522.598000,301.182000,1.420000,244.905000
3248,758.462000,390.632000,5.410000,309.532000
3249,628.065000,315.263000,18.570000,282.854000
3250,706.215000,332.131000,4.330000,292.604000
3251,552.836000,280.094000,5.390000,258.943000
3252,865.800000,530.667000,3.090000,368.982000
3253,816.781000,492.828000,4.861000,381.951000
3254,648.124000,361.690000,4.840000,300.414000
3255,602.695000,333.782000,3.700000,293.424000
3256,654.244000,358.892000,3.680000,290.812000
3257,630.284000,339.174000,5.019000,301.213000
3258,679.815000,409.110000,2.440000,319.282000
3259,420.280000,191.255000,2.040000,172.345000
3260,702.184000,311.313000,3.341000,275.393000
3261,671.425000,321.112000,1.410000,290.713000
3262,798.892000,380.880000,9.660000,344.782000
3263,819.950000,463.289000,2.809000,349.381000
3264,728.534000,351.181000,9.499000,301.923000
3265,578.186000,284.803000,5.510000,255.454000
3266,522.537000,283.044000,2.430000,256.714000
3267,730.642000,402.930000,2.080000,324.643000
3268,715.813000,375.271000,6.369000,325.723000
3269,731.062000,450.521000,2.020000,341.232000
3270,808.452000,381.171000,2.900000,328.013000
3271,480.368000,209.005000,1.770000,195.026000
3272,750.463000,447.660000,1.810000,378.451000
3273,889.268000,505.699000,4.680000,351.361000
3274,789.491000,443.480000,9.640000,343.082000
3275,637.084000,343.553000,11.459000,282.914000
3276,789.161000,425.190000,20.640000,333.472000
3277,715.363000,398.700000,10.759000,340.372000
3278,693.054000,362.272000,3.530000,297.043000
3279,648.744000,344.592000,7.330000,301.592000
3280,687.754000,332.612000,6.870000,294.673000
3281,741.384000,373.520000,18.101000,369.481000
3282,823.980000,461.979000,4.080000,355.362000
3283,700.223000,395.922000,19.559000,329.193000
3284,568.637000,293.663000,6.250000,255.492000
3285,729.983000,401.060000,8.780000,325.262000
3286,618.676000,338.711000,4.489000,268.423000
3287,627.406000,335.761000,3.830000,290.793000
3288,431.139000,276.914000,2.479000,257.824000
3289,790.941000,438.959000,12.160000,361.462000
3290,798.170000,424.280000,2.710000,371.231000
3291,812.611000,426.290000,3.351000,336.841000
3292,740.823000,419.920000,1.549000,302.893000
3293,804.332000,487.888000,7.960000,368.780000
3294,542.187000,276.694000,3.430000,248.844000
3295,694.405000,387.650000,3.670000,314.073000
3296,555.196000,313.463000,1.800000,257.504000
3297,656.424000,350.532000,4.130000,278.193000
3298,831.191000,458.659000,2.210000,335.752000
3299,807.571000,445.670000,4.630000,356.552000
3300,556.497000,236.724000,20.300000,233.804000
3301,780.342000,423.850000,17.670000,348.602000
3302,618.605000,337.052000,8.770000,333.562000
3303,907.408000,534.568000,18.628000,403.311000
3304,531.609000,342.531000,3.131000,322.472000
3305,653.894000,350.583000,7.800000,293.082000
3306,733.633000,457.509000,2.470000,344.143000
3307,623.145000,328.562000,3.450000,299.843000
3308,583.656000,315.562000,9.200000,319.344000
3309,804.161000,435.289000,12.429000,381.491000
3310,645.204000,283.834000,5.379000,302.083000
3311,765.402000,373.662000,3.679000,315.002000
3312,758.862000,401.750000,2.230000,351.853000
3313,720.423000,394.511000,4.290000,322.684000
3314,647.984000,353.362000,1.760000,301.292000
3315,616.294000,320.443000,6.750000,290.463000
3316,601.726000,419.890000,3.920000,341.802000
3317,798.162000,471.729000,1.920000,365.931000
3318,770.502000,479.598000,8.190000,352.752000
3319,795.631000,440.690000,2.750000,336.892000
3320,633.436000,310.592000,3.341000,292.864000
3321,440.760000,209.645000,8.391000,195.656000
3322,755.182000,357.981000,5.340000,318.333000
3323,669.184000,341.832000,12.350000,293.772000
3324,487.829000,213.435000,16.200000,210.765000
3325,734.352000,426.099000,2.811000,379.531000
3326,796.600000,462.950000,1.080000,393.870000
3327,796.862000,440.620000,6.020000,363.642000
3328,748.132000,432.070000,1.911000,326.403000
3329,583.356000,296.453000,2.540000,244.414000
3330,761.522000,325.801000,1.539000,322.123000
3331,768.752000,388.091000,1.560000,333.152000
3332,671.945000,370.641000,2.680000,325.562000
3333,615.705000,308.814000,4.480000,265.585000
3334,854.619000,494.029000,15.769000,399.161000
3335,852.450000,453.679000,8.299000,354.713000
3336,783.122000,449.740000,2.651000,343.081000
3337,767.192000,413.570000,2.640000,360.271000
3338,710.673000,398.562000,1.489000,349.771000
3339,590.536000,305.583000,2.540000,237.874000
3340,832.189000,444.440000,19.370000,436.749000
3341,714.414000,367.951000,3.949000,318.581000
3342,802.692000,431.360000,1.580000,332.123000
3343,804.881000,476.888000,14.219000,355.581000
3344,679.245000,411.881000,2.989000,333.922000
3345,647.145000,352.833000,5.760000,314.352000
3346,500.929000,240.164000,8.060000,216.395000
3347,653.385000,366.361000,2.809000,294.074000
3348,685.523000,366.713000,1.600000,313.103000
3349,738.463000,410.810000,1.499000,333.813000
3350,675.304000,295.293000,3.100000,280.854000
3351,711.953000,380.281000,1.821000,321.621000
3352,728.404000,400.300000,3.509000,366.971000
3353,744.873000,469.669000,6.059000,339.631000
3354,703.034000,425.190000,6.040000,349.301000
3355,634.795000,340.242000,2.580000,295.654000
3356,730.753000,416.510000,5.550000,321.432000
3357,740.613000,403.790000,2.240000,312.602000
3358,661.384000,332.392000,10.110000,278.754000
3359,580.987000,319.233000,8.700000,272.172000
3360,565.656000,241.465000,6.650000,268.335000
3361,731.472000,382.300000,2.490000,331.993000
3362,696.573000,354.102000,3.310000,305.993000
3363,771.142000,426.350000,5.091000,330.201000
3364,695.264000,410.819000,1.759000,310.663000
3365,735.123000,440.770000,2.300000,346.732000
3366,820.471000,486.589000,4.220000,383.771000
3367,698.122000,384.850000,3.899000,317.143000
3368,691.213000,403.762000,2.189000,330.342000
3369,437.609000,181.766000,1.310000,178.926000
3370,740.823000,362.041000,10.919000,339.301000
3371,779.302000,405.261000,2.750000,377.701000
3372,785.453000,427.611000,7.598000,359.802000
3373,750.481000,405.570000,4.180000,325.742000
3374,678.294000,375.461000,2.080000,296.644000
3375,802.861000,465.319000,2.540000,357.121000
3376,803.601000,454.050000,3.320000,360.751000
3377,681.804000,395.791000,2.181000,329.552000
3378,695.293000,404.220000,1.330000,314.002000
3379,616.276000,369.982000,2.739000,291.154000
3380,562.476000,333.582000,3.579000,323.824000
3381,809.141000,420.409000,1.870000,324.682000
3382,577.876000,258.844000,3.740000,230.764000
3383,541.056000,241.004000,3.990000,225.004000
3384,844.221000,494.728000,15.270000,380.532000
3385,737.672000,370.412000,21.360000,308.232000
3386,688.864000,396.820000,3.440000,324.953000
3387,755.612000,430.710000,4.590000,350.721000
3388,483.599000,252.133000,3.291000,216.244000
3389,633.455000,391.370000,1.780000,327.133000
3390,669.444000,303.153000,4.440000,273.183000
3391,612.885000,304.454000,6.510000,270.474000
3392,679.724000,344.003000,1.970000,280.632000
3393,510.349000,284.863000,2.690000,246.964000
3394,837.951000,467.539000,5.780000,382.741000
3395,769.861000,459.690000,4.290000,324.912000
3396,533.799000,282.172000,4.850000,273.824000
3397,770.032000,432.460000,2.520000,337.392000
3398,775.792000,444.480000,1.570000,324.503000
3399,807.710000,493.637000,1.811000,464.730000
3400,642.625000,316.383000,2.660000,294.872000
3401,406.211000,190.196000,3.870000,198.016000
3402,731.153000,370.252000,8.649000,348.961000
3403,515.108000,282.133000,12.080000,283.233000
3404,727.053000,444.059000,2.910000,355.042000
3405,833.831000,519.967000,2.010000,410.940000
3406,599.466000,314.184000,7.269000,277.772000
3407,629.385000,343.413000,14.748000,302.523000
3408,513.247000,250.074000,2.880000,201.815000
3409,804.221000,477.499000,2.460000,369.681000
3410,862.389000,426.891000,2.880000,358.642000
3411,716.653000,349.073000,4.110000,301.212000
3412,824.380000,485.989000,9.889000,373.170000
3413,724.523000,417.711000,7.870000,342.983000
3414,623.965000,350.152000,17.639000,307.203000
3415,577.277000,304.264000,3.200000,288.364000
3416,681.833000,380.441000,6.000000,309.003000
3417,715.792000,394.021000,8.290000,344.643000
3418,732.753000,416.261000,1.970000,311.653000
3419,874.610000,473.210000,16.140000,382.821000
3420,766.802000,393.211000,15.249000,357.061000
3421,688.105000,303.413000,12.299000,297.633000
3422,702.952000,387.552000,3.240000,328.122000
3423,746.232000,465.309000,4.080000,328.612000
3424,621.216000,309.843000,7.260000,273.884000
3425,449.720000,235.014000,3.930000,212.155000
3426,845.010000,498.408000,3.231000,376.222000
3427,898.508000,524.728000,2.760000,367.651000
3428,704.153000,392.110000,1.360000,307.433000
3429,632.136000,379.041000,2.610000,328.731000
3430,689.063000,317.873000,3.531000,283.633000
3431,582.627000,253.184000,9.261000,248.635000
3432,593.476000,296.933000,11.479000,263.504000
3433,710.984000,416.080000,3.030000,302.012000
3434,465.399000,281.434000,4.549000,264.234000
3435,597.736000,391.671000,2.660000,263.064000
3436,774.671000,442.579000,12.769000,355.571000
3437,754.343000,436.689000,4.760000,324.133000
3438,775.292000,434.219000,4.330000,323.721000
3439,769.472000,437.819000,5.680000,348.733000
3440,739.163000,382.210000,9.220000,361.283000
3441,747.382000,397.891000,4.790000,329.612000
3442,786.002000,450.698000,13.309000,364.603000
3443,714.033000,400.921000,2.929000,327.402000
3444,765.782000,411.991000,7.549000,317.301000
3445,709.224000,376.921000,3.060000,310.312000
3446,708.844000,392.501000,1.779000,313.932000
3447,759.713000,404.301000,2.510000,360.471000
3448,568.847000,300.363000,1.520000,255.533000
3449,759.613000,428.640000,0.990000,326.262000
3450,787.852000,369.591000,2.990000,329.323000
3451,715.324000,336.222000,1.890000,307.973000
3452,619.675000,334.851000,9.849000,293.723000
3453,798.421000,478.458000,2.900000,362.232000
3454,764.621000,489.309000,4.970000,396.311000
3455,692.683000,413.280000,2.360000,352.492000
3456,753.313000,408.680000,2.350000,316.032000
3457,726.883000,401.211000,2.300000,332.212000
3458,782.471000,450.629000,1.489000,334.693000
3459,698.114000,401.660000,1.380000,319.292000
3460,751.663000,394.271000,2.350000,350.232000
3461,621.615000,336.132000,2.380000,297.453000
3462,713.673000,379.720000,3.069000,290.344000
3463,684.965000,409.089000,4.720000,332.561000
3464,631.915000,388.471000,6.650000,346.801000
3465,692.374000,420.410000,2.530000,343.711000
3466,591.266000,388.631000,1.210000,335.623000
3467,763.812000,429.260000,8.349000,340.331000
3468,781.742000,432.680000,10.980000,359.332000
3469,693.613000,381.071000,3.270000,287.104000
3470,789.741000,376.261000,2.160000,336.602000
3471,735.093000,346.271000,1.130000,325.743000
3472,734.562000,393.791000,2.749000,358.161000
3473,788.891000,464.510000,1.740000,323.953000
3474,696.694000,357.721000,12.129000,338.062000
3475,869.189000,416.590000,20.000000,380.131000
3476,605.846000,300.504000,6.130000,262.834000
3477,743.582000,438.150000,11.550000,325.722000
3478,753.892000,421.970000,2.880000,332.583000
3479,688.273000,444.800000,1.240000,365.102000
3480,694.023000,314.913000,1.980000,312.122000
3481,600.176000,276.473000,1.791000,238.094000
3482,722.582000,346.902000,12.620000,302.762000
3483,891.528000,512.357000,21.170000,417.091000
3484,435.571000,193.775000,9.640000,186.705000
3485,651.205000,340.082000,15.800000,309.733000
3486,585.897000,309.672000,40.839000,287.943000
3487,850.320000,489.918000,8.010000,413.221000
3488,612.606000,360.971000,3.450000,284.973000
3489,751.543000,406.841000,2.190000,294.772000
3490,625.525000,316.123000,1.709000,308.723000
3491,758.012000,411.699000,2.120000,323.173000
3492,752.081000,393.092000,1.669000,332.573000
3493,656.384000,364.932000,1.640000,314.312000
3494,865.910000,488.958000,10.080000,360.962000
3495,714.382000,404.361000,7.840000,340.151000
3496,658.725000,353.781000,4.790000,308.833000
3497,758.762000,445.670000,5.060000,362.711000
3498,807.541000,470.889000,20.780000,368.801000
3499,615.756000,327.871000,12.850000,295.033000
3500,658.945000,308.642000,11.090000,289.694000
3501,708.253000,360.231000,2.690000,315.683000
3502,821.511000,449.959000,2.091000,381.821000
3503,694.433000,411.461000,3.800000,325.663000
3504,613.126000,279.423000,2.740000,252.094000
3505,661.505000,352.252000,1.400000,297.943000
3506,731.353000,380.590000,8.000000,332.692000
3507,810.171000,438.019000,2.350000,335.953000
3508,818.380000,443.199000,19.160000,352.962000
3509,689.652000,411.120000,6.790000,324.283000
3510,798.732000,446.499000,3.590000,376.721000
3511,623.655000,301.981000,1.649000,253.534000
3512,741.162000,409.330000,2.320000,383.271000
3513,768.443000,414.990000,2.080000,321.882000
3514,641.705000,356.181000,6.800000,283.684000
3515,615.485000,348.702000,5.280000,289.513000
3516,898.408000,497.659000,1.920000,432.810000
3517,863.689000,504.709000,8.219000,379.960000
3518,504.308000,242.563000,4.460000,222.815000
3519,766.253000,416.919000,2.500000,312.693000
3520,705.724000,327.901000,4.380000,312.334000
3521,572.097000,251.845000,8.299000,235.465000
3522,651.315000,338.481000,2.580000,283.414000
3523,607.315000,296.634000,1.250000,252.693000
3524,885.580000,491.329000,2.571000,369.601000
3525,727.562000,404.131000,5.349000,324.572000
3526,779.601000,435.710000,2.219000,356.792000
3527,722.662000,400.672000,11.229000,341.962000
3528,512.847000,265.224000,16.619000,233.234000
3529,847.830000,464.409000,7.869000,386.800000
3530,757.462000,331.032000,7.890000,321.673000
3531,500.298000,212.695000,1.770000,231.975000
3532,832.401000,437.990000,1.849000,343.161000
3533,917.699000,507.698000,6.200000,370.322000
3534,741.372000,427.480000,2.350000,346.921000
3535,713.944000,371.682000,2.589000,315.402000
3536,805.681000,481.959000,4.950000,362.261000
3537,646.735000,334.252000,3.740000,358.481000
3538,690.174000,382.041000,1.630000,295.403000
3539,813.601000,447.439000,1.849000,343.921000
3540,711.044000,334.942000,4.099000,297.793000
3541,744.492000,363.451000,2.830000,294.054000
3542,857.499000,453.039000,1.329000,351.903000
3543,682.973000,395.090000,1.831000,304.514000
3544,850.750000,493.897000,2.510000,364.932000
3545,773.683000,444.109000,6.600000,341.752000
3546,702.843000,384.781000,1.720000,316.194000
3547,774.112000,443.281000,0.770000,360.631000
3548,672.064000,343.072000,2.080000,273.893000
3549,677.123000,368.172000,3.250000,321.092000
3550,509.059000,211.975000,1.750000,230.635000
3551,723.543000,360.121000,2.889000,320.803000
3552,824.571000,452.389000,6.510000,345.563000
3553,743.512000,425.490000,2.050000,319.702000
3554,640.715000,403.619000,3.199000,335.172000
3555,926.208000,516.968000,4.920000,370.031000
3556,819.130000,375.131000,7.530000,327.032000
3557,492.939000,238.065000,1.580000,198.375000
3558,665.604000,349.842000,2.800000,268.583000
3559,859.980000,483.729000,5.230000,369.042000
3560,757.562000,354.901000,5.720000,348.192000
3561,822.380000,410.601000,6.340000,357.450000
3562,640.646000,341.582000,2.101000,266.133000
3563,665.854000,378.251000,10.259000,317.723000
3564,759.471000,439.899000,3.089000,333.332000
3565,698.194000,360.901000,1.760000,306.533000
3566,719.403000,393.240000,1.810000,285.672000
3567,593.767000,337.952000,1.420000,290.483000
3568,705.683000,350.162000,6.900000,306.084000
3569,772.571000,382.172000,19.380000,346.512000
3570,590.735000,246.573000,10.230000,245.244000
3571,754.183000,365.551000,2.289000,306.103000
3572,820.150000,413.571000,4.349000,358.841000
3573,733.443000,416.800000,1.460000,354.471000
3574,831.091000,491.619000,2.750000,358.641000
3575,557.276000,282.895000,15.400000,253.174000
3576,627.286000,379.771000,19.139000,347.552000
3577,859.149000,496.988000,9.210000,368.481000
3578,569.267000,270.485000,3.990000,250.794000
3579,786.451000,442.489000,4.080000,335.662000
3580,676.674000,275.613000,8.930000,256.524000
3581,796.211000,359.113000,3.650000,317.272000
3582,820.081000,360.701000,13.700000,340.382000
3583,567.007000,374.781000,5.710000,305.982000
3584,668.545000,370.452000,6.240000,292.493000
3585,548.647000,299.744000,10.530000,298.733000
3586,586.297000,342.124000,6.670000,295.503000
3587,889.350000,509.968000,4.799000,357.542000
3588,589.577000,296.572000,1.660000,255.945000
3589,804.872000,468.070000,2.109000,363.222000
3590,838.849000,377.040000,4.990000,342.531000
3591,732.463000,364.911000,3.670000,316.082000
3592,684.444000,369.301000,3.660000,307.983000
3593,605.306000,339.441000,6.189000,301.704000
3594,815.791000,448.768000,1.640000,324.663000
3595,858.370000,482.178000,1.380000,338.092000
3596,736.113000,400.831000,1.391000,300.533000
3597,731.382000,414.760000,3.739000,376.081000
3598,805.881000,402.741000,1.971000,310.593000
3599,755.492000,444.689000,4.440000,349.332000
3600,785.492000,401.701000,3.790000,360.663000
3601,880.779000,465.049000,7.430000,365.161000
3602,697.014000,361.681000,1.981000,282.143000
3603,672.554000,360.100000,1.769000,285.883000
3604,747.562000,395.051000,4.390000,306.263000
3605,824.971000,432.070000,10.169000,361.921000
3606,464.859000,223.335000,2.299000,190.065000
3607,656.204000,361.222000,1.900000,289.543000
3608,712.734000,391.681000,1.220000,322.422000
3609,544.758000,283.063000,1.729000,245.684000
3610,679.473000,336.133000,1.010000,275.903000
3611,493.218000,204.375000,5.919000,217.926000
3612,472.988000,268.074000,2.861000,250.334000
3613,608.615000,333.512000,3.181000,268.574000
3614,782.970000,461.000000,1.580000,341.972000
3615,751.942000,404.300000,2.280000,294.964000
3616,706.264000,394.461000,1.520000,295.893000
3617,501.369000,237.405000,9.738000,221.454000
3618,542.118000,292.742000,5.869000,269.394000
3619,745.033000,412.341000,3.691000,342.972000
3620,762.941000,355.191000,2.230000,317.233000
3621,779.441000,342.232000,15.140000,318.263000
3622,694.383000,349.032000,3.738000,284.914000
3623,805.030000,460.830000,2.420000,366.650000
3624,865.669000,509.918000,2.400000,401.011000
3625,596.436000,310.273000,19.340000,315.473000
3626,821.870000,402.690000,7.330000,344.122000
3627,673.174000,364.022000,2.530000,315.042000
3628,717.463000,369.552000,7.810000,289.952000
3629,606.656000,319.233000,3.100000,259.083000
3630,702.214000,349.341000,10.810000,312.502000
3631,738.854000,355.322000,7.970000,316.244000
3632,540.477000,254.644000,3.150000,220.184000
3633,828.629000,452.109000,19.390000,375.902000
3634,753.643000,450.739000,7.400000,338.753000
3635,783.521000,431.910000,6.461000,365.201000
3636,691.205000,386.941000,2.691000,308.943000
3637,577.966000,335.963000,3.691000,299.732000
3638,570.016000,313.024000,2.979000,273.154000
3639,699.343000,421.779000,2.229000,326.613000
3640,776.802000,358.651000,2.170000,311.063000
3641,748.782000,374.001000,16.590000,362.042000
3642,748.053000,401.260000,3.990000,349.761000
3643,719.693000,406.661000,1.680000,330.532000
3644,835.630000,521.497000,1.760000,342.241000
3645,668.154000,391.900000,4.139000,315.553000
3646,642.494000,389.281000,1.640000,338.531000
3647,755.632000,434.230000,4.890000,339.041000
3648,597.946000,324.193000,1.750000,283.103000
3649,699.054000,368.731000,11.790000,328.343000
3650,749.102000,356.502000,6.859000,315.062000
3651,717.713000,373.371000,7.480000,329.203000
3652,664.214000,349.162000,4.630000,304.222000
3653,619.556000,330.964000,4.130000,271.953000
3654,522.149000,252.803000,3.551000,253.235000
3655,534.648000,282.192000,2.270000,248.594000
3656,693.394000,385.671000,1.850000,324.902000
3657,807.842000,427.439000,2.671000,332.362000
3658,741.153000,420.190000,2.499000,343.352000
3659,507.759000,248.363000,4.990000,209.925000
3660,526.758000,230.664000,6.009000,224.886000
3661,752.832000,365.271000,7.050000,320.273000
3662,764.352000,397.560000,3.610000,325.211000
3663,710.133000,365.042000,3.360000,285.754000
3664,524.267000,235.565000,1.771000,200.815000
3665,932.397000,485.909000,1.551000,349.820000
3666,866.740000,482.949000,1.469000,360.482000
3667,772.111000,429.319000,1.711000,406.161000
3668,726.302000,408.830000,1.581000,310.113000
3669,624.325000,354.321000,6.859000,277.223000
3670,582.736000,255.875000,11.459000,280.873000
3671,887.750000,424.451000,9.989000,368.312000
3672,768.561000,394.051000,2.611000,319.843000
3673,690.353000,365.413000,3.280000,320.962000
3674,651.854000,368.831000,20.700000,332.571000
3675,899.529000,501.098000,16.940000,394.331000
3676,866.660000,485.349000,13.800000,376.911000
3677,681.394000,359.401000,4.750000,298.152000
3678,731.463000,409.880000,2.110000,307.712000
3679,852.081000,449.739000,6.860000,358.241000
3680,775.252000,343.182000,3.200000,332.482000
3681,707.723000,375.881000,2.229000,358.011000
3682,824.651000,406.460000,16.440000,345.063000
3683,703.373000,408.310000,2.760000,308.172000
3684,771.191000,439.630000,3.200000,335.292000
3685,637.334000,381.322000,2.619000,295.574000
3686,566.776000,351.372000,2.680000,275.314000
3687,896.409000,463.630000,1.810000,340.042000
3688,667.154000,334.682000,1.869000,289.834000
3689,601.226000,292.804000,5.080000,248.923000
3690,762.052000,418.651000,2.000000,319.573000
3691,722.383000,341.272000,4.039000,323.973000
3692,605.336000,333.382000,2.090000,307.692000
3693,726.794000,444.829000,2.580000,320.712000
3694,791.631000,459.230000,3.840000,325.252000
3695,685.624000,367.351000,4.540000,288.873000
3696,762.102000,403.790000,8.690000,325.162000
3697,757.592000,408.611000,16.209000,337.061000
3698,738.882000,437.720000,6.150000,356.181000
3699,658.765000,330.313000,8.409000,273.733000
3700,805.811000,371.711000,2.779000,327.312000
3701,824.200000,349.513000,3.070000,295.213000
3702,868.709000,443.970000,11.909000,356.931000
3703,787.701000,458.369000,7.569000,368.591000
3704,590.526000,300.713000,1.740000,230.214000
3705,840.160000,473.460000,1.259000,349.702000
3706,769.613000,407.811000,5.989000,310.092000
3707,654.744000,320.011000,4.499000,254.604000
3708,627.795000,346.651000,4.600000,287.154000
3709,766.092000,430.670000,1.540000,336.291000
3710,777.802000,342.732000,2.880000,314.892000
3711,799.891000,411.341000,3.569000,352.873000
3712,840.751000,414.130000,10.640000,370.611000
3713,842.140000,439.769000,25.439000,378.121000
3714,718.143000,448.230000,6.370000,352.902000
3715,714.484000,406.191000,1.500000,309.893000
3716,691.843000,368.210000,1.581000,318.953000
3717,609.216000,305.882000,8.499000,266.334000
3718,688.493000,347.842000,3.260000,276.983000
3719,709.203000,370.751000,15.409000,310.913000
3720,832.001000,372.891000,3.459000,316.012000
3721,779.301000,374.323000,4.950000,324.472000
3722,779.151000,398.840000,3.390000,320.153000
3723,713.102000,388.200000,2.659000,321.062000
3724,707.263000,325.873000,1.220000,266.293000
3725,994.877000,447.860000,15.630000,351.251000
3726,681.544000,364.052000,14.579000,305.973000
3727,778.591000,425.990000,3.940000,345.812000
3728,651.394000,311.752000,2.320000,264.345000
3729,810.591000,481.999000,1.960000,366.202000
3730,738.113000,314.832000,3.249000,292.773000
3731,702.423000,340.063000,4.850000,318.622000
3732,732.923000,381.481000,4.520000,327.692000
3733,542.267000,275.474000,5.560000,241.183000
3734,601.136000,350.011000,12.330000,299.093000
3735,637.895000,357.401000,2.899000,287.202000
3736,679.205000,357.602000,4.880000,270.804000
3737,916.829000,514.939000,2.849000,369.211000
3738,853.140000,411.680000,12.730000,353.502000
3739,819.161000,455.140000,2.800000,363.901000
3740,669.345000,324.881000,5.021000,298.703000
3741,591.796000,277.373000,5.840000,263.422000
3742,604.425000,296.174000,6.930000,250.104000
3743,615.366000,335.382000,2.330000,319.084000
3744,788.461000,434.350000,4.031000,331.742000
3745,689.535000,366.392000,13.470000,304.063000
3746,749.813000,413.618000,15.100000,325.113000
3747,704.313000,393.391000,6.740000,329.393000
3748,592.765000,328.763000,2.800000,269.855000
3749,584.276000,293.424000,2.780000,258.403000
3750,785.692000,361.301000,2.330000,313.603000
3751,810.181000,403.011000,1.741000,338.312000
3752,743.633000,380.763000,1.491000,307.642000
3753,633.785000,343.941000,1.670000,282.934000
3754,702.593000,452.001000,4.091000,356.241000
3755,635.925000,346.883000,6.590000,283.843000
3756,715.953000,458.748000,1.851000,323.993000
3757,507.167000,318.764000,1.811000,277.543000
3758,636.535000,341.902000,7.941000,278.462000
3759,608.096000,344.023000,3.739000,301.052000
3760,766.001000,370.401000,17.638000,354.832000
3761,723.943000,347.321000,3.840000,304.663000
3762,776.201000,400.631000,1.710000,308.463000
3763,612.086000,321.752000,1.669000,265.383000
3764,665.835000,359.911000,4.240000,298.213000
3765,678.164000,380.921000,12.850000,315.322000
3766,686.184000,364.551000,2.640000,290.874000
3767,882.329000,480.688000,1.910000,371.501000
3768,759.543000,430.870000,1.510000,331.212000
3769,631.795000,329.241000,19.509000,272.964000
3770,708.292000,369.272000,4.150000,323.672000
3771,595.156000,289.934000,4.190000,283.212000
3772,706.764000,370.251000,4.430000,328.812000
3773,642.525000,363.201000,2.250000,282.143000
3774,758.393000,413.850000,5.919000,313.933000
3775,796.801000,434.460000,8.780000,344.292000
3776,550.287000,253.174000,3.740000,240.635000
3777,755.411000,457.810000,2.180000,356.282000
3778,817.101000,464.249000,3.030000,339.272000
3779,669.104000,368.561000,1.569000,306.894000
3780,738.422000,368.732000,2.049000,369.932000
3781,716.663000,335.752000,1.160000,288.714000
3782,631.965000,340.371000,1.650000,317.023000
3783,784.221000,432.790000,1.651000,331.762000
3784,834.401000,462.660000,3.910000,323.402000
3785,783.402000,399.791000,1.889000,321.484000
3786,645.076000,310.011000,1.351000,281.834000
3787,820.901000,444.930000,2.451000,335.382000
3788,734.233000,379.881000,5.609000,281.464000
3789,679.874000,390.431000,7.670000,300.174000
3790,566.447000,244.274000,3.229000,242.265000
3791,726.011000,367.992000,10.419000,318.252000
3792,513.658000,252.373000,3.670000,241.854000
3793,463.509000,253.594000,5.109000,236.063000
3794,749.013000,446.050000,3.821000,332.821000
3795,674.684000,375.202000,1.640000,285.643000
3796,532.457000,283.173000,9.490000,235.535000
3797,588.946000,324.123000,2.299000,258.513000
3798,619.216000,292.633000,2.149000,232.335000
3799,789.361000,444.480000,2.260000,383.581000
3800,839.931000,425.171000,2.539000,392.500000
3801,742.653000,388.960000,2.420000,349.302000
3802,722.833000,421.850000,6.990000,357.781000
3803,664.964000,394.151000,2.280000,344.171000
3804,624.566000,367.241000,2.261000,296.023000
3805,615.576000,341.112000,4.600000,283.743000
3806,655.875000,343.012000,4.000000,323.152000
3807,474.289000,258.574000,3.810000,245.595000
3808,663.773000,372.781000,1.930000,279.274000
3809,850.850000,487.929000,2.020000,360.001000
3810,499.108000,214.065000,2.840000,196.085000
3811,708.064000,341.222000,1.429000,310.622000
3812,721.872000,391.811000,1.480000,331.101000
3813,751.883000,434.070000,1.581000,341.521000
3814,562.496000,315.664000,3.260000,257.303000
3815,745.873000,438.950000,6.060000,333.272000
3816,706.773000,416.699000,2.690000,315.654000
3817,853.830000,456.419000,5.470000,340.952000
3818,651.164000,356.112000,3.390000,300.473000
3819,666.465000,365.441000,3.219000,293.883000
3820,738.693000,346.732000,1.579000,297.774000
3821,513.468000,219.786000,3.489000,216.655000
3822,746.642000,349.832000,7.749000,308.443000
3823,708.124000,384.822000,2.150000,304.062000
3824,747.032000,423.611000,5.340000,323.612000
3825,716.553000,404.060000,12.449000,348.091000
3826,713.924000,395.041000,9.420000,336.851000
3827,596.175000,317.454000,2.960000,257.665000
3828,731.242000,438.319000,1.510000,326.262000
3829,751.503000,484.887000,8.170000,387.151000
3830,795.652000,407.220000,18.408000,400.971000
3831,670.014000,377.651000,9.000000,330.412000
3832,610.826000,322.722000,2.900000,287.144000
3833,686.564000,387.311000,7.909000,311.113000
3834,892.840000,501.028000,6.731000,383.481000
3835,737.123000,389.051000,3.570000,329.252000
3836,825.800000,470.480000,3.409000,344.761000
3837,630.046000,380.290000,2.071000,303.074000
3838,556.206000,289.363000,1.411000,253.724000
3839,641.095000,351.181000,2.150000,287.524000
3840,621.666000,285.422000,2.610000,256.234000
3841,675.403000,363.572000,2.800000,299.534000
3842,883.769000,501.919000,1.651000,363.210000
3843,569.127000,289.164000,2.949000,243.914000
3844,474.118000,262.265000,2.289000,217.645000
3845,744.512000,449.520000,3.469000,353.561000
3846,779.441000,446.681000,2.451000,327.863000
3847,653.994000,341.412000,2.621000,282.102000
3848,829.880000,438.809000,1.610000,322.113000
3849,683.124000,367.351000,12.539000,315.544000
3850,703.403000,354.023000,4.469000,318.411000
3851,404.130000,190.146000,2.130000,174.835000
3852,706.974000,401.531000,4.120000,335.082000
3853,806.671000,458.401000,5.040000,364.152000
3854,739.252000,437.289000,3.829000,332.562000
3855,630.506000,388.541000,6.250000,344.832000
3856,652.514000,361.961000,1.960000,295.023000
3857,780.952000,439.480000,2.140000,336.632000
3858,898.480000,512.257000,1.739000,358.031000
3859,886.549000,465.859000,13.960000,415.861000
3860,859.769000,405.551000,6.219000,358.112000
3861,634.495000,286.492000,1.770000,248.435000
3862,708.792000,360.012000,4.320000,348.031000
3863,679.735000,363.301000,9.529000,317.222000
3864,595.236000,301.033000,21.290000,267.713000
3865,689.935000,363.151000,3.020000,291.973000
3866,548.437000,281.204000,3.230000,241.554000
3867,793.631000,440.969000,6.220000,360.231000
3868,765.421000,419.410000,3.770000,314.173000
3869,820.650000,456.019000,3.341000,341.492000
3870,580.657000,301.262000,2.520000,293.904000
3871,571.596000,251.594000,1.640000,229.624000
3872,627.285000,302.474000,1.940000,265.965000
3873,647.744000,333.393000,2.889000,281.243000
3874,526.798000,293.613000,1.489000,246.794000
3875,841.741000,500.878000,2.100000,381.881000
3876,594.546000,342.822000,1.390000,276.754000
3877,805.091000,443.969000,2.230000,360.221000
3878,508.808000,292.823000,2.520000,273.424000
3879,599.186000,361.131000,1.720000,301.102000
3880,634.015000,291.073000,7.430000,322.133000
3881,683.265000,329.462000,2.461000,351.222000
3882,736.743000,395.900000,1.811000,326.202000
3883,668.885000,400.970000,2.299000,294.284000
3884,803.581000,523.497000,5.940000,484.029000
3885,750.962000,429.770000,9.889000,335.403000
3886,588.447000,304.934000,2.720000,262.785000
3887,770.292000,429.780000,3.379000,338.042000
3888,726.473000,398.601000,1.690000,291.462000
3889,509.179000,238.613000,1.581000,198.856000
3890,737.362000,343.992000,12.610000,319.764000
3891,818.291000,407.221000,3.071000,363.791000
3892,504.248000,251.024000,2.190000,217.005000
3893,518.388000,267.563000,3.960000,235.695000
3894,689.285000,400.950000,4.710000,310.562000
3895,800.121000,443.630000,1.700000,328.313000
3896,797.661000,482.339000,3.670000,343.712000
3897,730.153000,394.160000,2.350000,306.094000
3898,809.402000,455.868000,2.740000,379.522000
3899,642.533000,424.470000,1.631000,332.552000
3900,795.551000,371.751000,3.449000,332.261000
3901,741.833000,396.631000,21.149000,357.911000
3902,812.981000,424.160000,3.710000,349.942000
3903,532.038000,287.862000,3.460000,241.734000
3904,837.300000,564.826000,2.220000,424.210000
3905,619.905000,343.321000,2.170000,271.604000
3906,731.952000,429.569000,2.789000,350.022000
3907,871.579000,484.199000,3.880000,346.322000
3908,662.715000,357.912000,2.880000,301.173000
3909,697.503000,377.121000,3.750000,321.203000
3910,740.462000,349.641000,19.650000,362.312000
3911,570.276000,248.714000,3.960000,263.003000
3912,730.263000,390.501000,2.451000,303.562000
3913,678.315000,366.290000,7.579000,304.963000
3914,554.246000,305.703000,2.969000,254.875000
3915,516.619000,318.443000,2.790000,275.484000
3916,561.897000,325.013000,6.799000,296.924000
3917,876.659000,562.387000,6.120000,415.070000
3918,793.791000,446.699000,4.480000,319.332000
3919,798.821000,436.019000,2.289000,364.141000
3920,702.753000,317.793000,4.369000,292.004000
3921,747.012000,387.812000,1.529000,317.083000
3922,765.561000,402.020000,10.180000,368.321000
3923,718.593000,382.740000,5.870000,309.253000
3924,696.894000,413.630000,2.400000,326.981000
3925,702.104000,399.911000,1.320000,312.962000
3926,870.260000,523.688000,10.670000,388.171000
3927,786.821000,410.801000,10.520000,350.381000
3928,766.462000,427.780000,7.429000,357.982000
3929,697.784000,347.622000,18.469000,302.814000
3930,639.665000,329.822000,5.869000,309.042000
3931,556.767000,260.855000,4.430000,258.344000
3932,683.673000,358.702000,2.169000,307.512000
3933,779.061000,414.380000,12.330000,328.873000
3934,741.252000,400.530000,9.211000,313.032000
3935,711.814000,421.670000,2.260000,336.732000
3936,594.885000,292.473000,6.260000,243.724000
3937,565.396000,291.452000,4.050000,274.673000
3938,765.892000,409.631000,5.629000,318.842000
3939,713.943000,406.300000,9.700000,337.753000
3940,539.489000,242.983000,3.110000,235.565000
3941,784.920000,370.563000,5.340000,341.192000
3942,587.087000,287.113000,4.000000,248.123000
3943,805.331000,485.469000,6.150000,374.001000
3944,719.443000,396.271000,2.070000,319.962000
3945,753.273000,427.510000,1.430000,335.952000
3946,703.474000,391.431000,1.310000,314.102000
3947,577.146000,314.433000,8.180000,288.892000
3948,792.462000,507.548000,4.760000,344.101000
3949,864.919000,436.340000,2.620000,361.092000
3950,614.916000,284.974000,2.040000,255.993000
3951,698.824000,358.631000,3.980000,304.223000
3952,703.232000,381.171000,2.880000,340.112000
3953,786.791000,452.410000,4.789000,363.551000
3954,711.063000,425.209000,2.140000,304.774000
3955,712.692000,389.751000,12.710000,329.802000
3956,571.447000,303.532000,3.299000,271.103000
3957,775.691000,410.470000,1.270000,328.303000
3958,735.962000,392.801000,2.030000,322.613000
3959,797.941000,407.591000,19.500000,346.491000
3960,866.879000,417.640000,4.771000,343.382000
3961,772.402000,411.600000,1.410000,330.052000
3962,741.113000,390.090000,1.790000,355.352000
3963,698.343000,392.252000,1.901000,295.633000
3964,868.630000,458.599000,1.290000,320.343000
3965,785.551000,423.670000,18.139000,356.362000
3966,515.799000,278.482000,3.310000,233.905000
3967,739.652000,444.209000,3.170000,342.623000
3968,794.202000,452.700000,0.969000,336.442000
3969,585.076000,293.653000,5.631000,275.334000
3970,725.373000,362.332000,2.670000,308.612000
3971,699.663000,343.711000,5.900000,295.733000
3972,662.405000,308.863000,2.440000,270.833000
3973,790.743000,466.528000,1.430000,330.953000
3974,749.722000,453.520000,1.170000,334.071000
3975,784.871000,431.910000,0.771000,337.792000
3976,722.283000,425.750000,1.430000,340.321000
3977,583.207000,310.183000,4.030000,278.532000
3978,654.356000,376.791000,15.250000,336.612000
3979,572.537000,334.582000,2.179000,284.834000
3980,607.575000,302.234000,2.580000,288.133000
3981,760.232000,332.932000,5.450000,308.543000
3982,868.349000,421.380000,5.371000,334.153000
3983,866.289000,482.679000,4.169000,357.581000
3984,604.186000,327.873000,1.690000,269.532000
3985,765.332000,457.868000,4.750000,354.023000
3986,718.222000,418.171000,6.629000,329.962000
3987,724.844000,442.839000,5.421000,355.541000
3988,619.755000,323.523000,4.040000,277.584000
3989,685.004000,399.861000,2.209000,307.072000
3990,785.052000,412.751000,6.639000,375.850000
3991,517.197000,242.975000,1.670000,231.605000
3992,537.797000,287.244000,2.720000,272.703000
3993,682.114000,376.942000,2.869000,323.534000
3994,630.134000,318.733000,8.590000,324.201000
3995,692.565000,376.940000,8.379000,300.773000
3996,771.981000,461.220000,3.699000,333.342000
3997,575.426000,323.183000,3.400000,291.002000
3998,716.244000,416.920000,2.310000,328.351000
3999,761.651000,453.379000,4700.839000,1002.457000
4000,701.874000,337.212000,7.109000,297.234000
4001,499.468000,218.115000,4.040000,195.126000
4002,655.486000,356.401000,2.899000,298.623000
4003,602.405000,303.302000,1.820000,248.305000
4004,625.656000,319.341000,4.000000,272.943000
4005,818.011000,436.459000,12.100000,361.701000
4006,808.231000,479.019000,4.260000,366.171000
4007,713.074000,404.851000,2.249000,307.733000
4008,689.104000,374.090000,2.381000,296.472000
4009,636.295000,335.202000,9.370000,283.913000
4010,609.105000,275.243000,3.070000,243.044000
4011,681.034000,327.482000,1.050000,297.023000
4012,617.355000,286.133000,3.310000,272.454000
4013,802.461000,415.520000,3.010000,324.061000
4014,789.151000,461.049000,1.381000,345.663000
4015,699.924000,378.831000,1.540000,325.333000
4016,591.096000,313.522000,16.279000,285.103000
4017,758.161000,438.870000,6.440000,354.421000
4018,542.538000,255.652000,4.650000,246.183000
4019,774.621000,414.280000,3.890000,347.272000
4020,784.281000,384.771000,2.270000,303.322000
4021,745.403000,417.941000,6.111000,353.191000
4022,733.523000,417.460000,2.240000,329.303000
4023,649.474000,343.093000,11.279000,281.183000
4024,748.763000,421.640000,8.080000,343.191000
4025,585.655000,301.423000,7.520000,280.392000
4026,711.383000,373.231000,13.390000,323.171000
4027,605.235000,335.433000,3.610000,289.353000
4028,587.456000,336.022000,5.291000,279.103000
4029,799.861000,470.069000,1.700000,343.822000
4030,799.690000,324.682000,22.318000,322.643000
4031,610.225000,320.062000,3.859000,280.273000
4032,792.261000,414.179000,1.129000,353.062000
4033,440.500000,204.765000,1.870000,169.246000
4034,840.320000,496.749000,20.359000,371.282000
4035,710.032000,380.962000,6.099000,326.013000
4036,620.395000,366.722000,3.200000,297.134000
4037,634.954000,362.292000,1.850000,293.683000
4038,610.736000,337.793000,1.419000,273.102000
4039,835.940000,464.699000,7.600000,390.460000
4040,697.864000,393.591000,5.760000,359.831000
4041,580.896000,271.254000,4.150000,499.787000
4042,701.165000,398.261000,4.940000,344.952000
4043,805.351000,499.378000,1.890000,424.580000
4044,664.095000,374.202000,1.320000,277.033000
4045,768.133000,430.408000,1.020000,321.993000
4046,751.392000,419.740000,4.189000,327.123000
4047,795.111000,443.149000,1.770000,344.582000
4048,786.212000,459.299000,18.890000,384.181000
4049,581.046000,330.411000,6.819000,292.853000
4050,519.108000,229.314000,4.799000,228.904000
4051,768.452000,395.452000,3.279000,335.593000
4052,733.672000,429.169000,1.800000,390.320000
4053,611.556000,324.593000,1.770000,272.312000
4054,850.680000,455.959000,1.790000,390.880000
4055,569.787000,275.663000,1.440000,247.954000
4056,675.234000,381.751000,1.640000,325.753000
4057,746.102000,416.190000,4.879000,333.963000
4058,753.533000,425.120000,2.150000,310.712000
4059,764.991000,438.020000,1.461000,305.013000
4060,697.832000,342.583000,1.520000,355.352000
4061,669.704000,316.232000,2.050000,285.263000
4062,672.004000,360.512000,1.979000,318.212000
4063,644.774000,394.440000,1.800000,329.323000
4064,571.356000,337.292000,3.510000,302.023000
4065,540.157000,273.103000,5.980000,246.954000
4066,747.082000,433.750000,3.389000,327.771000
4067,728.493000,409.289000,1.540000,327.223000
4068,617.905000,342.942000,5.140000,305.923000
4069,844.929000,439.820000,5.550000,353.733000
4070,817.341000,470.880000,4.421000,337.952000
4071,732.052000,399.121000,2.910000,339.423000
4072,737.912000,418.530000,4.500000,330.632000
4073,646.985000,376.001000,2.570000,282.264000
4074,545.767000,304.104000,1.160000,244.214000
4075,544.896000,277.184000,3.270000,250.174000
4076,717.574000,398.991000,8.229000,355.021000
4077,503.879000,309.562000,2.160000,263.574000
4078,739.662000,366.931000,16.910000,302.214000
4079,904.738000,453.000000,22.119000,363.292000
4080,613.185000,304.063000,6.080000,285.534000
4081,766.812000,345.291000,18.809000,323.723000
4082,670.315000,353.101000,5.811000,305.754000
4083,856.399000,561.227000,5.360000,409.601000
4084,784.812000,446.519000,3.080000,325.912000
4085,655.935000,384.951000,1.689000,285.783000
4086,825.531000,544.486000,2.050000,352.771000
4087,721.934000,425.140000,2.990000,351.931000
4088,689.694000,417.841000,1.469000,295.333000
4089,712.133000,381.322000,2.669000,334.251000
4090,696.544000,324.042000,2.009000,289.164000
4091,662.975000,313.472000,4.890000,282.444000
4092,584.806000,274.794000,3.269000,247.433000
4093,794.291000,451.660000,2.090000,369.292000
4094,749.562000,431.461000,1.691000,321.982000
4095,702.913000,413.611000,1.341000,302.773000
4096,752.062000,429.760000,1.420000,357.581000
4097,683.575000,406.141000,3.560000,330.163000
4098,678.624000,393.641000,2.089000,304.613000
4099,636.535000,380.571000,1.330000,307.293000
4100,700.864000,338.891000,8.790000,325.813000
4101,756.662000,394.080000,2.100000,326.432000
4102,448.230000,207.675000,2.589000,189.355000
4103,600.956000,332.742000,2.659000,252.525000
4104,731.003000,398.871000,1.639000,317.683000
4105,646.726000,364.601000,1.820000,283.154000
4106,613.626000,320.182000,3.200000,284.503000
4107,654.604000,404.461000,1.320000,306.202000
4108,692.424000,389.761000,1.270000,307.532000
4109,660.935000,378.470000,8.530000,325.542000
4110,866.850000,383.541000,18.740000,367.292000
4111,621.116000,259.514000,8.050000,244.935000
4112,828.121000,444.320000,2.020000,412.950000
4113,876.709000,537.028000,18.020000,396.601000
4114,600.436000,336.662000,3.870000,270.085000
4115,752.033000,394.630000,7.790000,334.313000
4116,524.977000,270.463000,6.271000,237.173000
4117,851.809000,463.490000,16.619000,385.021000
4118,557.607000,311.703000,4.430000,261.733000
4119,733.103000,422.439000,6.300000,312.312000
4120,547.518000,254.944000,2.020000,257.693000
4121,738.982000,352.223000,2.250000,319.092000
4122,589.956000,281.154000,2.270000,238.964000
4123,910.719000,509.108000,1.811000,387.261000
4124,630.746000,357.861000,1.590000,270.834000
4125,554.557000,337.422000,1.160000,286.593000
4126,602.816000,381.922000,2.919000,328.002000
4127,852.091000,498.158000,3.680000,394.481000
4128,705.252000,387.342000,2.810000,290.213000
4129,753.342000,432.221000,2.149000,339.042000
4130,785.171000,380.441000,9.749000,312.762000
4131,630.845000,315.833000,5.530000,289.492000
4132,660.455000,325.901000,3.720000,285.334000
4133,718.383000,403.611000,1.920000,308.823000
4134,625.896000,333.961000,6.090000,280.234000
4135,673.174000,360.730000,1.810000,305.802000
4136,865.819000,482.149000,4.729000,355.740000
4137,695.923000,367.781000,4.300000,295.742000
4138,705.453000,375.711000,2.150000,300.993000
4139,726.773000,398.760000,3.420000,309.122000
4140,725.363000,310.282000,12.200000,288.953000
4141,660.384000,316.093000,2.739000,280.034000
4142,624.656000,330.951000,1.880000,292.034000
4143,825.710000,500.618000,5.710000,370.891000
4144,839.140000,474.180000,17.879000,399.411000
4145,706.852000,391.780000,2.880000,286.174000
4146,686.594000,355.991000,7.270000,322.412000
4147,590.706000,305.373000,3.280000,270.464000
4148,745.922000,394.461000,1.530000,321.481000
4149,713.723000,384.971000,7.549000,318.622000
4150,769.272000,371.761000,3.140000,395.741000
4151,786.451000,432.790000,5.990000,366.561000
4152,773.662000,421.351000,2.199000,339.432000
4153,711.102000,367.542000,4.160000,282.343000
4154,527.139000,245.833000,10.000000,219.605000
4155,614.635000,328.833000,7.250000,267.203000
4156,839.250000,449.090000,4.730000,355.763000
4157,800.291000,422.701000,3.360000,326.313000
4158,790.031000,484.288000,9.720000,362.033000
4159,806.301000,461.219000,2.340000,336.343000
4160,743.622000,364.861000,3.100000,329.083000
4161,495.898000,225.134000,5.120000,222.124000
4162,762.161000,391.512000,1.920000,312.402000
4163,556.857000,309.514000,4.040000,279.113000
4164,741.453000,414.791000,3.400000,317.562000
4165,606.536000,316.453000,5.160000,267.025000
4166,773.211000,427.750000,3.270000,332.602000
4167,780.551000,434.450000,6.590000,353.152000
4168,632.754000,337.922000,1.980000,267.593000
4169,610.466000,318.963000,10.779000,276.935000
4170,693.244000,393.150000,4.190000,338.501000
4171,794.011000,424.940000,2.220000,349.412000
4172,657.775000,374.371000,2.380000,329.863000
4173,778.521000,460.259000,5.019000,421.139000
4174,707.613000,416.780000,3.941000,326.703000
4175,598.446000,299.472000,1.779000,255.585000
4176,663.214000,365.410000,5.250000,304.133000
4177,980.658000,519.877000,13.770000,392.801000
4178,704.634000,391.531000,5.890000,303.973000
4179,662.464000,373.942000,2.290000,337.971000
4180,694.824000,313.952000,1.370000,278.213000
4181,721.593000,353.321000,6.120000,313.552000
4182,647.156000,365.662000,11.979000,322.134000
4183,639.276000,368.271000,2.470000,308.162000
4184,742.503000,442.488000,1.629000,325.742000
4185,882.060000,410.779000,2.660000,308.913000
4186,623.306000,316.432000,6.410000,274.384000
4187,766.292000,457.290000,2.220000,326.062000
4188,855.040000,479.989000,4.139000,354.181000
4189,723.353000,361.782000,15.110000,300.493000
4190,735.472000,355.181000,11.509000,333.383000
4191,817.360000,421.520000,2.981000,333.972000
4192,650.875000,338.542000,5.940000,282.975000
4193,643.954000,330.843000,3.400000,269.394000
4194,613.565000,368.500000,1.791000,254.605000
4195,813.830000,527.547000,1.620000,364.211000
4196,828.001000,445.209000,2.219000,359.032000
4197,797.331000,446.160000,3.289000,343.182000
4198,731.414000,425.900000,2.460000,332.312000
4199,577.806000,304.293000,2.200000,254.013000
4200,824.590000,406.251000,1.640000,346.901000
4201,730.513000,348.672000,1.430000,306.353000
4202,650.884000,379.592000,1.290000,330.462000
4203,527.677000,311.973000,4.020000,248.874000
4204,741.992000,454.169000,1.820000,399.951000
4205,684.183000,400.010000,2.701000,323.993000
4206,698.183000,461.130000,2.560000,363.732000
4207,947.479000,518.117000,8.240000,383.761000
4208,788.901000,424.781000,2.249000,307.304000
4209,737.752000,414.550000,1.520000,315.673000
4210,796.191000,397.140000,2.899000,359.933000
4211,772.991000,410.150000,3.670000,343.431000
4212,830.651000,430.491000,3.630000,369.201000
4213,789.261000,453.100000,2.590000,342.042000
4214,450.979000,200.316000,1.459000,177.895000
4215,713.313000,432.800000,1.130000,311.582000
4216,696.394000,378.321000,8.520000,303.582000
4217,759.593000,409.541000,3.939000,304.482000
4218,752.502000,416.690000,2.621000,316.993000
4219,678.494000,386.521000,1.310000,292.313000
4220,652.695000,298.053000,14.500000,293.212000
4221,600.256000,284.583000,12.690000,280.163000
4222,676.334000,334.452000,5.489000,283.274000
4223,709.253000,465.428000,2.051000,337.102000
4224,713.372000,379.611000,8.329000,312.413000
4225,533.598000,306.413000,2.190000,249.934000
4226,598.436000,306.743000,15.210000,286.043000
4227,787.213000,450.679000,2.990000,326.694000
4228,785.112000,443.030000,13.950000,381.011000
4229,809.801000,471.719000,9.069000,346.323000
4230,445.719000,210.335000,2.060000,190.055000
4231,779.031000,379.441000,10.400000,305.483000
4232,788.081000,405.511000,4.310000,367.102000
4233,590.996000,357.982000,3.550000,317.772000
4234,900.010000,523.387000,3.960000,369.111000
4235,610.865000,329.453000,2.340000,257.864000
4236,809.901000,515.027000,6.050000,375.500000
4237,739.304000,385.421000,2.910000,297.232000
4238,669.554000,352.241000,1.920000,284.724000
4239,709.693000,390.391000,4.499000,335.802000
4240,755.063000,352.572000,15.890000,326.032000
4241,545.758000,239.884000,2.110000,213.575000
4242,609.916000,285.403000,3.540000,262.234000
4243,798.541000,488.928000,2.480000,340.993000
4244,660.584000,329.823000,11.110000,279.133000
4245,790.582000,468.859000,11.510000,363.121000
4246,739.524000,400.010000,2.370000,337.292000
4247,484.238000,242.535000,2.400000,214.715000
4248,678.663000,356.972000,1.840000,281.753000
4249,783.932000,450.409000,2.660000,357.711000
4250,618.245000,306.693000,3.230000,270.953000
4251,673.355000,324.122000,3.710000,286.954000
4252,840.210000,437.070000,1.650000,344.892000
4253,755.022000,400.730000,3.180000,323.213000
4254,820.740000,447.820000,5.770000,359.661000
4255,754.351000,413.160000,3.160000,331.741000
4256,739.374000,399.930000,7.540000,334.592000
4257,694.805000,418.620000,2.180000,339.721000
4258,783.461000,423.340000,3.420000,318.714000
4259,613.065000,367.211000,1.560000,311.332000
4260,807.801000,392.311000,2.689000,351.611000
4261,704.694000,330.692000,2.310000,286.944000
4262,847.870000,431.249000,7.400000,361.142000
4263,785.523000,431.029000,2.240000,316.784000
4264,557.077000,254.863000,5.381000,215.534000
4265,630.056000,310.252000,4.710000,273.344000
4266,848.690000,480.688000,1.930000,375.282000
4267,777.372000,408.610000,1.671000,306.702000
4268,736.683000,416.501000,14.830000,338.132000
4269,852.171000,446.919000,2.720000,332.261000
4270,737.814000,376.531000,1.420000,318.021000
4271,641.565000,340.583000,10.950000,320.662000
4272,709.534000,384.772000,5.320000,319.122000
4273,714.524000,369.621000,13.700000,311.983000
4274,687.944000,401.441000,2.621000,366.372000
4275,817.261000,485.059000,1.889000,336.862000
4276,796.411000,444.890000,1.589000,372.180000
4277,764.751000,456.069000,1.710000,358.061000
4278,618.446000,329.842000,1.560000,266.772000
4279,621.205000,338.762000,6.720000,288.042000
4280,817.261000,389.480000,3.231000,328.462000
4281,579.447000,287.973000,1.810000,273.714000
4282,669.444000,342.001000,6.070000,300.972000
4283,530.418000,322.872000,2.020000,305.404000
4284,783.752000,434.079000,2.569000,326.843000
4285,810.080000,467.500000,4.341000,404.890000
4286,691.033000,371.082000,3.380000,307.883000
4287,677.504000,337.142000,8.910000,288.654000
4288,677.434000,367.603000,2.720000,283.443000
4289,869.959000,503.358000,1.370000,386.692000
4290,765.713000,370.941000,6.880000,343.302000
4291,673.744000,315.802000,5.210000,289.074000
4292,798.461000,501.278000,1.791000,350.712000
4293,619.906000,328.122000,2.270000,284.033000
4294,751.271000,437.420000,3.310000,338.171000
4295,786.611000,438.789000,3.630000,338.983000
4296,653.433000,385.612000,18.799000,337.283000
4297,647.805000,386.011000,3.770000,308.893000
4298,768.492000,441.500000,2.620000,329.653000
4299,806.701000,468.908000,7.140000,355.063000
4300,732.592000,402.081000,2.160000,339.313000
4301,850.590000,469.079000,3.970000,366.731000
4302,609.616000,327.054000,2.149000,277.033000
4303,750.803000,429.851000,1.670000,311.533000
4304,803.051000,461.040000,1.371000,356.841000
4305,513.068000,241.843000,1.950000,228.334000
4306,823.131000,470.909000,1.110000,347.892000
4307,735.763000,393.191000,14.129000,327.302000
4308,733.534000,438.389000,6.199000,363.093000
4309,605.315000,345.082000,5.269000,264.274000
4310,643.465000,303.983000,3.600000,281.172000
4311,505.579000,286.623000,4.340000,262.983000
4312,725.534000,310.672000,18.470000,282.754000
4313,795.311000,451.199000,2.920000,327.812000
4314,855.980000,480.558000,5.810000,340.143000
4315,811.490000,445.001000,20.389000,384.392000
4316,746.772000,460.481000,5.190000,344.122000
4317,758.812000,403.950000,1.980000,310.273000
4318,692.623000,398.401000,3.960000,335.484000
4319,695.934000,396.941000,5.990000,313.324000
4320,557.757000,259.674000,15.010000,261.723000
4321,752.233000,384.171000,10.250000,328.942000
4322,605.236000,264.124000,13.960000,255.845000
4323,757.002000,410.520000,3.859000,322.152000
4324,764.632000,446.920000,1.960000,333.983000
4325,664.984000,365.902000,1.790000,300.312000
4326,567.477000,280.734000,2.910000,255.474000
4327,674.423000,376.202000,3.290000,290.363000
4328,579.127000,303.253000,12.100000,266.524000
4329,763.993000,429.639000,3.341000,321.712000
4330,715.144000,329.872000,7.471000,332.422000
4331,755.333000,363.661000,2.620000,311.302000
4332,803.360000,429.150000,4.990000,359.722000
4333,629.705000,342.522000,3.430000,296.712000
4334,767.743000,439.849000,1.750000,337.453000
4335,572.956000,288.693000,2.170000,250.364000
4336,499.739000,225.575000,13.230000,260.083000
4337,808.221000,451.349000,3.419000,325.673000
4338,764.391000,423.691000,1.600000,319.841000
4339,714.724000,399.510000,2.190000,342.472000
4340,779.130000,363.011000,2.300000,319.602000
4341,726.903000,343.992000,1.930000,292.993000
4342,618.096000,289.222000,1.771000,241.285000
4343,806.681000,437.499000,5.569000,344.672000
4344,882.879000,545.206000,2.120000,404.120000
4345,744.623000,446.950000,0.869000,338.351000
4346,729.253000,402.731000,1.260000,284.733000
4347,619.926000,315.352000,1.230000,289.994000
4348,673.524000,360.911000,3.860000,283.963000
4349,590.067000,281.953000,10.790000,256.775000
4350,576.156000,345.633000,7.060000,317.923000
4351,773.251000,451.429000,4.499000,368.991000
4352,488.018000,217.014000,2.920000,199.186000
4353,812.451000,453.760000,3.240000,339.382000
4354,803.392000,519.966000,1.690000,342.392000
4355,820.201000,460.038000,3.230000,342.423000
4356,695.953000,438.309000,2.330000,348.411000
4357,717.154000,449.799000,1.371000,314.522000
4358,659.805000,352.612000,10.600000,291.654000
4359,822.331000,490.427000,3.320000,441.669000
4360,647.205000,269.304000,5.290000,285.963000
4361,583.746000,286.824000,2.249000,306.842000
4362,853.230000,469.300000,2.499000,380.732000
4363,655.835000,354.471000,3.170000,285.714000
4364,645.905000,363.391000,2.501000,317.422000
4365,525.097000,266.522000,1.429000,223.046000
4366,627.995000,341.082000,1.311000,285.803000
4367,601.325000,311.773000,2.180000,253.674000
4368,730.844000,408.201000,2.930000,324.041000
4369,672.414000,406.151000,3.360000,315.112000
4370,654.154000,344.572000,12.799000,318.342000
4371,774.051000,389.930000,5.480000,326.892000
4372,614.545000,344.412000,1.969000,310.753000
4373,693.973000,387.640000,8.651000,325.633000
4374,790.621000,483.428000,2.880000,341.503000
4375,678.673000,360.793000,1.570000,296.552000
4376,706.944000,386.390000,1.370000,307.112000
4377,835.671000,515.889000,2.400000,408.610000
4378,686.683000,369.501000,4.930000,283.384000
4379,807.292000,469.009000,1.950000,326.062000
4380,814.090000,425.541000,3.349000,358.721000
4381,691.313000,334.683000,1.430000,290.783000
4382,723.173000,372.631000,2.890000,297.783000
4383,692.273000,414.170000,2.310000,344.472000
4384,608.485000,343.313000,1.570000,280.993000
4385,714.823000,480.700000,1.270000,351.082000
4386,792.731000,436.760000,10.420000,329.871000
4387,706.805000,409.590000,2.899000,317.603000
4388,635.554000,327.861000,2.080000,305.413000
4389,824.571000,487.837000,1.459000,339.203000
4390,791.741000,342.591000,5.970000,328.202000
4391,764.813000,343.362000,20.489000,305.152000
4392,768.303000,401.620000,4.860000,307.183000
4393,721.374000,398.430000,2.261000,317.401000
4394,585.946000,326.153000,4.061000,284.432000
4395,603.786000,332.142000,3.840000,269.443000
4396,870.640000,489.219000,2.050000,364.151000
4397,801.941000,508.178000,2.059000,324.873000
4398,686.893000,393.651000,10.679000,320.643000
4399,594.146000,338.712000,3.179000,279.874000
4400,736.472000,359.262000,7.559000,310.443000
4401,729.653000,349.731000,2.151000,296.803000
4402,691.684000,382.551000,1.700000,305.243000
4403,722.774000,568.447000,1.840000,416.651000
4404,653.524000,356.832000,2.859000,316.272000
4405,797.091000,455.049000,12.220000,349.901000
4406,607.417000,334.022000,4.219000,280.233000
4407,687.883000,389.831000,11.150000,340.662000
4408,621.716000,341.133000,4.920000,278.303000
4409,617.086000,375.182000,4.659000,336.872000
4410,872.149000,421.349000,4.440000,349.593000
4411,669.483000,315.974000,16.190000,285.993000
4412,814.910000,425.649000,22.639000,360.571000
4413,578.468000,343.631000,2.720000,273.014000
4414,843.729000,518.398000,3.529000,377.852000
4415,589.586000,356.491000,3.480000,312.892000
4416,694.913000,418.640000,3.060000,339.302000
4417,662.014000,398.880000,2.569000,320.252000
4418,767.731000,453.300000,7.629000,370.721000
4419,525.359000,303.812000,8.890000,281.264000
4420,743.272000,310.243000,12.020000,285.493000
4421,821.700000,422.379000,3.350000,330.193000
4422,738.532000,392.191000,1.300000,305.533000
4423,677.692000,378.550000,2.000000,278.914000
4424,566.146000,255.384000,2.500000,219.705000
4425,626.935000,372.111000,1.760000,306.273000
4426,684.465000,394.071000,2.460000,321.233000
4427,662.884000,358.523000,1.310000,293.442000
4428,717.353000,387.951000,2.360000,311.542000
4429,646.905000,366.541000,6.540000,293.943000
4430,628.035000,327.623000,3.299000,284.983000
4431,725.383000,403.850000,15.739000,341.302000
4432,623.565000,334.471000,2.779000,325.803000
4433,606.166000,344.222000,3.240000,296.594000
4434,623.635000,368.441000,12.170000,332.552000
4435,785.251000,465.809000,2.661000,358.701000
4436,744.123000,408.560000,1.400000,324.661000
4437,713.644000,390.710000,1.299000,314.213000
4438,686.483000,384.431000,11.680000,317.233000
4439,660.764000,400.671000,3.370000,311.012000
4440,560.236000,255.135000,1.689000,231.355000
4441,973.937000,529.568000,1.150000,422.839000
4442,657.634000,352.873000,1.480000,292.852000
4443,729.243000,418.670000,4.459000,338.632000
4444,781.892000,409.200000,5.019000,433.110000
4445,779.561000,426.510000,7.600000,320.522000
4446,747.863000,416.341000,3.030000,335.592000
4447,564.897000,348.062000,1.021000,297.633000
4448,719.694000,373.302000,13.170000,320.481000
4449,612.716000,324.202000,6.540000,304.494000
4450,623.555000,274.573000,18.900000,278.234000
4451,841.350000,472.269000,3.540000,387.701000
4452,785.011000,390.591000,12.939000,332.772000
4453,785.752000,450.320000,3.500000,350.811000
4454,744.513000,395.060000,1.480000,321.392000
4455,692.074000,404.091000,1.440000,318.342000
4456,805.490000,460.819000,3.880000,334.543000
4457,716.614000,412.190000,2.411000,338.792000
4458,777.681000,450.690000,6.190000,332.203000
4459,674.273000,336.713000,5.430000,274.063000
4460,762.502000,361.891000,3.170000,347.222000
4461,876.980000,415.990000,1.900000,366.231000
4462,706.954000,350.431000,1.729000,305.514000
4463,625.625000,380.511000,1.400000,314.202000
4464,687.504000,417.341000,3.419000,313.182000
4465,625.785000,355.042000,10.290000,306.843000
4466,753.912000,466.470000,2.091000,368.391000
4467,767.231000,433.790000,1.600000,397.900000
4468,737.604000,404.690000,3.859000,336.002000
4469,665.794000,340.151000,14.640000,302.722000
4470,960.858000,414.870000,5.300000,395.160000
4471,679.854000,336.733000,7.890000,296.532000
4472,692.733000,365.241000,5.510000,358.622000
4473,702.684000,371.281000,2.890000,294.883000
4474,631.094000,382.580000,9.470000,281.813000
4475,842.450000,482.138000,22.370000,410.740000
4476,580.866000,298.701000,7.769000,267.933000
4477,599.687000,313.762000,7.679000,261.314000
4478,794.082000,463.679000,8.920000,361.371000
4479,457.320000,233.415000,3.210000,204.495000
4480,478.478000,223.835000,10.699000,221.195000
4481,709.173000,324.402000,2.250000,264.544000
4482,831.101000,403.230000,1.830000,341.732000
4483,780.681000,442.920000,1.710000,333.322000
4484,755.873000,457.199000,0.960000,327.143000
4485,683.764000,417.589000,1.070000,333.643000
4486,739.132000,400.750000,1.610000,308.303000
4487,665.595000,347.463000,2.010000,283.912000
4488,733.494000,418.450000,3.920000,331.202000
4489,694.405000,380.332000,5.531000,309.472000
4490,599.756000,291.234000,2.010000,269.404000
4491,823.320000,434.450000,2.040000,355.141000
4492,769.673000,405.040000,1.530000,319.882000
4493,654.165000,350.361000,2.530000,266.904000
4494,702.132000,407.751000,1.400000,294.173000
4495,701.533000,396.182000,0.950000,345.552000
4496,923.147000,513.018000,4.660000,393.861000
4497,640.526000,354.861000,11.360000,278.403000
4498,613.406000,364.182000,4.730000,286.203000
4499,734.353000,443.799000,1.940000,365.141000
4500,786.862000,438.739000,3.330000,390.542000
4501,799.531000,439.250000,2.880000,383.632000
4502,616.006000,338.531000,10.320000,285.403000
4503,826.450000,517.849000,2.970000,343.121000
4504,646.865000,359.841000,9.080000,315.873000
4505,706.414000,381.371000,5.500000,309.082000
4506,765.223000,500.407000,2.021000,369.391000
4507,721.593000,417.741000,1.949000,345.782000
4508,651.404000,313.632000,2.230000,274.693000
4509,761.251000,419.030000,2.890000,329.932000
4510,655.545000,307.302000,2.620000,276.893000
4511,547.297000,298.563000,1.580000,292.854000
4512,578.106000,257.014000,4.271000,237.874000
4513,841.240000,577.346000,1.620000,375.322000
4514,748.702000,466.299000,2.070000,360.691000
4515,702.174000,383.531000,1.820000,312.172000
4516,539.568000,307.323000,8.130000,266.614000
4517,586.876000,338.282000,6.920000,276.674000
4518,856.431000,463.779000,1.780000,380.421000
4519,708.923000,382.402000,0.940000,277.424000
4520,603.515000,289.273000,14.670000,294.543000
4521,700.224000,323.371000,6.900000,304.774000
4522,904.859000,720.292000,2.939000,418.971000
4523,745.931000,382.280000,9.610000,294.423000
4524,838.760000,504.138000,3.140000,360.992000
4525,520.608000,219.235000,1.510000,227.975000
4526,888.379000,495.428000,1.580000,355.501000
4527,788.112000,434.131000,3.280000,338.463000
4528,721.152000,444.939000,2.371000,335.011000
4529,652.265000,396.061000,1.560000,337.742000
4530,835.460000,400.870000,5.939000,356.632000
4531,769.481000,391.771000,2.070000,327.931000
4532,729.573000,441.809000,1.310000,335.222000
4533,558.916000,340.342000,2.900000,283.934000
4534,804.051000,439.780000,2.120000,351.221000
4535,548.538000,280.412000,3.230000,269.964000
4536,727.073000,401.871000,3.870000,327.892000
4537,675.664000,386.571000,2.800000,333.013000
4538,621.176000,385.481000,5.190000,369.002000
4539,795.152000,511.200000,3.309000,406.590000
4540,676.523000,292.924000,5.640000,280.114000
4541,707.573000,357.021000,2.620000,316.493000
4542,506.118000,241.484000,1.280000,236.475000
4543,703.992000,378.363000,0.911000,286.382000
4544,686.985000,381.931000,1.860000,317.002000
4545,879.250000,487.149000,3.619000,352.092000
4546,853.630000,462.269000,18.219000,395.662000
4547,760.111000,456.420000,4.440000,362.421000
4548,799.451000,456.809000,11.750000,373.732000
4549,709.323000,385.131000,6.040000,305.983000
4550,707.793000,368.632000,2.810000,322.132000
4551,715.613000,354.692000,4.460000,307.592000
4552,769.832000,431.870000,2.630000,343.213000
4553,711.753000,414.661000,6.690000,346.541000
4554,595.406000,422.819000,7.720000,326.124000
4555,652.305000,348.671000,3.469000,291.023000
4556,549.788000,267.044000,2.691000,240.704000
4557,588.876000,309.793000,13.450000,323.962000
4558,588.576000,298.323000,2.890000,258.143000
4559,836.059000,493.279000,1.750000,362.931000
4560,790.040000,358.161000,2.809000,323.093000
4561,600.946000,380.092000,2.539000,329.042000
4562,758.633000,423.490000,2.170000,350.332000
4563,571.297000,303.624000,2.480000,260.093000
4564,408.931000,218.904000,2.459000,230.105000
4565,595.196000,312.344000,2.459000,252.403000
4566,731.734000,380.611000,5.220000,292.664000
4567,715.153000,420.990000,2.009000,333.852000
4568,612.955000,296.534000,1.970000,245.835000
4569,732.702000,382.260000,8.160000,331.993000
4570,807.191000,385.570000,7.480000,342.433000
4571,819.621000,380.270000,8.730000,341.532000
4572,708.143000,381.231000,4.190000,320.823000
4573,645.216000,339.532000,5.540000,288.053000
4574,693.224000,423.051000,9.130000,342.631000
4575,798.621000,445.760000,4.370000,330.611000
4576,647.716000,336.893000,1.660000,276.923000
4577,560.358000,287.012000,2.050000,320.803000
4578,775.401000,417.590000,9.020000,360.811000
4579,580.076000,280.064000,3.950000,266.273000
4580,699.954000,330.172000,8.910000,332.462000
4581,659.324000,319.603000,6.419000,296.183000
4582,706.274000,419.810000,2.800000,350.812000
4583,605.466000,325.571000,1.560000,275.724000
4584,641.336000,355.951000,1.821000,288.853000
4585,778.261000,441.840000,1.779000,345.102000
4586,689.233000,375.192000,1.600000,317.702000
4587,560.597000,327.563000,3.941000,279.082000
4588,813.501000,485.719000,8.929000,346.221000
4589,509.969000,260.873000,5.220000,231.505000
4590,544.707000,302.872000,15.159000,301.033000
4591,871.969000,449.690000,53.608000,366.652000
4592,657.865000,326.062000,3.410000,302.214000
4593,771.012000,410.590000,3.611000,321.252000
4594,757.613000,419.160000,2.020000,335.482000
4595,793.141000,438.410000,3.180000,318.022000
4596,839.710000,467.919000,1.980000,340.142000
4597,614.696000,305.284000,1.060000,269.362000
4598,752.523000,408.490000,2.560000,330.152000
4599,758.761000,438.540000,1.520000,335.543000
4600,703.584000,334.632000,1.730000,302.844000
4601,899.398000,509.768000,2.340000,365.621000
4602,795.341000,421.410000,10.290000,386.541000
4603,716.833000,439.720000,3.549000,344.962000
4604,795.321000,428.720000,2.030000,334.412000
4605,689.905000,385.520000,1.790000,287.663000
4606,692.265000,376.411000,1.970000,322.602000
4607,760.413000,412.340000,1.250000,303.142000
4608,754.413000,397.451000,7.320000,345.152000
4609,764.082000,452.049000,3.069000,342.421000
4610,873.849000,427.661000,1.349000,346.112000
4611,617.046000,309.022000,5.889000,308.864000
4612,705.043000,348.502000,13.750000,283.383000
4613,719.323000,420.520000,4.701000,359.881000
4614,739.022000,442.610000,19.699000,368.231000
4615,681.885000,365.081000,2.951000,290.583000
4616,820.441000,448.798000,3.829000,358.372000
4617,747.582000,412.411000,20.460000,329.721000
4618,614.436000,357.621000,3.360000,294.234000
4619,785.971000,427.000000,6.830000,366.151000
4620,659.044000,318.372000,4.000000,297.003000
4621,778.433000,383.361000,4.070000,431.091000
4622,759.872000,426.371000,6.560000,350.100000
4623,678.834000,413.510000,1.890000,367.511000
4624,645.335000,363.252000,1.520000,279.805000
4625,609.186000,346.262000,1.389000,283.204000
4626,774.342000,494.587000,1.440000,343.242000
4627,611.766000,312.543000,2.000000,244.214000
4628,777.501000,413.960000,1.220000,297.554000
4629,776.071000,450.150000,14.360000,364.571000
4630,521.968000,224.985000,5.609000,232.424000
4631,592.785000,291.994000,1.320000,259.054000
4632,655.174000,322.304000,1.490000,276.052000
4633,749.243000,408.651000,43.748000,341.063000
4634,868.920000,481.007000,9.749000,383.881000
4635,742.133000,405.931000,4.320000,326.742000
4636,717.224000,427.729000,2.220000,325.402000
4637,787.641000,461.809000,1.450000,358.452000
4638,587.016000,295.493000,3.660000,250.814000
4639,727.543000,427.321000,1.809000,297.952000
4640,665.904000,335.143000,3.920000,301.583000
4641,664.155000,347.901000,1.600000,288.213000
4642,703.233000,337.423000,1.530000,276.083000
4643,558.677000,272.534000,10.430000,249.623000
4644,737.983000,387.081000,2.620000,304.963000
4645,610.395000,347.002000,2.870000,283.023000
4646,598.155000,306.183000,2.810000,255.385000
4647,702.583000,404.951000,1.979000,310.694000
4648,755.352000,435.341000,1.179000,330.022000
4649,656.515000,377.961000,1.440000,304.144000
4650,579.817000,272.142000,3.280000,262.705000
4651,779.082000,422.350000,1.940000,336.382000
4652,712.693000,349.232000,10.701000,304.054000
4653,688.423000,384.071000,2.349000,304.213000
4654,641.065000,396.171000,1.981000,324.131000
4655,796.560000,460.840000,3.930000,334.532000
4656,665.774000,383.741000,3.320000,296.553000
4657,759.742000,430.539000,5.950000,347.371000
4658,549.948000,290.283000,6.429000,260.114000
4659,781.091000,427.621000,3.840000,341.091000
4660,637.154000,294.474000,2.180000,283.693000
4661,726.153000,346.242000,3.650000,280.224000
4662,529.397000,268.864000,6.300000,255.264000
4663,597.146000,335.891000,3.140000,291.134000
4664,696.674000,389.241000,2.630000,312.323000
4665,543.647000,279.284000,1.510000,252.374000
4666,485.358000,284.223000,1.501000,259.573000
4667,841.159000,505.198000,3.491000,361.100000
4668,804.421000,485.919000,2.040000,343.012000
4669,617.466000,327.603000,1.809000,283.814000
4670,633.835000,295.234000,6.291000,286.212000
4671,589.915000,294.294000,6.160000,280.703000
4672,573.288000,295.722000,3.310000,295.444000
4673,718.343000,404.151000,1.471000,300.473000
4674,787.771000,475.599000,3.380000,366.361000
4675,652.104000,369.981000,6.080000,302.583000
4676,622.986000,312.933000,2.480000,273.063000
4677,517.728000,299.082000,2.830000,268.103000
4678,835.870000,489.539000,15.659000,392.121000
4679,838.500000,501.198000,10.850000,378.571000
4680,844.460000,423.400000,5.190000,359.051000
4681,691.353000,400.930000,1.320000,344.412000
4682,808.851000,434.630000,5.579000,364.602000
4683,776.191000,473.049000,2.480000,329.262000
4684,583.817000,295.623000,3.130000,243.245000
4685,724.262000,406.881000,1.661000,339.141000
4686,690.874000,378.680000,1.070000,307.324000
4687,523.128000,272.763000,7.560000,301.893000
4688,731.664000,417.310000,3.240000,336.822000
4689,779.051000,430.480000,5.280000,332.362000
4690,640.734000,295.874000,2.110000,278.523000
4691,831.420000,415.240000,5.439000,352.353000
4692,615.505000,304.403000,4.110000,275.893000
4693,699.643000,386.250000,8.530000,315.653000
4694,708.323000,364.891000,6.900000,297.873000
4695,672.775000,379.741000,2.459000,309.082000
4696,717.633000,441.929000,3.080000,341.962000
4697,731.183000,442.580000,1.609000,325.383000
4698,722.233000,401.790000,1.179000,304.843000
4699,569.856000,285.073000,4.870000,255.694000
4700,643.315000,356.892000,4.210000,302.373000
4701,767.522000,350.452000,7.680000,331.432000
4702,667.464000,347.102000,9.899000,317.713000
4703,732.192000,415.281000,2.421000,316.722000
4704,688.924000,349.501000,5.349000,293.473000
4705,791.461000,448.679000,3.009000,335.573000
4706,778.502000,428.249000,2.710000,342.132000
4707,749.232000,406.030000,3.740000,318.562000
4708,792.082000,434.179000,1.741000,331.722000
4709,583.346000,303.482000,2.540000,275.834000
4710,424.080000,210.486000,2.600000,204.935000
4711,808.311000,421.350000,3.150000,358.943000
4712,653.915000,356.352000,6.431000,354.592000
4713,799.641000,456.869000,6.120000,381.740000
4714,725.793000,411.220000,14.110000,359.481000
4715,478.569000,232.434000,14.329000,215.486000
4716,871.439000,492.809000,2.570000,469.638000
4717,826.301000,439.801000,1.970000,382.650000
4718,789.082000,417.480000,2.501000,327.983000
4719,876.058000,452.459000,2.800000,337.463000
4720,728.724000,329.341000,2.610000,320.313000
4721,809.901000,412.781000,3.071000,326.291000
4722,716.113000,367.902000,1.320000,285.763000
4723,719.204000,392.331000,2.490000,314.862000
4724,523.148000,320.641000,4.160000,279.663000
4725,692.053000,419.471000,2.200000,317.663000
4726,755.832000,419.120000,5.320000,348.772000
4727,652.465000,350.912000,3.159000,290.074000
4728,759.243000,427.860000,3.590000,346.762000
4729,782.622000,434.069000,2.770000,345.132000
4730,664.963000,292.884000,6.089000,276.743000
4731,694.294000,343.822000,2.050000,377.842000
4732,718.703000,377.490000,1.360000,311.433000
4733,680.633000,357.323000,1.180000,288.733000
4734,613.216000,315.083000,1.829000,257.814000
4735,707.523000,402.771000,1.640000,325.943000
4736,510.258000,250.895000,1.729000,213.895000
4737,874.670000,445.000000,19.059000,386.760000
4738,604.156000,310.594000,3.080000,252.233000
4739,668.155000,359.162000,1.600000,327.873000
4740,700.474000,331.762000,1.600000,334.552000
4741,738.464000,342.472000,2.240000,291.034000
4742,646.745000,339.681000,1.480000,300.323000
4743,697.844000,381.631000,1.550000,311.064000
4744,644.984000,367.323000,3.640000,304.312000
4745,699.244000,423.190000,6.990000,349.182000
4746,638.515000,346.762000,2.140000,300.453000
4747,660.324000,358.052000,1.840000,283.322000
4748,738.373000,399.500000,1.350000,365.401000
4749,811.431000,470.909000,2.490000,344.481000
4750,670.145000,299.063000,1.530000,269.893000
4751,476.909000,203.725000,1.560000,212.815000
4752,661.873000,318.494000,1.490000,291.883000
4753,606.295000,367.702000,2.149000,325.152000
4754,640.225000,347.272000,2.630000,278.534000
4755,675.163000,375.442000,21.280000,310.122000
4756,559.746000,323.384000,16.059000,268.943000
4757,759.233000,429.609000,6.679000,323.522000
4758,836.471000,487.218000,5.470000,378.341000
4759,883.159000,515.708000,1.840000,371.331000
4760,593.706000,262.363000,1.870000,240.105000
4761,736.174000,388.641000,9.350000,360.401000
4762,767.132000,404.610000,3.430000,318.564000
4763,724.562000,381.211000,3.270000,324.522000
4764,615.486000,360.732000,2.020000,305.852000
4765,817.890000,498.579000,3.380000,383.201000
4766,572.487000,319.973000,2.729000,276.363000
4767,751.042000,435.169000,2.299000,348.833000
4768,807.761000,445.218000,2.211000,340.362000
4769,760.142000,440.959000,2.091000,344.952000
4770,744.332000,370.021000,5.310000,352.322000
4771,631.736000,316.892000,3.580000,306.382000
4772,550.047000,234.523000,2.240000,243.014000
4773,526.099000,256.683000,3.630000,217.315000
4774,1006.957000,453.278000,21.750000,343.993000
4775,638.174000,316.732000,3.030000,294.223000
4776,727.363000,411.881000,1.690000,326.023000
4777,758.842000,422.961000,3.749000,314.233000
4778,831.200000,542.327000,3.000000,381.662000
4779,811.571000,449.149000,13.810000,400.899000
4780,745.533000,373.721000,3.690000,324.792000
4781,563.807000,256.654000,2.600000,238.275000
4782,783.611000,446.940000,1.730000,348.741000
4783,721.134000,423.060000,2.730000,362.302000
4784,771.682000,434.300000,8.950000,383.862000
4785,775.572000,432.920000,2.120000,332.402000
4786,944.248000,529.517000,7.920000,372.342000
4787,576.426000,256.534000,8.269000,227.675000
4788,735.153000,451.620000,3.200000,365.331000
4789,703.122000,344.622000,7.259000,303.703000
4790,578.696000,309.302000,11.240000,296.853000
4791,773.782000,380.271000,3.070000,311.463000
4792,655.924000,368.042000,3.779000,315.642000
4793,756.382000,446.990000,4.100000,336.892000
4794,641.565000,327.113000,7.320000,271.153000
4795,757.213000,426.040000,1.981000,390.920000
4796,797.751000,455.180000,2.428000,360.763000
4797,664.474000,392.691000,3.640000,328.912000
4798,631.295000,338.682000,3.440000,268.834000
4799,769.682000,421.480000,11.221000,343.872000
4800,697.934000,330.792000,3.520000,299.264000
4801,758.032000,379.321000,2.240000,319.652000
4802,751.173000,417.130000,3.360000,346.662000
4803,642.076000,349.481000,2.760000,303.263000
4804,778.822000,388.751000,8.690000,325.312000
4805,557.577000,299.752000,4.490000,249.314000
4806,768.991000,464.579000,2.480000,337.712000
4807,802.961000,429.560000,2.740000,347.681000
4808,497.509000,249.975000,1.819000,205.515000
4809,719.123000,430.620000,1.420000,334.711000
4810,632.514000,296.274000,3.640000,274.774000
4811,634.545000,288.562000,3.000000,265.535000
4812,633.694000,344.461000,2.730000,297.823000
4813,772.432000,461.349000,1.741000,334.421000
4814,712.483000,417.610000,1.880000,308.984000
4815,584.586000,314.893000,5.100000,256.015000
4816,554.826000,264.424000,3.750000,268.674000
4817,566.066000,320.973000,4.960000,264.175000
4818,679.265000,345.572000,2.659000,294.083000
4819,807.051000,469.338000,2.640000,334.343000
4820,803.162000,402.640000,18.710000,369.462000
4821,700.525000,328.312000,3.160000,309.354000
4822,568.096000,321.472000,5.160000,323.293000
4823,827.150000,487.339000,3.040000,376.022000
4824,728.633000,413.850000,1.550000,328.771000
4825,738.704000,454.649000,5.209000,343.632000
4826,632.785000,333.902000,6.800000,282.923000
4827,708.892000,403.121000,2.219000,319.033000
4828,765.511000,449.820000,8.470000,359.521000
4829,762.702000,453.859000,2.089000,335.431000
4830,681.583000,360.512000,3.880000,315.152000
4831,682.283000,425.050000,6.221000,375.302000
4832,757.502000,435.510000,3.571000,330.261000
4833,601.326000,346.062000,2.131000,274.213000
4834,823.230000,480.338000,1.950000,357.581000
4835,805.281000,447.919000,8.369000,383.042000
4836,580.765000,281.114000,2.071000,253.463000
4837,592.536000,302.254000,7.550000,264.464000
4838,784.892000,440.288000,2.900000,327.623000
4839,705.462000,402.541000,2.180000,317.283000
4840,658.545000,295.164000,2.090000,272.413000
4841,670.674000,326.782000,4.051000,297.453000
4842,725.272000,379.692000,8.180000,348.261000
4843,778.272000,429.310000,10.630000,351.491000
4844,766.922000,456.859000,3.040000,322.373000
4845,721.553000,402.950000,2.400000,345.721000
4846,696.603000,409.951000,1.550000,322.072000
4847,834.851000,453.458000,5.741000,335.981000
4848,777.673000,466.609000,2.060000,338.633000
4849,715.053000,422.461000,7.549000,364.701000
4850,739.972000,360.072000,11.110000,339.931000
4851,413.011000,181.595000,4.680000,173.326000
4852,699.734000,348.502000,3.160000,307.981000
4853,780.601000,464.658000,5.240000,349.372000
4854,757.603000,432.219000,5.109000,337.661000
4855,768.601000,441.290000,7.530000,335.703000
4856,728.333000,422.390000,2.819000,327.982000
4857,667.235000,386.282000,2.790000,324.622000
4858,567.867000,329.302000,1.730000,299.864000
4859,723.672000,389.960000,4.740000,334.973000
4860,857.289000,423.100000,16.279000,412.820000
4861,762.492000,380.652000,2.979000,370.022000
4862,717.473000,418.131000,1.640000,358.302000
4863,778.113000,402.981000,18.979000,353.292000
4864,855.500000,492.858000,4.410000,364.342000
4865,808.960000,462.470000,2.080000,378.591000
4866,717.725000,389.341000,2.960000,310.202000
4867,642.025000,354.303000,2.340000,279.423000
4868,736.593000,391.991000,12.150000,320.552000
4869,751.522000,427.470000,4.149000,366.751000
4870,795.021000,411.601000,3.830000,331.742000
4871,765.131000,394.001000,1.790000,340.822000
4872,667.505000,330.882000,6.630000,281.433000
4873,834.601000,491.570000,3.229000,464.308000
4874,868.669000,495.429000,16.880000,376.171000
4875,661.443000,356.703000,4.530000,295.892000
4876,826.041000,432.361000,5.181000,343.732000
4877,681.045000,369.641000,8.400000,310.522000
4878,629.326000,337.952000,4.029000,279.514000
4879,550.627000,296.522000,1.609000,257.145000
4880,755.622000,388.621000,2.190000,336.282000
4881,780.581000,402.280000,8.440000,362.561000
4882,657.425000,352.151000,3.010000,293.983000
4883,690.642000,410.441000,1.810000,312.963000
4884,581.356000,308.402000,4.019000,263.384000
4885,762.912000,436.240000,2.080000,358.891000
4886,676.254000,387.612000,2.140000,343.452000
4887,646.055000,328.803000,5.830000,297.463000
4888,713.674000,396.590000,2.080000,311.382000
4889,729.233000,414.951000,1.779000,342.413000
4890,628.065000,338.981000,1.730000,331.833000
4891,562.216000,302.473000,5.880000,281.895000
4892,898.749000,497.797000,7.550000,381.851000
4893,770.072000,461.160000,2.570000,340.203000
4894,739.574000,447.399000,2.541000,318.291000
4895,780.452000,467.549000,1.800000,390.530000
4896,809.750000,402.821000,3.940000,327.952000
4897,619.495000,334.012000,2.970000,258.294000
4898,756.482000,433.830000,1.400000,320.303000
4899,660.184000,365.903000,9.590000,325.281000
4900,693.754000,334.482000,3.410000,317.222000
4901,840.270000,435.000000,5.470000,420.780000
4902,733.003000,415.780000,2.140000,356.681000
4903,696.444000,426.710000,16.230000,378.261000
4904,748.333000,427.081000,2.711000,330.903000
4905,711.342000,470.599000,4.939000,348.852000
4906,679.894000,399.091000,2.651000,315.741000
4907,588.546000,382.280000,1.870000,324.902000
4908,752.291000,512.799000,5.159000,360.231000
4909,937.578000,531.729000,14.619000,422.481000
4910,809.771000,379.021000,6.630000,352.803000
4911,744.172000,369.202000,2.840000,339.172000
4912,518.568000,241.184000,2.130000,216.605000
4913,827.072000,495.408000,4.870000,350.102000
4914,649.286000,387.991000,2.940000,309.743000
4915,614.136000,333.691000,2.379000,278.194000
4916,650.254000,379.811000,1.520000,350.962000
4917,820.740000,447.730000,10.869000,382.162000
4918,686.815000,375.090000,5.209000,312.792000
4919,732.783000,432.249000,4.691000,325.032000
4920,757.232000,362.961000,2.680000,347.431000
4921,662.254000,314.103000,10.949000,300.023000
4922,743.912000,395.001000,2.600000,347.562000
4923,586.027000,336.062000,2.400000,276.793000
4924,702.693000,394.250000,3.389000,316.684000
4925,620.146000,333.152000,2.509000,272.474000
4926,776.931000,463.369000,7.759000,336.212000
4927,676.644000,355.832000,12.190000,313.083000
4928,765.652000,445.110000,2.700000,320.473000
4929,439.130000,214.504000,1.821000,192.146000
4930,582.647000,255.444000,2.110000,234.274000
4931,635.935000,302.173000,2.010000,272.713000
4932,690.733000,349.322000,1.240000,298.582000
4933,867.780000,469.860000,3.360000,370.691000
4934,829.981000,467.570000,2.050000,382.681000
4935,721.943000,400.760000,9.710000,337.472000
4936,720.963000,362.901000,8.660000,292.764000
4937,613.655000,356.972000,1.900000,290.294000
4938,724.243000,409.690000,3.590000,335.482000
4939,626.614000,340.143000,54.928000,309.412000
4940,759.902000,383.801000,18.789000,376.410000
4941,590.125000,273.773000,3.770000,275.512000
4942,786.861000,407.791000,13.440000,360.482000
4943,728.213000,429.190000,6.130000,328.442000
4944,682.265000,390.071000,4.130000,303.283000
4945,728.523000,425.140000,1.901000,312.901000
4946,594.366000,295.274000,1.880000,267.694000
4947,557.647000,296.493000,1.550000,241.823000
4948,738.452000,414.361000,5.510000,320.822000
4949,801.452000,465.249000,4.210000,343.182000
4950,762.492000,378.111000,2.440000,326.933000
4951,639.915000,305.642000,2.311000,278.043000
4952,829.551000,417.930000,5.840000,395.521000
4953,711.402000,420.190000,2.150000,293.464000
4954,827.731000,478.778000,3.851000,392.360000
4955,657.085000,391.151000,2.920000,332.703000
4956,599.706000,319.742000,1.670000,248.284000
4957,669.745000,408.962000,1.190000,307.302000
4958,729.983000,385.690000,7.299000,337.061000
4959,664.035000,369.242000,2.751000,301.053000
4960,774.951000,349.612000,11.610000,339.112000
4961,692.265000,325.852000,9.400000,316.743000
4962,715.783000,343.672000,3.270000,320.453000
4963,743.872000,470.058000,2.200000,337.751000
4964,711.944000,389.440000,18.320000,352.211000
4965,798.092000,441.540000,19.350000,360.292000
4966,714.483000,415.720000,2.740000,312.502000
4967,756.212000,465.709000,2.480000,346.472000
4968,647.665000,367.321000,2.590000,288.694000
4969,657.144000,389.010000,2.490000,356.372000
4970,705.113000,311.113000,9.170000,294.674000
4971,820.061000,413.590000,2.440000,344.431000
4972,711.154000,354.471000,1.260000,296.154000
4973,704.522000,402.101000,1.630000,302.143000
4974,855.229000,527.849000,2.809000,391.381000
4975,721.102000,430.129000,1.739000,344.343000
4976,766.012000,447.550000,10.860000,381.641000
4977,747.382000,440.720000,4.529000,335.643000
4978,705.323000,437.410000,3.760000,332.462000
4979,638.255000,349.841000,15.980000,296.513000
4980,844.430000,442.830000,4.750000,366.010000
4981,769.822000,408.540000,2.909000,339.132000
4982,740.893000,413.760000,3.060000,357.061000
4983,774.082000,436.220000,2.080000,355.951000
4984,677.924000,368.512000,4.469000,309.283000
4985,755.201000,423.510000,1.871000,327.961000
4986,795.502000,467.109000,13.649000,414.190000
4987,738.163000,405.261000,8.600000,323.403000
4988,680.364000,421.929000,2.109000,348.713000
4989,732.862000,419.350000,1.250000,297.704000
4990,755.903000,381.831000,5.390000,341.611000
4991,703.924000,345.321000,4.179000,328.472000
4992,667.805000,377.810000,9.251000,327.873000
4993,656.014000,329.023000,3.440000,279.872000
4994,594.087000,317.593000,2.129000,249.545000
4995,812.701000,391.532000,16.309000,312.503000
4996,854.910000,489.519000,3.410000,367.081000
4997,868.849000,479.598000,6.120000,375.431000
4998,713.434000,404.150000,3.170000,316.312000
4999,512.849000,260.493000,1973.652000,386.721000
5000,793.791000,355.233000,4.520000,349.511000
5001,528.428000,260.973000,3.280000,249.845000
5002,669.174000,333.582000,2.360000,278.944000
5003,652.353000,378.453000,2.621000,331.621000
5004,619.245000,349.951000,1.350000,279.944000
5005,720.482000,430.110000,1.320000,326.124000
5006,788.652000,439.990000,4.291000,347.731000
5007,758.212000,421.510000,2.150000,319.013000
5008,678.063000,377.201000,6.330000,312.403000
5009,684.393000,395.090000,2.579000,308.644000
5010,819.121000,409.362000,13.320000,357.841000
5011,729.913000,351.973000,2.910000,311.692000
5012,760.432000,418.660000,1.480000,353.783000
5013,644.693000,393.230000,1.800000,307.403000
5014,785.341000,477.239000,3.750000,364.142000
5015,717.292000,505.158000,3.240000,323.892000
5016,782.432000,421.140000,1.380000,322.883000
5017,811.841000,459.439000,8.251000,356.282000
5018,785.481000,467.789000,2.110000,350.343000
5019,658.285000,411.971000,1.541000,323.913000
5020,579.057000,300.314000,2.250000,257.873000
5021,667.735000,327.752000,2.160000,295.653000
5022,607.045000,328.312000,4.210000,304.414000
5023,719.813000,388.961000,4.790000,318.544000
5024,839.351000,475.688000,1.830000,336.243000
5025,594.917000,336.572000,12.250000,290.294000
5026,784.531000,441.820000,2.709000,321.641000
5027,487.139000,262.495000,4.989000,222.256000
5028,674.053000,378.660000,2.431000,323.433000
5029,718.572000,395.030000,2.040000,309.474000
5030,884.470000,407.630000,6.409000,363.022000
5031,792.781000,372.410000,11.040000,343.112000
5032,641.355000,281.644000,8.270000,248.564000
5033,764.154000,470.209000,2.930000,337.812000
5034,647.096000,357.672000,1.421000,308.642000
5035,852.600000,487.689000,16.390000,414.840000
5036,625.515000,326.082000,3.160000,284.784000
5037,755.201000,421.701000,1.890000,334.222000
5038,709.704000,385.831000,2.050000,364.081000
5039,681.584000,393.290000,4.349000,325.732000
5040,725.573000,344.601000,3.291000,331.804000
5041,741.412000,361.081000,5.800000,316.784000
5042,717.952000,380.421000,21.230000,360.811000
5043,698.274000,360.481000,3.200000,283.114000
5044,605.056000,335.462000,1.111000,278.133000
5045,713.252000,423.400000,1.090000,323.863000
5046,731.652000,422.010000,2.230000,339.902000
5047,799.321000,447.500000,1.029000,343.703000
5048,840.619000,493.569000,2.940000,356.651000
5049,731.303000,393.890000,4.839000,346.181000
5050,796.341000,375.822000,2.980000,349.362000
5051,504.638000,233.535000,2.800000,233.904000
5052,622.056000,333.292000,4.729000,307.574000
5053,761.632000,415.981000,2.880000,320.513000
5054,782.691000,438.710000,1.429000,328.883000
5055,770.072000,410.260000,0.971000,307.513000
5056,747.342000,427.200000,3.140000,338.291000
5057,781.672000,452.599000,1.609000,330.353000
5058,585.686000,309.262000,1.609000,260.124000
5059,688.615000,383.530000,5.579000,316.642000
5060,762.822000,375.981000,2.759000,325.152000
5061,623.004000,304.163000,4.999000,283.993000
5062,762.943000,438.770000,6.460000,346.321000
5063,599.165000,337.522000,6.449000,300.834000
5064,677.294000,385.542000,5.050000,303.363000
5065,603.746000,386.021000,1.910000,328.373000
5066,432.238000,211.515000,2.140000,205.155000
5067,823.491000,435.830000,7.870000,339.533000
5068,790.551000,432.240000,5.639000,313.073000
5069,814.871000,445.800000,2.800000,363.300000
5070,681.535000,354.941000,3.379000,322.352000
5071,813.972000,435.838000,11.249000,384.481000
5072,674.644000,408.021000,2.731000,372.601000
5073,720.184000,375.610000,7.150000,296.313000
5074,556.937000,306.442000,2.691000,259.074000
5075,932.388000,592.576000,1.420000,403.651000
5076,737.513000,421.030000,4.450000,369.781000
5077,720.603000,401.900000,1.860000,319.363000
5078,784.452000,446.670000,2.070000,320.723000
5079,862.958000,393.961000,21.729000,326.213000
5080,778.692000,355.852000,5.899000,306.844000
5081,889.760000,390.101000,13.270000,336.612000
5082,623.286000,346.082000,5.660000,303.033000
5083,682.634000,373.640000,3.339000,289.873000
5084,782.082000,477.429000,1.699000,358.671000
5085,790.331000,443.580000,1.760000,343.862000
5086,701.014000,387.891000,4.970000,323.023000
5087,728.093000,404.210000,9.449000,311.072000
5088,652.695000,327.694000,3.049000,255.744000
5089,580.586000,342.043000,2.780000,283.283000
5090,537.018000,272.683000,8.020000,256.173000
5091,813.811000,406.480000,2.310000,342.522000
5092,786.502000,388.151000,11.899000,351.681000
5093,605.516000,327.552000,2.880000,254.905000
5094,432.630000,200.116000,2.100000,184.955000
5095,713.553000,386.530000,3.480000,331.011000
5096,647.545000,342.152000,5.070000,272.904000
5097,675.414000,343.502000,3.169000,274.665000
5098,702.572000,393.911000,4.820000,333.013000
5099,591.445000,322.303000,3.910000,257.775000
5100,744.453000,365.711000,3.810000,344.532000
5101,473.610000,221.555000,1.491000,211.125000
5102,654.375000,341.092000,3.640000,298.162000
5103,773.242000,485.488000,5.160000,358.501000
5104,793.773000,460.198000,1.819000,311.174000
5105,852.140000,443.798000,7.059000,337.263000
5106,723.162000,414.590000,4.450000,325.864000
5107,828.370000,485.089000,13.240000,397.511000
5108,813.661000,487.839000,3.780000,362.971000
5109,789.642000,521.337000,4.971000,415.260000
5110,821.101000,412.910000,6.411000,390.431000
5111,720.093000,337.292000,2.520000,300.453000
5112,646.354000,329.891000,4.060000,297.144000
5113,604.126000,350.381000,3.040000,305.523000
5114,598.156000,332.852000,2.790000,277.044000
5115,736.112000,434.430000,2.099000,348.872000
5116,756.153000,432.190000,3.710000,344.542000
5117,797.812000,443.920000,2.770000,358.192000
5118,719.114000,427.889000,2.210000,343.732000
5119,679.094000,411.550000,4.380000,313.863000
5120,814.080000,369.912000,13.939000,332.912000
5121,767.122000,340.811000,21.189000,327.732000
5122,674.504000,390.321000,4.470000,336.022000
5123,808.251000,481.258000,3.251000,383.421000
5124,755.352000,466.799000,3.530000,358.580000
5125,624.965000,352.312000,2.170000,290.833000
5126,761.332000,474.539000,2.981000,345.982000
5127,666.445000,364.001000,2.140000,325.823000
5128,862.010000,467.449000,4.050000,348.453000
5129,808.581000,496.058000,1.870000,354.511000
5130,643.025000,312.182000,2.910000,285.493000
5131,841.541000,380.451000,6.499000,343.582000
5132,810.221000,444.200000,5.429000,377.351000
5133,578.146000,304.743000,6.560000,284.492000
5134,685.285000,383.471000,4.579000,302.753000
5135,664.615000,371.171000,2.240000,294.223000
5136,565.617000,296.504000,1.640000,257.414000
5137,678.334000,384.810000,1.120000,323.933000
5138,657.393000,399.831000,3.419000,339.922000
5139,547.686000,340.322000,6.730000,322.302000
5140,535.837000,301.503000,6.170000,288.133000
5141,585.525000,332.253000,2.440000,307.592000
5142,832.790000,444.600000,4.210000,376.131000
5143,761.092000,394.111000,19.190000,334.623000
5144,697.472000,337.563000,7.660000,294.702000
5145,384.151000,182.416000,11.469000,175.036000
5146,655.564000,351.372000,20.548000,309.333000
5147,847.251000,454.689000,10.509000,396.111000
5148,766.472000,457.900000,4.360000,341.131000
5149,713.973000,390.210000,2.360000,317.993000
5150,779.682000,407.451000,13.510000,389.120000
5151,697.944000,372.351000,2.221000,307.953000
5152,770.432000,418.830000,1.860000,374.442000
5153,798.591000,484.118000,1.360000,389.311000
5154,583.226000,305.674000,0.960000,254.084000
5155,915.237000,526.159000,4.679000,392.191000
5156,600.635000,283.383000,5.531000,250.564000
5157,736.233000,420.129000,3.840000,323.833000
5158,735.042000,436.049000,9.420000,369.931000
5159,664.255000,405.962000,3.149000,341.522000
5160,637.675000,316.082000,1.260000,308.904000
5161,600.035000,296.824000,1.499000,254.234000
5162,689.473000,359.472000,3.830000,305.823000
5163,716.153000,384.431000,2.160000,293.424000
5164,523.428000,266.025000,1.150000,243.305000
5165,832.170000,487.798000,2.770000,396.881000
5166,937.359000,401.701000,10.930000,315.232000
5167,670.364000,339.051000,4.680000,284.363000
5168,767.541000,443.110000,3.701000,326.112000
5169,678.134000,367.211000,7.180000,307.733000
5170,713.304000,348.072000,3.191000,292.133000
5171,770.933000,369.061000,7.510000,326.421000
5172,596.226000,323.583000,2.349000,273.404000
5173,871.080000,522.959000,2.150000,367.871000
5174,719.411000,452.139000,1.739000,330.552000
5175,736.144000,412.830000,3.010000,341.441000
5176,766.432000,447.109000,2.390000,349.412000
5177,900.219000,452.790000,15.859000,363.351000
5178,770.751000,452.470000,2.760000,343.792000
5179,725.904000,395.610000,5.580000,317.243000
5180,738.753000,352.392000,8.860000,345.443000
5181,710.412000,356.333000,3.400000,304.213000
5182,634.786000,321.372000,2.300000,280.544000
5183,724.943000,397.912000,4.200000,318.842000
5184,633.816000,360.242000,2.380000,291.133000
5185,832.551000,481.077000,12.209000,386.851000
5186,514.588000,284.202000,3.280000,260.975000
5187,799.250000,497.829000,2.539000,377.091000
5188,709.343000,397.770000,3.560000,331.753000
5189,748.532000,397.320000,1.880000,309.614000
5190,638.953000,319.103000,2.349000,301.413000
5191,635.795000,339.852000,1.339000,327.672000
5192,643.154000,348.531000,4.610000,317.133000
5193,507.048000,287.104000,3.260000,245.064000
5194,829.300000,512.098000,1.660000,330.562000
5195,639.716000,363.902000,1.589000,281.354000
5196,824.330000,490.359000,4.139000,353.842000
5197,742.773000,433.380000,1.910000,334.061000
5198,504.529000,255.024000,2.230000,220.025000
5199,680.564000,394.220000,4.070000,311.494000
5200,867.330000,401.791000,6.390000,359.113000
5201,725.852000,357.883000,3.879000,343.242000
5202,608.976000,320.552000,4.901000,280.433000
5203,847.681000,480.159000,12.469000,402.259000
5204,792.192000,444.270000,8.680000,338.612000
5205,744.022000,418.150000,4.649000,338.452000
5206,739.473000,421.630000,1.781000,324.152000
5207,575.516000,293.514000,2.680000,287.862000
5208,887.279000,519.997000,11.649000,390.031000
5209,788.382000,468.038000,3.209000,410.051000
5210,518.358000,250.095000,10.839000,255.175000
5211,674.234000,324.573000,19.660000,314.022000
5212,749.532000,387.382000,7.018000,336.262000
5213,762.222000,461.470000,1.749000,357.662000
5214,662.654000,395.531000,0.920000,316.262000
5215,740.433000,447.200000,1.280000,436.169000
5216,575.007000,377.580000,1.009000,314.093000
5217,533.938000,240.253000,11.209000,214.735000
5218,691.374000,377.901000,19.040000,318.792000
5219,498.329000,261.835000,5.650000,247.383000
5220,429.230000,236.154000,21.618000,235.605000
5221,650.755000,316.894000,2.990000,280.092000
5222,599.366000,301.354000,3.740000,275.863000
5223,739.523000,434.580000,2.630000,336.871000
5224,784.451000,456.559000,3.730000,359.581000
5225,724.683000,402.270000,2.190000,329.492000
5226,497.218000,241.453000,2.010000,216.795000
5227,776.962000,394.022000,1.680000,301.423000
5228,806.231000,446.989000,2.700000,333.652000
5229,585.966000,295.573000,2.541000,267.103000
5230,812.941000,357.001000,3.090000,321.273000
5231,810.941000,385.461000,8.230000,356.761000
5232,495.378000,241.234000,4.120000,204.145000
5233,652.714000,348.833000,9.249000,285.783000
5234,683.334000,365.321000,9.180000,298.333000
5235,651.744000,337.333000,1.880000,299.633000
5236,758.223000,400.960000,9.990000,338.043000
5237,771.441000,439.630000,2.419000,384.610000
5238,628.235000,324.533000,3.720000,268.215000
5239,713.113000,380.571000,1.790000,321.702000
5240,649.344000,309.503000,1.339000,295.774000
5241,791.011000,405.430000,9.520000,373.880000
5242,599.816000,285.464000,2.609000,261.164000
5243,568.228000,302.532000,2.710000,271.444000
5244,665.245000,412.750000,1.880000,331.712000
5245,639.175000,378.921000,1.539000,304.973000
5246,553.668000,318.012000,1.929000,277.535000
5247,577.347000,296.914000,1.760000,253.713000
5248,790.172000,435.119000,3.090000,341.083000
5249,685.883000,378.802000,9.430000,325.063000
5250,751.782000,336.552000,3.479000,299.914000
5251,656.934000,349.132000,1.190000,295.982000
5252,708.494000,385.391000,1.230000,291.314000
5253,745.523000,321.661000,19.860000,283.114000
5254,752.382000,374.082000,20.690000,345.353000
5255,608.216000,325.381000,2.520000,322.543000
5256,656.955000,352.221000,8.820000,312.593000
5257,710.372000,381.891000,2.120000,306.143000
5258,651.655000,357.092000,11.550000,280.784000
5259,779.162000,462.119000,6.069000,363.262000
5260,838.131000,411.141000,4.610000,358.551000
5261,774.332000,406.501000,2.160000,357.731000
5262,756.223000,450.368000,2.160000,390.392000
5263,701.823000,377.191000,12.580000,294.453000
5264,704.193000,382.211000,3.230000,302.603000
5265,510.108000,274.964000,1.270000,227.175000
5266,631.836000,340.022000,1.610000,277.854000
5267,826.371000,541.647000,1.710000,379.062000
5268,650.375000,341.852000,1.511000,270.403000
5269,569.927000,340.122000,1.129000,286.434000
5270,624.956000,320.422000,3.860000,286.554000
5271,553.266000,253.075000,1.971000,243.434000
5272,662.264000,367.941000,10.680000,326.344000
5273,689.493000,380.072000,3.120000,314.672000
5274,517.296000,262.985000,8.589000,228.475000
5275,756.182000,434.300000,7.740000,337.352000
5276,826.420000,447.710000,2.471000,327.912000
5277,631.015000,322.542000,4.540000,299.683000
5278,764.112000,413.161000,6.930000,345.611000
5279,832.680000,477.749000,1.820000,395.490000
5280,651.176000,329.761000,1.520000,293.484000
5281,767.481000,439.001000,6.129000,396.581000
5282,718.824000,431.681000,5.059000,359.842000
5283,796.251000,471.699000,9.388000,374.582000
5284,792.610000,459.019000,5.050000,366.671000
5285,725.903000,408.730000,1.790000,330.593000
5286,691.013000,413.240000,1.550000,331.492000
5287,609.127000,301.993000,2.390000,252.494000
5288,802.891000,488.368000,2.020000,346.792000
5289,835.231000,445.179000,4.621000,339.163000
5290,792.451000,366.862000,3.889000,335.742000
5291,654.884000,351.851000,1.820000,328.353000
5292,771.621000,402.251000,9.210000,331.702000
5293,690.084000,421.961000,2.669000,336.832000
5294,534.548000,293.482000,6.880000,246.284000
5295,789.562000,444.680000,4.780000,359.261000
5296,742.982000,442.550000,18.030000,346.291000
5297,602.806000,299.662000,20.220000,274.804000
5298,553.417000,295.832000,3.110000,269.844000
5299,654.775000,346.763000,15.749000,299.234000
5300,505.097000,219.485000,5.720000,211.815000
5301,709.783000,335.483000,6.449000,327.032000
5302,796.922000,406.779000,5.889000,360.961000
5303,711.243000,392.501000,3.699000,336.062000
5304,795.532000,479.038000,2.170000,356.442000
5305,717.694000,392.941000,6.310000,342.391000
5306,899.149000,552.237000,2.960000,429.000000
5307,829.551000,469.229000,1.739000,400.081000
5308,766.502000,456.550000,1.429000,336.272000
5309,676.364000,378.282000,3.619000,305.793000
5310,737.643000,382.831000,2.421000,321.873000
5311,794.832000,401.480000,1.360000,332.292000
5312,703.134000,358.161000,2.020000,352.761000
5313,758.964000,437.689000,4.270000,337.972000
5314,701.122000,457.259000,18.510000,357.601000
5315,627.036000,323.184000,2.910000,265.503000
5316,743.823000,416.171000,2.330000,314.512000
5317,769.762000,443.760000,4.320000,339.263000
5318,738.003000,413.150000,5.360000,324.162000
5319,811.371000,456.839000,3.380000,350.981000
5320,699.564000,335.912000,2.120000,304.024000
5321,846.000000,435.580000,13.589000,376.412000
5322,730.173000,408.030000,4.880000,337.081000
5323,591.545000,318.163000,2.640000,270.593000
5324,791.161000,459.150000,4.300000,333.593000
5325,606.246000,339.662000,6.919000,309.753000
5326,728.134000,406.960000,2.640000,323.522000
5327,830.590000,444.599000,4.051000,383.431000
5328,636.255000,361.582000,1.650000,333.633000
5329,528.767000,250.154000,2.699000,214.435000
5330,423.301000,196.744000,1.471000,188.405000
5331,740.524000,426.730000,1.779000,340.292000
5332,716.913000,366.072000,1.520000,306.452000
5333,769.191000,436.001000,8.771000,369.312000
5334,654.825000,401.581000,19.350000,334.841000
5335,635.235000,360.023000,7.298000,315.892000
5336,509.557000,257.334000,2.610000,233.205000
5337,606.207000,341.391000,1.650000,296.624000
5338,667.365000,394.661000,1.301000,326.641000
5339,460.400000,218.024000,5.120000,217.385000
5340,807.951000,393.441000,2.390000,344.841000
5341,380.690000,162.476000,2.949000,159.488000
5342,667.943000,298.424000,3.700000,291.952000
5343,659.865000,371.860000,3.830000,300.473000
5344,541.146000,315.994000,2.679000,266.054000
5345,735.854000,427.390000,1.540000,342.341000
5346,803.511000,455.950000,1.490000,359.191000
5347,704.154000,392.491000,4.720000,308.451000
5348,625.125000,355.322000,1.960000,279.014000
5349,723.942000,398.561000,3.740000,334.902000
5350,779.570000,424.039000,2.360000,339.852000
5351,647.794000,363.152000,7.809000,335.882000
5352,497.678000,246.724000,3.790000,213.635000
5353,747.542000,451.620000,3.350000,328.891000
5354,643.935000,355.412000,1.890000,267.824000
5355,333.721000,201.786000,1.809000,202.676000
5356,729.294000,421.210000,19.229000,360.821000
5357,783.031000,456.599000,13.870000,398.150000
5358,629.666000,336.912000,9.090000,289.984000
5359,596.965000,363.121000,2.610000,298.672000
5360,821.601000,428.550000,18.270000,398.870000
5361,728.533000,372.471000,9.741000,341.411000
5362,630.655000,351.392000,8.399000,298.833000
5363,521.239000,264.784000,1.920000,222.115000
5364,635.135000,346.532000,19.709000,301.673000
5365,784.372000,473.349000,2.880000,304.703000
5366,458.640000,230.425000,1.139000,226.665000
5367,755.112000,429.990000,1.160000,325.792000
5368,786.361000,455.759000,1.020000,350.661000
5369,725.734000,435.779000,1.939000,336.132000
5370,657.424000,304.333000,7.350000,302.882000
5371,647.095000,293.004000,7.970000,292.152000
5372,791.302000,425.520000,2.211000,340.811000
5373,644.405000,315.323000,8.530000,297.562000
5374,790.210000,431.560000,4.120000,326.623000
5375,554.836000,287.454000,4.550000,263.744000
5376,889.139000,527.857000,7.000000,378.891000
5377,554.878000,269.412000,7.280000,244.145000
5378,389.020000,194.085000,5.139000,185.435000
5379,637.235000,354.802000,1.879000,271.443000
5380,776.611000,407.251000,5.360000,336.361000
5381,791.562000,389.652000,4.289000,340.412000
5382,741.623000,408.580000,11.760000,365.032000
5383,682.564000,404.900000,4.540000,313.783000
5384,606.716000,325.051000,1.501000,275.403000
5385,689.844000,399.491000,1.580000,355.453000
5386,646.153000,386.692000,1.110000,318.922000
5387,794.501000,501.569000,2.209000,378.542000
5388,485.338000,217.544000,4.550000,195.645000
5389,755.792000,459.960000,2.330000,338.022000
5390,763.762000,372.792000,2.630000,328.331000
5391,645.156000,317.462000,6.089000,290.734000
5392,681.563000,378.482000,9.250000,327.162000
5393,721.963000,422.419000,13.579000,378.231000
5394,812.501000,460.030000,2.669000,334.793000
5395,656.935000,362.502000,4.069000,342.012000
5396,740.033000,482.538000,1.829000,327.493000
5397,642.404000,335.062000,2.140000,285.934000
5398,803.951000,446.690000,5.710000,355.762000
5399,831.260000,432.590000,7.739000,380.341000
5400,671.444000,315.892000,6.760000,280.543000
5401,784.351000,411.340000,1.930000,340.391000
5402,553.967000,276.473000,3.400000,259.954000
5403,787.791000,474.359000,3.200000,343.541000
5404,811.761000,520.158000,1.941000,359.171000
5405,794.461000,449.099000,2.180000,380.711000
5406,671.625000,346.531000,10.620000,294.442000
5407,658.784000,369.770000,13.180000,323.873000
5408,752.012000,457.960000,6.600000,389.190000
5409,618.365000,316.142000,6.079000,256.774000
5410,613.316000,270.244000,4.379000,271.134000
5411,723.884000,374.520000,2.859000,337.982000
5412,710.664000,336.773000,6.640000,300.123000
5413,648.766000,359.222000,7.480000,329.272000
5414,715.224000,410.140000,2.271000,294.832000
5415,736.523000,414.160000,1.690000,338.072000
5416,788.362000,447.460000,3.410000,342.251000
5417,624.275000,367.561000,2.861000,307.043000
5418,643.685000,360.001000,1.840000,275.972000
5419,537.328000,292.633000,2.370000,248.675000
5420,580.476000,300.474000,1.971000,262.714000
5421,715.923000,315.903000,15.510000,297.073000
5422,438.799000,231.924000,3.260000,227.985000
5423,745.971000,370.201000,2.150000,319.693000
5424,684.764000,371.683000,2.069000,279.214000
5425,755.001000,456.240000,1.830000,339.962000
5426,774.031000,437.940000,2.630000,316.802000
5427,714.823000,392.050000,5.229000,323.402000
5428,672.384000,378.582000,2.809000,303.953000
5429,514.978000,270.334000,1.380000,222.514000
5430,410.011000,211.644000,11.879000,216.946000
5431,976.547000,442.310000,4.949000,353.521000
5432,760.943000,454.068000,1.981000,337.282000
5433,451.109000,245.895000,2.100000,227.825000
5434,931.548000,435.228000,21.849000,345.002000
5435,622.366000,315.092000,5.740000,264.514000
5436,792.552000,429.040000,7.630000,356.031000
5437,639.714000,366.820000,5.349000,311.512000
5438,696.784000,405.711000,3.080000,325.872000
5439,690.824000,379.941000,1.231000,334.153000
5440,755.183000,353.100000,3.520000,348.931000
5441,689.624000,339.282000,1.729000,301.694000
5442,662.083000,388.871000,2.939000,314.612000
5443,637.525000,383.671000,1.631000,319.211000
5444,550.888000,312.373000,1.470000,268.324000
5445,815.331000,504.809000,1.380000,355.221000
5446,549.917000,286.413000,7.610000,279.814000
5447,640.334000,360.762000,2.760000,330.592000
5448,691.094000,370.861000,2.030000,293.623000
5449,765.772000,440.919000,5.640000,345.572000
5450,670.555000,324.683000,3.680000,302.864000
5451,578.706000,261.855000,5.300000,243.135000
5452,761.392000,432.150000,1.770000,326.642000
5453,794.172000,464.839000,2.000000,369.570000
5454,687.884000,379.130000,2.421000,299.444000
5455,716.943000,379.021000,2.360000,313.732000
5456,698.543000,424.030000,4.489000,350.192000
5457,754.543000,455.619000,2.260000,371.222000
5458,814.231000,447.949000,8.160000,349.033000
5459,722.712000,419.110000,18.100000,331.822000
5460,692.233000,288.443000,6.380000,265.394000
5461,683.374000,323.303000,3.050000,300.494000
5462,853.111000,469.959000,1.600000,339.552000
5463,561.047000,316.752000,2.820000,277.424000
5464,822.120000,493.628000,5.820000,379.122000
5465,678.343000,343.642000,15.368000,301.624000
5466,609.396000,360.702000,2.949000,298.764000
5467,565.986000,278.703000,17.970000,258.353000
5468,721.414000,390.571000,3.059000,323.912000
5469,781.332000,471.919000,1.510000,348.512000
5470,769.213000,326.621000,21.439000,317.773000
5471,664.564000,333.942000,4.070000,280.044000
5472,525.149000,233.394000,7.160000,236.174000
5473,788.352000,457.469000,13.490000,359.982000
5474,755.442000,403.161000,3.080000,314.752000
5475,501.269000,262.532000,1.449000,224.505000
5476,791.261000,472.299000,1.130000,321.683000
5477,776.462000,460.049000,7.459000,362.752000
5478,633.335000,361.952000,3.130000,302.052000
5479,638.375000,316.064000,1.690000,265.534000
5480,668.035000,369.971000,1.870000,315.483000
5481,667.945000,354.371000,4.850000,319.912000
5482,605.965000,338.524000,1.710000,292.593000
5483,812.441000,452.329000,1.220000,332.762000
5484,781.002000,472.129000,1.621000,335.033000
5485,836.360000,489.888000,9.950000,369.791000
5486,594.277000,298.933000,9.329000,276.804000
5487,693.535000,382.421000,11.100000,340.252000
5488,713.814000,380.670000,4.090000,324.973000
5489,591.537000,319.412000,1.630000,257.634000
5490,611.145000,259.114000,1.900000,242.415000
5491,856.930000,443.189000,1.560000,350.372000
5492,752.881000,396.990000,2.080000,336.771000
5493,591.396000,335.201000,2.900000,287.394000
5494,643.135000,418.210000,1.900000,320.473000
5495,731.652000,435.900000,8.680000,363.431000
5496,739.014000,487.679000,2.989000,350.881000
5497,707.165000,397.220000,1.570000,327.532000
5498,485.539000,217.755000,9.840000,215.145000
5499,724.423000,429.900000,2.380000,331.553000
5500,654.803000,339.403000,1.550000,286.752000
5501,687.104000,369.252000,2.009000,335.694000
5502,703.162000,387.741000,12.448000,325.683000
5503,561.886000,317.673000,8.200000,279.273000
5504,801.841000,477.189000,2.170000,361.181000
5505,718.424000,461.618000,4.890000,405.041000
5506,671.425000,353.061000,2.720000,277.893000
5507,641.435000,331.822000,5.970000,297.693000
5508,592.096000,338.702000,5.129000,317.982000
5509,790.811000,418.141000,3.330000,312.522000
5510,736.963000,350.761000,5.709000,313.854000
5511,572.437000,269.322000,8.610000,273.924000
5512,807.441000,467.990000,4.910000,378.321000
5513,860.299000,500.348000,4.890000,376.482000
5514,718.294000,437.220000,2.110000,356.461000
5515,616.425000,356.882000,3.450000,278.374000
5516,562.006000,290.863000,4.779000,239.664000
5517,595.467000,300.873000,7.330000,262.635000
5518,675.973000,388.491000,1.748000,357.102000
5519,664.884000,327.333000,6.120000,298.712000
5520,736.212000,367.782000,13.550000,361.962000
5521,820.460000,452.990000,2.930000,404.781000
5522,933.030000,519.328000,4.160000,408.461000
5523,836.310000,514.639000,1.919000,412.550000
5524,774.302000,557.687000,8.300000,435.609000
5525,810.731000,460.179000,3.620000,355.661000
5526,760.732000,462.199000,2.529000,367.491000
5527,877.690000,501.708000,4.930000,348.163000
5528,645.014000,359.372000,9.840000,315.333000
5529,671.134000,389.122000,2.960000,327.182000
5530,726.253000,395.421000,1.770000,321.323000
5531,776.542000,352.281000,16.619000,329.083000
5532,639.126000,337.583000,3.800000,289.423000
5533,693.344000,376.551000,11.670000,320.773000
5534,628.715000,329.523000,2.581000,269.962000
5535,703.713000,375.802000,5.739000,297.404000
5536,613.156000,312.072000,3.830000,235.374000
5537,620.906000,324.032000,1.960000,297.474000
5538,699.534000,373.961000,1.960000,321.403000
5539,797.681000,433.000000,5.179000,365.821000
5540,649.793000,307.864000,3.101000,284.522000
5541,708.054000,351.751000,20.550000,324.363000
5542,519.878000,247.274000,21.889000,243.885000
5543,679.784000,374.131000,12.210000,309.493000
5544,580.936000,341.332000,4.390000,292.693000
5545,579.116000,304.644000,3.820000,248.624000
5546,647.605000,394.301000,2.101000,315.562000
5547,629.256000,385.751000,6.070000,310.813000
5548,660.195000,396.291000,2.300000,320.482000
5549,681.825000,391.190000,5.700000,305.764000
5550,657.606000,292.064000,7.000000,279.463000
5551,580.827000,323.202000,2.631000,279.263000
5552,727.123000,385.541000,8.059000,335.002000
5553,782.373000,460.529000,2.491000,344.932000
5554,746.033000,434.660000,4.011000,325.892000
5555,733.713000,446.510000,2.300000,349.351000
5556,754.992000,395.820000,20.860000,339.782000
5557,772.703000,448.029000,3.751000,336.793000
5558,675.443000,391.402000,10.589000,344.193000
5559,486.798000,248.695000,8.420000,226.465000
5560,676.094000,308.944000,8.189000,304.683000
5561,605.197000,307.584000,5.050000,299.953000
5562,749.923000,402.740000,5.100000,320.712000
5563,732.614000,429.648000,1.951000,325.103000
5564,791.912000,478.660000,3.590000,353.712000
5565,798.441000,453.040000,2.560000,368.021000
5566,716.152000,396.740000,8.370000,336.153000
5567,721.872000,447.860000,3.880000,341.092000
5568,812.401000,444.430000,2.390000,351.581000
5569,729.463000,421.550000,1.501000,368.471000
5570,813.851000,380.643000,3.350000,397.751000
5571,612.656000,278.193000,2.379000,270.674000
5572,719.672000,363.162000,7.760000,313.202000
5573,589.066000,321.083000,2.829000,265.353000
5574,683.495000,398.671000,3.710000,314.672000
5575,628.065000,345.013000,6.720000,279.103000
5576,717.044000,392.260000,11.291000,317.162000
5577,795.632000,442.179000,7.929000,352.292000
5578,625.756000,395.670000,2.680000,322.833000
5579,529.968000,294.673000,3.920000,245.985000
5580,736.292000,330.421000,2.301000,326.832000
5581,800.711000,402.471000,1.990000,363.641000
5582,703.154000,391.271000,12.270000,319.102000
5583,715.174000,440.739000,2.900000,344.962000
5584,904.028000,492.179000,2.740000,414.350000
5585,652.135000,367.111000,1.551000,286.582000
5586,716.114000,443.420000,1.131000,340.291000
5587,734.622000,389.852000,1.511000,348.652000
5588,757.542000,418.090000,2.420000,335.592000
5589,591.697000,366.951000,4.620000,287.422000
5590,802.051000,411.580000,5.259000,369.622000
5591,637.615000,336.723000,4.580000,292.823000
5592,707.574000,394.211000,5.160000,323.512000
5593,571.797000,296.893000,5.771000,261.875000
5594,721.222000,444.040000,2.080000,352.451000
5595,707.083000,422.631000,1.360000,353.341000
5596,646.325000,354.171000,2.110000,290.204000
5597,672.893000,358.943000,1.649000,282.313000
5598,769.672000,446.599000,0.930000,341.002000
5599,432.339000,218.425000,1.060000,238.144000
5600,773.452000,429.150000,4.890000,363.491000
5601,715.704000,387.480000,1.699000,327.803000
5602,702.813000,363.911000,3.490000,303.002000
5603,721.763000,419.921000,16.530000,356.322000
5604,752.871000,435.950000,8.369000,333.042000
5605,718.303000,390.281000,4.140000,347.081000
5606,592.816000,287.533000,4.070000,247.114000
5607,671.403000,365.422000,3.490000,288.753000
5608,469.780000,218.614000,19.110000,200.336000
5609,587.085000,331.432000,3.220000,294.554000
5610,685.724000,305.373000,5.510000,299.433000
5611,698.383000,371.032000,3.540000,318.202000
5612,804.891000,456.879000,2.031000,336.991000
5613,690.505000,401.550000,3.800000,323.512000
5614,618.336000,400.551000,9.421000,351.602000
5615,742.623000,404.160000,7.760000,329.712000
5616,616.815000,364.991000,3.979000,376.382000
5617,702.614000,402.730000,2.700000,301.993000
5618,570.707000,291.254000,4.480000,228.425000
5619,574.157000,328.742000,3.170000,280.474000
5620,684.065000,338.012000,2.000000,301.734000
5621,779.802000,410.861000,18.669000,391.100000
5622,700.074000,406.270000,9.620000,360.391000
5623,667.264000,363.271000,3.470000,289.483000
5624,689.465000,421.410000,1.139000,315.712000
5625,615.066000,355.442000,1.560000,300.642000
5626,577.706000,342.913000,2.511000,294.832000
5627,791.351000,449.400000,3.811000,336.881000
5628,764.182000,445.909000,1.791000,353.271000
5629,828.940000,406.731000,20.510000,331.321000
5630,695.704000,305.362000,8.270000,279.294000
5631,817.981000,433.760000,1.980000,364.731000
5632,800.501000,411.840000,12.310000,354.352000
5633,711.403000,403.501000,2.500000,307.402000
5634,556.927000,356.812000,44.729000,315.472000
5635,554.997000,301.983000,3.030000,252.714000
5636,496.568000,264.684000,7.480000,208.245000
5637,743.852000,410.681000,2.231000,332.413000
5638,541.727000,283.473000,8.710000,246.203000
5639,738.513000,385.801000,19.810000,326.133000
5640,702.944000,389.291000,4.800000,360.401000
5641,655.815000,304.154000,7.518000,311.683000
5642,638.365000,369.702000,2.329000,333.492000
5643,670.824000,366.631000,20.669000,362.732000
5644,661.474000,374.971000,5.100000,332.453000
5645,609.555000,310.132000,3.649000,251.765000
5646,611.465000,297.014000,5.149000,249.924000
5647,645.785000,365.522000,1.851000,326.173000
5648,482.808000,271.594000,3.940000,258.874000
5649,801.691000,442.819000,1.631000,333.332000
5650,750.602000,345.462000,3.618000,312.123000
5651,761.782000,360.222000,3.831000,314.812000
5652,749.412000,429.100000,6.510000,359.162000
5653,821.880000,520.029000,2.381000,392.450000
5654,678.905000,343.062000,5.730000,296.302000
5655,775.992000,459.468000,3.520000,351.981000
5656,663.654000,363.562000,6.160000,317.602000
5657,848.100000,508.877000,2.360000,433.020000
5658,611.415000,350.502000,5.800000,286.044000
5659,369.151000,164.015000,1.850000,152.818000
5660,748.454000,373.901000,1.410000,348.911000
5661,334.133000,173.126000,5.299000,173.127000
5662,818.651000,420.630000,2.519000,397.601000
5663,762.553000,408.150000,9.860000,329.152000
5664,652.404000,362.191000,7.579000,284.463000
5665,658.155000,358.742000,3.270000,434.310000
5666,700.264000,374.640000,3.900000,326.133000
5667,675.285000,387.311000,2.040000,329.272000
5668,897.020000,489.077000,3.259000,406.030000
5669,784.573000,500.208000,3.780000,361.811000
5670,685.224000,343.113000,2.720000,298.461000
5671,780.551000,427.690000,1.300000,351.462000
5672,592.046000,307.592000,2.730000,307.993000
5673,730.722000,387.211000,9.760000,347.202000
5674,585.175000,310.093000,3.210000,276.874000
5675,581.155000,304.934000,2.290000,258.692000
5676,692.144000,400.402000,4.109000,334.382000
5677,733.214000,362.980000,16.449000,315.513000
5678,739.603000,391.410000,3.180000,301.933000
5679,790.361000,441.340000,4.859000,343.132000
5680,810.511000,413.450000,6.260000,337.432000
5681,709.144000,380.002000,2.269000,333.751000
5682,774.932000,448.530000,1.380000,368.982000
5683,596.777000,339.922000,13.949000,293.102000
5684,521.588000,300.413000,2.240000,252.465000
5685,744.933000,443.859000,2.250000,333.633000
5686,648.264000,356.653000,2.010000,301.522000
5687,691.515000,434.460000,5.110000,352.542000
5688,527.297000,276.944000,8.920000,255.194000
5689,530.057000,284.504000,12.080000,265.363000
5690,834.140000,418.361000,9.730000,355.201000
5691,761.752000,365.741000,4.520000,304.884000
5692,863.660000,453.908000,1.920000,383.091000
5693,768.202000,455.000000,3.701000,351.341000
5694,632.565000,357.561000,3.370000,292.284000
5695,770.382000,443.590000,2.340000,349.901000
5696,672.415000,398.551000,5.459000,349.552000
5697,711.043000,432.880000,3.309000,318.993000
5698,570.186000,285.415000,5.210000,246.133000
5699,738.634000,385.541000,10.320000,319.942000
5700,576.076000,250.905000,3.420000,235.503000
5701,837.310000,451.690000,4.470000,384.801000
5702,613.355000,287.284000,4.720000,264.493000
5703,735.133000,409.360000,1.550000,337.752000
5704,763.322000,432.970000,4.980000,355.232000
5705,661.584000,316.953000,6.149000,288.293000
5706,716.794000,386.111000,9.089000,319.861000
5707,731.173000,386.960000,26.820000,351.721000
5708,616.155000,324.062000,3.220000,247.174000
5709,561.786000,283.733000,1.350000,224.715000
5710,771.901000,361.662000,3.971000,330.781000
5711,739.133000,383.951000,2.819000,332.362000
5712,755.083000,407.351000,1.939000,317.472000
5713,664.254000,359.371000,8.750000,307.253000
5714,778.902000,423.130000,1.880000,388.741000
5715,730.283000,401.581000,2.289000,339.462000
5716,511.588000,252.373000,3.070000,232.945000
5717,521.997000,255.674000,2.160000,258.003000
5718,543.408000,269.184000,5.560000,253.184000
5719,744.683000,425.139000,3.360000,324.593000
5720,694.015000,342.941000,2.580000,315.033000
5721,728.402000,345.511000,5.680000,295.864000
5722,707.883000,387.981000,5.170000,324.973000
5723,634.586000,375.581000,3.470000,320.702000
5724,559.528000,392.320000,2.820000,294.763000
5725,807.621000,493.769000,2.030000,350.212000
5726,737.243000,428.881000,3.061000,328.313000
5727,612.166000,318.362000,9.200000,288.394000
5728,798.891000,467.690000,3.040000,351.791000
5729,757.222000,482.309000,2.100000,375.351000
5730,669.214000,336.653000,8.090000,308.052000
5731,818.481000,490.959000,2.790000,387.881000
5732,738.173000,417.020000,1.720000,341.202000
5733,648.155000,384.810000,12.130000,330.372000
5734,592.166000,378.791000,2.739000,311.854000
5735,777.201000,462.069000,1.480000,330.192000
5736,543.788000,262.593000,1.400000,239.355000
5737,615.045000,368.452000,4.819000,305.613000
5738,816.100000,512.967000,3.541000,410.240000
5739,605.365000,328.663000,2.111000,272.732000
5740,726.073000,340.262000,2.310000,346.961000
5741,556.647000,264.613000,1.129000,382.551000
5742,708.444000,392.240000,2.101000,312.502000
5743,736.593000,424.770000,1.240000,340.012000
5744,479.250000,229.355000,4.930000,207.935000
5745,754.982000,456.469000,2.661000,309.692000
5746,783.672000,419.650000,3.500000,324.423000
5747,761.842000,391.851000,8.560000,330.613000
5748,757.553000,489.888000,2.000000,351.193000
5749,709.873000,374.271000,19.959000,310.504000
5750,776.192000,374.460000,4.091000,342.642000
5751,805.310000,389.411000,2.430000,330.252000
5752,838.950000,472.149000,3.530000,353.301000
5753,738.333000,440.769000,1.830000,334.003000
5754,708.453000,416.670000,3.570000,333.533000
5755,757.332000,450.729000,5.290000,342.961000
5756,631.226000,359.262000,2.620000,269.334000
5757,761.912000,431.260000,2.050000,342.312000
5758,856.800000,503.839000,19.209000,388.952000
5759,698.564000,385.220000,2.900000,295.174000
5760,647.894000,351.702000,3.960000,320.213000
5761,730.734000,373.801000,3.870000,347.601000
5762,885.170000,512.438000,2.300000,378.181000
5763,683.335000,362.522000,19.150000,338.192000
5764,507.759000,241.894000,8.330000,252.493000
5765,840.440000,477.469000,10.130000,378.031000
5766,735.744000,383.731000,3.609000,310.733000
5767,631.135000,280.334000,21.219000,282.622000
5768,685.874000,398.280000,3.860000,330.522000
5769,662.024000,380.591000,2.110000,316.243000
5770,721.743000,349.331000,1.760000,316.752000
5771,735.324000,377.381000,10.990000,360.011000
5772,789.602000,446.010000,3.019000,335.693000
5773,516.858000,277.042000,1.360000,230.945000
5774,750.072000,438.879000,8.099000,360.482000
5775,664.704000,353.902000,10.090000,297.222000
5776,772.591000,379.872000,18.858000,318.334000
5777,754.102000,402.170000,8.150000,329.503000
5778,802.792000,470.388000,7.220000,376.442000
5779,749.284000,419.600000,2.450000,346.621000
5780,699.674000,345.341000,13.080000,330.653000
5781,818.791000,421.289000,8.610000,365.092000
5782,672.273000,365.083000,22.028000,310.183000
5783,700.413000,426.259000,2.950000,333.173000
5784,833.800000,490.319000,4.919000,376.411000
5785,811.151000,472.029000,6.610000,408.430000
5786,607.305000,333.592000,3.459000,259.883000
5787,758.383000,425.850000,5.600000,357.722000
5788,792.011000,469.079000,1.969000,387.341000
5789,790.381000,418.110000,18.150000,333.002000
5790,702.644000,333.804000,8.190000,302.863000
5791,614.586000,296.213000,2.000000,366.902000
5792,631.736000,278.615000,4.289000,259.923000
5793,758.333000,430.898000,1.950000,330.083000
5794,762.402000,417.240000,4.630000,313.662000
5795,676.345000,386.521000,3.720000,296.914000
5796,647.505000,356.401000,4.030000,285.492000
5797,713.124000,434.460000,3.980000,338.321000
5798,779.851000,473.719000,2.540000,337.102000
5799,564.667000,299.092000,3.090000,269.493000
5800,726.103000,334.501000,6.620000,293.334000
5801,881.518000,475.499000,4.130000,367.151000
5802,701.744000,357.382000,2.230000,289.182000
5803,714.664000,427.730000,1.511000,351.451000
5804,740.132000,437.370000,2.340000,321.813000
5805,779.661000,452.410000,16.440000,360.581000
5806,780.261000,454.889000,4.699000,353.912000
5807,629.725000,332.441000,17.929000,299.854000
5808,787.862000,459.289000,3.750000,350.201000
5809,658.955000,373.581000,6.140000,318.152000
5810,619.316000,286.453000,6.020000,267.732000
5811,713.724000,415.861000,3.979000,356.751000
5812,909.029000,452.388000,4.751000,379.512000
5813,729.092000,404.181000,4.750000,305.722000
5814,478.299000,248.414000,6.939000,225.225000
5815,691.383000,392.290000,3.790000,314.113000
5816,671.335000,349.532000,2.710000,294.252000
5817,468.498000,245.995000,1.580000,226.105000
5818,625.906000,336.402000,3.350000,266.093000
5819,401.042000,298.843000,2.771000,208.205000
5820,825.721000,421.330000,1.851000,348.681000
5821,664.705000,294.004000,14.090000,284.903000
5822,757.362000,433.960000,3.280000,325.143000
5823,691.893000,432.510000,3.491000,358.911000
5824,802.341000,448.210000,18.491000,383.411000
5825,749.653000,400.751000,7.160000,334.253000
5826,704.254000,391.691000,2.900000,315.392000
5827,698.563000,377.481000,8.630000,329.961000
5828,785.292000,505.800000,2.389000,383.891000
5829,720.462000,377.163000,3.470000,316.713000
5830,735.382000,366.302000,6.249000,327.962000
5831,814.971000,424.690000,5.149000,377.001000
5832,622.886000,309.364000,2.469000,237.725000
5833,651.095000,379.051000,2.910000,320.003000
5834,740.192000,416.440000,7.640000,366.231000
5835,541.988000,286.572000,4.749000,238.584000
5836,798.301000,479.949000,3.229000,357.271000
5837,669.355000,357.271000,8.520000,302.042000
5838,825.310000,454.210000,2.500000,337.441000
5839,840.321000,442.119000,3.560000,357.281000
5840,779.791000,347.791000,14.429000,313.423000
5841,737.523000,384.351000,9.939000,345.802000
5842,729.983000,421.800000,3.040000,360.022000
5843,636.695000,346.052000,1.290000,318.302000
5844,693.973000,385.851000,1.380000,288.523000
5845,793.331000,504.659000,2.859000,370.641000
5846,732.843000,435.110000,1.950000,348.483000
5847,838.369000,454.520000,5.020000,334.132000
5848,722.553000,411.450000,52.350000,342.892000
5849,635.095000,335.331000,2.440000,280.114000
5850,581.956000,277.754000,5.109000,276.352000
5851,794.031000,471.829000,1.600000,352.071000
5852,688.444000,335.402000,2.899000,289.024000
5853,778.092000,386.720000,12.879000,309.083000
5854,761.302000,421.951000,2.920000,338.651000
5855,558.917000,283.762000,1.320000,234.285000
5856,686.264000,362.901000,2.950000,283.253000
5857,690.584000,375.292000,8.560000,329.602000
5858,780.632000,437.330000,2.660000,330.251000
5859,653.244000,346.091000,10.470000,314.433000
5860,613.526000,345.431000,4.630000,316.893000
5861,719.893000,372.591000,1.619000,314.384000
5862,488.778000,242.194000,2.590000,229.045000
5863,431.531000,247.744000,11.780000,251.545000
5864,919.978000,560.356000,3.070000,386.761000
5865,763.613000,461.749000,3.109000,354.742000
5866,691.463000,372.540000,5.299000,318.364000
5867,763.671000,450.169000,2.589000,341.853000
5868,786.621000,425.990000,3.630000,321.333000
5869,781.321000,464.030000,11.360000,415.499000
5870,584.897000,279.883000,6.070000,284.403000
5871,771.972000,401.059000,2.051000,385.431000
5872,568.307000,333.642000,1.149000,291.233000
5873,542.627000,268.534000,1.210000,229.055000
5874,623.535000,361.601000,9.800000,305.133000
5875,764.953000,466.028000,3.270000,352.332000
5876,637.846000,331.082000,2.430000,281.464000
5877,660.084000,338.662000,15.419000,321.632000
5878,691.485000,388.340000,3.770000,320.742000
5879,651.035000,344.081000,3.769000,289.934000
5880,602.865000,280.853000,4.560000,274.124000
5881,693.143000,370.191000,1.870000,326.793000
5882,770.772000,398.051000,18.830000,369.861000
5883,746.294000,438.819000,3.640000,321.663000
5884,614.396000,325.042000,17.629000,276.594000
5885,918.328000,474.769000,6.419000,355.511000
5886,682.434000,393.490000,2.730000,328.523000
5887,662.895000,341.811000,1.011000,268.274000
5888,775.461000,440.700000,5.960000,338.681000
5889,792.563000,434.149000,2.400000,344.562000
5890,732.044000,372.241000,2.600000,337.102000
5891,603.956000,293.913000,2.051000,321.312000
5892,690.524000,376.941000,1.880000,321.862000
5893,783.881000,423.390000,1.600000,314.602000
5894,699.624000,396.230000,2.050000,364.261000
5895,754.501000,428.489000,2.490000,348.731000
5896,566.188000,280.284000,1.469000,226.845000
5897,698.984000,318.062000,20.590000,282.234000
5898,839.920000,482.628000,10.550000,371.092000
5899,710.283000,407.680000,3.400000,352.431000
5900,625.796000,286.143000,1.670000,250.383000
5901,355.711000,151.197000,1.290000,160.156000
5902,843.350000,409.511000,17.729000,365.932000
5903,838.071000,456.480000,3.200000,353.371000
5904,702.213000,446.090000,1.330000,317.813000
5905,778.352000,439.409000,3.160000,359.871000
5906,635.645000,369.221000,5.000000,319.353000
5907,833.460000,503.598000,5.560000,371.011000
5908,651.405000,382.612000,1.960000,317.802000
5909,539.347000,454.760000,1.490000,322.652000
5910,704.224000,384.200000,1.189000,375.002000
5911,729.363000,360.761000,1.430000,294.652000
5912,521.367000,209.455000,2.140000,193.475000
5913,670.765000,394.990000,2.131000,362.321000
5914,866.110000,466.508000,14.901000,377.791000
5915,648.175000,332.893000,6.970000,303.743000
5916,696.764000,366.821000,4.499000,300.813000
5917,736.974000,406.161000,1.710000,316.162000
5918,671.845000,373.181000,4.470000,301.773000
5919,574.546000,284.182000,4.430000,246.755000
5920,729.614000,326.363000,12.980000,317.491000
5921,488.758000,225.695000,2.580000,229.445000
5922,758.741000,390.732000,1.200000,336.123000
5923,932.957000,457.749000,12.670000,344.071000
5924,698.714000,352.542000,6.691000,294.942000
5925,581.937000,300.092000,4.190000,272.174000
5926,651.625000,382.761000,2.140000,338.372000
5927,689.454000,377.791000,5.701000,317.032000
5928,746.214000,458.088000,1.790000,337.063000
5929,578.477000,313.982000,2.910000,270.664000
5930,634.614000,327.022000,2.270000,288.663000
5931,807.652000,409.481000,3.909000,350.382000
5932,525.198000,277.754000,9.570000,259.044000
5933,854.899000,510.989000,2.550000,360.231000
5934,757.602000,420.480000,5.440000,393.890000
5935,741.524000,405.630000,12.710000,350.531000
5936,525.457000,254.084000,4.810000,225.325000
5937,868.730000,433.519000,18.659000,358.612000
5938,727.403000,410.480000,10.790000,335.673000
5939,771.952000,442.679000,6.810000,324.532000
5940,801.202000,336.271000,10.220000,335.521000
5941,687.123000,373.042000,2.300000,349.662000
5942,658.435000,327.033000,4.470000,287.313000
5943,572.876000,352.832000,14.959000,328.572000
5944,803.491000,449.909000,8.580000,346.142000
5945,735.843000,401.120000,21.069000,325.353000
5946,654.035000,372.082000,4.469000,331.481000
5947,688.794000,363.940000,10.480000,303.382000
5948,812.261000,473.449000,2.970000,348.652000
5949,731.003000,391.171000,1.531000,303.272000
5950,832.200000,430.540000,3.280000,388.420000
5951,783.451000,380.461000,2.400000,343.801000
5952,479.399000,233.995000,2.740000,216.315000
5953,620.306000,334.122000,19.500000,305.913000
5954,482.938000,267.284000,4.340000,236.825000
5955,722.722000,422.100000,3.090000,325.703000
5956,858.629000,487.099000,19.430000,384.881000
5957,711.604000,396.460000,5.920000,324.532000
5958,751.642000,413.030000,4.899000,318.422000
5959,929.417000,527.278000,14.179000,383.520000
5960,768.681000,388.521000,4.060000,325.581000
5961,761.352000,396.160000,2.250000,350.931000
5962,753.123000,420.041000,1.560000,372.773000
5963,617.965000,324.353000,3.260000,279.584000
5964,791.171000,499.097000,2.021000,349.591000
5965,789.152000,466.188000,1.170000,328.002000
5966,699.253000,406.510000,1.821000,359.292000
5967,604.335000,305.722000,5.490000,266.004000
5968,679.473000,371.422000,2.379000,303.023000
5969,618.315000,357.982000,15.890000,314.983000
5970,721.184000,370.041000,3.550000,325.682000
5971,675.374000,377.191000,3.670000,343.553000
5972,775.561000,467.918000,1.990000,361.543000
5973,601.055000,348.611000,3.440000,317.312000
5974,799.182000,511.498000,4.720000,361.801000
5975,702.834000,381.530000,1.779000,284.694000
5976,571.526000,336.662000,5.500000,302.214000
5977,823.691000,475.268000,4.930000,389.740000
5978,533.887000,268.962000,8.390000,233.205000
5979,355.121000,227.154000,21.760000,238.245000
5980,787.171000,360.982000,4.790000,372.381000
5981,540.529000,260.972000,6.051000,258.904000
5982,755.431000,438.210000,4.649000,349.132000
5983,592.087000,282.953000,3.080000,277.213000
5984,545.526000,293.824000,3.899000,260.462000
5985,543.489000,290.572000,1.940000,231.284000
5986,802.971000,464.369000,4.710000,352.001000
5987,603.626000,318.393000,2.030000,272.213000
5988,668.085000,368.521000,3.271000,309.723000
5989,701.844000,401.720000,2.390000,306.113000
5990,825.081000,526.846000,2.010000,360.941000
5991,816.291000,441.589000,2.440000,352.651000
5992,965.698000,577.316000,14.560000,418.880000
5993,709.413000,402.761000,2.710000,333.432000
5994,831.560000,445.460000,2.970000,397.900000
5995,777.422000,421.720000,7.040000,336.883000
5996,736.281000,428.350000,2.360000,328.641000
5997,623.865000,321.343000,5.110000,285.703000
5998,833.511000,500.609000,6.049000,364.462000
5999,766.793000,403.670000,2055.201000,440.839000
6000,923.039000,489.037000,5.659000,374.103000
6001,732.013000,423.500000,1.880000,318.282000
6002,654.745000,345.851000,5.940000,288.203000
6003,689.204000,391.071000,2.850000,305.251000
6004,622.635000,325.943000,6.969000,282.734000
6005,603.416000,335.193000,2.709000,298.414000
6006,674.055000,379.411000,2.620000,313.692000
6007,697.054000,414.350000,1.330000,303.752000
6008,737.534000,432.360000,1.170000,342.461000
6009,708.704000,422.619000,3.120000,346.912000
6010,606.355000,336.972000,2.460000,285.463000
6011,741.103000,381.661000,1.360000,324.222000
6012,753.343000,428.580000,4.790000,344.262000
6013,689.574000,373.431000,3.890000,311.302000
6014,789.422000,468.048000,2.491000,338.282000
6015,544.297000,317.592000,4.200000,273.104000
6016,717.394000,396.711000,12.060000,344.071000
6017,379.110000,207.765000,8.059000,216.475000
6018,737.853000,418.631000,2.729000,332.613000
6019,845.759000,478.938000,15.750000,391.511000
6020,866.591000,400.610000,12.110000,351.332000
6021,511.018000,212.414000,7.270000,202.756000
6022,534.858000,249.515000,3.560000,237.144000
6023,618.496000,346.662000,1.701000,293.502000
6024,867.490000,467.509000,1.870000,368.051000
6025,685.505000,382.931000,5.370000,338.311000
6026,727.512000,421.291000,3.630000,351.043000
6027,857.748000,497.850000,1.920000,363.471000
6028,458.390000,207.495000,1.590000,176.386000
6029,634.286000,315.552000,12.630000,289.273000
6030,755.454000,364.822000,4.630000,315.912000
6031,674.674000,323.603000,1.380000,289.052000
6032,590.686000,301.153000,1.061000,248.124000
6033,690.773000,413.841000,2.490000,301.424000
6034,382.242000,174.976000,1.760000,161.216000
6035,677.985000,337.912000,3.049000,269.474000
6036,913.518000,530.478000,1.710000,410.171000
6037,757.132000,430.419000,2.920000,366.871000
6038,697.054000,375.421000,2.440000,317.392000
6039,728.513000,383.510000,19.960000,310.882000
6040,638.655000,324.773000,21.430000,333.332000
6041,742.963000,380.810000,6.990000,334.503000
6042,620.036000,420.110000,2.120000,345.572000
6043,598.576000,390.010000,3.190000,308.233000
6044,699.543000,386.801000,2.971000,287.103000
6045,709.713000,346.662000,6.860000,319.032000
6046,755.872000,432.060000,3.550000,390.320000
6047,772.432000,472.259000,3.420000,366.481000
6048,781.463000,460.488000,1.560000,328.433000
6049,665.104000,358.801000,1.640000,275.263000
6050,818.541000,384.082000,2.339000,359.093000
6051,770.201000,408.541000,16.520000,413.250000
6052,760.072000,524.728000,5.020000,406.760000
6053,647.455000,350.223000,4.929000,291.173000
6054,729.303000,424.930000,2.670000,331.753000
6055,528.777000,265.914000,1.891000,247.184000
6056,742.771000,439.679000,1.480000,324.723000
6057,533.398000,249.464000,1.259000,237.324000
6058,740.614000,398.780000,3.220000,335.832000
6059,858.999000,614.856000,1.860000,424.810000
6060,856.151000,417.910000,6.130000,369.741000
6061,661.965000,355.162000,2.929000,334.422000
6062,806.522000,466.518000,7.749000,356.652000
6063,705.183000,399.310000,2.160000,323.943000
6064,622.016000,373.660000,2.021000,314.262000
6065,692.114000,425.580000,1.680000,348.451000
6066,438.200000,217.455000,5.400000,196.065000
6067,788.312000,451.850000,2.250000,345.381000
6068,806.512000,442.260000,4.590000,355.142000
6069,465.029000,228.914000,2.520000,214.134000
6070,640.356000,287.062000,4.220000,292.764000
6071,766.661000,391.581000,1.750000,309.463000
6072,769.351000,419.460000,1.360000,364.161000
6073,725.612000,454.980000,2.110000,354.412000
6074,623.235000,351.982000,2.430000,307.763000
6075,577.047000,291.493000,2.270000,247.335000
6076,640.634000,336.072000,12.090000,290.952000
6077,597.526000,339.872000,2.691000,291.132000
6078,729.604000,399.631000,2.489000,326.812000
6079,636.125000,340.222000,2.360000,308.483000
6080,770.912000,386.731000,2.660000,320.083000
6081,464.888000,245.494000,1.460000,226.504000
6082,693.654000,418.621000,2.951000,348.291000
6083,898.738000,509.088000,4.760000,401.321000
6084,695.284000,411.950000,2.179000,346.562000
6085,618.955000,385.341000,2.220000,296.693000
6086,662.984000,381.621000,7.810000,333.332000
6087,598.466000,357.481000,3.770000,302.932000
6088,749.403000,439.660000,3.240000,328.232000
6089,728.653000,390.362000,1.530000,288.103000
6090,724.192000,358.442000,10.280000,332.161000
6091,787.252000,404.250000,5.070000,364.691000
6092,668.244000,323.243000,3.869000,282.693000
6093,546.717000,319.543000,1.860000,293.093000
6094,615.326000,371.962000,2.800000,295.083000
6095,744.772000,451.699000,1.290000,371.351000
6096,568.617000,307.832000,1.520000,252.204000
6097,709.553000,371.302000,15.419000,323.062000
6098,743.231000,416.769000,4.000000,351.502000
6099,744.222000,422.540000,2.221000,333.191000
6100,835.090000,416.820000,4.330000,364.381000
6101,730.213000,397.620000,4.240000,364.671000
6102,629.625000,362.683000,4.700000,304.662000
6103,619.166000,360.021000,2.950000,281.663000
6104,731.622000,427.910000,1.720000,448.150000
6105,695.184000,356.621000,1.410000,291.833000
6106,733.663000,417.550000,1.770000,343.722000
6107,646.644000,358.441000,3.499000,338.982000
6108,670.764000,384.911000,1.659000,312.854000
6109,794.400000,487.259000,12.408000,401.130000
6110,628.014000,306.413000,11.030000,293.642000
6111,820.260000,455.469000,2.621000,380.120000
6112,597.186000,370.362000,1.590000,261.334000
6113,700.444000,381.961000,4.380000,314.882000
6114,726.523000,422.770000,4.539000,360.031000
6115,539.328000,288.393000,6.351000,236.565000
6116,558.986000,378.431000,7.560000,313.433000
6117,708.423000,361.652000,8.659000,306.163000
6118,693.904000,389.351000,2.430000,416.530000
6119,606.526000,352.081000,1.890000,271.124000
6120,738.723000,364.042000,6.379000,338.982000
6121,771.452000,363.152000,6.460000,334.842000
6122,755.171000,517.328000,2.440000,377.121000
6123,602.786000,366.841000,2.171000,303.723000
6124,748.752000,448.920000,3.730000,374.562000
6125,765.891000,459.539000,4.800000,356.332000
6126,741.402000,429.600000,1.980000,318.913000
6127,722.082000,437.321000,2.320000,345.872000
6128,786.772000,466.979000,2.220000,377.022000
6129,621.516000,379.752000,20.158000,301.673000
6130,626.295000,313.064000,5.678000,272.103000
6131,649.495000,285.854000,2.530000,266.133000
6132,811.641000,412.840000,2.160000,379.791000
6133,773.542000,412.320000,3.640000,334.232000
6134,739.041000,533.047000,1.770000,337.191000
6135,763.701000,420.740000,5.659000,370.231000
6136,554.137000,264.293000,2.720000,227.544000
6137,598.096000,297.523000,2.640000,274.804000
6138,816.581000,510.467000,20.060000,390.421000
6139,697.064000,450.399000,3.400000,329.313000
6140,843.570000,402.681000,5.230000,370.571000
6141,763.052000,371.581000,2.160000,307.232000
6142,654.594000,397.320000,1.480000,316.773000
6143,787.752000,436.278000,1.380000,328.433000
6144,668.653000,368.533000,7.510000,307.352000
6145,727.453000,416.419000,4.080000,336.581000
6146,652.755000,375.971000,10.420000,323.002000
6147,690.464000,405.781000,5.760000,348.572000
6148,785.872000,444.620000,2.240000,362.831000
6149,628.225000,329.903000,5.380000,280.122000
6150,711.514000,384.191000,2.780000,360.071000
6151,812.390000,407.811000,12.779000,396.571000
6152,649.105000,348.501000,5.619000,291.134000
6153,642.014000,339.223000,3.600000,290.503000
6154,706.733000,363.610000,8.911000,307.934000
6155,660.704000,372.991000,7.880000,292.244000
6156,813.620000,511.118000,2.238000,359.852000
6157,732.133000,435.121000,1.170000,326.533000
6158,672.274000,391.180000,2.050000,330.983000
6159,616.796000,313.672000,1.490000,252.094000
6160,781.161000,379.501000,3.140000,354.071000
6161,769.303000,400.760000,2.019000,309.662000
6162,813.882000,513.198000,1.170000,359.761000
6163,492.769000,270.403000,3.520000,238.024000
6164,722.062000,410.090000,12.430000,352.922000
6165,725.823000,403.311000,2.739000,312.243000
6166,760.362000,373.521000,20.050000,321.043000
6167,804.561000,486.158000,6.431000,359.092000
6168,789.882000,448.989000,6.330000,371.861000
6169,575.297000,295.043000,1.899000,276.793000
6170,665.544000,294.414000,14.760000,298.962000
6171,723.823000,336.271000,3.600000,303.953000
6172,722.032000,380.940000,1.771000,315.973000
6173,540.567000,272.604000,3.090000,234.594000
6174,766.442000,445.630000,6.960000,384.531000
6175,657.655000,362.751000,3.370000,288.862000
6176,735.654000,425.240000,13.710000,380.431000
6177,815.880000,507.048000,19.701000,378.450000
6178,697.815000,397.360000,4.809000,308.502000
6179,826.020000,476.900000,7.180000,366.401000
6180,621.765000,311.503000,6.919000,289.864000
6181,760.052000,373.741000,2.440000,338.132000
6182,678.904000,374.001000,1.560000,319.692000
6183,667.664000,376.941000,3.610000,303.752000
6184,701.484000,439.550000,4.589000,344.572000
6185,612.636000,318.452000,13.400000,294.883000
6186,498.508000,276.484000,16.870000,275.425000
6187,465.878000,242.904000,3.330000,219.235000
6188,773.513000,484.738000,2.240000,355.252000
6189,848.011000,488.379000,3.790000,368.722000
6190,582.186000,277.824000,2.000000,249.945000
6191,721.162000,356.172000,11.179000,350.921000
6192,766.732000,395.540000,8.780000,324.272000
6193,661.564000,336.282000,4.060000,275.573000
6194,662.584000,414.529000,2.580000,330.152000
6195,633.406000,331.842000,1.629000,280.063000
6196,831.491000,483.158000,4.560000,370.631000
6197,535.587000,288.283000,5.740000,248.264000
6198,705.733000,437.249000,3.650000,350.231000
6199,731.993000,437.070000,4.571000,340.991000
6200,550.716000,241.915000,3.520000,220.244000
6201,691.304000,336.892000,1.630000,310.674000
6202,842.099000,437.049000,1.310000,332.962000
6203,672.143000,377.441000,2.249000,281.683000
6204,573.726000,323.332000,1.061000,265.403000
6205,741.223000,452.700000,1.340000,327.782000
6206,811.411000,430.650000,3.680000,347.941000
6207,714.484000,416.100000,3.100000,355.082000
6208,730.251000,433.290000,1.420000,357.112000
6209,805.402000,476.158000,6.890000,370.061000
6210,683.845000,376.031000,3.320000,353.592000
6211,746.292000,393.150000,2.341000,353.903000
6212,795.371000,402.030000,7.910000,331.832000
6213,759.992000,446.039000,2.310000,317.583000
6214,518.527000,309.153000,1.720000,247.584000
6215,736.823000,454.939000,3.550000,329.592000
6216,773.492000,405.711000,8.450000,331.884000
6217,678.484000,347.523000,15.638000,312.173000
6218,713.303000,407.332000,3.240000,288.473000
6219,689.144000,348.351000,2.870000,285.213000
6220,793.801000,360.891000,1.811000,343.422000
6221,750.843000,411.930000,4.620000,348.822000
6222,740.782000,421.230000,8.369000,353.792000
6223,631.566000,377.622000,3.600000,333.652000
6224,773.751000,457.300000,13.039000,384.802000
6225,673.135000,388.410000,2.341000,296.882000
6226,697.714000,409.480000,1.219000,328.292000
6227,647.505000,378.791000,2.980000,280.654000
6228,564.736000,344.362000,2.311000,276.723000
6229,599.586000,320.764000,6.239000,271.114000
6230,917.658000,411.010000,20.680000,370.001000
6231,594.996000,283.094000,8.880000,257.895000
6232,814.941000,482.698000,2.750000,347.222000
6233,623.446000,362.261000,15.830000,315.942000
6234,739.143000,425.910000,14.230000,360.452000
6235,700.774000,408.230000,2.680000,325.433000
6236,602.026000,318.183000,10.860000,276.333000
6237,685.852000,406.501000,3.670000,337.512000
6238,663.134000,381.641000,2.190000,312.342000
6239,743.552000,457.259000,1.209000,334.894000
6240,576.096000,243.085000,4.449000,233.324000
6241,612.745000,302.704000,2.250000,284.944000
6242,654.124000,331.733000,1.950000,276.353000
6243,763.143000,422.550000,2.110000,355.481000
6244,468.459000,251.164000,4.830000,227.844000
6245,731.934000,464.079000,5.819000,362.312000
6246,767.972000,429.840000,8.560000,375.181000
6247,535.867000,281.724000,14.400000,257.223000
6248,632.475000,365.953000,4.540000,299.002000
6249,793.232000,427.380000,4.421000,353.111000
6250,755.132000,358.442000,2.060000,310.984000
6251,793.342000,390.911000,7.909000,379.530000
6252,783.761000,414.370000,17.470000,336.613000
6253,594.236000,315.662000,3.210000,338.592000
6254,789.841000,452.318000,3.880000,388.452000
6255,505.848000,260.385000,9.291000,230.785000
6256,777.802000,432.409000,7.499000,342.692000
6257,695.324000,381.191000,4.350000,318.752000
6258,790.751000,526.278000,2.331000,372.660000
6259,712.383000,423.650000,2.660000,334.793000
6260,611.265000,306.022000,2.090000,283.004000
6261,400.981000,196.085000,6.069000,179.145000
6262,619.486000,361.311000,2.480000,286.943000
6263,836.689000,460.358000,1.940000,331.223000
6264,649.855000,391.920000,1.310000,327.792000
6265,836.780000,471.910000,3.140000,357.661000
6266,655.435000,329.741000,5.211000,265.853000
6267,394.031000,201.376000,11.200000,186.676000
6268,759.341000,416.360000,2.740000,366.301000
6269,638.055000,338.693000,2.409000,259.494000
6270,606.635000,294.381000,2.830000,273.004000
6271,713.303000,331.833000,11.610000,318.542000
6272,810.291000,453.700000,2.830000,426.340000
6273,562.156000,309.853000,1.470000,271.173000
6274,712.723000,406.590000,6.530000,316.772000
6275,867.730000,503.429000,16.140000,406.360000
6276,712.573000,410.831000,2.310000,319.783000
6277,733.432000,442.890000,1.160000,338.782000
6278,752.033000,415.351000,1.879000,339.492000
6279,647.246000,400.071000,2.289000,325.522000
6280,483.759000,212.565000,1.750000,206.535000
6281,715.684000,418.319000,10.210000,388.521000
6282,722.662000,375.701000,7.130000,320.803000
6283,478.148000,276.074000,8.290000,246.695000
6284,531.367000,305.083000,2.028000,260.125000
6285,806.621000,519.828000,6.400000,366.261000
6286,734.522000,419.001000,2.540000,334.903000
6287,698.693000,395.110000,4.140000,324.733000
6288,862.080000,463.789000,2.800000,404.641000
6289,861.870000,443.931000,21.140000,372.731000
6290,659.415000,303.683000,5.379000,278.593000
6291,775.672000,398.061000,10.719000,341.483000
6292,684.944000,351.863000,19.160000,328.472000
6293,677.994000,357.221000,4.060000,272.904000
6294,881.839000,550.528000,2.410000,368.202000
6295,778.970000,438.750000,6.510000,369.231000
6296,866.850000,486.369000,2.769000,363.962000
6297,689.012000,345.853000,57.258000,317.403000
6298,696.613000,413.690000,1.781000,312.492000
6299,509.018000,251.274000,1.700000,225.405000
6300,815.920000,391.141000,1.610000,354.392000
6301,655.854000,337.933000,1.520000,291.762000
6302,504.999000,263.034000,4.370000,237.144000
6303,788.093000,461.788000,7.140000,370.051000
6304,554.357000,308.432000,2.170000,251.224000
6305,759.802000,448.079000,2.981000,336.641000
6306,625.606000,334.102000,4.920000,276.432000
6307,498.869000,282.714000,17.159000,255.164000
6308,737.263000,445.639000,14.430000,360.872000
6309,777.112000,467.798000,3.270000,350.662000
6310,579.696000,251.375000,2.590000,232.825000
6311,676.434000,349.652000,3.939000,296.564000
6312,645.884000,327.453000,5.270000,298.172000
6313,711.084000,392.931000,1.709000,306.743000
6314,682.375000,395.661000,4.619000,306.894000
6315,563.236000,349.442000,2.350000,312.353000
6316,702.543000,382.820000,6.560000,318.483000
6317,525.488000,310.024000,2.049000,259.564000
6318,656.884000,365.740000,3.430000,301.623000
6319,708.923000,407.590000,2.650000,316.863000
6320,648.205000,313.682000,9.530000,286.534000
6321,797.261000,401.660000,9.120000,342.342000
6322,827.241000,464.929000,2.439000,364.291000
6323,617.734000,337.012000,2.911000,279.202000
6324,842.020000,500.179000,1.560000,348.732000
6325,727.543000,417.420000,2.750000,346.142000
6326,712.463000,399.091000,3.329000,348.483000
6327,693.955000,411.560000,2.498000,329.694000
6328,756.653000,439.750000,2.920000,360.821000
6329,738.044000,453.539000,1.930000,335.353000
6330,625.285000,336.962000,7.920000,290.284000
6331,705.882000,365.721000,2.470000,349.162000
6332,673.834000,367.781000,1.790000,298.284000
6333,585.826000,349.552000,1.530000,270.854000
6334,743.632000,432.100000,1.009000,321.214000
6335,584.076000,361.982000,1.220000,299.143000
6336,496.398000,253.165000,5.409000,228.425000
6337,741.712000,442.469000,3.630000,353.482000
6338,664.084000,357.711000,4.330000,273.754000
6339,650.495000,360.922000,1.800000,302.842000
6340,735.213000,351.413000,1.840000,346.112000
6341,727.773000,381.263000,4.880000,321.722000
6342,836.971000,486.529000,3.199000,381.360000
6343,789.031000,432.650000,18.259000,373.252000
6344,603.926000,348.992000,5.170000,299.133000
6345,543.247000,348.831000,1.580000,295.984000
6346,741.472000,420.480000,1.410000,347.821000
6347,608.025000,302.054000,2.680000,243.895000
6348,640.175000,351.922000,2.200000,290.153000
6349,807.751000,463.729000,8.710000,381.561000
6350,625.785000,316.022000,12.620000,304.512000
6351,708.154000,366.131000,3.030000,314.253000
6352,557.846000,301.292000,8.149000,291.863000
6353,722.943000,416.111000,2.099000,303.624000
6354,470.400000,262.793000,4.810000,234.324000
6355,651.154000,363.610000,13.289000,297.563000
6356,479.957000,278.914000,5.510000,261.754000
6357,603.826000,357.301000,1.619000,312.821000
6358,617.235000,335.113000,7.630000,270.073000
6359,654.825000,399.411000,16.660000,335.822000
6360,673.144000,350.821000,6.380000,320.421000
6361,743.093000,354.451000,1.630000,296.652000
6362,755.063000,452.929000,1.560000,369.142000
6363,800.391000,448.070000,6.270000,376.871000
6364,569.706000,371.721000,2.130000,321.323000
6365,695.543000,415.690000,4.190000,334.762000
6366,793.762000,461.339000,1.849000,348.023000
6367,765.991000,443.350000,17.920000,384.641000
6368,633.475000,360.381000,3.420000,289.023000
6369,812.770000,482.759000,17.970000,374.991000
6370,721.173000,360.121000,4.340000,314.362000
6371,868.060000,496.179000,4.610000,381.670000
6372,670.095000,372.841000,2.770000,298.152000
6373,609.975000,336.383000,4.090000,293.193000
6374,754.172000,460.979000,1.720000,350.643000
6375,878.329000,539.599000,1.409000,399.931000
6376,681.263000,394.131000,21.089000,347.923000
6377,560.097000,283.123000,4.450000,233.254000
6378,719.893000,396.311000,10.500000,323.252000
6379,650.436000,398.531000,2.030000,358.212000
6380,824.861000,446.570000,1.590000,384.311000
6381,824.901000,410.920000,2.160000,363.862000
6382,661.744000,345.702000,3.800000,286.104000
6383,791.941000,453.139000,2.300000,347.111000
6384,738.563000,417.860000,3.310000,335.493000
6385,661.544000,353.302000,2.269000,289.893000
6386,590.146000,325.402000,1.190000,263.794000
6387,799.732000,503.938000,3.580000,382.852000
6388,741.014000,437.999000,2.290000,345.552000
6389,833.460000,480.758000,2.899000,347.683000
6390,841.710000,372.721000,4.360000,397.670000
6391,882.640000,382.261000,19.909000,347.672000
6392,696.344000,382.720000,5.499000,374.781000
6393,741.442000,406.880000,5.620000,328.583000
6394,649.283000,339.892000,5.501000,264.664000
6395,750.453000,434.930000,11.930000,331.542000
6396,594.166000,341.201000,10.530000,299.873000
6397,720.413000,410.560000,2.511000,327.332000
6398,731.923000,418.480000,3.549000,308.473000
6399,693.883000,388.481000,12.130000,353.131000
6400,829.470000,419.730000,4.530000,352.821000
6401,612.995000,298.562000,1.570000,306.693000
6402,759.792000,438.970000,8.680000,354.271000
6403,651.655000,376.891000,3.540000,296.033000
6404,793.111000,471.260000,1.181000,350.791000
6405,436.140000,207.345000,2.510000,183.685000
6406,738.343000,420.011000,3.270000,344.862000
6407,675.994000,383.560000,5.640000,315.263000
6408,749.653000,459.299000,8.969000,396.170000
6409,665.894000,362.942000,12.540000,297.693000
6410,637.366000,288.852000,5.000000,247.205000
6411,519.008000,245.415000,6.280000,240.215000
6412,714.075000,414.370000,2.449000,319.712000
6413,744.592000,432.030000,2.221000,420.729000
6414,646.124000,397.800000,1.530000,334.652000
6415,588.397000,401.070000,1.310000,312.122000
6416,500.868000,250.244000,1.560000,213.496000
6417,666.635000,374.721000,1.950000,323.133000
6418,772.621000,454.639000,2.390000,318.072000
6419,742.822000,420.700000,1.330000,337.353000
6420,574.136000,257.815000,11.080000,257.385000
6421,836.500000,380.340000,20.130000,361.930000
6422,563.757000,280.234000,3.169000,240.955000
6423,704.142000,361.282000,3.608000,318.264000
6424,846.750000,500.297000,12.880000,428.310000
6425,559.056000,333.543000,2.789000,318.123000
6426,707.823000,381.651000,19.790000,315.152000
6427,680.755000,390.800000,3.171000,287.433000
6428,711.393000,429.750000,1.271000,328.212000
6429,663.756000,353.782000,2.429000,293.904000
6430,552.558000,241.275000,3.090000,226.674000
6431,718.164000,386.041000,7.289000,350.331000
6432,727.153000,407.931000,2.430000,377.841000
6433,606.055000,359.121000,17.299000,326.403000
6434,777.713000,461.628000,12.280000,364.941000
6435,481.439000,309.732000,3.069000,288.173000
6436,657.275000,401.351000,8.910000,344.331000
6437,523.569000,271.693000,2.640000,256.505000
6438,706.674000,395.941000,5.240000,330.632000
6439,901.279000,492.988000,13.169000,373.522000
6440,720.093000,347.371000,2.629000,330.502000
6441,696.104000,347.451000,1.329000,313.614000
6442,685.273000,439.080000,3.371000,355.651000
6443,719.674000,429.080000,12.630000,364.791000
6444,547.257000,302.904000,11.070000,271.343000
6445,740.374000,440.449000,2.019000,371.351000
6446,719.773000,394.161000,5.411000,326.253000
6447,512.418000,239.646000,21.889000,226.694000
6448,667.764000,400.301000,2.549000,315.323000
6449,862.079000,472.729000,14.868000,365.362000
6450,656.664000,342.722000,5.469000,325.023000
6451,709.783000,382.412000,1.920000,346.231000
6452,646.926000,306.823000,21.209000,279.754000
6453,720.642000,379.641000,5.370000,317.163000
6454,852.949000,492.777000,9.070000,375.081000
6455,628.675000,447.609000,2.860000,273.334000
6456,528.777000,241.515000,6.460000,252.743000
6457,806.040000,438.199000,19.639000,338.833000
6458,732.343000,400.611000,3.581000,317.943000
6459,778.592000,476.579000,3.959000,373.822000
6460,738.892000,355.321000,6.140000,305.463000
6461,812.481000,411.160000,2.440000,351.003000
6462,709.352000,404.781000,1.160000,348.662000
6463,743.533000,381.172000,3.270000,305.903000
6464,774.572000,452.508000,2.189000,355.193000
6465,709.813000,367.431000,1.880000,303.133000
6466,553.877000,274.573000,1.350000,248.565000
6467,600.206000,325.252000,11.040000,310.464000
6468,815.232000,547.537000,3.410000,377.951000
6469,578.856000,305.133000,4.061000,290.352000
6470,638.285000,337.182000,4.420000,296.174000
6471,562.367000,245.984000,2.080000,232.574000
6472,699.563000,359.130000,2.930000,302.633000
6473,525.477000,286.754000,10.830000,267.612000
6474,806.071000,483.739000,4.421000,382.450000
6475,756.183000,412.151000,1.849000,305.712000
6476,742.042000,409.920000,2.621000,356.923000
6477,541.088000,274.763000,1.741000,261.574000
6478,784.322000,430.461000,6.039000,386.981000
6479,901.688000,536.187000,4.990000,362.651000
6480,722.583000,372.031000,9.509000,339.502000
6481,655.754000,324.782000,5.560000,316.843000
6482,814.450000,436.040000,4.631000,346.963000
6483,779.501000,379.761000,8.150000,308.344000
6484,645.295000,368.181000,15.080000,308.502000
6485,705.214000,416.810000,3.090000,330.512000
6486,697.864000,451.259000,1.301000,336.552000
6487,706.193000,403.230000,8.430000,344.313000
6488,688.713000,405.511000,3.250000,323.984000
6489,770.732000,427.350000,2.710000,332.752000
6490,671.735000,319.272000,8.979000,295.523000
6491,756.351000,422.021000,5.870000,360.072000
6492,708.603000,424.161000,3.560000,402.600000
6493,646.766000,370.690000,2.819000,317.282000
6494,732.824000,428.429000,2.060000,325.713000
6495,787.202000,405.611000,2.720000,323.692000
6496,620.016000,338.142000,3.470000,297.063000
6497,525.228000,305.342000,3.620000,289.523000
6498,686.793000,396.610000,5.410000,317.464000
6499,628.275000,379.601000,4.119000,303.413000
6500,529.348000,248.305000,1.489000,226.255000
6501,734.023000,362.522000,6.431000,337.502000
6502,740.672000,382.111000,19.430000,338.534000
6503,782.572000,450.280000,3.790000,347.012000
6504,671.274000,408.061000,9.220000,358.591000
6505,735.372000,446.750000,10.819000,365.512000
6506,587.406000,329.924000,3.301000,258.682000
6507,740.524000,395.350000,1.649000,299.803000
6508,835.980000,480.069000,5.520000,432.560000
6509,667.575000,389.111000,2.320000,311.112000
6510,547.937000,252.084000,5.269000,234.835000
6511,693.424000,401.110000,2.100000,329.513000
6512,670.944000,368.271000,11.259000,321.873000
6513,763.712000,433.430000,2.840000,343.392000
6514,754.143000,438.569000,4.860000,329.623000
6515,622.216000,346.451000,7.030000,300.764000
6516,710.613000,392.130000,2.049000,294.253000
6517,754.111000,422.569000,2.430000,325.082000
6518,827.500000,457.200000,15.440000,377.381000
6519,544.538000,297.183000,4.400000,285.734000
6520,860.390000,448.220000,12.091000,407.681000
6521,663.665000,328.083000,4.040000,313.552000
6522,536.639000,261.815000,4.379000,246.303000
6523,656.825000,357.111000,7.670000,308.903000
6524,748.432000,483.999000,2.180000,384.250000
6525,578.167000,261.534000,16.909000,246.463000
6526,752.623000,435.810000,18.529000,361.362000
6527,859.359000,485.857000,17.430000,372.000000
6528,724.263000,407.700000,4.220000,325.882000
6529,745.222000,439.380000,1.630000,361.862000
6530,730.044000,373.081000,3.050000,332.412000
6531,563.038000,278.193000,3.230000,275.723000
6532,669.535000,332.981000,2.781000,282.923000
6533,612.996000,372.442000,1.440000,294.493000
6534,842.121000,516.959000,2.270000,374.711000
6535,651.865000,407.991000,2.210000,340.192000
6536,719.263000,414.841000,6.390000,348.031000
6537,761.251000,446.640000,2.830000,346.272000
6538,807.142000,518.487000,2.670000,349.792000
6539,658.485000,358.022000,16.930000,323.373000
6540,577.036000,330.272000,12.910000,317.894000
6541,880.469000,446.269000,4.989000,377.172000
6542,834.540000,466.249000,11.580000,377.781000
6543,643.895000,359.981000,2.730000,329.102000
6544,737.003000,448.430000,2.420000,334.672000
6545,657.195000,353.300000,4.291000,325.822000
6546,766.533000,436.060000,4.429000,339.133000
6547,688.383000,360.372000,17.490000,313.902000
6548,689.924000,404.611000,8.629000,351.021000
6549,790.701000,493.019000,2.040000,356.401000
6550,736.802000,356.742000,5.389000,340.683000
6551,631.716000,315.502000,1.560000,286.673000
6552,660.904000,373.951000,6.320000,330.311000
6553,654.195000,388.591000,8.910000,337.071000
6554,559.838000,349.891000,17.170000,306.462000
6555,635.675000,385.381000,5.960000,295.773000
6556,823.921000,451.649000,12.589000,377.912000
6557,688.183000,394.620000,2.860000,320.743000
6558,659.873000,389.032000,2.440000,336.461000
6559,819.580000,476.560000,5.639000,359.902000
6560,609.196000,277.284000,3.930000,251.964000
6561,671.063000,358.552000,1.960000,326.602000
6562,692.344000,343.041000,1.769000,283.344000
6563,824.700000,446.540000,2.310000,346.213000
6564,522.187000,292.144000,11.489000,258.882000
6565,434.120000,255.964000,8.849000,244.214000
6566,738.542000,428.680000,2.700000,317.512000
6567,532.408000,277.252000,1.710000,241.355000
6568,751.623000,448.828000,2.341000,353.832000
6569,982.247000,439.519000,13.710000,335.052000
6570,855.590000,432.158000,18.480000,382.062000
6571,684.293000,340.493000,2.599000,274.424000
6572,735.143000,415.730000,1.780000,333.712000
6573,696.434000,380.161000,3.169000,299.552000
6574,570.607000,353.592000,8.110000,285.692000
6575,743.473000,401.920000,13.858000,342.683000
6576,693.233000,387.162000,11.388000,334.473000
6577,499.958000,247.615000,4.889000,216.745000
6578,759.592000,461.149000,3.539000,354.121000
6579,730.413000,477.129000,1.920000,343.073000
6580,663.754000,333.852000,2.550000,314.712000
6581,781.362000,413.950000,14.360000,422.219000
6582,892.379000,589.567000,3.760000,457.559000
6583,730.972000,402.191000,4.930000,344.713000
6584,537.718000,292.783000,2.080000,250.803000
6585,575.878000,317.063000,4.329000,251.074000
6586,572.936000,315.883000,6.200000,267.243000
6587,782.972000,452.289000,1.771000,348.562000
6588,813.980000,440.590000,5.109000,368.712000
6589,806.271000,472.309000,9.120000,368.971000
6590,746.253000,394.401000,2.940000,374.002000
6591,731.373000,388.891000,3.720000,316.833000
6592,799.801000,431.750000,2.040000,340.252000
6593,680.445000,382.890000,1.880000,312.693000
6594,553.937000,261.283000,7.781000,256.505000
6595,474.010000,236.545000,7.350000,253.753000
6596,756.563000,384.201000,15.230000,345.061000
6597,733.992000,414.071000,2.929000,302.993000
6598,819.271000,481.768000,10.350000,367.900000
6599,663.494000,416.059000,2.470000,318.412000
6600,589.946000,281.743000,2.049000,263.784000
6601,658.644000,324.333000,2.159000,298.594000
6602,751.312000,447.340000,2.590000,353.011000
6603,769.432000,455.268000,6.770000,344.282000
6604,524.667000,256.634000,2.320000,216.285000
6605,829.500000,475.849000,2.551000,346.442000
6606,804.011000,429.330000,11.410000,354.501000
6607,694.923000,401.460000,2.579000,301.893000
6608,660.605000,415.491000,0.990000,313.162000
6609,564.076000,307.214000,1.630000,235.675000
6610,638.945000,305.912000,1.320000,311.364000
6611,814.931000,440.589000,2.510000,355.082000
6612,676.864000,367.291000,1.969000,315.222000
6613,627.135000,374.431000,2.380000,317.343000
6614,607.936000,403.841000,4.500000,336.811000
6615,620.716000,371.141000,5.120000,274.344000
6616,850.520000,478.138000,1.650000,349.323000
6617,658.613000,333.262000,4.170000,286.372000
6618,751.642000,438.219000,2.309000,344.493000
6619,743.882000,423.160000,1.370000,316.102000
6620,627.995000,290.032000,2.260000,270.954000
6621,602.316000,303.203000,1.230000,277.904000
6622,716.485000,389.990000,4.610000,331.452000
6623,711.013000,392.211000,2.591000,326.812000
6624,625.045000,366.782000,1.739000,295.783000
6625,538.397000,310.753000,2.280000,267.623000
6626,633.365000,392.541000,1.320000,370.131000
6627,640.365000,368.151000,1.500000,297.804000
6628,664.424000,398.551000,1.189000,307.473000
6629,594.986000,340.293000,2.619000,285.763000
6630,734.924000,347.122000,6.039000,335.572000
6631,818.841000,448.780000,3.760000,363.340000
6632,767.463000,429.160000,1.860000,339.072000
6633,609.445000,299.173000,3.010000,265.473000
6634,743.623000,434.979000,2.659000,325.023000
6635,519.688000,295.253000,3.270000,240.623000
6636,812.600000,398.860000,19.200000,391.380000
6637,647.276000,377.131000,2.830000,295.874000
6638,722.292000,353.822000,10.230000,290.163000
6639,557.197000,296.584000,1.920000,253.025000
6640,676.804000,324.473000,2.490000,302.192000
6641,799.641000,380.512000,2.541000,334.122000
6642,762.991000,400.379000,4.919000,339.854000
6643,492.448000,252.404000,1.969000,225.034000
6644,372.811000,179.525000,3.551000,173.275000
6645,799.520000,486.760000,2.869000,348.742000
6646,801.771000,406.850000,1.260000,321.473000
6647,739.462000,419.609000,1.750000,377.452000
6648,663.715000,399.130000,3.501000,319.491000
6649,739.694000,411.870000,1.720000,308.612000
6650,648.293000,322.803000,1.460000,283.713000
6651,603.946000,283.944000,0.909000,283.194000
6652,841.140000,428.959000,3.851000,361.992000
6653,606.936000,313.691000,2.620000,276.864000
6654,779.332000,408.071000,14.730000,341.451000
6655,593.766000,354.583000,5.689000,321.521000
6656,632.425000,320.482000,2.169000,263.195000
6657,782.991000,420.490000,3.450000,362.671000
6658,652.965000,365.181000,1.750000,305.963000
6659,582.027000,285.633000,5.310000,267.082000
6660,838.571000,413.150000,1.840000,348.711000
6661,582.308000,267.164000,1.080000,254.824000
6662,666.154000,340.661000,2.699000,301.674000
6663,840.420000,500.359000,2.200000,358.041000
6664,805.482000,493.689000,1.230000,358.231000
6665,647.035000,345.712000,20.430000,321.972000
6666,790.901000,436.429000,2.949000,309.482000
6667,637.915000,351.231000,2.020000,270.544000
6668,712.032000,372.242000,4.810000,282.103000
6669,807.131000,521.549000,7.059000,374.170000
6670,757.643000,366.191000,8.720000,322.712000
6671,574.147000,272.844000,3.950000,248.354000
6672,800.311000,448.890000,3.820000,363.811000
6673,818.531000,520.117000,4.460000,378.372000
6674,851.409000,499.579000,2.560000,366.791000
6675,746.533000,444.979000,1.400000,328.673000
6676,583.876000,331.032000,2.071000,282.433000
6677,779.491000,458.009000,4.070000,340.522000
6678,357.961000,154.376000,3.809000,156.625000
6679,685.793000,350.252000,8.381000,288.133000
6680,698.873000,336.402000,2.640000,299.233000
6681,497.059000,231.403000,4.800000,216.935000
6682,820.521000,412.360000,17.269000,371.641000
6683,621.615000,336.133000,6.140000,268.903000
6684,685.474000,416.910000,3.680000,314.203000
6685,640.155000,399.921000,2.050000,336.853000
6686,684.883000,381.123000,12.240000,346.501000
6687,683.525000,381.691000,3.260000,303.312000
6688,362.851000,161.125000,2.130000,153.457000
6689,780.192000,422.850000,2.310000,329.473000
6690,658.264000,317.814000,1.388000,284.484000
6691,731.853000,345.442000,18.319000,338.941000
6692,756.762000,393.841000,3.070000,321.532000
6693,724.462000,419.760000,1.051000,315.562000
6694,641.246000,347.242000,3.100000,304.373000
6695,822.961000,454.809000,11.740000,362.741000
6696,741.173000,421.541000,3.421000,337.591000
6697,825.280000,422.950000,12.270000,347.622000
6698,536.707000,290.493000,14.569000,267.865000
6699,803.341000,451.769000,3.340000,339.793000
6700,753.242000,380.352000,1.450000,361.441000
6701,744.623000,382.911000,5.451000,334.573000
6702,736.522000,397.741000,5.701000,332.412000
6703,784.293000,426.320000,10.938000,366.092000
6704,594.275000,309.812000,4.140000,241.855000
6705,756.422000,478.229000,1.710000,353.611000
6706,819.891000,440.600000,6.170000,348.131000
6707,739.244000,439.719000,7.360000,344.020000
6708,734.933000,420.830000,4.470000,334.003000
6709,735.873000,424.730000,10.000000,331.842000
6710,654.246000,340.482000,3.230000,310.543000
6711,408.021000,186.885000,2.940000,201.055000
6712,741.582000,403.070000,1.370000,375.882000
6713,639.115000,358.243000,3.100000,319.192000
6714,727.062000,387.331000,13.779000,330.531000
6715,567.226000,294.673000,6.150000,296.943000
6716,713.304000,388.970000,2.630000,342.472000
6717,840.590000,478.640000,1.729000,347.192000
6718,891.629000,509.667000,2.759000,351.022000
6719,741.872000,441.040000,1.350000,372.491000
6720,776.972000,373.562000,7.849000,327.873000
6721,796.461000,425.870000,5.530000,419.360000
6722,553.597000,283.484000,4.680000,267.722000
6723,795.792000,462.839000,23.040000,374.812000
6724,737.963000,457.149000,3.750000,338.693000
6725,630.366000,334.672000,13.589000,309.752000
6726,833.181000,493.989000,4.730000,401.480000
6727,861.240000,531.477000,5.629000,375.861000
6728,636.525000,351.902000,2.600000,272.004000
6729,744.193000,422.000000,1.131000,326.003000
6730,779.811000,356.512000,1.570000,310.963000
6731,862.390000,430.960000,2.030000,363.381000
6732,837.820000,489.399000,4.209000,364.912000
6733,789.932000,470.708000,2.951000,373.032000
6734,722.762000,416.091000,3.131000,330.602000
6735,678.643000,403.540000,4.230000,369.032000
6736,704.353000,421.690000,4.330000,335.852000
6737,570.367000,309.782000,1.870000,247.995000
6738,603.935000,364.991000,1.720000,321.004000
6739,685.033000,449.749000,4.800000,357.331000
6740,489.469000,220.595000,6.249000,215.725000
6741,798.391000,410.681000,3.490000,364.111000
6742,660.444000,356.450000,4.390000,304.692000
6743,578.448000,282.073000,2.360000,238.495000
6744,776.351000,428.410000,2.290000,320.843000
6745,546.406000,314.992000,1.489000,289.824000
6746,676.234000,389.621000,6.050000,332.061000
6747,649.195000,355.551000,10.180000,295.683000
6748,638.745000,361.702000,2.059000,292.343000
6749,828.211000,487.208000,15.360000,395.270000
6750,653.644000,297.194000,3.680000,299.732000
6751,689.005000,355.972000,1.700000,311.353000
6752,561.537000,279.754000,1.840000,254.654000
6753,710.864000,474.849000,2.560000,329.371000
6754,798.181000,407.010000,1.660000,296.664000
6755,780.972000,402.831000,3.660000,311.722000
6756,806.762000,462.179000,2.951000,348.921000
6757,829.681000,461.059000,3.540000,339.961000
6758,653.655000,342.152000,5.630000,286.474000
6759,850.441000,501.687000,1.800000,353.643000
6760,859.790000,455.680000,2.010000,342.621000
6761,707.004000,390.521000,1.720000,356.791000
6762,619.715000,323.342000,1.379000,278.913000
6763,668.294000,375.431000,2.021000,296.993000
6764,798.851000,482.028000,1.390000,365.092000
6765,833.229000,434.140000,3.480000,360.812000
6766,695.352000,365.911000,8.079000,307.963000
6767,752.112000,399.840000,15.950000,345.922000
6768,617.136000,359.312000,3.611000,314.552000
6769,638.235000,379.410000,5.661000,315.222000
6770,804.141000,378.610000,2.820000,325.763000
6771,677.065000,348.832000,2.400000,311.452000
6772,631.516000,282.943000,19.860000,300.352000
6773,771.062000,456.349000,3.070000,336.833000
6774,726.693000,424.620000,8.970000,332.502000
6775,744.923000,479.608000,2.800000,360.983000
6776,853.990000,479.719000,7.639000,375.721000
6777,742.932000,409.021000,4.950000,339.663000
6778,628.865000,310.613000,2.520000,266.124000
6779,736.452000,418.000000,2.530000,321.623000
6780,634.125000,325.753000,4.330000,302.302000
6781,743.522000,386.610000,1.790000,321.612000
6782,789.671000,425.230000,2.331000,342.493000
6783,842.269000,485.919000,1.850000,361.362000
6784,514.799000,274.113000,1.149000,234.074000
6785,726.994000,411.110000,12.540000,334.462000
6786,750.422000,438.809000,3.069000,347.583000
6787,591.866000,343.411000,5.149000,313.532000
6788,695.014000,395.970000,5.060000,311.123000
6789,726.603000,366.961000,7.570000,296.593000
6790,774.551000,376.470000,3.040000,310.473000
6791,964.137000,454.269000,5.030000,362.731000
6792,712.162000,371.382000,2.250000,305.402000
6793,809.801000,476.889000,1.650000,376.741000
6794,802.991000,476.919000,1.140000,335.121000
6795,593.717000,296.045000,3.470000,249.475000
6796,664.463000,366.251000,1.309000,323.493000
6797,677.544000,362.921000,13.190000,309.303000
6798,747.713000,438.019000,9.350000,362.273000
6799,640.014000,313.633000,30.969000,277.053000
6800,527.536000,255.004000,6.110000,252.953000
6801,636.215000,285.913000,1.840000,275.884000
6802,809.870000,411.221000,1.170000,338.542000
6803,711.513000,384.492000,2.060000,311.882000
6804,671.725000,377.610000,2.181000,330.561000
6805,654.245000,360.571000,9.500000,297.054000
6806,586.685000,364.801000,4.371000,326.142000
6807,703.333000,406.711000,5.130000,323.513000
6808,599.487000,320.531000,3.951000,267.234000
6809,537.528000,314.723000,5.580000,276.933000
6810,735.782000,370.812000,3.460000,329.452000
6811,518.177000,275.674000,2.099000,240.655000
6812,731.633000,403.370000,1.960000,335.783000
6813,877.228000,484.738000,8.679000,381.131000
6814,617.456000,369.951000,2.149000,308.264000
6815,530.027000,290.013000,2.590000,250.574000
6816,636.585000,406.120000,1.820000,286.844000
6817,819.920000,487.839000,4.000000,394.192000
6818,736.022000,364.252000,3.179000,278.454000
6819,700.973000,379.861000,14.959000,332.383000
6820,669.264000,346.311000,12.900000,311.912000
6821,763.823000,413.690000,2.890000,332.872000
6822,724.093000,366.341000,3.930000,329.312000
6823,653.755000,374.880000,33.229000,318.783000
6824,769.423000,418.370000,1.920000,322.212000
6825,731.242000,353.941000,5.909000,289.113000
6826,634.345000,298.493000,8.899000,266.494000
6827,707.613000,392.321000,2.520000,314.602000
6828,715.954000,394.261000,1.249000,352.691000
6829,925.169000,496.968000,18.989000,393.221000
6830,518.498000,225.085000,13.731000,239.874000
6831,821.730000,455.479000,2.460000,362.901000
6832,677.563000,351.333000,3.690000,305.893000
6833,612.016000,345.102000,1.701000,282.572000
6834,649.415000,383.250000,0.950000,334.362000
6835,780.072000,472.418000,1.180000,360.642000
6836,665.744000,380.062000,2.491000,292.883000
6837,561.946000,265.655000,2.091000,241.944000
6838,743.223000,418.441000,1.610000,339.852000
6839,658.875000,338.772000,2.359000,283.552000
6840,834.340000,370.142000,9.370000,347.481000
6841,608.215000,283.113000,3.040000,292.524000
6842,758.231000,426.220000,3.110000,354.662000
6843,681.205000,369.561000,2.000000,299.724000
6844,521.878000,268.464000,1.950000,226.835000
6845,815.221000,561.067000,8.650000,372.991000
6846,700.793000,384.502000,3.991000,342.901000
6847,576.916000,351.351000,3.611000,292.123000
6848,501.448000,328.983000,2.930000,300.892000
6849,838.540000,444.520000,17.500000,364.181000
6850,697.504000,333.352000,2.780000,300.773000
6851,796.511000,411.081000,1.340000,334.971000
6852,607.685000,307.693000,1.750000,279.122000
6853,653.694000,342.032000,1.840000,269.154000
6854,800.741000,460.349000,18.600000,382.261000
6855,816.691000,447.199000,3.520000,359.462000
6856,681.784000,370.681000,1.679000,287.043000
6857,715.834000,401.330000,12.580000,345.481000
6858,754.693000,447.489000,3.570000,333.713000
6859,737.412000,407.221000,4.501000,327.852000
6860,647.445000,329.241000,2.190000,292.202000
6861,560.318000,291.802000,3.350000,280.685000
6862,653.935000,359.612000,2.510000,301.423000
6863,592.236000,335.432000,2.271000,277.613000
6864,825.591000,463.868000,17.870000,352.481000
6865,798.383000,448.519000,3.930000,327.773000
6866,674.103000,370.012000,16.770000,319.693000
6867,568.547000,322.793000,3.220000,243.284000
6868,901.530000,552.758000,2.021000,383.591000
6869,640.865000,354.101000,2.400000,286.052000
6870,685.193000,345.313000,3.040000,320.592000
6871,475.658000,276.713000,3.440000,272.564000
6872,499.759000,250.863000,2.680000,235.844000
6873,745.082000,434.419000,2.640000,344.673000
6874,777.972000,459.820000,3.070000,406.820000
6875,776.812000,391.721000,5.350000,315.873000
6876,743.202000,428.169000,2.661000,341.061000
6877,690.304000,390.661000,9.110000,344.132000
6878,724.811000,381.062000,7.709000,362.322000
6879,750.822000,442.119000,2.369000,332.752000
6880,730.192000,357.151000,3.059000,305.024000
6881,713.723000,360.401000,11.800000,315.912000
6882,621.745000,308.803000,8.790000,272.823000
6883,696.954000,393.410000,4.280000,317.172000
6884,820.510000,528.167000,2.750000,346.132000
6885,618.146000,365.551000,5.341000,297.324000
6886,635.796000,378.531000,2.160000,311.142000
6887,708.803000,401.210000,5.310000,322.762000
6888,803.531000,478.049000,4.320000,343.571000
6889,641.886000,331.473000,3.820000,271.933000
6890,734.093000,401.390000,2.530000,319.433000
6891,721.583000,359.591000,2.150000,311.583000
6892,636.375000,306.003000,5.790000,259.225000
6893,775.381000,426.190000,2.470000,315.903000
6894,661.514000,351.383000,1.231000,295.992000
6895,785.032000,438.830000,2.330000,342.452000
6896,562.237000,272.492000,9.430000,259.794000
6897,392.151000,209.595000,3.261000,202.305000
6898,755.752000,417.830000,1.530000,317.452000
6899,652.025000,357.732000,6.440000,308.723000
6900,795.600000,342.961000,8.040000,320.933000
6901,753.252000,347.372000,3.440000,318.582000
6902,618.275000,344.262000,4.150000,302.693000
6903,595.205000,311.863000,2.620000,264.794000
6904,694.134000,404.440000,8.579000,339.853000
6905,833.370000,484.818000,2.870000,386.951000
6906,717.263000,396.031000,8.570000,346.011000
6907,490.129000,234.385000,2.330000,224.494000
6908,738.563000,410.790000,5.390000,335.382000
6909,668.404000,356.702000,21.399000,336.792000
6910,782.952000,384.340000,7.070000,359.651000
6911,663.865000,326.312000,3.209000,269.514000
6912,803.050000,448.119000,1.280000,346.031000
6913,632.385000,358.351000,2.070000,282.984000
6914,627.635000,404.550000,1.420000,329.032000
6915,705.344000,405.290000,1.380000,333.482000
6916,517.747000,298.485000,1.120000,255.804000
6917,636.025000,328.352000,2.469000,259.645000
6918,442.959000,285.943000,7.850000,282.975000
6919,670.833000,384.562000,2.110000,327.381000
6920,802.282000,382.901000,2.889000,342.932000
6921,490.449000,209.345000,3.700000,233.334000
6922,703.833000,385.181000,2.329000,318.383000
6923,779.052000,500.168000,1.280000,352.982000
6924,976.997000,428.899000,20.879000,333.962000
6925,716.592000,396.041000,3.670000,291.724000
6926,666.764000,379.271000,1.450000,317.042000
6927,820.641000,432.950000,1.749000,322.073000
6928,661.454000,320.742000,5.160000,286.872000
6929,799.791000,462.109000,4.150000,346.681000
6930,802.102000,386.851000,4.320000,348.631000
6931,432.310000,205.145000,5.160000,203.616000
6932,699.864000,393.641000,2.190000,313.492000
6933,764.262000,451.959000,3.249000,352.802000
6934,723.813000,408.449000,1.541000,351.411000
6935,749.123000,423.399000,7.590000,337.333000
6936,698.353000,332.383000,2.820000,279.703000
6937,782.573000,456.878000,2.730000,348.172000
6938,729.952000,433.690000,2.610000,333.922000
6939,677.855000,427.110000,2.139000,355.352000
6940,717.724000,319.932000,1.680000,290.214000
6941,714.383000,346.272000,11.370000,355.202000
6942,732.773000,399.680000,3.410000,339.411000
6943,643.434000,385.561000,3.130000,322.263000
6944,750.451000,416.360000,5.489000,334.582000
6945,670.414000,389.671000,2.280000,314.412000
6946,562.886000,340.462000,2.981000,291.583000
6947,671.915000,405.021000,1.630000,348.061000
6948,676.573000,391.431000,7.930000,324.672000
6949,885.199000,517.128000,4.989000,374.812000
6950,779.511000,380.431000,3.810000,366.412000
6951,770.391000,326.572000,16.020000,310.463000
6952,587.356000,280.223000,4.710000,239.046000
6953,646.575000,352.801000,2.551000,310.483000
6954,796.421000,480.029000,1.950000,379.261000
6955,445.329000,198.687000,6.228000,177.757000
6956,851.089000,490.410000,3.699000,402.640000
6957,702.274000,415.880000,8.021000,339.933000
6958,664.935000,391.530000,12.970000,309.992000
6959,658.154000,371.222000,3.379000,299.024000
6960,756.923000,382.580000,3.520000,347.651000
6961,793.912000,378.861000,5.420000,331.383000
6962,759.382000,426.059000,2.910000,339.942000
6963,675.395000,394.621000,1.809000,324.463000
6964,665.315000,370.661000,2.830000,321.563000
6965,742.072000,406.571000,1.570000,311.853000
6966,526.817000,262.034000,1.660000,234.474000
6967,747.543000,441.430000,3.390000,352.171000
6968,640.975000,339.931000,11.060000,311.632000
6969,859.660000,506.629000,2.770000,364.500000
6970,767.602000,390.802000,6.219000,354.081000
6971,446.660000,233.804000,3.200000,225.925000
6972,765.631000,426.470000,1.320000,313.943000
6973,649.936000,383.580000,1.510000,322.223000
6974,811.350000,466.579000,2.059000,344.663000
6975,603.555000,339.322000,1.949000,287.353000
6976,662.774000,341.503000,5.930000,291.483000
6977,612.426000,338.153000,2.629000,301.153000
6978,746.283000,420.229000,1.891000,310.882000
6979,811.411000,416.550000,3.709000,349.471000
6980,742.033000,370.651000,4.880000,339.552000
6981,787.571000,386.421000,2.889000,338.094000
6982,727.222000,420.450000,15.369000,344.691000
6983,743.912000,441.929000,2.810000,352.172000
6984,650.975000,343.551000,5.780000,282.633000
6985,816.101000,437.029000,18.020000,373.702000
6986,751.323000,478.989000,3.890000,342.271000
6987,564.857000,281.365000,3.861000,251.064000
6988,669.704000,402.771000,1.720000,331.763000
6989,400.790000,175.475000,1.960000,170.106000
6990,674.164000,360.501000,2.611000,331.043000
6991,726.413000,335.373000,4.479000,345.852000
6992,739.093000,408.600000,4.849000,327.913000
6993,551.537000,290.444000,2.350000,234.713000
6994,724.793000,422.290000,2.120000,336.962000
6995,668.335000,405.891000,5.590000,340.002000
6996,913.889000,518.997000,7.230000,364.761000
6997,781.443000,422.409000,2.221000,376.482000
6998,723.732000,407.720000,1.539000,312.544000
6999,698.293000,488.659000,2468.551000,568.306000
7000,732.833000,359.291000,5.550000,321.492000
7001,607.825000,253.084000,9.000000,249.525000
7002,728.242000,348.341000,6.700000,296.462000
7003,787.471000,500.309000,10.140000,342.001000
7004,752.353000,443.051000,16.750000,378.890000
7005,847.390000,514.278000,3.840000,350.651000
7006,674.424000,358.621000,1.390000,279.384000
7007,754.702000,467.169000,2.720000,349.972000
7008,709.554000,411.320000,5.880000,331.432000
7009,749.822000,467.039000,3.339000,345.651000
7010,623.455000,303.993000,1.620000,269.004000
7011,751.522000,381.891000,1.581000,319.083000
7012,585.986000,320.612000,3.580000,287.823000
7013,518.138000,311.334000,12.571000,298.922000
7014,827.350000,459.710000,2.910000,340.081000
7015,687.195000,380.980000,4.240000,325.133000
7016,683.655000,404.480000,2.420000,339.582000
7017,559.288000,281.393000,4.730000,243.894000
7018,602.325000,302.004000,8.020000,253.505000
7019,738.273000,404.481000,2.460000,313.682000
7020,798.371000,365.921000,2.411000,314.422000
7021,758.391000,369.641000,15.250000,347.053000
7022,685.663000,386.111000,2.739000,314.094000
7023,718.232000,426.390000,2.930000,341.831000
7024,763.364000,433.159000,1.890000,333.711000
7025,774.662000,460.410000,1.800000,360.351000
7026,802.572000,409.259000,15.379000,354.102000
7027,737.213000,409.160000,2.009000,366.171000
7028,700.565000,385.881000,3.870000,344.872000
7029,737.204000,418.391000,8.130000,328.552000
7030,592.686000,291.884000,2.730000,261.384000
7031,729.323000,369.502000,1.450000,313.172000
7032,510.697000,296.964000,1.011000,283.372000
7033,664.885000,341.682000,1.960000,274.094000
7034,793.331000,473.109000,1.120000,325.171000
7035,773.061000,442.000000,8.119000,348.472000
7036,648.524000,369.732000,3.240000,340.052000
7037,793.991000,493.119000,1.370000,342.431000
7038,638.435000,365.501000,1.261000,296.943000
7039,581.066000,328.282000,1.760000,276.864000
7040,808.961000,413.980000,1.470000,348.261000
7041,791.671000,407.321000,11.660000,359.501000
7042,672.154000,395.571000,9.730000,352.322000
7043,700.094000,411.280000,14.409000,343.162000
7044,838.421000,453.730000,15.019000,372.431000
7045,791.962000,428.980000,5.930000,344.962000
7046,790.982000,419.820000,2.510000,334.683000
7047,841.780000,487.969000,1.680000,329.333000
7048,658.843000,378.991000,2.880000,301.263000
7049,685.154000,333.182000,13.400000,286.704000
7050,619.566000,295.873000,11.930000,302.163000
7051,690.774000,338.123000,6.760000,328.722000
7052,592.685000,315.733000,2.430000,262.313000
7053,847.050000,480.969000,2.800000,348.931000
7054,710.794000,407.360000,3.160000,312.872000
7055,595.296000,338.253000,1.610000,281.193000
7056,598.505000,330.454000,3.789000,281.433000
7057,776.542000,484.890000,2.109000,350.002000
7058,586.456000,312.603000,1.530000,270.264000
7059,833.760000,520.357000,1.310000,370.111000
7060,620.776000,308.613000,1.630000,255.725000
7061,574.857000,262.383000,2.939000,255.015000
7062,728.244000,376.321000,2.339000,303.693000
7063,815.910000,456.970000,4.190000,380.650000
7064,730.783000,407.511000,16.438000,394.062000
7065,511.567000,266.184000,2.560000,215.775000
7066,720.772000,447.940000,1.439000,311.492000
7067,649.835000,363.032000,2.340000,283.103000
7068,768.191000,426.661000,1.580000,340.153000
7069,819.281000,424.709000,1.540000,355.233000
7070,718.843000,331.432000,4.190000,301.013000
7071,739.482000,361.322000,2.340000,313.783000
7072,839.641000,427.251000,4.880000,342.491000
7073,641.225000,336.132000,3.150000,302.563000
7074,889.019000,512.548000,3.780000,387.370000
7075,753.614000,403.310000,7.400000,343.462000
7076,461.519000,219.205000,4.291000,248.794000
7077,680.373000,385.710000,4.420000,339.782000
7078,806.252000,483.247000,15.750000,403.510000
7079,742.743000,441.990000,3.579000,340.432000
7080,808.860000,350.201000,20.319000,350.141000
7081,866.990000,435.950000,14.080000,367.221000
7082,721.462000,368.522000,11.569000,325.303000
7083,711.453000,446.390000,2.070000,404.671000
7084,593.096000,313.513000,5.741000,266.953000
7085,682.144000,431.010000,1.690000,330.782000
7086,595.455000,333.862000,2.660000,296.842000
7087,726.563000,405.791000,1.710000,341.821000
7088,693.184000,387.871000,1.810000,306.402000
7089,733.303000,415.720000,2.070000,334.112000
7090,791.682000,370.371000,3.009000,324.343000
7091,814.080000,342.272000,23.369000,331.533000
7092,794.201000,474.057000,6.510000,393.971000
7093,697.634000,372.421000,3.890000,334.571000
7094,439.029000,202.275000,1.621000,201.845000
7095,579.256000,317.853000,1.311000,253.524000
7096,766.331000,401.041000,7.019000,347.472000
7097,523.298000,260.633000,2.560000,230.075000
7098,697.394000,393.270000,1.421000,337.661000
7099,760.062000,368.401000,11.260000,319.752000
7100,629.315000,351.802000,3.580000,323.582000
7101,780.502000,378.892000,5.919000,330.032000
7102,608.696000,332.752000,5.080000,298.933000
7103,685.853000,352.332000,18.970000,291.343000
7104,571.078000,293.332000,4.770000,268.824000
7105,791.691000,439.850000,2.200000,350.591000
7106,687.563000,383.881000,2.860000,332.432000
7107,691.544000,353.332000,21.629000,301.423000
7108,846.681000,457.230000,12.820000,370.582000
7109,602.397000,346.711000,3.410000,275.214000
7110,792.881000,437.000000,1.720000,331.343000
7111,751.262000,382.891000,1.290000,337.681000
7112,721.003000,411.901000,1.499000,333.622000
7113,713.294000,413.040000,4.480000,349.581000
7114,702.624000,412.121000,3.160000,336.592000
7115,690.443000,440.789000,5.300000,371.921000
7116,639.055000,394.360000,2.709000,323.713000
7117,689.623000,431.190000,2.099000,320.732000
7118,671.164000,320.683000,3.300000,276.193000
7119,813.591000,481.638000,3.689000,359.932000
7120,688.174000,355.002000,2.900000,327.422000
7121,835.480000,385.941000,19.020000,354.762000
7122,734.483000,351.791000,13.080000,295.404000
7123,805.801000,448.760000,2.690000,345.511000
7124,774.962000,449.081000,2.410000,351.112000
7125,561.098000,282.793000,9.240000,236.934000
7126,717.503000,404.401000,3.189000,304.203000
7127,739.832000,407.490000,8.490000,340.113000
7128,433.280000,196.504000,4.179000,186.516000
7129,633.985000,356.832000,2.939000,302.063000
7130,642.605000,282.704000,5.720000,296.422000
7131,624.686000,286.553000,5.420000,263.044000
7132,827.910000,427.440000,8.339000,385.532000
7133,616.875000,307.982000,8.619000,264.284000
7134,748.502000,440.409000,12.830000,327.222000
7135,758.931000,426.000000,2.880000,320.833000
7136,605.236000,322.832000,2.371000,281.144000
7137,573.076000,295.693000,1.380000,258.563000
7138,758.143000,440.970000,4.559000,343.132000
7139,589.536000,310.083000,1.750000,251.185000
7140,554.516000,310.683000,1.141000,281.762000
7141,640.736000,304.393000,7.640000,271.584000
7142,749.543000,363.650000,21.449000,340.592000
7143,732.913000,411.621000,7.200000,353.050000
7144,776.313000,403.021000,11.030000,323.112000
7145,789.923000,462.548000,10.690000,347.043000
7146,859.958000,489.498000,3.940000,352.341000
7147,616.485000,334.473000,9.290000,274.234000
7148,725.374000,445.618000,3.141000,316.464000
7149,845.260000,489.228000,3.821000,369.681000
7150,632.305000,253.143000,5.169000,254.025000
7151,656.285000,321.752000,18.719000,309.863000
7152,662.765000,388.802000,3.090000,323.582000
7153,580.516000,296.043000,1.289000,282.323000
7154,789.401000,428.590000,7.960000,332.863000
7155,617.205000,325.062000,3.690000,267.694000
7156,790.401000,449.320000,6.410000,386.491000
7157,690.664000,401.680000,2.850000,326.273000
7158,802.621000,501.938000,1.059000,338.884000
7159,688.953000,399.861000,1.680000,323.063000
7160,584.976000,240.984000,6.230000,264.004000
7161,812.521000,429.030000,5.849000,360.371000
7162,733.973000,396.930000,8.269000,326.833000
7163,718.302000,404.060000,20.020000,353.361000
7164,717.613000,421.140000,6.400000,344.022000
7165,691.524000,456.649000,2.060000,340.643000
7166,674.265000,380.411000,1.890000,284.053000
7167,708.433000,365.692000,4.310000,299.493000
7168,845.710000,461.670000,4.120000,357.281000
7169,803.532000,400.270000,19.320000,338.733000
7170,656.854000,353.602000,4.240000,306.442000
7171,777.251000,422.151000,2.261000,319.983000
7172,803.391000,411.381000,3.440000,329.681000
7173,753.034000,420.331000,2.371000,344.101000
7174,638.365000,345.172000,9.299000,351.952000
7175,549.106000,311.442000,4.359000,283.364000
7176,676.234000,402.730000,2.150000,317.022000
7177,804.371000,441.780000,1.960000,393.911000
7178,776.311000,440.580000,1.590000,319.343000
7179,847.819000,440.899000,4.861000,360.671000
7180,788.531000,377.421000,2.220000,309.743000
7181,753.802000,379.091000,9.480000,351.062000
7182,780.942000,471.998000,3.610000,354.072000
7183,694.443000,395.041000,3.809000,347.843000
7184,745.342000,518.328000,2.320000,343.482000
7185,710.493000,390.882000,1.880000,314.342000
7186,696.804000,369.632000,30.528000,312.323000
7187,667.874000,354.471000,12.840000,298.072000
7188,748.642000,419.870000,5.230000,303.373000
7189,634.065000,332.683000,3.230000,280.954000
7190,684.214000,313.823000,3.850000,293.704000
7191,932.888000,399.681000,7.200000,357.552000
7192,727.363000,360.551000,12.910000,314.943000
7193,790.533000,460.928000,3.060000,399.571000
7194,715.664000,408.481000,1.960000,294.153000
7195,651.625000,369.691000,1.350000,317.043000
7196,812.511000,444.190000,12.731000,347.111000
7197,600.957000,287.863000,7.809000,252.245000
7198,752.143000,439.128000,1.740000,329.633000
7199,845.100000,494.508000,1.680000,370.691000
7200,748.311000,356.391000,3.580000,318.663000
7201,815.910000,395.061000,4.980000,343.162000
7202,674.945000,356.022000,5.040000,308.504000
7203,763.923000,445.480000,2.580000,331.172000
7204,920.160000,473.369000,7.469000,350.902000
7205,743.093000,444.069000,11.851000,349.141000
7206,723.172000,391.100000,6.660000,320.933000
7207,729.972000,406.171000,7.110000,341.432000
7208,802.271000,452.899000,2.039000,370.773000
7209,698.433000,358.611000,7.660000,289.424000
7210,822.251000,396.071000,5.900000,346.431000
7211,833.400000,509.068000,3.541000,403.480000
7212,766.842000,425.959000,3.120000,321.823000
7213,711.463000,436.350000,2.200000,352.592000
7214,633.164000,372.191000,1.840000,357.852000
7215,752.352000,415.410000,4.050000,307.503000
7216,1044.566000,571.356000,13.090000,411.231000
7217,668.065000,355.601000,3.230000,308.212000
7218,766.383000,413.580000,1.430000,321.832000
7219,715.834000,430.040000,6.589000,371.081000
7220,765.731000,348.711000,3.750000,304.764000
7221,597.656000,294.024000,1.360000,256.393000
7222,657.764000,361.961000,1.660000,296.694000
7223,761.292000,435.211000,1.560000,357.532000
7224,801.961000,443.689000,5.019000,371.440000
7225,735.833000,423.960000,3.700000,363.281000
7226,659.674000,370.111000,1.230000,311.433000
7227,739.504000,429.630000,11.490000,342.571000
7228,704.293000,393.631000,3.110000,286.633000
7229,813.931000,445.420000,5.779000,382.751000
7230,613.195000,279.534000,7.019000,268.954000
7231,760.832000,396.650000,2.550000,350.263000
7232,639.165000,350.521000,1.550000,302.752000
7233,618.826000,388.570000,1.150000,358.843000
7234,859.040000,474.938000,2.771000,364.331000
7235,719.974000,376.751000,4.280000,315.392000
7236,819.191000,412.060000,5.910000,325.933000
7237,531.697000,333.993000,2.931000,273.902000
7238,648.905000,383.270000,1.820000,328.463000
7239,818.180000,480.718000,2.181000,338.732000
7240,714.833000,327.683000,1.390000,282.613000
7241,776.253000,372.991000,21.790000,343.681000
7242,649.855000,329.092000,2.680000,266.994000
7243,482.168000,229.855000,8.819000,202.755000
7244,972.858000,561.466000,7.560000,399.341000
7245,684.934000,385.152000,3.631000,304.982000
7246,689.485000,366.821000,1.660000,329.832000
7247,819.771000,481.829000,2.680000,364.462000
7248,628.595000,353.911000,7.070000,310.294000
7249,668.714000,382.872000,5.640000,322.743000
7250,654.815000,332.662000,4.640000,324.953000
7251,712.153000,346.392000,6.760000,309.023000
7252,788.182000,337.752000,20.680000,320.442000
7253,669.865000,360.411000,4.109000,293.183000
7254,789.373000,454.388000,2.170000,357.703000
7255,785.610000,359.572000,16.000000,301.332000
7256,719.884000,378.240000,12.030000,329.122000
7257,755.923000,440.760000,3.190000,354.721000
7258,808.591000,443.900000,2.819000,410.541000
7259,779.981000,415.291000,3.311000,326.211000
7260,610.756000,334.663000,2.621000,284.212000
7261,675.533000,359.341000,2.230000,310.894000
7262,783.622000,393.890000,1.540000,307.083000
7263,564.926000,348.861000,1.080000,288.464000
7264,476.397000,233.944000,6.120000,204.845000
7265,878.369000,494.899000,12.999000,433.979000
7266,795.281000,458.048000,2.710000,340.583000
7267,626.125000,367.071000,1.660000,296.952000
7268,680.704000,366.541000,2.000000,290.924000
7269,633.745000,322.622000,1.979000,295.684000
7270,721.033000,362.052000,2.200000,348.223000
7271,734.803000,347.771000,5.890000,304.784000
7272,703.813000,390.961000,5.640000,411.260000
7273,801.571000,453.219000,4.960000,361.271000
7274,579.347000,319.803000,2.140000,295.973000
7275,772.183000,428.670000,4.269000,332.302000
7276,540.806000,304.353000,1.831000,281.093000
7277,485.518000,227.515000,1.180000,196.946000
7278,672.394000,357.402000,1.500000,296.393000
7279,828.121000,466.960000,2.661000,347.460000
7280,826.121000,396.050000,2.850000,334.963000
7281,637.955000,283.393000,12.860000,286.264000
7282,696.533000,372.412000,3.300000,301.842000
7283,711.563000,391.140000,1.800000,325.402000
7284,930.308000,575.447000,2.520000,377.161000
7285,789.801000,452.689000,11.050000,379.810000
7286,719.212000,429.520000,2.800000,370.451000
7287,846.940000,509.058000,5.040000,379.840000
7288,829.361000,480.380000,5.520000,355.391000
7289,750.883000,404.721000,12.310000,331.172000
7290,707.332000,365.531000,3.210000,356.143000
7291,707.402000,332.583000,3.810000,285.203000
7292,508.738000,282.203000,2.900000,259.104000
7293,842.630000,517.218000,3.411000,369.611000
7294,673.404000,359.622000,2.160000,293.033000
7295,678.875000,378.041000,1.700000,314.012000
7296,636.226000,381.211000,3.750000,300.773000
7297,591.956000,335.662000,2.230000,308.013000
7298,776.911000,438.360000,18.580000,343.092000
7299,772.341000,429.029000,1.580000,304.244000
7300,758.962000,379.651000,1.390000,323.112000
7301,792.951000,454.538000,2.080000,344.843000
7302,802.801000,415.270000,2.099000,344.992000
7303,726.504000,403.330000,1.269000,325.043000
7304,697.714000,412.611000,9.738000,316.502000
7305,395.610000,175.846000,4.390000,175.106000
7306,805.360000,417.540000,3.040000,314.073000
7307,599.915000,333.382000,9.471000,285.874000
7308,708.972000,381.442000,2.941000,298.002000
7309,754.913000,475.758000,1.970000,311.593000
7310,579.496000,280.533000,2.990000,268.194000
7311,710.634000,353.131000,1.440000,320.342000
7312,691.894000,365.500000,1.720000,302.914000
7313,772.682000,414.001000,7.640000,390.740000
7314,684.284000,384.731000,4.330000,291.163000
7315,697.544000,410.750000,2.150000,317.552000
7316,861.031000,508.428000,1.300000,364.222000
7317,797.252000,456.250000,1.930000,348.702000
7318,747.782000,423.440000,16.731000,410.960000
7319,537.486000,267.544000,4.730000,226.875000
7320,742.732000,355.461000,3.800000,333.222000
7321,707.084000,370.771000,2.570000,319.493000
7322,518.058000,262.474000,2.280000,243.595000
7323,612.785000,337.881000,1.940000,280.034000
7324,724.172000,412.220000,4.319000,309.932000
7325,851.660000,454.729000,17.430000,380.691000
7326,529.129000,279.872000,5.490000,261.643000
7327,693.643000,434.260000,1.611000,320.763000
7328,394.481000,176.035000,1.090000,160.855000
7329,830.421000,497.279000,5.590000,376.171000
7330,690.023000,324.494000,2.720000,303.553000
7331,572.748000,282.082000,5.879000,280.794000
7332,843.461000,447.029000,3.889000,404.331000
7333,750.324000,417.190000,3.631000,315.012000
7334,647.524000,373.801000,2.330000,306.553000
7335,719.633000,407.030000,3.080000,328.153000
7336,732.333000,397.461000,1.730000,323.563000
7337,615.046000,363.602000,2.800000,316.093000
7338,870.500000,476.039000,2.630000,348.282000
7339,804.541000,501.098000,2.310000,355.903000
7340,830.840000,393.560000,4.190000,340.262000
7341,577.286000,282.903000,3.379000,238.144000
7342,817.741000,425.629000,2.329000,345.412000
7343,691.044000,396.311000,3.520000,332.062000
7344,689.093000,417.580000,2.790000,335.003000
7345,711.253000,389.991000,4.560000,316.643000
7346,595.296000,312.002000,4.140000,261.994000
7347,526.297000,271.394000,5.770000,236.174000
7348,620.366000,342.521000,2.351000,295.783000
7349,597.016000,351.632000,5.989000,291.293000
7350,891.430000,395.990000,8.670000,359.111000
7351,824.491000,424.750000,3.150000,343.853000
7352,704.133000,360.002000,1.799000,286.314000
7353,765.382000,481.669000,2.180000,355.042000
7354,758.493000,425.720000,2.110000,322.892000
7355,632.865000,337.422000,4.910000,305.723000
7356,761.922000,418.170000,2.470000,329.353000
7357,614.295000,324.132000,1.910000,287.974000
7358,696.383000,403.720000,5.240000,314.623000
7359,643.354000,330.253000,2.500000,276.273000
7360,758.282000,351.972000,5.350000,353.192000
7361,759.732000,433.580000,8.771000,351.412000
7362,698.753000,371.752000,3.280000,318.181000
7363,828.552000,481.638000,1.469000,347.842000
7364,754.831000,433.649000,0.931000,308.083000
7365,797.550000,456.949000,7.900000,373.812000
7366,584.506000,291.713000,6.959000,266.025000
7367,780.541000,453.409000,2.210000,378.191000
7368,830.821000,444.780000,2.930000,361.571000
7369,790.532000,472.019000,7.290000,330.562000
7370,999.797000,516.768000,19.130000,439.889000
7371,791.591000,389.082000,14.400000,338.953000
7372,686.813000,421.381000,2.580000,331.203000
7373,567.507000,296.583000,2.991000,234.004000
7374,740.393000,422.690000,6.499000,303.324000
7375,831.310000,459.818000,3.070000,380.691000
7376,765.331000,445.759000,9.050000,341.891000
7377,755.212000,421.640000,2.739000,301.534000
7378,800.381000,479.229000,5.129000,341.422000
7379,758.912000,415.280000,5.131000,333.101000
7380,653.744000,329.652000,8.469000,302.342000
7381,509.299000,242.555000,11.880000,247.235000
7382,688.784000,417.289000,3.760000,366.991000
7383,809.030000,456.629000,3.100000,351.791000
7384,669.295000,408.970000,1.840000,328.012000
7385,761.973000,475.739000,1.609000,390.851000
7386,720.423000,436.030000,3.250000,351.791000
7387,515.628000,251.064000,8.400000,219.654000
7388,700.274000,414.700000,3.960000,314.813000
7389,780.242000,452.810000,5.590000,333.372000
7390,729.242000,374.801000,5.581000,337.591000
7391,562.688000,255.784000,3.320000,245.084000
7392,683.085000,363.432000,2.440000,332.672000
7393,669.245000,385.250000,2.181000,295.963000
7394,652.585000,350.531000,1.451000,282.764000
7395,628.284000,348.513000,3.220000,290.682000
7396,741.433000,387.590000,10.540000,324.862000
7397,717.334000,398.250000,5.110000,348.682000
7398,667.644000,426.520000,7.010000,320.492000
7399,827.300000,502.709000,2.510000,343.321000
7400,722.803000,385.711000,19.200000,344.881000
7401,578.947000,262.344000,10.059000,312.403000
7402,682.954000,340.643000,3.051000,329.961000
7403,836.851000,477.189000,1.480000,331.291000
7404,792.332000,460.259000,16.280000,374.930000
7405,598.997000,294.774000,3.150000,274.853000
7406,759.123000,447.328000,4.171000,363.023000
7407,683.754000,368.442000,1.830000,326.143000
7408,648.006000,351.101000,2.960000,313.652000
7409,713.693000,398.531000,2.340000,340.101000
7410,732.352000,363.172000,6.910000,322.372000
7411,674.344000,324.322000,3.280000,287.364000
7412,640.664000,326.212000,2.700000,311.332000
7413,778.262000,454.128000,1.600000,333.723000
7414,911.927000,514.668000,5.230000,379.831000
7415,794.531000,432.110000,6.200000,347.171000
7416,768.322000,447.790000,1.949000,350.452000
7417,641.685000,320.723000,3.030000,259.263000
7418,657.045000,379.861000,3.631000,300.093000
7419,772.182000,449.449000,4.980000,340.712000
7420,646.564000,289.393000,3.190000,280.324000
7421,738.942000,367.810000,11.599000,344.882000
7422,592.457000,316.523000,2.590000,283.524000
7423,903.858000,451.849000,12.610000,349.782000
7424,752.743000,483.578000,3.280000,339.682000
7425,615.935000,344.723000,2.610000,287.123000
7426,667.884000,397.621000,2.920000,338.431000
7427,663.565000,529.598000,1.490000,369.161000
7428,783.021000,456.360000,2.720000,313.792000
7429,845.860000,525.497000,2.341000,373.093000
7430,672.464000,323.263000,3.140000,330.752000
7431,798.680000,410.310000,1.290000,357.092000
7432,588.986000,333.253000,2.910000,296.143000
7433,522.729000,298.902000,4.490000,263.284000
7434,815.991000,463.009000,5.510000,338.122000
7435,791.532000,441.030000,2.469000,330.093000
7436,784.392000,465.989000,3.670000,336.673000
7437,756.411000,418.021000,12.330000,351.611000
7438,623.446000,334.681000,4.460000,272.404000
7439,531.927000,279.604000,2.190000,251.195000
7440,801.032000,409.441000,13.849000,360.062000
7441,729.962000,348.993000,3.209000,334.112000
7442,694.104000,374.711000,11.750000,320.132000
7443,676.245000,335.451000,21.640000,301.323000
7444,557.857000,308.673000,3.360000,244.774000
7445,695.784000,414.001000,1.409000,326.762000
7446,674.184000,394.221000,1.391000,305.983000
7447,722.232000,420.150000,8.749000,338.282000
7448,796.141000,445.030000,3.640000,329.334000
7449,786.472000,345.552000,21.520000,292.374000
7450,845.869000,404.090000,4.829000,405.981000
7451,872.179000,442.529000,8.949000,413.249000
7452,800.342000,472.869000,13.851000,410.150000
7453,680.384000,391.340000,3.741000,312.304000
7454,728.332000,424.240000,3.430000,341.662000
7455,702.383000,464.189000,7.060000,332.272000
7456,551.926000,335.764000,2.259000,277.213000
7457,650.785000,370.422000,1.350000,289.283000
7458,753.812000,456.959000,1.971000,346.561000
7459,782.253000,454.080000,2.350000,332.613000
7460,763.222000,411.340000,3.011000,374.061000
7461,823.051000,489.149000,2.120000,356.102000
7462,659.044000,354.151000,6.790000,302.762000
7463,598.446000,352.722000,2.011000,254.003000
7464,810.711000,452.329000,1.560000,354.982000
7465,717.663000,401.600000,6.260000,330.752000
7466,684.135000,376.060000,3.611000,293.533000
7467,674.564000,381.622000,2.780000,327.932000
7468,512.428000,255.394000,4.430000,227.394000
7469,634.085000,370.210000,4.010000,294.444000
7470,543.697000,233.305000,2.669000,233.355000
7471,783.052000,374.702000,1.149000,331.854000
7472,773.502000,428.390000,9.550000,361.801000
7473,679.494000,453.319000,6.949000,316.963000
7474,767.622000,448.199000,6.600000,352.142000
7475,651.924000,345.201000,6.689000,304.993000
7476,839.251000,448.279000,8.980000,353.212000
7477,717.273000,416.111000,1.940000,314.763000
7478,817.991000,459.789000,1.450000,344.403000
7479,638.445000,340.463000,4.899000,283.613000
7480,719.133000,376.921000,2.789000,310.484000
7481,766.882000,397.490000,10.920000,341.671000
7482,704.644000,371.781000,17.160000,338.241000
7483,804.281000,456.010000,5.660000,330.661000
7484,652.145000,369.371000,9.179000,327.083000
7485,556.787000,251.894000,5.100000,233.454000
7486,810.841000,465.158000,4.739000,419.871000
7487,787.463000,433.140000,3.850000,333.022000
7488,690.433000,397.660000,2.289000,358.542000
7489,695.354000,399.480000,3.570000,340.692000
7490,670.164000,317.032000,5.800000,320.223000
7491,707.023000,334.732000,2.180000,300.562000
7492,797.471000,464.089000,1.190000,381.841000
7493,796.931000,458.080000,5.350000,380.511000
7494,564.886000,322.713000,4.510000,267.723000
7495,609.717000,329.502000,5.240000,293.312000
7496,738.532000,401.740000,2.670000,328.361000
7497,519.638000,276.993000,3.720000,254.404000
7498,802.001000,487.919000,1.750000,378.191000
7499,479.549000,248.943000,2.809000,241.894000
7500,478.577000,228.024000,16.100000,234.884000
7501,784.071000,392.911000,4.771000,360.762000
7502,760.212000,381.421000,2.099000,321.082000
7503,683.004000,410.900000,2.140000,324.442000
7504,521.938000,314.882000,20.230000,297.833000
7505,714.623000,412.320000,4.910000,332.363000
7506,512.117000,291.633000,2.720000,253.803000
7507,690.024000,342.902000,12.640000,296.014000
7508,592.695000,334.211000,5.139000,290.994000
7509,680.233000,382.201000,2.010000,319.922000
7510,701.063000,363.721000,2.520000,314.692000
7511,671.534000,368.401000,5.910000,356.512000
7512,808.300000,414.890000,4.619000,347.362000
7513,762.992000,395.781000,11.840000,320.132000
7514,828.541000,468.409000,4.230000,324.812000
7515,761.733000,447.970000,7.931000,341.422000
7516,718.552000,380.531000,7.380000,324.683000
7517,773.081000,437.020000,5.429000,333.561000
7518,672.544000,356.231000,2.210000,370.251000
7519,689.914000,379.591000,2.650000,331.553000
7520,801.291000,413.880000,13.650000,383.930000
7521,861.081000,380.302000,8.870000,337.862000
7522,671.075000,321.672000,3.780000,276.154000
7523,697.674000,375.691000,4.710000,316.192000
7524,877.519000,520.888000,2.940000,392.910000
7525,761.364000,407.640000,1.910000,317.981000
7526,759.781000,367.072000,16.039000,309.983000
7527,443.639000,197.614000,6.590000,187.505000
7528,759.691000,418.700000,6.030000,337.472000
7529,700.943000,425.531000,2.970000,337.472000
7530,624.905000,339.773000,1.900000,318.242000
7531,742.442000,366.082000,2.271000,332.982000
7532,685.064000,388.061000,8.960000,381.691000
7533,563.226000,292.144000,2.860000,241.114000
7534,658.895000,395.290000,2.660000,317.082000
7535,827.820000,506.069000,1.809000,343.043000
7536,894.978000,449.729000,12.060000,366.671000
7537,748.053000,423.711000,2.899000,323.592000
7538,712.234000,375.631000,2.621000,287.992000
7539,747.513000,391.451000,2.460000,326.962000
7540,508.828000,216.705000,3.660000,252.054000
7541,491.659000,217.815000,10.960000,232.834000
7542,701.005000,353.861000,8.530000,308.504000
7543,571.446000,324.971000,3.160000,297.254000
7544,680.495000,378.871000,17.489000,343.522000
7545,549.796000,296.563000,3.320000,247.145000
7546,758.881000,453.100000,1.770000,352.062000
7547,820.960000,487.528000,1.340000,370.661000
7548,688.933000,385.111000,1.229000,317.124000
7549,485.869000,242.563000,5.180000,236.595000
7550,760.451000,386.501000,3.010000,332.881000
7551,779.842000,389.622000,10.370000,354.202000
7552,717.462000,417.099000,2.709000,306.643000
7553,910.448000,537.618000,7.249000,386.711000
7554,537.766000,266.185000,3.520000,239.194000
7555,596.936000,301.832000,1.690000,246.155000
7556,733.013000,417.290000,1.860000,321.663000
7557,741.142000,414.580000,0.880000,355.451000
7558,720.863000,416.470000,1.050000,313.742000
7559,789.041000,437.651000,5.389000,374.031000
7560,802.812000,416.551000,4.980000,341.262000
7561,612.986000,308.374000,1.440000,280.632000
7562,703.394000,394.551000,1.800000,324.442000
7563,637.886000,346.582000,5.220000,281.232000
7564,615.545000,378.521000,8.650000,305.333000
7565,722.643000,402.630000,2.770000,317.023000
7566,810.191000,452.229000,10.630000,358.172000
7567,747.702000,405.420000,3.270000,314.343000
7568,761.622000,416.580000,1.560000,332.132000
7569,697.904000,425.470000,5.040000,342.902000
7570,823.150000,418.590000,2.240000,357.601000
7571,738.433000,376.631000,1.339000,316.093000
7572,787.931000,416.940000,1.770000,358.342000
7573,698.623000,352.203000,7.429000,304.593000
7574,991.767000,474.949000,12.440000,380.031000
7575,668.704000,336.022000,2.781000,279.203000
7576,744.241000,389.301000,4.020000,340.472000
7577,802.161000,461.759000,2.960000,335.863000
7578,734.622000,449.519000,1.591000,318.432000
7579,632.926000,362.071000,1.390000,295.453000
7580,728.924000,346.741000,8.540000,345.072000
7581,633.935000,312.313000,3.840000,297.552000
7582,702.424000,395.011000,13.710000,331.632000
7583,754.542000,408.200000,6.531000,323.644000
7584,708.023000,402.231000,4.410000,313.024000
7585,547.406000,298.253000,4.710000,243.913000
7586,878.510000,516.668000,5.140000,378.231000
7587,522.147000,285.614000,12.299000,223.504000
7588,797.091000,440.309000,3.340000,337.173000
7589,634.605000,352.162000,3.779000,325.902000
7590,884.179000,395.290000,4.150000,371.171000
7591,534.108000,223.485000,5.210000,217.415000
7592,744.971000,392.530000,2.300000,330.232000
7593,670.895000,375.391000,1.960000,290.584000
7594,635.145000,383.560000,1.500000,353.181000
7595,763.132000,406.701000,1.320000,309.633000
7596,700.543000,345.833000,6.140000,295.473000
7597,838.320000,502.448000,17.070000,395.320000
7598,707.403000,375.052000,2.739000,393.671000
7599,820.211000,446.279000,5.391000,370.711000
7600,603.086000,318.833000,3.780000,294.903000
7601,676.244000,321.263000,2.480000,294.082000
7602,662.175000,371.741000,2.250000,311.833000
7603,779.381000,472.008000,1.249000,335.052000
7604,681.943000,406.111000,2.090000,326.313000
7605,662.935000,347.461000,9.870000,312.242000
7606,839.351000,440.980000,5.850000,344.822000
7607,592.035000,366.583000,5.139000,292.933000
7608,608.245000,364.111000,4.470000,312.173000
7609,636.105000,350.832000,1.549000,273.754000
7610,707.924000,410.120000,1.631000,417.099000
7611,815.041000,434.580000,1.030000,354.311000
7612,730.242000,394.201000,1.339000,311.103000
7613,758.881000,409.140000,10.169000,327.313000
7614,675.594000,366.052000,6.720000,308.582000
7615,654.245000,420.620000,3.380000,320.192000
7616,573.836000,291.224000,5.570000,248.284000
7617,766.071000,440.500000,6.320000,349.491000
7618,634.005000,343.402000,2.280000,261.194000
7619,714.283000,379.582000,7.180000,301.462000
7620,553.966000,274.274000,5.860000,279.863000
7621,686.203000,349.813000,5.381000,341.942000
7622,603.996000,300.474000,2.350000,263.693000
7623,752.853000,431.280000,1.870000,321.752000
7624,700.734000,370.142000,2.780000,328.061000
7625,725.923000,412.121000,1.310000,357.442000
7626,540.316000,251.274000,8.911000,229.195000
7627,423.369000,185.175000,2.600000,204.015000
7628,669.455000,366.072000,7.611000,302.792000
7629,723.154000,399.481000,2.030000,298.732000
7630,675.464000,296.682000,1.469000,299.814000
7631,796.051000,389.861000,8.320000,332.992000
7632,636.915000,290.573000,6.701000,264.144000
7633,746.604000,451.019000,2.270000,352.983000
7634,705.503000,393.840000,3.200000,315.403000
7635,735.083000,410.091000,2.911000,328.352000
7636,797.242000,454.679000,1.550000,352.902000
7637,663.693000,401.662000,2.240000,312.352000
7638,723.373000,421.529000,4.160000,324.064000
7639,530.117000,330.383000,1.410000,292.143000
7640,771.672000,376.791000,1.471000,314.323000
7641,714.893000,350.782000,1.689000,403.091000
7642,647.045000,335.102000,2.130000,345.181000
7643,719.282000,386.652000,2.211000,306.333000
7644,815.390000,481.469000,1.661000,338.031000
7645,689.925000,389.901000,10.450000,313.002000
7646,721.912000,395.531000,2.360000,314.322000
7647,788.961000,426.901000,14.030000,366.452000
7648,587.346000,289.264000,5.740000,243.304000
7649,680.033000,419.230000,2.109000,318.814000
7650,762.013000,401.421000,8.760000,359.791000
7651,797.431000,417.691000,3.400000,354.942000
7652,711.913000,420.821000,1.739000,303.943000
7653,634.565000,355.101000,3.021000,299.083000
7654,816.880000,473.839000,13.030000,374.031000
7655,736.452000,403.860000,3.330000,306.874000
7656,518.098000,254.455000,1.530000,254.094000
7657,747.722000,421.580000,5.709000,332.752000
7658,800.641000,437.179000,2.781000,334.392000
7659,792.872000,460.488000,2.430000,358.472000
7660,781.602000,391.391000,3.809000,371.132000
7661,659.485000,377.630000,2.380000,319.832000
7662,542.998000,263.284000,1.530000,223.734000
7663,654.585000,389.041000,4.000000,338.382000
7664,632.295000,334.882000,2.599000,277.055000
7665,764.622000,487.127000,2.230000,427.270000
7666,668.855000,377.061000,1.490000,298.883000
7667,815.451000,440.509000,4.379000,342.662000
7668,681.134000,371.972000,1.491000,327.051000
7669,752.772000,472.149000,1.589000,359.842000
7670,945.087000,419.511000,20.390000,363.481000
7671,698.593000,355.401000,4.320000,316.472000
7672,681.774000,351.692000,2.480000,290.144000
7673,573.606000,291.584000,3.949000,256.373000
7674,748.294000,477.138000,1.980000,370.392000
7675,839.261000,604.156000,5.110000,371.201000
7676,715.742000,390.341000,5.720000,331.622000
7677,626.435000,332.652000,3.010000,257.734000
7678,742.693000,430.319000,3.031000,341.591000
7679,763.402000,459.259000,3.870000,349.542000
7680,646.785000,288.453000,3.019000,273.553000
7681,526.948000,286.422000,6.200000,284.444000
7682,718.732000,357.073000,2.910000,296.353000
7683,708.703000,369.361000,1.420000,304.032000
7684,530.159000,311.392000,1.179000,290.784000
7685,433.540000,217.874000,2.860000,206.605000
7686,741.892000,451.500000,2.670000,318.272000
7687,482.949000,261.114000,3.510000,239.973000
7688,738.984000,407.321000,1.329000,307.943000
7689,465.849000,242.385000,1.519000,239.115000
7690,736.912000,366.152000,1.460000,320.072000
7691,619.385000,324.752000,5.750000,380.612000
7692,678.875000,314.003000,3.310000,256.573000
7693,612.696000,366.582000,8.029000,305.382000
7694,693.184000,409.380000,3.840000,363.361000
7695,604.826000,350.631000,5.491000,300.113000
7696,699.713000,415.340000,4.160000,360.751000
7697,710.924000,385.541000,4.640000,298.083000
7698,727.052000,416.620000,2.301000,338.222000
7699,596.636000,355.913000,1.699000,308.533000
7700,659.215000,297.803000,9.040000,297.893000
7701,581.326000,279.024000,2.620000,264.003000
7702,726.193000,386.661000,2.151000,318.491000
7703,771.393000,466.838000,3.750000,333.753000
7704,853.720000,529.237000,2.660000,361.262000
7705,754.163000,427.329000,2.120000,322.313000
7706,738.862000,416.409000,3.240000,315.873000
7707,789.271000,367.951000,3.999000,297.982000
7708,801.732000,468.728000,2.160000,384.322000
7709,680.494000,390.980000,1.269000,352.961000
7710,732.693000,389.900000,50.509000,373.531000
7711,657.335000,351.271000,3.430000,312.743000
7712,740.382000,461.669000,1.581000,331.331000
7713,750.723000,449.850000,1.000000,413.389000
7714,661.625000,367.542000,1.311000,301.042000
7715,549.588000,271.983000,19.790000,276.085000
7716,790.762000,431.140000,7.229000,358.631000
7717,595.295000,300.714000,19.839000,266.334000
7718,767.212000,445.628000,2.489000,345.484000
7719,701.004000,397.761000,2.111000,371.401000
7720,727.962000,341.822000,20.440000,323.613000
7721,801.961000,395.350000,2.901000,329.051000
7722,712.974000,403.000000,5.070000,341.021000
7723,523.178000,275.923000,4.170000,227.995000
7724,661.076000,360.532000,3.730000,280.584000
7725,727.273000,409.430000,1.460000,316.433000
7726,655.554000,344.403000,2.459000,275.003000
7727,658.885000,353.091000,2.480000,295.434000
7728,684.153000,391.051000,1.341000,295.132000
7729,831.631000,521.798000,1.710000,357.011000
7730,594.477000,255.724000,6.830000,259.734000
7731,768.331000,384.300000,3.130000,325.963000
7732,783.212000,428.710000,2.120000,378.041000
7733,860.659000,480.359000,8.299000,360.252000
7734,853.620000,550.316000,2.539000,384.982000
7735,722.972000,439.009000,4.530000,335.292000
7736,660.894000,384.231000,4.781000,297.474000
7737,668.534000,388.371000,13.979000,313.323000
7738,682.593000,374.092000,3.120000,283.602000
7739,630.895000,358.141000,2.431000,294.142000
7740,392.902000,242.134000,3.830000,246.564000
7741,714.334000,396.201000,2.050000,308.242000
7742,733.334000,393.760000,5.720000,325.152000
7743,543.047000,273.144000,2.469000,243.145000
7744,850.000000,468.838000,11.490000,351.861000
7745,691.083000,383.170000,7.031000,313.334000
7746,768.001000,433.109000,8.860000,329.922000
7747,865.150000,488.678000,16.960000,394.791000
7748,720.462000,432.060000,2.470000,334.962000
7749,863.839000,466.569000,17.640000,372.001000
7750,861.670000,418.140000,21.419000,417.490000
7751,666.925000,330.853000,8.309000,319.773000
7752,622.516000,313.432000,3.670000,285.864000
7753,632.905000,353.742000,2.251000,289.554000
7754,638.283000,376.372000,2.791000,338.831000
7755,681.065000,340.462000,1.890000,280.424000
7756,715.084000,435.680000,5.630000,350.051000
7757,621.395000,358.152000,6.320000,335.373000
7758,666.924000,349.743000,11.489000,297.422000
7759,488.688000,226.155000,3.061000,197.326000
7760,710.093000,347.193000,4.800000,332.842000
7761,792.631000,421.380000,2.960000,346.773000
7762,685.643000,347.282000,4.040000,288.462000
7763,732.233000,412.579000,12.970000,351.122000
7764,689.134000,394.660000,4.160000,323.782000
7765,657.134000,411.240000,1.960000,324.242000
7766,706.773000,385.490000,1.820000,293.733000
7767,829.861000,455.480000,16.430000,369.151000
7768,813.461000,481.069000,4.200000,351.781000
7769,562.017000,265.304000,4.860000,238.245000
7770,748.653000,371.172000,5.310000,329.593000
7771,576.077000,268.243000,5.150000,231.135000
7772,711.663000,360.301000,6.780000,310.413000
7773,717.652000,413.231000,3.830000,318.154000
7774,720.702000,433.930000,1.660000,334.712000
7775,680.724000,386.610000,1.530000,334.481000
7776,732.713000,439.450000,12.410000,360.171000
7777,649.605000,374.951000,2.680000,318.261000
7778,783.112000,441.170000,1.480000,322.063000
7779,621.056000,323.882000,1.680000,271.774000
7780,795.542000,397.931000,5.090000,329.531000
7781,626.795000,293.382000,2.580000,257.364000
7782,793.440000,410.110000,1.450000,328.802000
7783,773.202000,465.000000,6.440000,336.102000
7784,725.552000,428.399000,3.391000,333.122000
7785,935.318000,521.188000,4.429000,365.092000
7786,691.364000,370.491000,1.501000,290.672000
7787,507.059000,263.344000,4.989000,231.064000
7788,792.821000,450.050000,8.209000,339.541000
7789,630.604000,390.360000,13.040000,309.123000
7790,634.836000,292.714000,4.049000,274.323000
7791,672.285000,321.712000,3.050000,330.993000
7792,814.001000,451.569000,4.911000,340.681000
7793,515.738000,305.444000,2.700000,261.964000
7794,669.634000,351.572000,22.428000,317.833000
7795,589.756000,333.512000,4.379000,285.214000
7796,512.807000,298.274000,4.530000,263.404000
7797,813.322000,480.897000,7.990000,357.582000
7798,523.067000,231.015000,8.529000,232.224000
7799,811.311000,455.309000,5.509000,338.833000
7800,838.611000,443.900000,2.920000,354.631000
7801,723.964000,385.721000,1.660000,330.621000
7802,698.774000,334.192000,1.440000,278.815000
7803,822.821000,429.430000,1.410000,325.701000
7804,872.469000,444.780000,2.000000,353.861000
7805,646.104000,338.482000,2.840000,312.703000
7806,723.852000,434.319000,3.130000,326.812000
7807,394.672000,184.156000,3.630000,167.676000
7808,687.053000,409.110000,1.549000,370.222000
7809,576.266000,284.004000,3.111000,252.173000
7810,781.402000,379.791000,4.350000,350.151000
7811,730.353000,384.281000,2.490000,297.692000
7812,551.818000,322.013000,1.459000,272.904000
7813,626.315000,337.842000,1.590000,273.053000
7814,815.151000,472.369000,11.698000,369.372000
7815,741.102000,459.700000,2.320000,318.102000
7816,582.446000,318.582000,1.360000,275.383000
7817,672.564000,410.120000,2.599000,318.464000
7818,754.572000,423.241000,1.750000,326.493000
7819,804.541000,428.571000,1.680000,340.751000
7820,719.443000,385.410000,1.400000,335.091000
7821,870.010000,442.390000,4.130000,371.101000
7822,587.246000,292.903000,5.280000,250.963000
7823,724.964000,425.840000,1.500000,418.681000
7824,720.142000,397.762000,2.040000,343.632000
7825,778.342000,463.108000,1.480000,389.560000
7826,692.215000,383.600000,18.650000,305.133000
7827,753.302000,382.121000,4.020000,301.493000
7828,618.026000,308.952000,1.700000,264.514000
7829,639.035000,393.211000,3.689000,291.564000
7830,712.283000,352.501000,3.440000,322.172000
7831,797.471000,381.442000,12.600000,340.182000
7832,808.141000,457.489000,2.260000,340.672000
7833,502.528000,212.794000,2.430000,182.817000
7834,735.142000,436.830000,1.880000,432.170000
7835,834.371000,468.508000,1.480000,367.542000
7836,787.242000,440.500000,1.491000,336.072000
7837,771.891000,431.099000,10.219000,382.550000
7838,614.716000,357.562000,2.260000,308.793000
7839,823.110000,463.709000,7.679000,395.352000
7840,825.360000,384.911000,3.440000,344.011000
7841,732.603000,392.151000,1.780000,325.032000
7842,717.383000,428.570000,2.280000,330.123000
7843,792.691000,423.250000,21.080000,377.321000
7844,636.385000,391.621000,5.181000,341.402000
7845,650.025000,342.932000,7.740000,311.343000
7846,733.762000,434.839000,2.541000,319.912000
7847,751.383000,436.090000,8.920000,363.511000
7848,740.231000,418.401000,5.220000,337.752000
7849,794.250000,457.939000,2.790000,359.692000
7850,539.577000,237.294000,2.040000,228.265000
7851,844.150000,395.782000,17.218000,356.082000
7852,569.836000,269.864000,3.920000,238.994000
7853,814.310000,499.578000,1.720000,350.851000
7854,672.135000,357.311000,1.770000,264.304000
7855,673.645000,364.921000,3.430000,283.153000
7856,803.513000,448.888000,1.790000,343.442000
7857,881.028000,469.889000,3.440000,363.221000
7858,724.784000,404.240000,8.980000,323.702000
7859,679.824000,403.000000,3.129000,305.952000
7860,668.295000,296.784000,12.609000,295.302000
7861,771.392000,366.023000,3.939000,307.252000
7862,535.727000,247.114000,8.360000,248.903000
7863,939.077000,498.379000,21.519000,393.291000
7864,789.731000,393.121000,22.310000,337.822000
7865,977.108000,547.107000,4.830000,368.902000
7866,677.224000,353.272000,2.190000,275.044000
7867,599.906000,310.112000,8.030000,256.705000
7868,791.591000,453.079000,6.570000,356.352000
7869,823.050000,468.519000,2.320000,365.221000
7870,701.743000,335.383000,1.360000,327.201000
7871,707.894000,337.592000,1.701000,305.642000
7872,809.051000,478.288000,3.029000,361.111000
7873,729.274000,416.860000,2.920000,354.921000
7874,588.196000,313.593000,1.930000,266.933000
7875,920.489000,483.838000,2.460000,340.132000
7876,608.786000,299.922000,3.909000,258.554000
7877,762.102000,400.581000,3.470000,324.193000
7878,620.096000,461.799000,3.730000,341.472000
7879,644.934000,335.211000,3.200000,315.581000
7880,725.162000,344.922000,15.090000,319.432000
7881,844.931000,441.460000,2.190000,349.541000
7882,786.812000,426.570000,3.811000,341.241000
7883,739.194000,434.220000,2.159000,329.292000
7884,743.422000,410.510000,8.000000,345.462000
7885,695.353000,356.431000,22.910000,299.004000
7886,732.422000,395.050000,3.869000,319.713000
7887,752.011000,433.010000,1.260000,328.682000
7888,659.344000,362.321000,0.981000,304.003000
7889,786.011000,410.211000,2.009000,372.972000
7890,747.072000,344.421000,4.020000,315.983000
7891,648.925000,295.302000,2.520000,260.805000
7892,827.950000,439.410000,1.619000,314.872000
7893,716.743000,386.521000,7.920000,332.902000
7894,787.081000,458.580000,2.661000,370.412000
7895,665.045000,358.381000,2.671000,297.363000
7896,689.403000,395.891000,2.509000,298.914000
7897,544.476000,299.063000,3.560000,236.985000
7898,610.915000,325.352000,2.139000,263.594000
7899,722.013000,361.441000,2.270000,287.654000
7900,744.132000,299.443000,9.239000,292.233000
7901,859.000000,396.722000,2.000000,356.521000
7902,727.753000,368.411000,8.080000,354.061000
7903,688.385000,368.040000,2.051000,291.593000
7904,788.062000,464.199000,1.280000,339.913000
7905,712.783000,443.659000,3.639000,362.951000
7906,777.441000,464.880000,2.070000,358.232000
7907,812.530000,452.580000,59.488000,365.271000
7908,738.852000,413.531000,4.990000,330.772000
7909,707.823000,405.831000,21.179000,362.412000
7910,696.115000,317.722000,5.011000,297.724000
7911,721.492000,333.523000,2.480000,303.553000
7912,836.540000,406.450000,8.350000,359.381000
7913,839.411000,489.758000,6.049000,358.181000
7914,594.925000,333.272000,5.860000,273.054000
7915,748.482000,425.320000,6.270000,332.103000
7916,754.572000,402.360000,2.440000,305.352000
7917,806.090000,448.880000,2.390000,356.182000
7918,686.543000,342.122000,3.760000,274.383000
7919,735.103000,400.960000,2.539000,328.822000
7920,629.205000,300.103000,2.741000,271.304000
7921,715.743000,315.323000,9.130000,289.683000
7922,622.735000,314.674000,2.130000,281.542000
7923,803.812000,473.520000,4.760000,358.392000
7924,809.251000,425.220000,15.850000,328.062000
7925,623.926000,373.222000,3.390000,301.102000
7926,816.431000,427.440000,3.370000,347.262000
7927,552.838000,308.812000,3.920000,258.865000
7928,609.856000,307.702000,4.189000,245.775000
7929,516.138000,271.642000,2.621000,223.475000
7930,574.176000,261.844000,4.640000,250.454000
7931,756.891000,370.861000,2.139000,327.703000
7932,424.261000,259.165000,2.800000,236.365000
7933,760.671000,425.181000,2.200000,320.192000
7934,710.445000,378.920000,19.689000,313.462000
7935,697.944000,379.461000,8.650000,303.173000
7936,638.434000,371.292000,3.461000,298.861000
7937,559.798000,322.662000,2.279000,280.343000
7938,668.754000,378.402000,3.259000,371.022000
7939,527.307000,320.973000,4.320000,280.814000
7940,757.853000,379.011000,5.110000,331.141000
7941,816.691000,391.530000,4.590000,352.123000
7942,822.880000,453.540000,2.829000,363.191000
7943,716.773000,394.361000,3.480000,317.842000
7944,799.112000,460.259000,1.900000,328.733000
7945,787.861000,458.719000,5.810000,386.611000
7946,818.371000,449.749000,5.990000,350.562000
7947,687.772000,384.800000,10.020000,309.203000
7948,684.354000,319.022000,13.979000,286.494000
7949,784.071000,425.190000,12.460000,373.301000
7950,716.343000,317.574000,4.329000,378.500000
7951,828.540000,390.620000,2.349000,337.472000
7952,819.731000,416.790000,8.949000,364.371000
7953,613.646000,306.784000,2.450000,271.894000
7954,524.387000,292.224000,4.181000,253.523000
7955,781.821000,468.408000,3.621000,352.511000
7956,858.831000,442.481000,3.419000,394.051000
7957,869.640000,517.058000,5.410000,365.962000
7958,813.412000,486.358000,2.710000,333.952000
7959,761.282000,416.089000,18.369000,337.861000
7960,854.070000,394.581000,3.970000,373.011000
7961,838.870000,437.350000,3.210000,368.181000
7962,781.051000,402.880000,2.020000,310.323000
7963,730.712000,437.750000,1.449000,325.572000
7964,665.115000,374.321000,2.240000,282.334000
7965,808.712000,417.900000,2.200000,322.232000
7966,552.508000,312.932000,1.529000,277.574000
7967,943.097000,498.589000,14.199000,378.791000
7968,734.012000,392.900000,5.049000,350.791000
7969,594.937000,341.062000,8.640000,288.633000
7970,624.416000,289.693000,5.020000,284.993000
7971,967.667000,468.169000,2.130000,408.430000
7972,561.667000,288.063000,4.000000,242.915000
7973,581.316000,314.554000,1.970000,235.654000
7974,788.432000,488.499000,5.169000,355.293000
7975,812.800000,439.470000,3.049000,324.352000
7976,712.974000,379.441000,10.500000,318.181000
7977,758.702000,450.009000,2.400000,319.923000
7978,525.947000,259.725000,5.450000,226.795000
7979,717.172000,405.940000,3.140000,317.673000
7980,587.666000,270.224000,3.910000,269.933000
7981,882.669000,461.870000,2.810000,360.771000
7982,682.645000,333.622000,4.350000,290.573000
7983,695.303000,403.671000,18.069000,317.193000
7984,789.251000,458.829000,5.289000,322.913000
7985,875.130000,484.458000,15.570000,413.420000
7986,690.874000,345.522000,3.901000,274.273000
7987,770.802000,460.609000,4.720000,356.651000
7988,795.741000,486.199000,1.899000,412.471000
7989,736.872000,427.510000,1.440000,333.272000
7990,785.851000,385.861000,9.980000,350.382000
7991,626.945000,319.513000,6.910000,344.522000
7992,741.892000,375.001000,3.720000,342.693000
7993,556.776000,275.873000,2.720000,248.054000
7994,712.354000,396.941000,2.189000,287.663000
7995,627.574000,334.703000,1.770000,262.034000
7996,746.972000,398.311000,1.500000,306.752000
7997,570.747000,262.303000,3.290000,240.434000
7998,891.810000,499.588000,8.860000,367.372000
7999,627.386000,328.613000,2142.689000,390.281000
8000,642.406000,283.554000,5.180000,318.123000
8001,877.379000,475.258000,2.300000,392.071000
8002,754.033000,359.871000,1.260000,301.442000
8003,690.424000,387.381000,1.090000,280.763000
8004,686.283000,371.323000,2.440000,276.953000
8005,555.108000,272.453000,3.420000,227.795000
8006,749.532000,413.810000,2.430000,310.953000
8007,885.890000,488.268000,1.650000,350.822000
8008,735.864000,400.941000,5.000000,309.513000
8009,826.881000,477.239000,3.240000,317.901000
8010,626.566000,265.683000,2.391000,259.743000
8011,798.852000,393.442000,3.571000,337.353000
8012,719.032000,348.153000,14.690000,341.963000
8013,646.225000,331.012000,2.400000,252.064000
8014,754.163000,411.561000,4.200000,320.614000
8015,546.056000,290.393000,2.831000,266.664000
8016,763.621000,412.110000,2.619000,333.191000
8017,716.633000,382.111000,2.380000,307.812000
8018,658.545000,352.432000,1.360000,284.324000
8019,693.904000,399.141000,5.359000,325.583000
8020,661.284000,285.824000,6.230000,289.133000
8021,757.112000,362.551000,2.640000,326.523000
8022,636.695000,334.054000,4.110000,292.593000
8023,560.967000,282.162000,4.069000,249.685000
8024,799.120000,514.047000,1.700000,400.421000
8025,553.468000,298.783000,1.310000,258.844000
8026,815.440000,460.629000,1.890000,372.261000
8027,803.711000,472.160000,2.800000,351.312000
8028,763.652000,448.420000,2.040000,329.122000
8029,604.767000,314.024000,8.389000,267.323000
8030,681.195000,306.661000,4.551000,297.964000
8031,459.958000,193.666000,9.389000,204.105000
8032,674.894000,377.561000,2.809000,347.202000
8033,778.303000,392.971000,5.140000,329.752000
8034,823.950000,433.800000,12.840000,329.452000
8035,623.845000,363.361000,2.510000,289.684000
8036,819.291000,440.810000,2.040000,323.922000
8037,888.249000,449.200000,10.790000,357.091000
8038,681.183000,389.351000,7.099000,298.723000
8039,645.094000,385.701000,9.509000,307.194000
8040,852.021000,428.081000,12.260000,389.681000
8041,704.003000,332.052000,5.059000,297.972000
8042,764.583000,449.399000,2.560000,323.934000
8043,775.952000,402.670000,20.570000,331.072000
8044,803.932000,453.820000,5.040000,373.132000
8045,689.854000,411.670000,3.019000,320.383000
8046,769.763000,366.562000,10.919000,307.122000
8047,570.775000,271.513000,7.861000,243.514000
8048,760.532000,448.089000,2.060000,350.442000
8049,693.384000,333.191000,4.751000,288.924000
8050,681.094000,326.222000,4.619000,319.013000
8051,773.582000,455.629000,3.181000,361.841000
8052,567.987000,325.362000,4.690000,317.033000
8053,649.163000,363.882000,17.059000,304.563000
8054,626.246000,363.140000,2.771000,292.173000
8055,459.520000,225.424000,3.510000,218.605000
8056,584.517000,349.122000,2.509000,301.962000
8057,598.147000,326.762000,5.710000,281.823000
8058,681.234000,383.963000,1.859000,317.502000
8059,972.977000,517.478000,6.920000,384.481000
8060,626.365000,284.084000,2.480000,253.204000
8061,772.943000,369.452000,18.619000,363.492000
8062,591.626000,311.503000,3.100000,300.892000
8063,928.239000,548.947000,1.450000,399.041000
8064,700.223000,403.890000,1.689000,307.864000
8065,622.486000,326.422000,2.910000,265.065000
8066,844.420000,466.909000,1.569000,365.392000
8067,688.133000,366.572000,3.340000,294.772000
8068,660.865000,345.192000,3.130000,288.014000
8069,762.482000,435.399000,19.079000,371.500000
8070,716.844000,361.261000,6.980000,347.162000
8071,635.404000,307.893000,1.650000,281.992000
8072,856.830000,522.597000,4.849000,379.963000
8073,533.427000,266.714000,21.089000,231.854000
8074,627.645000,365.612000,3.930000,326.042000
8075,791.592000,432.860000,2.060000,330.402000
8076,652.324000,334.471000,4.061000,281.653000
8077,700.774000,402.360000,2.720000,344.061000
8078,815.381000,456.681000,3.800000,337.642000
8079,625.605000,396.511000,3.859000,344.251000
8080,727.003000,355.801000,1.990000,309.292000
8081,787.493000,426.200000,7.950000,380.812000
8082,555.336000,284.672000,3.200000,239.714000
8083,838.520000,407.241000,14.019000,332.652000
8084,756.893000,432.750000,5.669000,357.032000
8085,618.846000,357.221000,5.820000,319.952000
8086,596.397000,324.661000,3.920000,288.884000
8087,660.184000,406.220000,2.830000,339.023000
8088,700.953000,372.871000,14.630000,318.852000
8089,735.803000,434.841000,5.080000,330.591000
8090,720.784000,381.231000,2.259000,325.952000
8091,576.086000,259.855000,20.350000,274.634000
8092,831.580000,463.439000,4.369000,371.392000
8093,463.069000,232.704000,13.661000,211.096000
8094,779.922000,404.820000,20.070000,359.031000
8095,619.625000,312.144000,10.720000,269.362000
8096,324.202000,260.764000,8.430000,209.456000
8097,699.152000,406.901000,3.690000,347.341000
8098,807.601000,445.839000,1.810000,335.782000
8099,703.562000,425.670000,2.021000,352.662000
8100,605.216000,300.553000,7.451000,278.342000
8101,683.945000,355.460000,20.679000,330.443000
8102,750.792000,457.260000,4.719000,323.602000
8103,691.224000,395.811000,3.660000,312.532000
8104,693.034000,389.160000,3.040000,298.133000
8105,647.714000,371.852000,1.440000,282.343000
8106,724.553000,415.820000,1.110000,307.323000
8107,810.232000,439.639000,9.560000,347.081000
8108,858.070000,492.109000,6.019000,365.902000
8109,463.289000,214.075000,2.020000,182.887000
8110,785.132000,374.362000,4.110000,326.613000
8111,699.673000,341.111000,1.530000,306.164000
8112,677.925000,399.330000,1.531000,338.251000
8113,585.726000,339.812000,4.930000,284.733000
8114,641.945000,363.472000,3.850000,300.384000
8115,712.803000,382.450000,1.880000,303.703000
8116,668.555000,396.490000,8.920000,327.022000
8117,767.211000,444.750000,3.420000,329.772000
8118,580.237000,303.762000,5.680000,262.175000
8119,745.752000,423.230000,2.111000,334.121000
8120,820.481000,346.863000,5.760000,315.822000
8121,737.483000,368.411000,2.250000,339.972000
8122,670.445000,430.940000,10.160000,402.941000
8123,717.592000,417.531000,2.240000,325.032000
8124,632.014000,356.872000,0.970000,307.142000
8125,775.031000,457.790000,9.460000,370.671000
8126,744.793000,510.608000,2.051000,337.632000
8127,653.055000,386.841000,1.339000,305.564000
8128,803.811000,456.370000,1.600000,344.772000
8129,699.673000,401.431000,2.591000,313.402000
8130,597.416000,310.383000,2.060000,292.622000
8131,738.463000,392.221000,2.800000,336.761000
8132,738.712000,359.522000,1.581000,308.293000
8133,758.452000,412.400000,9.560000,360.052000
8134,668.304000,352.253000,3.059000,303.403000
8135,865.520000,542.737000,1.540000,368.081000
8136,791.522000,429.789000,1.500000,341.153000
8137,634.665000,331.931000,1.101000,274.994000
8138,649.455000,389.351000,2.130000,344.412000
8139,678.675000,390.921000,2.280000,319.763000
8140,790.762000,385.760000,51.580000,349.441000
8141,648.715000,306.133000,6.000000,273.673000
8142,816.092000,442.309000,5.110000,362.162000
8143,697.103000,385.042000,4.491000,309.514000
8144,626.615000,305.692000,3.030000,255.094000
8145,749.854000,423.418000,1.700000,315.573000
8146,803.932000,462.900000,4.290000,359.622000
8147,690.444000,380.551000,2.590000,293.543000
8148,795.381000,455.590000,3.500000,349.652000
8149,818.410000,459.749000,2.440000,322.113000
8150,755.391000,393.191000,2.160000,337.231000
8151,759.732000,375.441000,16.710000,350.351000
8152,725.483000,409.461000,3.130000,325.473000
8153,751.242000,472.929000,1.160000,350.272000
8154,628.665000,392.770000,3.130000,316.822000
8155,696.322000,454.959000,1.390000,353.272000
8156,851.811000,415.550000,11.280000,363.231000
8157,710.283000,468.609000,2.760000,373.881000
8158,721.852000,389.320000,1.150000,299.483000
8159,679.403000,383.040000,1.150000,304.864000
8160,718.823000,328.103000,7.390000,305.812000
8161,795.892000,402.341000,5.340000,360.501000
8162,652.305000,424.139000,2.230000,307.093000
8163,565.637000,337.651000,8.620000,320.023000
8164,688.223000,376.041000,5.610000,307.773000
8165,774.852000,453.219000,2.971000,352.032000
8166,627.595000,348.522000,1.581000,306.393000
8167,670.495000,414.999000,1.200000,326.343000
8168,859.480000,463.729000,19.640000,346.883000
8169,722.992000,423.051000,3.079000,313.402000
8170,787.861000,386.901000,2.880000,337.482000
8171,689.933000,370.471000,4.579000,333.822000
8172,707.904000,406.310000,2.790000,336.242000
8173,751.762000,428.930000,1.480000,305.573000
8174,742.462000,429.030000,0.990000,376.291000
8175,824.761000,453.929000,3.080000,367.202000
8176,739.252000,403.710000,3.540000,307.753000
8177,653.324000,353.842000,2.750000,290.674000
8178,724.933000,433.520000,1.890000,365.532000
8179,575.455000,303.144000,1.250000,259.893000
8180,734.003000,375.821000,1.430000,335.981000
8181,610.375000,251.573000,3.391000,235.064000
8182,809.741000,439.189000,5.360000,350.722000
8183,461.810000,213.315000,7.140000,199.215000
8184,724.573000,436.289000,13.730000,313.203000
8185,780.471000,476.649000,5.120000,348.452000
8186,766.212000,442.209000,3.620000,341.841000
8187,644.884000,316.254000,6.949000,270.582000
8188,624.134000,343.643000,5.669000,291.263000
8189,854.550000,642.385000,2.200000,419.570000
8190,633.245000,285.443000,1.300000,249.904000
8191,706.624000,349.481000,2.000000,310.773000
8192,844.249000,461.439000,3.540000,374.801000
8193,723.812000,386.192000,1.560000,299.072000
8194,881.850000,523.487000,5.730000,375.121000
8195,654.395000,366.492000,7.120000,295.584000
8196,791.171000,468.090000,2.350000,340.782000
8197,861.619000,475.359000,4.749000,377.472000
8198,611.735000,327.531000,1.781000,272.704000
8199,735.851000,397.171000,2.400000,307.524000
8200,654.745000,303.072000,1.890000,278.233000
8201,715.572000,346.883000,1.240000,296.282000
8202,652.265000,338.792000,1.209000,298.624000
8203,610.726000,378.461000,2.840000,308.863000
8204,699.323000,413.971000,5.750000,315.472000
8205,635.355000,365.112000,3.440000,279.023000
8206,639.695000,414.870000,1.960000,321.832000
8207,625.526000,406.981000,2.020000,326.743000
8208,885.878000,528.908000,9.279000,392.711000
8209,587.096000,338.482000,10.529000,263.845000
8210,788.031000,367.441000,3.639000,325.032000
8211,787.671000,386.232000,8.258000,328.042000
8212,791.412000,430.420000,2.480000,337.442000
8213,742.483000,382.270000,9.290000,309.272000
8214,764.812000,451.219000,2.419000,356.031000
8215,499.049000,242.364000,5.581000,223.535000
8216,785.351000,441.180000,2.011000,339.721000
8217,812.551000,432.350000,7.390000,331.382000
8218,819.171000,392.691000,10.620000,319.393000
8219,668.573000,361.152000,2.630000,308.843000
8220,688.915000,321.781000,2.190000,284.294000
8221,747.462000,386.691000,3.040000,323.952000
8222,793.802000,410.689000,16.969000,377.632000
8223,715.832000,425.199000,3.570000,368.991000
8224,724.004000,444.618000,4.489000,347.643000
8225,760.882000,430.009000,20.409000,359.681000
8226,614.946000,332.413000,4.670000,277.584000
8227,641.634000,349.511000,1.690000,295.734000
8228,695.093000,374.680000,8.899000,306.013000
8229,671.014000,395.911000,2.179000,302.074000
8230,830.021000,389.451000,1.580000,333.761000
8231,599.437000,287.633000,1.990000,283.373000
8232,860.770000,528.788000,6.549000,411.101000
8233,781.061000,459.809000,9.889000,369.751000
8234,598.475000,302.153000,8.419000,265.535000
8235,692.043000,397.141000,3.050000,314.082000
8236,680.385000,371.751000,10.449000,304.173000
8237,672.194000,360.501000,9.160000,300.893000
8238,742.352000,414.950000,3.740000,348.752000
8239,712.713000,419.600000,2.870000,322.342000
8240,756.204000,341.141000,3.320000,314.312000
8241,654.755000,338.082000,1.541000,305.393000
8242,755.192000,400.991000,2.261000,313.812000
8243,689.043000,383.731000,4.009000,317.882000
8244,730.352000,414.951000,10.209000,331.862000
8245,728.693000,418.880000,4.610000,312.522000
8246,603.997000,315.572000,1.600000,260.914000
8247,556.176000,285.984000,2.520000,325.612000
8248,692.654000,377.631000,1.480000,305.672000
8249,704.704000,375.271000,3.260000,313.243000
8250,718.413000,343.392000,6.410000,323.623000
8251,704.913000,338.432000,3.250000,309.703000
8252,660.714000,350.091000,3.340000,293.563000
8253,766.702000,454.420000,2.330000,345.121000
8254,796.241000,445.510000,1.781000,331.891000
8255,800.922000,406.951000,5.420000,323.833000
8256,904.658000,452.770000,19.030000,381.681000
8257,789.211000,479.309000,3.110000,328.172000
8258,728.794000,469.189000,2.581000,337.821000
8259,668.453000,351.671000,3.350000,283.873000
8260,816.922000,377.861000,2.730000,311.654000
8261,714.003000,346.011000,1.861000,283.823000
8262,740.602000,419.390000,2.171000,326.922000
8263,661.124000,365.742000,3.060000,327.172000
8264,534.647000,289.373000,2.520000,261.844000
8265,540.656000,287.353000,10.590000,253.263000
8266,665.705000,335.522000,4.021000,261.285000
8267,876.180000,403.310000,18.960000,343.182000
8268,743.193000,428.910000,4.020000,331.862000
8269,779.242000,454.750000,5.690000,351.832000
8270,947.087000,397.520000,22.490000,382.151000
8271,629.355000,344.091000,8.959000,309.644000
8272,742.973000,427.830000,11.349000,371.700000
8273,627.515000,392.310000,3.901000,332.953000
8274,749.042000,429.270000,2.059000,327.392000
8275,721.913000,455.189000,5.160000,369.232000
8276,728.933000,446.039000,2.160000,374.241000
8277,697.074000,395.811000,2.680000,323.943000
8278,625.766000,360.931000,8.300000,284.763000
8279,742.112000,412.950000,9.970000,359.821000
8280,880.089000,457.359000,8.989000,378.292000
8281,780.201000,401.181000,2.739000,326.413000
8282,457.149000,204.825000,3.120000,216.745000
8283,805.221000,468.959000,2.450000,375.031000
8284,724.562000,428.081000,2.549000,341.851000
8285,757.143000,420.700000,4.250000,374.031000
8286,667.364000,430.768000,2.581000,348.612000
8287,755.502000,430.170000,3.240000,362.281000
8288,725.173000,402.041000,3.259000,318.663000
8289,553.956000,285.893000,2.060000,245.925000
8290,757.492000,312.401000,9.000000,289.684000
8291,452.259000,201.706000,7.280000,211.055000
8292,801.770000,424.670000,2.421000,367.751000
8293,618.885000,345.671000,1.429000,295.574000
8294,708.453000,412.190000,5.350000,336.293000
8295,636.014000,363.853000,1.811000,321.701000
8296,650.665000,364.841000,14.240000,297.283000
8297,666.704000,395.581000,3.430000,309.854000
8298,643.206000,365.141000,4.141000,307.332000
8299,686.074000,404.670000,3.011000,320.211000
8300,807.701000,420.240000,3.440000,389.320000
8301,839.340000,418.470000,1.870000,362.022000
8302,759.041000,432.221000,1.070000,355.023000
8303,804.501000,416.680000,6.900000,329.321000
8304,669.045000,373.681000,6.030000,297.443000
8305,735.324000,422.899000,2.000000,344.643000
8306,704.043000,416.140000,15.310000,348.283000
8307,779.552000,442.240000,2.889000,351.751000
8308,574.766000,331.102000,1.140000,275.592000
8309,777.692000,422.619000,5.720000,357.763000
8310,716.284000,342.601000,2.700000,321.403000
8311,769.772000,379.191000,1.230000,349.212000
8312,739.462000,458.519000,2.420000,375.961000
8313,656.794000,358.801000,2.371000,294.503000
8314,623.785000,371.431000,1.501000,304.781000
8315,710.024000,421.410000,1.269000,255.345000
8316,588.996000,288.732000,8.811000,262.194000
8317,702.405000,351.262000,5.540000,292.112000
8318,713.204000,391.581000,4.221000,330.752000
8319,663.324000,339.611000,8.609000,280.834000
8320,540.767000,233.114000,3.240000,231.504000
8321,722.393000,389.510000,3.640000,343.673000
8322,648.425000,347.352000,3.430000,301.652000
8323,692.354000,393.671000,1.779000,304.734000
8324,785.271000,486.248000,4.410000,360.872000
8325,738.503000,418.161000,3.840000,309.853000
8326,773.843000,392.960000,3.660000,304.602000
8327,771.642000,433.110000,1.520000,328.113000
8328,741.592000,389.471000,19.400000,329.202000
8329,697.614000,357.112000,14.669000,297.393000
8330,886.779000,436.839000,14.989000,412.951000
8331,697.774000,346.741000,2.850000,298.703000
8332,654.895000,369.382000,1.400000,311.853000
8333,643.726000,365.551000,2.509000,298.783000
8334,579.966000,335.842000,4.360000,272.244000
8335,546.998000,279.074000,12.620000,256.575000
8336,742.102000,479.610000,3.069000,347.631000
8337,733.352000,427.400000,1.450000,325.253000
8338,676.944000,348.762000,5.789000,309.682000
8339,859.320000,475.419000,2.180000,335.622000
8340,778.951000,399.371000,2.389000,348.312000
8341,758.242000,382.850000,6.649000,358.232000
8342,704.264000,368.192000,14.620000,324.622000
8343,618.454000,384.520000,6.299000,340.351000
8344,677.814000,389.701000,2.290000,324.233000
8345,762.523000,429.249000,1.331000,323.642000
8346,656.374000,344.372000,18.769000,290.854000
8347,687.473000,384.382000,3.479000,320.153000
8348,637.926000,350.292000,7.170000,302.273000
8349,722.183000,461.879000,2.811000,338.271000
8350,752.343000,369.831000,8.040000,336.692000
8351,859.750000,436.260000,9.720000,389.200000
8352,728.813000,379.772000,5.891000,337.432000
8353,659.585000,324.762000,10.190000,299.964000
8354,758.772000,458.809000,2.650000,332.502000
8355,775.613000,415.840000,16.938000,338.844000
8356,738.342000,426.710000,3.589000,345.052000
8357,639.725000,351.352000,1.831000,292.263000
8358,614.025000,336.422000,2.090000,287.904000
8359,651.964000,335.132000,1.740000,277.794000
8360,749.193000,424.301000,3.120000,396.861000
8361,739.014000,401.011000,2.090000,316.382000
8362,663.654000,394.890000,2.680000,355.682000
8363,707.854000,378.330000,5.190000,297.223000
8364,842.780000,461.939000,9.310000,400.460000
8365,680.615000,413.670000,2.070000,331.721000
8366,685.724000,411.150000,2.941000,345.220000
8367,718.123000,414.261000,2.591000,307.883000
8368,430.969000,190.565000,2.240000,184.885000
8369,523.978000,271.493000,8.390000,238.274000
8370,845.670000,380.730000,2.420000,358.971000
8371,740.453000,357.712000,1.260000,306.452000
8372,777.322000,446.949000,4.560000,382.301000
8373,692.324000,420.251000,1.689000,324.312000
8374,790.252000,492.748000,2.430000,351.192000
8375,898.728000,524.587000,4.630000,392.611000
8376,771.782000,417.990000,2.450000,332.222000
8377,787.241000,440.660000,5.870000,355.751000
8378,643.594000,344.782000,3.160000,268.394000
8379,736.412000,416.800000,3.980000,324.523000
8380,752.433000,355.061000,4.391000,324.343000
8381,741.782000,382.820000,1.771000,332.203000
8382,617.206000,292.402000,10.620000,265.204000
8383,637.526000,369.980000,2.560000,295.474000
8384,665.444000,363.932000,1.870000,273.083000
8385,560.857000,348.162000,4.139000,305.781000
8386,720.734000,422.800000,9.950000,342.312000
8387,569.186000,305.143000,2.400000,258.923000
8388,699.694000,385.350000,11.410000,339.702000
8389,589.875000,342.383000,2.400000,316.662000
8390,760.702000,385.981000,5.060000,336.333000
8391,747.392000,347.451000,5.630000,306.013000
8392,605.016000,291.652000,2.080000,285.784000
8393,728.513000,419.271000,12.378000,323.244000
8394,899.409000,503.728000,3.910000,400.101000
8395,616.475000,328.833000,1.730000,256.183000
8396,716.724000,417.950000,1.160000,309.362000
8397,842.931000,493.008000,1.149000,343.382000
8398,572.367000,310.183000,2.040000,267.334000
8399,744.402000,427.279000,9.240000,365.931000
8400,668.484000,317.792000,3.520000,280.474000
8401,833.791000,424.289000,6.430000,351.792000
8402,818.141000,477.749000,3.109000,395.101000
8403,675.334000,391.980000,3.310000,325.592000
8404,551.527000,347.583000,2.460000,313.322000
8405,638.035000,390.901000,1.270000,350.831000
8406,684.155000,384.932000,1.990000,318.282000
8407,597.077000,347.622000,2.770000,299.752000
8408,606.546000,318.003000,1.260000,252.664000
8409,639.605000,359.283000,12.800000,313.442000
8410,558.438000,239.883000,8.250000,243.535000
8411,819.830000,406.300000,11.670000,361.702000
8412,729.204000,385.341000,3.800000,313.952000
8413,663.604000,372.481000,1.550000,291.474000
8414,565.526000,268.223000,2.261000,222.494000
8415,718.823000,408.251000,1.470000,336.782000
8416,669.805000,356.332000,3.179000,344.403000
8417,887.219000,484.000000,1.701000,331.451000
8418,736.974000,412.801000,3.730000,321.772000
8419,710.774000,406.711000,2.750000,359.241000
8420,649.185000,335.383000,3.870000,289.132000
8421,721.814000,356.711000,2.020000,301.602000
8422,806.571000,457.738000,1.600000,350.273000
8423,768.082000,455.709000,3.070000,332.002000
8424,756.972000,442.200000,2.960000,357.321000
8425,753.593000,424.889000,3.240000,341.873000
8426,700.834000,368.941000,2.950000,297.022000
8427,709.673000,372.892000,1.589000,357.602000
8428,609.625000,288.353000,4.010000,256.843000
8429,732.134000,395.391000,16.940000,327.542000
8430,790.723000,379.331000,5.840000,319.023000
8431,758.832000,385.151000,3.140000,398.801000
8432,668.664000,337.743000,1.520000,283.753000
8433,649.225000,388.451000,9.530000,327.933000
8434,718.442000,411.561000,5.739000,328.332000
8435,545.097000,293.702000,2.069000,234.243000
8436,687.005000,387.901000,6.300000,331.473000
8437,641.974000,362.072000,3.080000,307.122000
8438,622.636000,318.153000,8.649000,295.283000
8439,735.562000,428.590000,3.139000,307.264000
8440,739.572000,378.800000,3.219000,344.883000
8441,730.553000,374.661000,1.410000,327.603000
8442,733.032000,375.460000,1.760000,316.003000
8443,695.353000,385.151000,2.810000,288.014000
8444,725.234000,450.849000,1.640000,341.492000
8445,559.707000,343.511000,3.400000,304.934000
8446,522.158000,244.545000,4.960000,231.964000
8447,707.382000,396.670000,6.620000,349.002000
8448,695.174000,382.271000,9.171000,332.362000
8449,754.542000,460.079000,3.309000,332.702000
8450,801.322000,405.210000,1.800000,347.792000
8451,704.234000,370.911000,1.689000,339.862000
8452,743.143000,394.991000,2.061000,321.321000
8453,774.392000,465.089000,6.609000,383.991000
8454,642.395000,333.123000,7.920000,279.173000
8455,709.284000,423.200000,2.219000,315.663000
8456,738.041000,443.620000,1.459000,354.863000
8457,792.591000,482.768000,2.010000,346.432000
8458,698.783000,386.831000,2.310000,327.823000
8459,657.174000,380.962000,1.741000,288.772000
8460,831.130000,459.648000,4.781000,389.150000
8461,921.098000,421.000000,14.890000,371.301000
8462,607.065000,293.074000,3.850000,250.734000
8463,676.844000,367.171000,4.740000,307.283000
8464,728.342000,383.360000,4.470000,310.764000
8465,863.320000,461.339000,5.811000,373.142000
8466,716.403000,358.201000,20.900000,316.813000
8467,771.192000,438.580000,3.709000,343.532000
8468,705.784000,400.471000,12.620000,324.792000
8469,558.647000,281.055000,8.470000,267.154000
8470,825.971000,413.790000,4.110000,363.032000
8471,781.012000,371.551000,2.210000,320.011000
8472,553.938000,279.423000,3.040000,246.844000
8473,779.361000,396.960000,5.920000,335.193000
8474,711.802000,433.851000,2.850000,345.472000
8475,673.884000,407.251000,1.579000,310.664000
8476,750.762000,427.380000,1.690000,323.862000
8477,711.042000,395.510000,8.920000,328.843000
8478,807.212000,420.930000,2.220000,292.922000
8479,751.822000,421.851000,1.320000,325.252000
8480,635.835000,326.341000,1.730000,328.012000
8481,792.881000,402.731000,8.989000,338.932000
8482,586.797000,302.832000,7.211000,268.964000
8483,501.368000,239.004000,10.959000,239.865000
8484,630.525000,348.911000,4.931000,302.963000
8485,829.500000,526.978000,2.599000,373.822000
8486,792.332000,414.080000,3.130000,313.534000
8487,807.251000,457.039000,3.651000,348.721000
8488,682.235000,374.321000,4.070000,316.042000
8489,721.774000,392.120000,3.720000,310.242000
8490,621.965000,300.643000,2.310000,276.213000
8491,819.590000,410.090000,2.301000,370.121000
8492,799.362000,411.190000,1.730000,338.432000
8493,704.963000,391.420000,3.380000,321.902000
8494,744.713000,499.378000,2.469000,358.082000
8495,770.733000,444.699000,3.451000,328.152000
8496,687.643000,415.099000,2.070000,314.412000
8497,711.572000,424.950000,10.669000,379.150000
8498,490.219000,248.694000,8.870000,212.965000
8499,639.034000,376.782000,3.260000,319.082000
8500,696.394000,306.372000,1.741000,279.944000
8501,679.993000,347.223000,4.530000,316.412000
8502,704.354000,345.272000,19.359000,319.642000
8503,702.604000,386.071000,3.150000,312.262000
8504,749.872000,464.009000,2.550000,355.162000
8505,850.750000,518.536000,2.260000,367.362000
8506,638.855000,338.983000,2.270000,282.523000
8507,819.691000,473.679000,19.960000,383.181000
8508,434.531000,218.865000,3.219000,173.956000
8509,530.227000,271.004000,3.260000,223.605000
8510,845.969000,369.381000,4.730000,339.782000
8511,690.363000,348.101000,6.040000,317.662000
8512,702.234000,344.242000,1.970000,328.734000
8513,650.655000,374.671000,6.530000,328.632000
8514,784.831000,459.249000,5.000000,353.652000
8515,692.364000,404.350000,6.530000,306.433000
8516,620.055000,319.702000,17.570000,319.862000
8517,830.110000,504.848000,3.330000,317.163000
8518,794.781000,464.229000,2.980000,352.361000
8519,714.643000,395.401000,1.369000,303.664000
8520,664.934000,302.253000,2.760000,284.474000
8521,649.655000,297.582000,5.510000,274.225000
8522,795.861000,403.951000,3.010000,329.041000
8523,540.807000,303.373000,11.700000,253.444000
8524,766.322000,436.319000,6.249000,345.152000
8525,745.623000,418.039000,3.960000,320.643000
8526,656.154000,357.051000,1.720000,304.583000
8527,869.120000,492.309000,20.899000,441.439000
8528,669.434000,357.472000,7.329000,279.764000
8529,538.507000,264.234000,6.769000,244.185000
8530,689.284000,329.763000,14.750000,312.571000
8531,741.234000,366.871000,4.660000,315.552000
8532,852.060000,432.699000,2.231000,338.581000
8533,641.976000,334.082000,18.929000,285.854000
8534,783.172000,477.029000,3.020000,352.561000
8535,689.364000,361.761000,3.431000,293.273000
8536,804.541000,492.248000,1.960000,364.771000
8537,729.233000,411.651000,1.400000,302.222000
8538,789.161000,413.031000,3.750000,313.534000
8539,813.540000,531.616000,5.920000,377.771000
8540,827.431000,410.120000,43.418000,328.982000
8541,587.196000,287.514000,1.710000,259.713000
8542,733.724000,413.031000,2.600000,350.331000
8543,687.694000,384.131000,2.020000,343.751000
8544,699.894000,390.571000,1.650000,295.223000
8545,530.348000,269.033000,4.499000,228.214000
8546,767.402000,411.190000,12.600000,338.562000
8547,712.933000,369.721000,3.490000,292.294000
8548,949.537000,527.518000,1.911000,365.202000
8549,903.108000,469.220000,22.070000,346.622000
8550,575.136000,267.404000,5.070000,274.384000
8551,703.283000,353.533000,3.240000,313.962000
8552,554.797000,227.905000,8.179000,210.475000
8553,663.024000,359.182000,2.109000,293.673000
8554,689.364000,411.371000,1.350000,332.733000
8555,722.593000,460.508000,20.449000,382.460000
8556,688.713000,411.190000,3.230000,360.551000
8557,677.864000,379.711000,1.689000,321.423000
8558,628.814000,343.282000,1.720000,284.803000
8559,737.213000,398.881000,14.590000,340.212000
8560,634.204000,265.034000,11.579000,272.543000
8561,643.305000,293.484000,17.570000,286.023000
8562,690.634000,363.461000,2.901000,306.362000
8563,660.714000,373.252000,3.501000,315.132000
8564,810.981000,494.688000,2.850000,361.413000
8565,771.372000,439.380000,3.810000,349.112000
8566,886.790000,488.677000,18.700000,403.290000
8567,703.393000,426.021000,3.900000,353.442000
8568,713.794000,391.822000,2.780000,330.782000
8569,671.165000,376.292000,2.080000,291.003000
8570,846.620000,408.780000,1.980000,371.340000
8571,750.232000,382.782000,6.210000,340.782000
8572,432.780000,197.995000,1.590000,177.946000
8573,713.082000,396.720000,1.930000,314.003000
8574,691.953000,379.441000,1.830000,293.864000
8575,690.754000,360.970000,14.340000,294.793000
8576,764.223000,421.560000,3.290000,338.181000
8577,746.711000,370.801000,21.379000,310.133000
8578,665.515000,373.341000,6.460000,321.562000
8579,766.142000,446.189000,9.500000,349.501000
8580,773.701000,427.270000,3.181000,359.541000
8581,737.523000,387.192000,3.290000,323.662000
8582,629.275000,384.711000,8.770000,352.191000
8583,604.926000,318.013000,2.670000,259.143000
8584,785.473000,447.919000,1.720000,320.143000
8585,795.021000,412.330000,14.460000,340.361000
8586,742.393000,423.650000,3.310000,351.902000
8587,740.713000,411.500000,2.369000,347.072000
8588,829.301000,478.869000,1.871000,350.711000
8589,756.133000,410.949000,6.720000,341.892000
8590,726.413000,307.832000,19.920000,299.883000
8591,846.191000,423.291000,2.940000,360.601000
8592,665.254000,346.563000,2.580000,294.613000
8593,639.616000,386.520000,2.640000,320.012000
8594,477.628000,253.964000,2.061000,218.534000
8595,638.865000,341.721000,6.790000,290.964000
8596,672.765000,363.111000,2.220000,328.001000
8597,636.116000,363.111000,3.440000,297.443000
8598,852.561000,543.727000,2.371000,362.972000
8599,773.273000,460.828000,2.379000,350.573000
8600,762.602000,401.990000,1.550000,371.141000
8601,601.747000,283.952000,2.951000,257.444000
8602,735.602000,390.611000,2.520000,314.483000
8603,719.942000,407.330000,8.849000,338.553000
8604,616.426000,314.763000,1.860000,267.843000
8605,772.722000,409.010000,9.630000,318.072000
8606,577.455000,332.783000,2.341000,288.512000
8607,834.831000,508.338000,3.190000,424.910000
8608,717.952000,358.661000,13.030000,313.572000
8609,519.297000,253.624000,12.020000,229.725000
8610,670.665000,331.222000,4.070000,292.923000
8611,721.122000,332.893000,1.610000,288.072000
8612,652.505000,321.482000,1.770000,338.833000
8613,673.694000,367.912000,2.030000,295.132000
8614,798.331000,466.790000,15.079000,372.972000
8615,828.751000,454.590000,4.620000,341.271000
8616,651.725000,360.422000,8.570000,306.873000
8617,699.442000,422.490000,2.400000,324.473000
8618,626.846000,376.712000,9.649000,311.263000
8619,749.742000,407.671000,9.700000,333.673000
8620,569.437000,275.373000,4.530000,255.703000
8621,856.420000,412.200000,3.651000,340.862000
8622,779.532000,425.670000,1.920000,336.842000
8623,650.075000,353.961000,0.980000,273.693000
8624,707.423000,429.839000,1.280000,332.513000
8625,652.295000,382.681000,3.259000,289.442000
8626,701.353000,388.681000,2.170000,322.331000
8627,719.233000,430.779000,2.880000,362.982000
8628,752.153000,416.561000,2.080000,310.582000
8629,733.472000,432.580000,14.020000,376.642000
8630,591.007000,274.534000,41.758000,289.073000
8631,531.167000,289.403000,4.059000,257.554000
8632,793.311000,429.740000,2.470000,343.651000
8633,604.545000,349.682000,5.019000,281.844000
8634,667.314000,398.600000,2.520000,295.754000
8635,796.221000,438.509000,16.971000,337.211000
8636,650.525000,376.491000,3.710000,289.592000
8637,511.289000,273.894000,14.789000,242.324000
8638,343.092000,243.103000,9.079000,250.624000
8639,661.534000,362.232000,4.690000,294.303000
8640,603.635000,305.953000,3.189000,309.002000
8641,670.224000,331.722000,2.020000,303.963000
8642,771.472000,421.261000,19.509000,361.391000
8643,582.736000,333.273000,4.790000,279.193000
8644,773.603000,453.758000,2.019000,333.534000
8645,527.537000,275.283000,5.300000,273.353000
8646,902.019000,566.486000,2.701000,398.460000
8647,840.820000,492.488000,6.440000,394.170000
8648,731.753000,434.230000,3.440000,338.201000
8649,651.225000,362.511000,2.309000,289.514000
8650,540.407000,266.474000,2.570000,257.173000
8651,481.449000,243.084000,13.300000,248.625000
8652,691.652000,353.831000,4.070000,312.793000
8653,692.693000,393.572000,7.560000,337.902000
8654,758.542000,458.890000,4.291000,349.231000
8655,698.734000,399.160000,2.900000,338.171000
8656,538.098000,301.462000,1.510000,270.594000
8657,753.652000,410.090000,1.200000,311.012000
8658,758.112000,360.302000,10.331000,306.642000
8659,734.103000,411.760000,3.450000,305.333000
8660,612.955000,285.492000,2.090000,308.224000
8661,807.882000,421.610000,1.751000,344.771000
8662,652.965000,367.360000,1.450000,320.232000
8663,692.675000,405.600000,1.480000,315.123000
8664,571.135000,291.682000,4.850000,248.345000
8665,793.241000,468.659000,2.170000,347.541000
8666,806.800000,443.290000,1.600000,324.202000
8667,584.827000,321.862000,1.410000,262.174000
8668,666.073000,376.563000,9.331000,297.452000
8669,729.043000,420.349000,2.551000,335.063000
8670,778.342000,387.812000,2.261000,337.942000
8671,702.584000,326.322000,4.040000,298.664000
8672,825.771000,431.220000,18.870000,382.521000
8673,676.284000,382.572000,3.939000,298.433000
8674,570.258000,302.143000,6.460000,266.684000
8675,477.269000,269.563000,3.581000,263.744000
8676,730.552000,412.500000,6.040000,337.502000
8677,787.781000,461.538000,3.550000,381.792000
8678,740.622000,418.530000,5.011000,331.742000
8679,717.883000,380.190000,6.080000,325.152000
8680,664.425000,343.522000,2.440000,327.482000
8681,627.265000,301.284000,1.979000,284.194000
8682,862.899000,495.339000,1.860000,368.871000
8683,763.382000,422.360000,2.290000,322.532000
8684,770.922000,441.590000,1.870000,337.872000
8685,808.491000,430.829000,5.831000,335.072000
8686,810.700000,410.840000,4.131000,412.680000
8687,758.872000,458.617000,6.489000,347.783000
8688,768.461000,409.220000,5.770000,329.742000
8689,733.543000,438.410000,1.899000,335.522000
8690,704.394000,350.081000,1.890000,308.903000
8691,566.655000,313.253000,1.731000,276.493000
8692,633.685000,331.843000,20.110000,311.653000
8693,790.452000,453.288000,9.730000,355.872000
8694,526.627000,267.003000,2.760000,252.534000
8695,848.699000,418.380000,5.210000,326.773000
8696,753.642000,428.160000,2.831000,345.832000
8697,709.664000,350.832000,19.860000,293.562000
8698,771.153000,439.870000,3.190000,337.451000
8699,659.125000,374.991000,4.140000,324.562000
8700,650.095000,330.993000,2.990000,293.613000
8701,656.605000,347.932000,1.680000,299.533000
8702,644.876000,354.182000,6.260000,328.861000
8703,824.241000,512.399000,14.430000,380.082000
8704,771.791000,459.270000,13.899000,365.172000
8705,690.294000,422.629000,3.381000,350.382000
8706,590.155000,322.372000,1.429000,248.205000
8707,660.475000,359.621000,3.120000,279.343000
8708,769.742000,412.891000,14.640000,352.022000
8709,684.394000,388.521000,4.291000,329.331000
8710,541.777000,244.424000,5.370000,233.644000
8711,688.803000,372.711000,2.870000,298.413000
8712,773.082000,404.490000,16.540000,356.192000
8713,760.363000,407.211000,2.379000,350.192000
8714,550.097000,328.303000,2.400000,319.821000
8715,476.760000,231.095000,1.500000,205.705000
8716,500.698000,257.104000,2.260000,233.275000
8717,687.814000,363.401000,1.340000,289.092000
8718,587.886000,329.182000,5.469000,297.323000
8719,627.414000,332.253000,7.870000,296.562000
8720,753.672000,317.363000,11.970000,305.702000
8721,827.421000,420.431000,2.390000,393.050000
8722,951.387000,660.644000,6.080000,387.760000
8723,868.970000,509.408000,2.320000,380.171000
8724,836.960000,475.778000,4.960000,360.561000
8725,563.098000,295.793000,3.859000,289.944000
8726,708.553000,410.280000,6.429000,348.392000
8727,686.673000,383.541000,3.049000,309.113000
8728,674.055000,396.381000,2.710000,282.073000
8729,613.195000,341.372000,1.490000,279.322000
8730,880.960000,402.660000,11.790000,441.099000
8731,700.373000,304.603000,5.680000,298.292000
8732,750.233000,396.371000,3.170000,317.572000
8733,691.444000,411.860000,2.790000,323.982000
8734,774.742000,447.561000,1.709000,349.522000
8735,707.694000,412.261000,1.980000,306.682000
8736,849.040000,427.500000,22.340000,351.191000
8737,762.583000,409.380000,4.489000,337.192000
8738,801.251000,446.580000,3.580000,337.491000
8739,616.195000,340.412000,4.760000,301.794000
8740,699.975000,322.361000,3.231000,306.853000
8741,766.212000,381.251000,1.870000,313.012000
8742,875.580000,405.350000,12.300000,329.123000
8743,731.313000,434.130000,1.970000,321.502000
8744,786.571000,475.768000,1.379000,332.472000
8745,710.304000,391.391000,9.110000,314.282000
8746,546.148000,287.682000,2.260000,237.144000
8747,817.480000,464.999000,1.019000,327.042000
8748,717.723000,367.531000,19.670000,311.313000
8749,812.061000,492.979000,3.330000,367.921000
8750,728.823000,358.261000,3.080000,328.312000
8751,695.635000,338.582000,3.411000,314.233000
8752,795.121000,449.769000,2.120000,347.001000
8753,647.764000,347.041000,4.970000,284.584000
8754,776.751000,523.918000,2.190000,366.471000
8755,617.946000,312.812000,2.430000,359.632000
8756,528.077000,264.034000,6.931000,248.044000
8757,802.530000,434.040000,11.180000,345.352000
8758,507.648000,260.234000,2.910000,230.655000
8759,791.771000,438.899000,2.430000,322.302000
8760,750.512000,364.852000,1.550000,318.712000
8761,711.443000,347.081000,1.340000,332.442000
8762,818.241000,427.160000,4.340000,376.202000
8763,683.555000,357.092000,4.440000,320.593000
8764,498.768000,240.446000,3.791000,245.205000
8765,632.516000,332.002000,5.459000,276.523000
8766,590.657000,313.753000,10.131000,278.534000
8767,701.503000,403.961000,3.889000,318.034000
8768,568.066000,294.133000,3.790000,248.434000
8769,498.729000,237.214000,3.870000,203.785000
8770,778.591000,361.302000,6.680000,350.591000
8771,581.946000,263.525000,1.800000,286.953000
8772,710.264000,364.832000,3.550000,333.682000
8773,752.143000,406.391000,1.580000,356.861000
8774,654.525000,337.132000,1.320000,277.924000
8775,533.836000,263.084000,2.529000,236.705000
8776,689.224000,398.531000,1.379000,285.165000
8777,948.667000,432.270000,3.040000,352.362000
8778,842.319000,443.840000,2.170000,317.243000
8779,847.450000,510.678000,3.200000,409.250000
8780,585.835000,332.492000,1.859000,307.714000
8781,675.603000,371.791000,3.070000,314.483000
8782,695.923000,372.302000,1.760000,307.082000
8783,572.876000,287.683000,6.000000,247.794000
8784,660.844000,381.011000,1.780000,329.112000
8785,836.950000,502.098000,2.360000,394.531000
8786,729.564000,422.470000,6.970000,331.682000
8787,765.782000,459.879000,3.880000,339.272000
8788,570.677000,316.552000,3.620000,269.864000
8789,808.251000,494.168000,1.600000,364.873000
8790,676.984000,358.473000,3.251000,316.851000
8791,573.037000,238.434000,13.400000,237.015000
8792,782.721000,418.830000,2.120000,318.552000
8793,727.694000,359.191000,13.560000,295.733000
8794,760.082000,423.190000,3.040000,393.661000
8795,688.354000,363.291000,6.460000,318.653000
8796,823.611000,522.217000,4.260000,444.750000
8797,734.382000,425.710000,1.511000,318.122000
8798,772.131000,465.719000,3.290000,350.522000
8799,788.871000,473.968000,1.960000,352.692000
8800,788.822000,389.560000,2.190000,334.431000
8801,601.235000,282.624000,1.940000,285.153000
8802,592.906000,307.493000,1.580000,251.674000
8803,760.332000,431.780000,1.440000,345.891000
8804,798.960000,497.069000,1.331000,364.831000
8805,772.011000,444.679000,1.351000,386.120000
8806,662.024000,369.541000,10.420000,322.412000
8807,773.023000,530.597000,4.741000,401.371000
8808,605.016000,331.062000,2.120000,247.244000
8809,661.554000,374.930000,0.990000,304.434000
8810,606.146000,338.481000,2.110000,294.563000
8811,720.703000,458.150000,1.450000,383.121000
8812,793.751000,417.950000,1.730000,319.782000
8813,804.891000,484.539000,2.430000,334.492000
8814,591.437000,302.702000,3.200000,274.954000
8815,888.528000,432.799000,11.021000,398.991000
8816,754.103000,397.661000,2.690000,379.781000
8817,824.971000,439.019000,4.680000,378.851000
8818,939.357000,514.128000,3.180000,367.392000
8819,767.402000,464.709000,11.290000,356.661000
8820,780.092000,412.301000,4.291000,329.202000
8821,727.782000,408.661000,2.200000,329.013000
8822,800.411000,449.638000,1.701000,366.611000
8823,563.847000,287.134000,1.261000,243.853000
8824,832.131000,488.218000,6.489000,373.751000
8825,799.612000,446.880000,2.320000,368.101000
8826,795.741000,437.709000,3.540000,355.211000
8827,689.883000,381.490000,1.939000,311.574000
8828,523.707000,254.504000,3.740000,235.285000
8829,771.151000,435.280000,10.889000,373.431000
8830,791.372000,372.161000,3.400000,325.443000
8831,706.235000,364.212000,1.440000,339.642000
8832,757.953000,401.791000,4.230000,331.241000
8833,678.355000,393.151000,3.160000,309.043000
8834,594.475000,284.112000,9.540000,246.155000
8835,580.186000,357.842000,5.330000,305.883000
8836,656.665000,355.491000,8.010000,285.224000
8837,646.425000,349.412000,1.970000,280.192000
8838,526.918000,324.582000,1.189000,275.654000
8839,987.177000,525.748000,16.958000,393.461000
8840,747.222000,365.351000,5.060000,317.513000
8841,805.271000,401.931000,2.091000,334.581000
8842,753.662000,417.230000,9.870000,379.521000
8843,712.264000,419.920000,2.700000,381.841000
8844,738.372000,475.029000,2.680000,340.752000
8845,748.354000,427.101000,1.970000,337.632000
8846,720.572000,429.220000,3.970000,343.323000
8847,417.920000,183.415000,2.739000,175.796000
8848,935.247000,534.198000,8.099000,391.970000
8849,875.688000,513.488000,3.460000,384.381000
8850,679.325000,341.622000,4.141000,316.383000
8851,694.374000,356.781000,2.530000,304.154000
8852,730.452000,391.800000,0.930000,308.484000
8853,698.125000,372.701000,5.030000,349.812000
8854,761.752000,427.870000,4.251000,325.052000
8855,861.909000,438.350000,12.310000,400.000000
8856,750.473000,397.360000,8.070000,311.412000
8857,791.121000,483.458000,10.540000,373.001000
8858,710.643000,399.160000,5.770000,312.423000
8859,767.972000,421.060000,3.360000,331.152000
8860,777.532000,376.541000,3.200000,348.713000
8861,742.832000,382.111000,6.220000,352.001000
8862,825.510000,452.950000,5.910000,353.222000
8863,787.642000,555.696000,2.250000,365.210000
8864,684.934000,396.271000,1.370000,308.943000
8865,725.073000,393.601000,1.470000,314.722000
8866,610.845000,321.984000,2.299000,274.054000
8867,748.543000,462.729000,3.480000,416.890000
8868,750.223000,432.889000,1.920000,306.783000
8869,785.131000,460.639000,3.459000,331.093000
8870,687.073000,349.693000,4.701000,301.692000
8871,724.344000,356.380000,11.509000,329.401000
8872,792.852000,455.809000,13.730000,370.091000
8873,790.201000,450.309000,3.061000,338.661000
8874,769.371000,412.040000,8.490000,330.912000
8875,578.987000,333.091000,1.960000,286.565000
8876,819.811000,508.327000,1.061000,379.030000
8877,534.288000,242.853000,2.750000,222.334000
8878,819.051000,480.379000,4.550000,382.001000
8879,587.796000,309.093000,2.910000,262.414000
8880,612.146000,265.044000,16.249000,278.273000
8881,815.611000,419.910000,2.840000,355.702000
8882,616.496000,322.963000,4.530000,277.613000
8883,736.913000,426.520000,2.490000,316.472000
8884,661.285000,387.991000,13.049000,376.181000
8885,762.882000,457.770000,1.850000,342.111000
8886,543.278000,275.703000,1.710000,237.604000
8887,694.654000,415.401000,3.031000,314.321000
8888,742.893000,415.980000,2.220000,322.862000
8889,707.054000,371.011000,1.870000,303.032000
8890,810.520000,377.201000,4.760000,345.012000
8891,675.035000,303.353000,9.369000,283.274000
8892,687.814000,401.121000,3.300000,352.851000
8893,765.762000,421.460000,1.800000,383.411000
8894,658.794000,341.091000,2.480000,268.864000
8895,830.131000,476.499000,4.430000,354.371000
8896,702.463000,369.692000,16.218000,354.592000
8897,695.123000,418.390000,3.830000,307.733000
8898,796.882000,474.039000,2.360000,348.401000
8899,713.533000,432.190000,6.190000,312.723000
8900,676.745000,342.841000,7.650000,317.133000
8901,766.651000,392.240000,3.050000,345.292000
8902,624.356000,329.012000,2.520000,278.423000
8903,816.831000,457.890000,1.379000,343.082000
8904,692.764000,370.891000,1.910000,316.893000
8905,785.171000,449.710000,1.670000,347.201000
8906,710.312000,381.642000,2.110000,297.002000
8907,652.825000,345.782000,5.189000,288.903000
8908,656.855000,350.671000,3.070000,292.043000
8909,705.744000,380.830000,2.821000,311.012000
8910,729.053000,350.132000,8.650000,314.343000
8911,589.216000,271.043000,5.300000,242.495000
8912,631.035000,313.343000,5.011000,264.444000
8913,790.262000,438.389000,4.150000,351.982000
8914,746.302000,431.000000,7.140000,343.862000
8915,687.603000,396.270000,4.070000,302.382000
8916,759.123000,426.209000,2.840000,316.952000
8917,789.131000,419.171000,9.390000,487.669000
8918,712.782000,395.980000,3.031000,351.433000
8919,850.119000,451.669000,8.840000,345.491000
8920,673.075000,338.542000,4.640000,326.353000
8921,758.571000,367.461000,8.539000,324.193000
8922,648.264000,378.421000,11.109000,335.082000
8923,785.841000,453.170000,3.460000,345.281000
8924,717.804000,432.630000,1.520000,375.721000
8925,768.582000,414.621000,2.440000,328.032000
8926,704.433000,358.012000,10.459000,310.892000
8927,656.664000,388.731000,2.880000,309.073000
8928,786.221000,457.860000,2.700000,393.091000
8929,682.123000,428.220000,1.569000,329.094000
8930,695.953000,352.741000,5.020000,373.901000
8931,624.546000,287.284000,5.830000,326.982000
8932,863.161000,454.019000,7.920000,440.280000
8933,644.533000,362.412000,2.690000,288.823000
8934,701.215000,420.870000,3.810000,346.801000
8935,803.611000,449.950000,3.149000,335.272000
8936,593.866000,315.473000,1.970000,253.564000
8937,727.202000,329.822000,12.059000,281.735000
8938,619.086000,325.252000,5.570000,269.385000
8939,691.184000,426.081000,1.899000,306.264000
8940,729.322000,375.771000,8.340000,327.543000
8941,548.196000,251.535000,3.139000,227.665000
8942,774.552000,434.690000,2.019000,344.181000
8943,599.816000,324.502000,5.190000,275.574000
8944,684.604000,421.590000,4.730000,324.842000
8945,768.902000,485.869000,5.590000,355.492000
8946,617.985000,353.732000,3.341000,278.373000
8947,749.651000,434.579000,5.040000,325.783000
8948,658.154000,367.032000,5.231000,310.542000
8949,729.492000,382.732000,4.800000,336.122000
8950,626.216000,255.064000,6.689000,250.495000
8951,777.792000,372.201000,2.020000,323.353000
8952,535.867000,249.025000,3.530000,224.145000
8953,487.069000,263.393000,3.340000,237.374000
8954,884.270000,560.276000,3.640000,381.651000
8955,707.063000,413.910000,4.320000,323.612000
8956,778.861000,467.439000,2.850000,380.700000
8957,532.797000,257.953000,2.380000,221.005000
8958,713.964000,364.592000,18.999000,310.673000
8959,787.662000,446.089000,2.969000,358.413000
8960,908.539000,412.530000,2.240000,381.231000
8961,660.274000,305.083000,2.171000,281.473000
8962,630.436000,307.323000,1.560000,254.834000
8963,701.574000,395.430000,1.280000,295.752000
8964,569.886000,347.473000,1.030000,278.023000
8965,790.742000,460.868000,6.090000,340.262000
8966,676.513000,395.531000,2.110000,293.013000
8967,566.246000,319.473000,1.910000,259.843000
8968,417.020000,232.695000,18.219000,260.485000
8969,770.401000,452.079000,2.680000,351.102000
8970,511.028000,218.615000,7.040000,208.555000
8971,720.792000,365.332000,1.979000,330.763000
8972,696.333000,371.763000,1.220000,312.362000
8973,410.870000,244.284000,1.110000,220.375000
8974,693.423000,410.870000,5.231000,324.262000
8975,768.982000,463.580000,3.980000,338.211000
8976,678.824000,369.261000,1.670000,288.564000
8977,540.747000,281.252000,1.769000,255.494000
8978,716.554000,402.650000,2.010000,314.573000
8979,689.915000,429.719000,1.371000,333.862000
8980,853.740000,387.931000,8.160000,362.491000
8981,742.282000,344.782000,2.840000,302.953000
8982,746.762000,401.970000,4.490000,324.022000
8983,703.864000,390.730000,4.091000,319.242000
8984,627.056000,366.281000,1.350000,302.004000
8985,615.814000,355.312000,3.660000,303.462000
8986,904.868000,521.638000,2.421000,364.452000
8987,733.562000,356.991000,8.261000,314.383000
8988,618.906000,326.032000,2.890000,272.864000
8989,755.571000,430.880000,1.480000,333.963000
8990,725.744000,341.592000,1.660000,313.403000
8991,691.072000,356.721000,11.070000,331.293000
8992,829.550000,467.830000,3.410000,349.862000
8993,713.503000,443.529000,1.551000,318.374000
8994,656.234000,352.291000,2.340000,288.104000
8995,708.964000,401.160000,2.211000,337.402000
8996,576.657000,297.123000,4.890000,268.794000
8997,764.672000,429.480000,1.889000,345.412000
8998,756.783000,421.290000,4.070000,330.762000
8999,684.844000,403.661000,2090.440000,447.110000
9000,716.423000,359.952000,4.569000,324.502000
9001,822.200000,462.140000,13.540000,365.281000
9002,799.461000,401.851000,14.190000,326.442000
9003,844.260000,495.569000,6.520000,379.321000
9004,604.585000,383.241000,2.490000,314.312000
9005,664.584000,364.460000,2.560000,316.613000
9006,733.803000,419.360000,4.870000,325.183000
9007,695.993000,418.460000,20.770000,335.811000
9008,754.773000,430.150000,3.171000,341.171000
9009,588.796000,310.443000,6.889000,282.734000
9010,552.516000,235.935000,4.510000,237.894000
9011,748.033000,377.362000,1.699000,324.083000
9012,727.052000,421.020000,5.360000,348.642000
9013,547.427000,327.702000,2.160000,291.754000
9014,579.626000,405.220000,1.280000,308.743000
9015,721.394000,450.930000,3.091000,353.111000
9016,777.121000,426.620000,3.419000,339.672000
9017,739.103000,406.150000,3.760000,315.243000
9018,715.524000,403.201000,1.471000,317.441000
9019,787.462000,455.979000,1.750000,334.062000
9020,706.953000,401.180000,2.530000,317.263000
9021,791.961000,397.721000,5.699000,365.381000
9022,688.774000,381.551000,5.140000,321.362000
9023,643.895000,346.923000,3.619000,296.472000
9024,633.615000,356.582000,3.240000,288.502000
9025,645.005000,362.361000,5.130000,296.962000
9026,667.684000,364.271000,1.860000,292.184000
9027,854.879000,496.707000,1.680000,359.502000
9028,818.272000,441.299000,1.770000,407.480000
9029,626.334000,315.144000,8.240000,287.092000
9030,648.515000,326.712000,4.590000,319.993000
9031,745.572000,416.560000,2.170000,330.422000
9032,694.874000,373.431000,6.860000,329.472000
9033,581.708000,332.712000,10.339000,303.923000
9034,652.995000,387.642000,11.830000,303.733000
9035,657.775000,369.751000,1.739000,286.593000
9036,730.533000,397.231000,0.990000,304.212000
9037,809.061000,472.739000,4.450000,395.861000
9038,715.844000,395.291000,11.970000,333.432000
9039,725.002000,412.360000,2.300000,353.602000
9040,640.196000,303.374000,3.470000,284.343000
9041,817.581000,392.490000,1.341000,345.751000
9042,649.375000,338.902000,1.229000,289.053000
9043,735.943000,423.701000,1.809000,349.082000
9044,674.955000,365.652000,6.150000,349.582000
9045,600.035000,315.063000,3.051000,253.663000
9046,590.746000,325.813000,1.339000,257.665000
9047,492.778000,263.533000,2.851000,250.024000
9048,666.914000,346.643000,5.000000,292.963000
9049,704.165000,342.312000,5.330000,287.733000
9050,859.591000,421.081000,2.669000,362.932000
9051,866.490000,398.121000,16.729000,384.220000
9052,777.892000,419.350000,16.460000,378.941000
9053,625.355000,355.331000,3.630000,327.273000
9054,708.383000,361.233000,14.090000,323.082000
9055,779.492000,429.930000,14.950000,359.821000
9056,712.713000,409.151000,4.130000,334.292000
9057,564.087000,309.233000,2.310000,256.824000
9058,712.324000,415.950000,1.520000,322.352000
9059,602.915000,289.343000,7.800000,253.914000
9060,857.990000,398.980000,3.680000,361.323000
9061,620.766000,340.792000,5.679000,321.462000
9062,512.198000,231.985000,8.020000,221.854000
9063,782.102000,435.630000,2.410000,336.442000
9064,775.902000,483.439000,2.611000,344.131000
9065,798.581000,493.008000,2.631000,359.761000
9066,717.424000,375.690000,5.360000,308.802000
9067,738.894000,430.880000,2.180000,359.621000
9068,417.770000,210.215000,8.920000,190.906000
9069,709.224000,429.179000,2.300000,369.770000
9070,738.903000,366.740000,3.309000,348.542000
9071,637.096000,327.673000,2.040000,286.293000
9072,584.525000,302.843000,1.540000,284.943000
9073,541.778000,312.082000,2.070000,284.954000
9074,892.518000,448.660000,14.130000,364.442000
9075,556.248000,332.541000,5.800000,313.123000
9076,672.993000,381.921000,4.000000,314.993000
9077,783.552000,444.110000,13.439000,382.611000
9078,828.392000,549.626000,2.390000,375.161000
9079,548.597000,270.214000,1.150000,245.915000
9080,719.634000,371.400000,2.420000,331.871000
9081,811.461000,420.930000,3.059000,356.582000
9082,770.003000,415.381000,1.971000,329.491000
9083,681.384000,390.201000,4.460000,318.261000
9084,687.055000,416.700000,4.529000,352.731000
9085,665.304000,351.132000,2.750000,300.363000
9086,505.727000,241.625000,5.350000,237.954000
9087,682.043000,386.882000,2.380000,299.252000
9088,860.280000,637.945000,5.640000,351.912000
9089,706.793000,366.102000,5.830000,292.033000
9090,743.614000,353.171000,6.330000,343.302000
9091,788.992000,402.331000,3.110000,333.402000
9092,705.303000,388.141000,3.270000,325.553000
9093,619.155000,388.180000,3.320000,351.622000
9094,623.665000,398.871000,5.710000,311.513000
9095,556.156000,305.522000,4.560000,279.474000
9096,781.561000,460.629000,3.389000,374.020000
9097,761.011000,443.579000,1.830000,333.972000
9098,751.033000,407.910000,1.300000,319.672000
9099,532.608000,266.233000,3.480000,227.415000
9100,829.541000,382.851000,8.809000,351.152000
9101,799.721000,438.000000,2.430000,343.802000
9102,676.214000,375.740000,1.680000,327.802000
9103,770.472000,384.201000,8.830000,316.004000
9104,586.976000,302.182000,3.379000,260.784000
9105,718.634000,395.001000,3.669000,310.632000
9106,551.428000,302.103000,1.630000,276.504000
9107,371.722000,181.516000,2.770000,174.606000
9108,813.111000,448.459000,10.490000,344.062000
9109,699.054000,393.691000,2.230000,328.712000
9110,612.805000,257.962000,2.650000,252.145000
9111,780.682000,381.201000,2.310000,369.802000
9112,690.783000,388.281000,4.800000,314.233000
9113,777.092000,480.149000,9.340000,412.760000
9114,507.337000,245.254000,3.449000,235.585000
9115,805.651000,442.489000,2.261000,363.841000
9116,547.656000,276.253000,7.010000,240.605000
9117,829.269000,480.109000,3.660000,357.322000
9118,742.783000,446.579000,3.109000,318.063000
9119,678.614000,368.551000,1.499000,308.293000
9120,682.464000,318.741000,1.470000,320.184000
9121,707.912000,362.581000,2.779000,301.123000
9122,751.342000,407.120000,2.150000,343.402000
9123,791.592000,462.969000,4.120000,352.102000
9124,757.492000,476.749000,6.559000,353.222000
9125,665.975000,380.331000,3.630000,319.322000
9126,627.826000,389.531000,1.630000,314.773000
9127,627.046000,309.602000,1.299000,260.815000
9128,659.935000,394.110000,1.920000,297.172000
9129,675.695000,383.270000,1.680000,318.972000
9130,623.066000,284.422000,2.980000,267.314000
9131,780.482000,383.971000,13.390000,369.982000
9132,685.335000,359.791000,3.500000,304.453000
9133,724.153000,425.690000,2.400000,343.963000
9134,649.254000,372.643000,2.219000,305.453000
9135,622.636000,379.570000,2.291000,315.803000
9136,645.913000,446.759000,1.240000,343.692000
9137,862.679000,465.200000,1.260000,330.782000
9138,728.743000,370.671000,5.209000,303.184000
9139,498.999000,256.365000,2.391000,210.644000
9140,648.344000,311.963000,3.129000,300.263000
9141,702.374000,365.032000,3.190000,352.872000
9142,820.811000,432.390000,1.550000,329.033000
9143,713.862000,370.402000,20.989000,300.203000
9144,761.092000,435.720000,4.330000,360.271000
9145,474.029000,215.605000,3.030000,189.035000
9146,939.217000,509.679000,12.670000,396.881000
9147,516.287000,219.555000,10.810000,221.525000
9148,775.532000,441.600000,3.380000,319.883000
9149,566.667000,289.293000,2.240000,267.154000
9150,518.838000,252.674000,4.819000,254.155000
9151,777.331000,392.841000,4.020000,330.683000
9152,846.829000,425.360000,2.330000,360.362000
9153,741.842000,449.639000,1.230000,338.781000
9154,667.474000,367.951000,1.010000,293.984000
9155,798.122000,451.128000,3.310000,387.162000
9156,783.752000,407.970000,5.120000,361.732000
9157,923.027000,573.398000,11.340000,410.800000
9158,700.884000,355.231000,5.411000,311.012000
9159,507.807000,277.234000,3.531000,252.355000
9160,725.994000,400.410000,9.840000,360.582000
9161,691.724000,303.412000,21.179000,303.623000
9162,504.377000,233.695000,4.240000,224.994000
9163,695.024000,369.212000,2.840000,319.782000
9164,713.564000,417.920000,1.630000,303.112000
9165,750.481000,437.199000,1.269000,332.032000
9166,561.047000,276.234000,20.319000,276.134000
9167,792.551000,471.769000,5.310000,349.911000
9168,457.069000,234.315000,2.970000,208.654000
9169,798.600000,453.930000,1.520000,398.531000
9170,661.355000,301.952000,2.530000,292.993000
9171,791.231000,393.591000,2.080000,349.141000
9172,725.424000,386.961000,3.150000,322.562000
9173,802.351000,465.309000,2.280000,404.501000
9174,389.060000,188.906000,2.959000,177.847000
9175,685.244000,359.791000,9.799000,316.894000
9176,702.173000,383.670000,4.171000,344.063000
9177,703.972000,391.430000,2.660000,332.903000
9178,634.135000,363.602000,1.970000,313.043000
9179,632.486000,382.461000,3.929000,333.533000
9180,621.396000,300.123000,3.410000,280.284000
9181,764.391000,374.972000,3.659000,318.461000
9182,761.993000,381.811000,3.830000,322.872000
9183,725.023000,407.560000,4.370000,358.081000
9184,736.343000,412.941000,3.010000,352.593000
9185,548.907000,306.582000,2.270000,274.933000
9186,600.106000,316.852000,4.790000,271.923000
9187,647.686000,348.492000,2.330000,262.104000
9188,803.261000,426.890000,1.800000,325.442000
9189,682.354000,377.221000,1.650000,302.343000
9190,794.381000,359.031000,19.100000,348.891000
9191,696.144000,353.322000,5.040000,313.352000
9192,609.166000,345.212000,6.260000,321.061000
9193,562.206000,323.823000,1.820000,259.204000
9194,734.262000,432.640000,2.691000,340.472000
9195,524.638000,266.283000,1.290000,233.535000
9196,580.395000,272.723000,15.029000,247.955000
9197,884.079000,522.577000,3.929000,349.981000
9198,754.422000,435.599000,1.429000,321.522000
9199,518.577000,255.064000,2.040000,244.864000
9200,436.539000,229.794000,2.240000,233.604000
9201,632.835000,324.593000,4.951000,301.253000
9202,690.885000,381.650000,6.550000,339.252000
9203,742.571000,397.262000,10.618000,350.073000
9204,468.209000,243.444000,3.420000,228.774000
9205,982.367000,466.928000,17.430000,372.431000
9206,625.105000,363.130000,6.010000,329.934000
9207,821.700000,426.230000,14.349000,381.652000
9208,644.944000,295.313000,10.460000,274.063000
9209,705.293000,416.940000,5.990000,333.692000
9210,747.452000,379.752000,2.470000,361.731000
9211,587.576000,312.512000,5.150000,282.504000
9212,855.520000,468.459000,5.780000,365.423000
9213,736.283000,436.091000,1.929000,314.943000
9214,720.254000,433.050000,3.820000,337.431000
9215,758.711000,412.191000,3.350000,313.803000
9216,659.625000,349.341000,2.050000,282.912000
9217,779.583000,480.168000,1.570000,358.422000
9218,700.333000,404.510000,2.061000,327.983000
9219,781.541000,437.020000,1.729000,491.907000
9220,776.091000,383.730000,1.629000,344.203000
9221,793.081000,389.271000,1.019000,331.712000
9222,777.382000,445.080000,10.659000,368.932000
9223,769.263000,457.518000,16.710000,352.112000
9224,702.523000,397.610000,5.660000,321.653000
9225,665.944000,378.580000,1.680000,328.993000
9226,697.564000,388.302000,2.640000,300.023000
9227,612.046000,332.062000,2.240000,278.024000
9228,633.004000,321.933000,5.020000,269.223000
9229,801.751000,462.049000,4.210000,355.071000
9230,681.394000,352.172000,1.830000,293.244000
9231,559.547000,272.863000,1.510000,274.794000
9232,760.052000,449.110000,1.299000,348.601000
9233,764.071000,448.979000,2.110000,367.021000
9234,611.205000,383.692000,3.190000,339.972000
9235,610.475000,396.561000,3.480000,368.011000
9236,675.965000,369.811000,3.550000,297.962000
9237,954.388000,432.130000,16.179000,341.133000
9238,697.032000,393.411000,4.490000,351.503000
9239,747.342000,404.970000,4.500000,343.321000
9240,821.800000,381.432000,3.080000,322.792000
9241,685.514000,341.342000,8.170000,333.512000
9242,649.215000,317.803000,3.110000,282.442000
9243,476.219000,249.474000,3.740000,210.055000
9244,834.469000,446.990000,15.390000,370.850000
9245,620.586000,372.382000,2.960000,324.512000
9246,614.435000,339.591000,1.190000,271.004000
9247,766.001000,441.920000,1.510000,324.173000
9248,626.755000,317.374000,1.459000,273.343000
9249,802.092000,439.089000,8.160000,350.162000
9250,886.889000,487.658000,8.251000,370.600000
9251,755.332000,397.920000,1.800000,315.573000
9252,530.697000,297.483000,3.029000,261.553000
9253,614.966000,398.291000,1.730000,300.202000
9254,720.803000,458.068000,5.040000,341.132000
9255,795.931000,462.108000,1.960000,329.743000
9256,704.074000,438.119000,1.360000,342.353000
9257,651.245000,372.730000,2.009000,303.902000
9258,693.224000,378.921000,1.730000,370.781000
9259,780.922000,448.198000,1.270000,341.012000
9260,867.179000,398.761000,2.630000,360.471000
9261,847.030000,418.851000,3.330000,394.911000
9262,707.544000,420.440000,5.700000,341.181000
9263,511.098000,268.764000,15.130000,224.065000
9264,292.442000,160.927000,9.370000,165.716000
9265,646.804000,345.501000,21.399000,287.382000
9266,656.604000,356.863000,9.368000,303.494000
9267,639.755000,369.490000,4.579000,325.142000
9268,746.572000,389.572000,4.730000,322.692000
9269,893.789000,535.968000,2.411000,356.663000
9270,619.366000,258.675000,2.141000,254.394000
9271,757.772000,382.401000,2.270000,344.752000
9272,500.797000,232.035000,1.960000,216.954000
9273,858.280000,450.439000,3.680000,392.691000
9274,561.157000,316.192000,2.880000,267.304000
9275,892.450000,481.797000,4.831000,381.301000
9276,658.844000,361.912000,1.829000,293.624000
9277,682.344000,384.721000,2.200000,308.513000
9278,604.646000,336.063000,1.890000,258.514000
9279,732.923000,429.960000,3.330000,341.182000
9280,658.675000,353.681000,3.520000,304.643000
9281,797.151000,399.281000,4.900000,338.403000
9282,854.190000,464.129000,1.600000,354.272000
9283,660.035000,386.860000,1.670000,340.252000
9284,725.453000,420.171000,8.170000,373.991000
9285,774.111000,433.050000,4.790000,362.451000
9286,751.402000,436.130000,5.600000,359.213000
9287,727.572000,385.621000,10.020000,305.104000
9288,745.422000,453.360000,3.450000,360.561000
9289,689.514000,370.940000,18.100000,324.842000
9290,871.999000,417.840000,8.640000,446.000000
9291,652.926000,350.541000,2.190000,330.403000
9292,783.981000,420.171000,1.510000,344.232000
9293,692.814000,395.161000,1.560000,296.632000
9294,762.012000,421.210000,4.370000,358.112000
9295,462.848000,227.165000,2.130000,189.485000
9296,752.103000,410.260000,8.950000,359.322000
9297,769.351000,426.259000,7.270000,338.183000
9298,582.547000,309.002000,7.599000,284.134000
9299,707.122000,376.152000,18.850000,333.262000
9300,791.361000,375.751000,3.620000,326.543000
9301,692.583000,324.633000,4.970000,306.512000
9302,833.330000,464.329000,2.011000,365.701000
9303,746.282000,395.411000,10.419000,314.992000
9304,660.604000,370.792000,3.970000,287.782000
9305,744.083000,358.401000,9.900000,296.674000
9306,774.131000,425.860000,3.350000,331.212000
9307,513.218000,244.584000,7.190000,211.146000
9308,841.750000,479.658000,2.860000,370.822000
9309,758.473000,424.481000,1.340000,332.153000
9310,498.319000,224.875000,5.300000,220.455000
9311,748.462000,352.311000,8.790000,325.612000
9312,725.832000,384.391000,2.489000,298.193000
9313,650.955000,346.521000,2.590000,321.373000
9314,763.822000,425.320000,6.400000,329.041000
9315,772.452000,478.979000,2.040000,335.911000
9316,776.972000,430.830000,3.259000,337.563000
9317,660.224000,342.383000,4.430000,284.133000
9318,584.896000,344.653000,3.120000,311.762000
9319,639.305000,318.003000,1.910000,252.834000
9320,715.153000,358.452000,1.579000,303.733000
9321,772.022000,398.180000,2.030000,366.401000
9322,663.714000,426.380000,1.540000,323.273000
9323,688.973000,343.023000,22.309000,322.493000
9324,535.756000,338.773000,6.729000,304.922000
9325,771.862000,477.799000,2.181000,353.011000
9326,793.822000,452.649000,10.460000,372.162000
9327,787.041000,456.129000,3.459000,364.111000
9328,769.602000,430.478000,9.370000,360.282000
9329,717.263000,394.492000,4.479000,344.842000
9330,742.062000,377.771000,4.440000,358.213000
9331,453.509000,182.266000,10.480000,329.222000
9332,784.331000,399.690000,2.460000,327.582000
9333,722.683000,384.041000,6.290000,311.563000
9334,336.352000,147.847000,3.400000,144.756000
9335,762.522000,445.560000,15.421000,343.471000
9336,738.223000,411.571000,3.200000,308.901000
9337,719.534000,379.280000,2.170000,308.212000
9338,587.767000,309.574000,2.610000,268.343000
9339,562.638000,318.132000,2.780000,290.183000
9340,732.573000,360.521000,2.070000,317.822000
9341,827.541000,366.501000,8.270000,346.632000
9342,818.151000,430.310000,2.830000,350.102000
9343,702.963000,380.622000,2.540000,331.102000
9344,793.401000,501.258000,1.899000,369.601000
9345,724.922000,480.409000,1.270000,374.421000
9346,767.881000,444.891000,3.749000,338.602000
9347,738.003000,433.041000,3.830000,366.271000
9348,513.158000,253.394000,1.560000,212.195000
9349,801.941000,448.649000,7.891000,391.110000
9350,707.325000,357.612000,3.410000,325.341000
9351,596.215000,365.292000,1.529000,311.083000
9352,629.415000,340.881000,1.760000,277.454000
9353,865.759000,516.668000,1.790000,352.871000
9354,687.644000,375.371000,1.750000,317.893000
9355,746.462000,467.839000,2.339000,352.442000
9356,622.045000,329.762000,3.230000,281.174000
9357,492.989000,233.894000,5.130000,216.715000
9358,768.483000,438.778000,18.790000,369.632000
9359,768.442000,430.241000,3.910000,330.272000
9360,632.675000,303.832000,2.760000,278.824000
9361,647.324000,330.792000,1.461000,293.933000
9362,873.499000,448.470000,6.380000,419.110000
9363,609.596000,322.793000,2.659000,254.713000
9364,748.093000,441.380000,7.911000,356.261000
9365,668.103000,374.342000,3.290000,271.203000
9366,588.636000,317.033000,4.460000,277.404000
9367,724.743000,422.390000,15.459000,326.252000
9368,560.377000,304.623000,3.880000,274.713000
9369,829.792000,495.018000,2.390000,345.071000
9370,773.923000,377.460000,7.320000,331.932000
9371,807.911000,385.411000,2.679000,372.703000
9372,784.601000,408.411000,2.150000,394.110000
9373,627.755000,349.602000,3.940000,395.071000
9374,751.373000,429.840000,1.890000,320.902000
9375,717.723000,395.852000,1.430000,317.432000
9376,721.752000,427.260000,1.540000,327.623000
9377,726.392000,428.329000,1.380000,349.711000
9378,762.603000,393.961000,14.430000,325.271000
9379,840.881000,480.279000,3.560000,349.292000
9380,706.424000,392.840000,3.520000,331.502000
9381,752.823000,409.510000,2.340000,337.661000
9382,533.376000,258.074000,3.870000,304.344000
9383,605.906000,349.052000,8.739000,285.144000
9384,894.670000,567.556000,2.710000,386.681000
9385,652.274000,357.962000,3.510000,332.553000
9386,805.882000,575.527000,15.230000,401.060000
9387,709.814000,434.269000,4.300000,425.699000
9388,703.043000,403.441000,8.700000,309.422000
9389,536.178000,241.384000,5.249000,236.584000
9390,489.127000,207.415000,9.710000,223.325000
9391,652.505000,303.094000,3.710000,310.522000
9392,715.732000,370.382000,8.960000,327.612000
9393,696.895000,343.351000,6.060000,295.093000
9394,539.257000,355.571000,2.450000,284.864000
9395,657.984000,376.463000,1.270000,293.163000
9396,617.406000,419.001000,6.701000,328.741000
9397,827.151000,486.858000,5.960000,361.312000
9398,634.855000,392.911000,4.400000,306.214000
9399,858.008000,502.838000,2.280000,352.112000
9400,446.189000,250.294000,6.230000,263.704000
9401,847.690000,389.951000,6.320000,318.292000
9402,819.821000,463.090000,2.820000,416.940000
9403,775.121000,444.750000,3.470000,338.011000
9404,608.336000,313.622000,1.800000,251.074000
9405,773.482000,470.407000,1.451000,362.522000
9406,727.932000,401.381000,1.929000,313.963000
9407,538.678000,294.272000,2.550000,270.404000
9408,766.161000,455.910000,2.600000,399.611000
9409,713.814000,384.851000,5.260000,322.382000
9410,740.342000,389.631000,20.579000,377.141000
9411,688.305000,370.911000,3.470000,309.134000
9412,726.522000,372.131000,3.590000,315.113000
9413,846.690000,449.619000,4.460000,346.402000
9414,811.981000,503.488000,2.030000,413.320000
9415,581.977000,299.483000,1.640000,247.804000
9416,604.366000,361.931000,1.750000,293.593000
9417,549.967000,307.082000,2.210000,276.154000
9418,852.920000,564.956000,1.650000,364.751000
9419,579.236000,309.334000,5.559000,247.444000
9420,685.194000,351.641000,3.071000,299.624000
9421,821.220000,384.961000,1.899000,349.841000
9422,605.805000,312.633000,10.729000,308.552000
9423,670.104000,389.651000,3.630000,332.722000
9424,610.766000,367.342000,4.280000,322.162000
9425,905.508000,452.359000,19.110000,346.312000
9426,850.061000,488.358000,13.579000,382.591000
9427,641.794000,353.422000,4.329000,292.454000
9428,757.222000,512.187000,1.110000,368.352000
9429,735.742000,398.290000,2.369000,324.593000
9430,705.522000,304.964000,1.700000,278.242000
9431,588.215000,269.034000,7.040000,269.544000
9432,785.472000,459.779000,8.300000,396.911000
9433,599.406000,304.712000,3.360000,283.885000
9434,631.275000,363.012000,5.631000,300.642000
9435,793.892000,452.419000,6.830000,345.632000
9436,681.493000,394.051000,12.560000,355.602000
9437,588.967000,307.503000,2.861000,283.093000
9438,775.212000,442.279000,1.970000,333.562000
9439,682.244000,391.701000,1.740000,324.762000
9440,764.402000,364.652000,1.730000,330.221000
9441,763.702000,414.499000,2.960000,352.761000
9442,685.094000,373.111000,1.870000,306.382000
9443,634.406000,324.532000,3.289000,255.864000
9444,784.812000,502.648000,1.579000,360.330000
9445,687.214000,377.971000,3.300000,301.933000
9446,741.622000,431.341000,1.320000,341.742000
9447,689.015000,421.940000,3.370000,305.083000
9448,543.036000,307.543000,8.550000,300.953000
9449,762.401000,410.181000,12.719000,337.322000
9450,657.295000,320.952000,12.570000,296.682000
9451,822.601000,383.011000,6.451000,363.922000
9452,868.969000,456.129000,5.790000,380.691000
9453,706.364000,393.790000,6.389000,325.351000
9454,669.564000,405.370000,2.400000,321.243000
9455,811.682000,494.847000,2.739000,355.892000
9456,527.578000,252.244000,3.640000,237.764000
9457,746.554000,400.870000,1.690000,312.403000
9458,659.155000,363.442000,1.710000,309.483000
9459,701.743000,419.221000,5.409000,318.604000
9460,769.552000,384.941000,3.950000,335.232000
9461,535.416000,245.454000,5.410000,261.004000
9462,765.592000,417.961000,1.920000,357.801000
9463,661.564000,383.281000,1.240000,301.624000
9464,710.902000,421.210000,1.580000,329.402000
9465,716.253000,401.201000,1.750000,310.213000
9466,628.535000,321.172000,2.850000,279.284000
9467,731.042000,396.631000,1.739000,297.064000
9468,710.883000,401.441000,3.009000,338.243000
9469,557.066000,316.732000,3.209000,294.724000
9470,695.953000,372.681000,9.851000,324.082000
9471,653.215000,319.242000,10.350000,289.603000
9472,711.613000,378.741000,3.030000,308.353000
9473,791.892000,426.100000,6.859000,360.561000
9474,623.696000,288.173000,17.719000,256.874000
9475,643.835000,323.602000,7.179000,266.333000
9476,665.184000,362.591000,5.520000,301.333000
9477,785.431000,454.419000,5.399000,353.372000
9478,574.466000,303.382000,2.050000,262.654000
9479,620.346000,339.632000,8.059000,300.593000
9480,743.352000,336.143000,8.261000,331.272000
9481,744.942000,364.112000,4.880000,337.071000
9482,708.323000,379.702000,8.680000,324.721000
9483,819.371000,497.289000,5.100000,395.221000
9484,663.263000,380.712000,2.960000,306.852000
9485,665.835000,346.392000,8.860000,303.994000
9486,545.267000,279.753000,3.670000,254.074000
9487,792.161000,435.771000,4.490000,370.961000
9488,660.485000,393.820000,2.541000,285.852000
9489,722.613000,403.571000,1.430000,307.092000
9490,752.562000,371.071000,3.390000,338.961000
9491,694.904000,374.231000,2.909000,330.162000
9492,718.323000,386.971000,1.360000,324.181000
9493,711.474000,407.861000,1.189000,313.733000
9494,587.055000,326.743000,11.769000,311.062000
9495,639.825000,355.071000,3.240000,285.263000
9496,644.465000,382.590000,1.320000,286.874000
9497,810.913000,462.909000,8.740000,386.691000
9498,730.754000,404.611000,2.570000,311.643000
9499,987.996000,566.128000,14.750000,422.869000
9500,758.802000,377.971000,5.700000,317.302000
9501,870.790000,426.169000,11.520000,382.471000
9502,681.055000,371.491000,9.049000,328.491000
9503,808.312000,415.750000,15.190000,380.611000
9504,542.868000,279.403000,6.120000,292.474000
9505,752.032000,447.970000,3.101000,356.871000
9506,670.094000,378.071000,2.790000,348.752000
9507,697.894000,394.820000,1.670000,303.621000
9508,798.841000,445.810000,1.339000,355.563000
9509,588.317000,319.102000,18.949000,272.624000
9510,610.926000,268.554000,2.930000,250.925000
9511,760.172000,354.312000,12.620000,310.633000
9512,788.601000,418.530000,3.270000,331.192000
9513,673.554000,352.940000,3.380000,278.243000
9514,909.749000,516.838000,1.630000,367.771000
9515,762.081000,446.009000,3.991000,336.511000
9516,804.421000,476.389000,11.200000,433.250000
9517,689.643000,383.101000,1.859000,282.183000
9518,709.634000,382.521000,16.529000,333.363000
9519,462.479000,271.114000,23.638000,268.714000
9520,533.817000,283.754000,12.520000,279.762000
9521,805.572000,448.399000,8.580000,367.092000
9522,564.246000,343.612000,6.310000,329.923000
9523,758.362000,396.210000,10.320000,333.391000
9524,571.488000,275.283000,5.421000,247.084000
9525,570.016000,328.953000,1.789000,298.813000
9526,730.853000,454.190000,4.880000,366.001000
9527,764.112000,408.150000,20.140000,352.632000
9528,729.022000,383.861000,7.570000,308.683000
9529,704.123000,376.601000,2.690000,312.073000
9530,751.102000,359.393000,3.080000,324.232000
9531,793.981000,394.150000,1.560000,356.442000
9532,873.910000,437.730000,16.560000,379.821000
9533,749.733000,434.579000,5.461000,359.362000
9534,678.303000,431.360000,4.160000,334.723000
9535,768.062000,392.980000,5.930000,311.022000
9536,834.211000,419.710000,8.469000,328.401000
9537,816.180000,447.959000,2.550000,348.342000
9538,581.347000,297.762000,2.741000,249.864000
9539,745.322000,433.620000,1.310000,354.162000
9540,824.190000,369.682000,1.410000,333.522000
9541,618.705000,303.224000,7.619000,297.502000
9542,831.421000,488.069000,4.560000,365.361000
9543,630.496000,366.512000,2.940000,309.342000
9544,765.462000,457.149000,2.080000,352.133000
9545,634.505000,353.671000,2.730000,296.253000
9546,744.333000,443.929000,4.380000,357.822000
9547,592.405000,287.183000,1.590000,243.444000
9548,711.153000,468.239000,5.369000,336.542000
9549,896.179000,481.859000,8.090000,389.431000
9550,774.312000,379.482000,6.130000,357.592000
9551,620.886000,286.663000,5.070000,258.454000
9552,600.426000,302.004000,2.730000,266.664000
9553,825.061000,465.609000,1.800000,376.881000
9554,670.224000,377.091000,1.640000,298.032000
9555,880.189000,471.749000,7.310000,395.740000
9556,660.795000,360.802000,1.890000,277.713000
9557,713.453000,418.351000,2.800000,351.241000
9558,758.592000,429.901000,2.851000,373.363000
9559,576.866000,344.462000,3.120000,295.443000
9560,787.172000,381.061000,9.470000,374.781000
9561,512.079000,220.416000,2.659000,217.085000
9562,364.541000,181.506000,3.230000,181.926000
9563,679.444000,351.812000,4.150000,291.074000
9564,800.201000,431.411000,2.621000,334.251000
9565,696.714000,366.612000,2.939000,309.152000
9566,844.209000,501.259000,6.609000,368.991000
9567,592.605000,317.713000,6.270000,286.444000
9568,796.031000,477.609000,3.800000,356.712000
9569,712.603000,404.280000,5.310000,336.773000
9570,739.583000,339.431000,5.100000,321.182000
9571,427.660000,189.275000,1.890000,183.707000
9572,650.724000,281.793000,18.040000,276.953000
9573,559.726000,291.853000,3.770000,247.855000
9574,778.381000,407.480000,7.720000,337.753000
9575,653.934000,355.233000,4.160000,323.542000
9576,731.004000,392.211000,1.750000,330.992000
9577,819.861000,442.629000,2.680000,351.551000
9578,628.765000,350.881000,1.390000,361.652000
9579,681.455000,370.090000,5.560000,296.024000
9580,788.871000,391.951000,5.249000,343.112000
9581,672.894000,316.734000,1.960000,281.324000
9582,599.466000,291.004000,3.760000,284.252000
9583,671.454000,351.761000,9.969000,311.683000
9584,750.482000,455.840000,6.359000,343.442000
9585,637.575000,363.171000,2.600000,297.704000
9586,765.062000,434.770000,8.450000,345.841000
9587,613.955000,348.392000,6.589000,291.532000
9588,783.461000,501.939000,1.910000,348.831000
9589,719.793000,433.749000,2.980000,329.193000
9590,606.746000,276.163000,18.760000,266.492000
9591,735.783000,381.271000,6.221000,346.362000
9592,679.654000,369.961000,1.820000,343.932000
9593,767.332000,421.770000,1.200000,315.531000
9594,734.093000,439.530000,1.379000,351.003000
9595,789.652000,462.499000,2.910000,368.992000
9596,750.453000,441.059000,1.870000,327.403000
9597,620.876000,355.853000,1.180000,295.362000
9598,548.158000,336.782000,1.230000,313.093000
9599,667.764000,385.370000,1.189000,304.684000
9600,648.825000,306.503000,2.709000,289.953000
9601,743.082000,373.132000,2.390000,358.751000
9602,728.651000,390.002000,1.220000,321.713000
9603,661.054000,379.762000,1.810000,309.342000
9604,726.464000,444.538000,2.549000,322.093000
9605,637.465000,325.872000,4.930000,281.894000
9606,519.947000,270.184000,1.630000,227.304000
9607,702.903000,387.221000,4.620000,314.662000
9608,719.072000,375.791000,6.970000,320.644000
9609,632.916000,326.771000,2.270000,290.203000
9610,616.816000,294.083000,1.570000,282.003000
9611,807.851000,399.340000,3.149000,334.662000
9612,733.092000,387.681000,6.880000,338.222000
9613,831.970000,467.429000,2.360000,347.752000
9614,677.774000,393.200000,5.170000,311.813000
9615,778.611000,437.789000,2.620000,332.712000
9616,818.370000,453.519000,1.650000,343.061000
9617,638.095000,366.611000,1.150000,305.363000
9618,584.386000,366.881000,1.049000,335.592000
9619,635.135000,329.773000,4.860000,323.012000
9620,632.985000,309.113000,4.610000,284.793000
9621,793.862000,377.722000,12.571000,354.121000
9622,837.440000,425.360000,10.950000,355.922000
9623,780.132000,451.649000,5.830000,353.151000
9624,612.245000,323.403000,2.290000,313.413000
9625,700.584000,399.200000,1.320000,326.582000
9626,612.655000,332.172000,4.799000,277.714000
9627,725.802000,410.520000,2.140000,342.113000
9628,769.042000,463.750000,13.850000,351.481000
9629,753.562000,460.550000,3.929000,417.701000
9630,754.852000,353.833000,6.790000,316.522000
9631,628.895000,316.832000,3.440000,292.683000
9632,718.362000,363.333000,3.779000,397.841000
9633,586.606000,275.574000,5.180000,244.133000
9634,782.222000,434.649000,8.171000,354.330000
9635,793.752000,474.049000,7.120000,362.281000
9636,771.912000,453.401000,2.149000,328.511000
9637,534.468000,255.924000,1.320000,298.192000
9638,810.310000,525.188000,2.640000,427.659000
9639,740.343000,389.001000,21.150000,326.802000
9640,622.106000,339.692000,5.289000,300.103000
9641,759.013000,445.128000,1.800000,369.383000
9642,617.785000,337.752000,3.029000,268.024000
9643,724.592000,417.470000,1.870000,323.142000
9644,659.604000,368.612000,2.899000,317.342000
9645,660.446000,331.411000,1.420000,265.334000
9646,709.093000,416.940000,2.360000,321.553000
9647,579.437000,292.772000,1.480000,251.474000
9648,455.150000,218.794000,2.010000,207.875000
9649,685.473000,365.752000,1.940000,269.103000
9650,784.792000,360.172000,2.951000,355.473000
9651,680.834000,319.173000,6.590000,283.423000
9652,666.724000,358.410000,2.989000,313.073000
9653,749.172000,405.950000,1.570000,361.631000
9654,777.403000,419.330000,3.449000,333.892000
9655,804.061000,480.290000,6.600000,371.132000
9656,840.950000,503.399000,6.589000,382.471000
9657,622.405000,313.094000,2.789000,262.873000
9658,837.121000,451.940000,1.211000,334.801000
9659,695.975000,357.382000,4.449000,300.444000
9660,929.607000,472.470000,10.329000,376.860000
9661,882.870000,477.929000,2.440000,350.792000
9662,753.371000,406.680000,1.371000,373.671000
9663,669.625000,407.101000,1.571000,322.861000
9664,667.915000,390.520000,1.000000,333.753000
9665,735.893000,412.581000,1.450000,318.662000
9666,723.703000,402.440000,1.720000,311.212000
9667,780.013000,443.208000,2.250000,347.432000
9668,622.386000,355.462000,9.819000,277.135000
9669,651.604000,385.971000,11.849000,333.764000
9670,494.668000,211.095000,3.101000,195.726000
9671,632.955000,310.383000,2.630000,294.633000
9672,851.961000,494.739000,1.851000,341.032000
9673,724.203000,385.751000,12.208000,354.682000
9674,502.668000,228.755000,6.080000,216.094000
9675,374.541000,219.576000,1.690000,218.465000
9676,703.165000,376.111000,0.971000,298.592000
9677,663.645000,333.162000,17.710000,308.133000
9678,832.341000,489.018000,3.590000,370.333000
9679,741.032000,447.620000,18.830000,332.572000
9680,646.545000,283.793000,37.339000,272.643000
9681,734.104000,362.291000,6.790000,350.601000
9682,542.417000,265.994000,3.261000,251.404000
9683,681.564000,317.752000,14.320000,280.814000
9684,700.074000,439.010000,2.530000,315.482000
9685,705.224000,409.980000,5.350000,324.872000
9686,809.370000,448.510000,2.560000,321.073000
9687,752.572000,434.460000,3.850000,333.302000
9688,824.169000,500.768000,4.679000,413.341000
9689,743.232000,448.919000,2.461000,351.091000
9690,838.959000,425.830000,2.030000,351.291000
9691,678.854000,347.231000,3.919000,292.525000
9692,590.756000,273.733000,3.080000,258.715000
9693,656.425000,399.400000,2.590000,350.932000
9694,741.933000,385.711000,5.860000,288.333000
9695,739.233000,324.862000,21.390000,300.053000
9696,798.033000,441.928000,2.860000,312.862000
9697,849.620000,510.767000,1.430000,367.411000
9698,850.760000,460.879000,1.291000,351.221000
9699,722.124000,396.681000,15.790000,332.902000
9700,715.733000,339.321000,14.180000,324.903000
9701,729.294000,362.321000,2.600000,308.013000
9702,660.725000,350.752000,1.331000,290.003000
9703,663.315000,406.930000,1.350000,296.532000
9704,701.363000,437.600000,2.440000,342.622000
9705,720.673000,402.921000,2.400000,323.202000
9706,684.214000,389.371000,21.770000,357.210000
9707,886.289000,476.339000,18.070000,415.020000
9708,786.731000,467.998000,4.350000,383.373000
9709,742.462000,438.529000,3.319000,332.652000
9710,697.594000,327.481000,3.120000,299.112000
9711,677.174000,337.812000,3.859000,307.233000
9712,785.201000,461.869000,2.099000,377.391000
9713,699.555000,394.461000,3.850000,334.292000
9714,663.044000,393.211000,1.660000,342.052000
9715,694.584000,392.150000,5.300000,308.283000
9716,693.774000,398.041000,8.260000,334.253000
9717,744.423000,446.159000,5.270000,348.093000
9718,695.033000,387.220000,5.160000,301.263000
9719,794.442000,494.959000,5.630000,383.041000
9720,750.152000,376.951000,4.640000,334.014000
9721,693.914000,370.791000,2.369000,333.143000
9722,556.697000,259.975000,11.590000,272.802000
9723,799.972000,421.239000,11.890000,345.132000
9724,648.024000,348.012000,1.661000,294.752000
9725,564.328000,279.203000,1.340000,223.485000
9726,604.536000,326.363000,1.579000,269.214000
9727,799.642000,449.130000,3.460000,365.592000
9728,842.560000,452.359000,7.730000,365.381000
9729,705.934000,403.800000,2.691000,328.582000
9730,798.682000,393.891000,5.830000,404.391000
9731,857.780000,433.919000,9.691000,450.169000
9732,676.744000,400.932000,4.979000,345.963000
9733,795.432000,445.740000,3.660000,339.761000
9734,748.162000,435.160000,2.120000,335.943000
9735,672.043000,369.902000,1.549000,278.404000
9736,754.142000,395.582000,2.560000,384.191000
9737,533.007000,281.974000,1.661000,221.785000
9738,633.485000,343.932000,2.470000,281.613000
9739,824.230000,552.087000,3.130000,473.578000
9740,760.032000,409.341000,3.760000,352.742000
9741,633.825000,310.212000,2.489000,276.055000
9742,654.484000,353.342000,5.390000,289.822000
9743,728.313000,435.731000,3.020000,345.042000
9744,594.056000,357.421000,1.830000,329.373000
9745,690.023000,373.292000,4.210000,310.632000
9746,744.402000,445.870000,2.060000,356.421000
9747,622.666000,326.612000,13.440000,301.541000
9748,754.173000,397.650000,14.320000,327.952000
9749,816.700000,493.368000,2.750000,348.442000
9750,695.284000,336.262000,1.229000,300.514000
9751,699.544000,349.471000,2.691000,305.482000
9752,677.864000,374.761000,1.620000,304.283000
9753,765.011000,464.689000,1.900000,359.531000
9754,762.161000,454.439000,2.131000,357.681000
9755,743.453000,411.181000,1.930000,345.672000
9756,637.265000,332.742000,2.660000,285.804000
9757,794.821000,403.550000,5.990000,317.492000
9758,817.140000,472.909000,2.569000,365.321000
9759,795.271000,463.519000,1.461000,350.961000
9760,664.584000,315.832000,2.430000,286.444000
9761,730.122000,384.431000,2.520000,329.042000
9762,539.437000,272.484000,4.870000,244.475000
9763,669.863000,360.863000,6.650000,263.743000
9764,548.138000,306.233000,3.020000,273.164000
9765,712.102000,397.750000,2.070000,318.483000
9766,637.256000,363.831000,2.200000,326.032000
9767,523.908000,239.715000,15.720000,240.213000
9768,782.392000,465.529000,2.590000,368.871000
9769,782.402000,400.720000,11.510000,351.461000
9770,826.910000,380.401000,12.900000,357.531000
9771,736.554000,476.919000,1.920000,360.852000
9772,720.282000,380.031000,4.820000,320.643000
9773,637.655000,380.972000,2.861000,317.632000
9774,790.902000,432.030000,3.729000,354.132000
9775,578.957000,306.633000,1.951000,258.613000
9776,446.420000,233.894000,1.320000,210.115000
9777,723.563000,407.441000,1.970000,326.272000
9778,769.233000,432.910000,1.640000,336.112000
9779,739.002000,398.291000,51.029000,343.283000
9780,477.819000,192.226000,12.389000,236.675000
9781,617.545000,280.084000,1.860000,282.413000
9782,577.637000,280.663000,1.860000,251.794000
9783,679.483000,402.811000,4.499000,315.482000
9784,739.752000,417.790000,1.500000,380.811000
9785,629.865000,346.752000,2.621000,292.472000
9786,705.884000,386.111000,3.269000,300.283000
9787,741.583000,417.731000,2.181000,323.822000
9788,606.866000,308.472000,3.360000,274.384000
9789,794.761000,458.898000,2.590000,393.030000
9790,682.003000,341.282000,2.210000,294.712000
9791,723.384000,363.492000,1.619000,317.602000
9792,695.714000,362.801000,3.990000,312.913000
9793,755.822000,312.302000,13.200000,282.793000
9794,741.512000,429.440000,14.920000,347.661000
9795,686.594000,386.040000,9.300000,279.224000
9796,748.792000,407.131000,2.791000,318.463000
9797,693.824000,403.731000,2.210000,319.633000
9798,553.436000,342.591000,4.030000,308.873000
9799,588.387000,327.561000,3.790000,284.624000
9800,602.726000,323.543000,1.550000,297.873000
9801,839.719000,427.730000,10.810000,371.821000
9802,511.019000,272.353000,6.270000,243.864000
9803,729.783000,418.619000,1.869000,417.131000
9804,797.932000,409.461000,17.509000,325.122000
9805,762.231000,452.610000,8.020000,346.621000
9806,846.051000,504.989000,2.960000,460.109000
9807,682.604000,385.640000,2.271000,310.663000
9808,707.613000,391.522000,4.119000,316.353000
9809,639.576000,381.021000,2.781000,378.231000
9810,524.497000,241.805000,2.820000,237.715000
9811,652.665000,310.182000,8.580000,292.134000
9812,863.130000,457.658000,14.549000,432.131000
9813,860.119000,529.388000,5.080000,393.400000
9814,810.181000,511.577000,6.350000,354.553000
9815,583.997000,325.472000,2.650000,274.544000
9816,586.485000,280.923000,7.020000,255.344000
9817,911.120000,530.957000,2.830000,376.920000
9818,575.325000,286.653000,14.780000,253.045000
9819,618.096000,310.982000,8.860000,281.643000
9820,709.893000,361.081000,19.839000,380.661000
9821,745.712000,363.112000,6.800000,352.632000
9822,619.426000,331.042000,3.130000,291.952000
9823,733.863000,433.760000,2.821000,368.912000
9824,575.357000,289.472000,18.030000,272.034000
9825,661.655000,358.321000,2.860000,280.494000
9826,685.083000,382.711000,4.059000,325.782000
9827,624.875000,328.621000,10.880000,279.024000
9828,753.672000,406.930000,17.869000,337.492000
9829,589.036000,299.003000,7.330000,243.914000
9830,823.711000,411.030000,4.251000,357.231000
9831,718.953000,345.002000,16.630000,324.061000
9832,678.824000,385.141000,3.791000,313.223000
9833,737.084000,416.960000,7.750000,342.262000
9834,750.672000,454.189000,2.640000,330.052000
9835,637.635000,337.983000,1.680000,284.343000
9836,657.265000,405.340000,3.520000,329.313000
9837,829.089000,441.510000,2.330000,346.793000
9838,755.662000,443.339000,5.120000,349.212000
9839,611.146000,335.362000,3.380000,318.673000
9840,574.326000,267.585000,9.059000,275.033000
9841,380.141000,205.005000,6.909000,223.925000
9842,692.394000,324.211000,2.591000,308.172000
9843,659.844000,348.741000,2.780000,306.962000
9844,786.032000,473.689000,1.470000,382.170000
9845,668.814000,358.201000,1.420000,283.764000
9846,725.022000,385.381000,1.590000,289.814000
9847,514.578000,322.572000,3.820000,282.714000
9848,781.371000,494.638000,2.379000,365.922000
9849,600.826000,303.302000,1.670000,285.294000
9850,740.912000,384.481000,1.791000,335.071000
9851,779.112000,390.371000,2.139000,322.184000
9852,722.253000,394.480000,2.620000,305.393000
9853,859.810000,498.278000,2.570000,383.101000
9854,596.115000,290.174000,6.941000,240.414000
9855,780.422000,442.680000,2.571000,324.061000
9856,586.986000,292.434000,1.680000,239.835000
9857,808.850000,460.019000,12.040000,365.372000
9858,747.071000,452.459000,2.040000,337.812000
9859,607.245000,347.532000,19.099000,311.793000
9860,746.782000,366.943000,6.400000,346.332000
9861,720.883000,366.182000,1.680000,315.422000
9862,711.414000,372.951000,6.240000,332.071000
9863,701.485000,413.809000,3.350000,336.752000
9864,571.906000,322.993000,2.760000,250.233000
9865,756.933000,415.951000,5.580000,332.612000
9866,701.014000,396.410000,2.050000,312.082000
9867,590.456000,283.754000,1.400000,257.234000
9868,659.274000,366.062000,1.090000,313.883000
9869,563.256000,331.122000,0.840000,306.133000
9870,808.971000,414.540000,2.450000,356.342000
9871,665.554000,374.702000,2.820000,315.492000
9872,708.874000,370.891000,6.320000,317.862000
9873,716.923000,427.220000,2.930000,321.082000
9874,699.643000,372.382000,8.680000,301.043000
9875,587.497000,375.842000,5.269000,327.343000
9876,645.996000,333.131000,3.650000,407.141000
9877,699.544000,376.771000,3.221000,306.421000
9878,699.144000,377.901000,5.179000,305.273000
9879,659.324000,398.170000,4.390000,331.974000
9880,683.815000,370.571000,3.960000,376.711000
9881,610.986000,312.393000,2.000000,274.234000
9882,626.756000,298.703000,3.220000,269.914000
9883,745.822000,430.550000,7.671000,371.022000
9884,800.361000,444.680000,3.230000,339.392000
9885,443.669000,245.864000,3.450000,205.565000
9886,791.172000,384.231000,1.730000,325.753000
9887,741.622000,412.979000,1.350000,305.894000
9888,614.345000,349.951000,10.110000,313.603000
9889,884.338000,573.037000,3.920000,403.091000
9890,625.734000,309.692000,1.010000,287.233000
9891,564.236000,252.954000,2.940000,227.865000
9892,620.016000,319.082000,1.910000,276.533000
9893,638.765000,357.671000,1.130000,299.501000
9894,879.330000,518.988000,10.011000,419.498000
9895,797.142000,480.858000,2.869000,345.764000
9896,529.927000,272.535000,4.410000,245.363000
9897,699.144000,371.932000,14.539000,309.304000
9898,582.506000,329.262000,3.410000,278.474000
9899,501.027000,264.034000,2.120000,236.364000
9900,756.321000,352.481000,5.140000,349.452000
9901,714.612000,356.871000,8.821000,334.263000
9902,645.955000,298.122000,3.080000,251.164000
9903,626.096000,352.662000,7.459000,315.334000
9904,696.783000,402.731000,1.939000,311.544000
9905,838.150000,485.747000,1.670000,355.961000
9906,786.773000,457.489000,0.980000,332.553000
9907,632.825000,335.392000,1.560000,281.743000
9908,649.685000,347.562000,10.480000,285.773000
9909,777.132000,444.359000,2.389000,332.063000
9910,602.875000,314.663000,3.390000,291.703000
9911,720.813000,368.540000,5.429000,321.893000
9912,655.175000,355.022000,2.900000,323.423000
9913,663.135000,381.521000,4.100000,318.172000
9914,801.271000,482.019000,2.090000,387.681000
9915,630.515000,314.772000,2.990000,249.755000
9916,805.131000,460.040000,2.200000,340.951000
9917,514.268000,254.724000,1.390000,220.034000
9918,707.784000,415.720000,1.590000,313.372000
9919,896.490000,543.637000,5.920000,395.600000
9920,775.201000,392.260000,17.310000,388.701000
9921,624.094000,292.503000,4.220000,284.853000
9922,661.714000,320.522000,4.169000,276.244000
9923,585.706000,341.793000,4.030000,289.282000
9924,748.234000,413.169000,1.381000,339.131000
9925,569.975000,299.974000,2.530000,265.594000
9926,899.708000,439.730000,9.770000,371.441000
9927,821.981000,472.389000,3.389000,354.661000
9928,572.997000,259.653000,3.821000,228.954000
9929,938.018000,536.919000,10.510000,425.620000
9930,800.592000,423.900000,10.440000,411.739000
9931,821.700000,395.510000,6.920000,329.372000
9932,602.266000,297.123000,3.749000,262.224000
9933,756.192000,462.209000,3.200000,343.762000
9934,665.595000,347.801000,1.730000,272.753000
9935,724.272000,406.581000,1.520000,313.534000
9936,604.785000,326.062000,17.779000,302.652000
9937,761.593000,443.530000,5.089000,329.041000
9938,540.067000,253.045000,2.720000,232.075000
9939,710.783000,367.122000,10.000000,309.013000
9940,654.315000,310.633000,2.750000,269.724000
9941,746.142000,384.871000,5.920000,339.182000
9942,825.690000,424.340000,5.219000,354.193000
9943,517.176000,260.223000,10.459000,244.164000
9944,795.001000,455.828000,2.751000,340.732000
9945,607.406000,315.422000,2.910000,274.594000
9946,752.142000,461.709000,1.310000,304.612000
9947,730.244000,385.061000,19.620000,335.392000
9948,600.877000,350.443000,4.380000,313.932000
9949,807.751000,488.159000,12.339000,408.520000
9950,792.981000,414.380000,6.140000,356.321000
9951,811.521000,440.430000,1.870000,376.551000
9952,678.644000,454.258000,1.049000,350.723000
9953,546.917000,296.502000,5.190000,285.214000
9954,720.443000,395.031000,2.430000,300.192000
9955,733.363000,407.431000,1.780000,323.402000
9956,723.133000,410.501000,5.600000,313.883000
9957,642.974000,360.342000,2.680000,298.992000
9958,681.105000,423.261000,3.110000,338.551000
9959,696.323000,401.619000,1.650000,364.691000
9960,672.285000,326.851000,1.250000,298.084000
9961,819.451000,419.330000,7.680000,358.341000
9962,692.653000,381.092000,2.610000,318.432000
9963,565.586000,340.413000,3.540000,273.443000
9964,775.082000,431.141000,9.590000,344.912000
9965,650.933000,355.043000,2.180000,308.173000
9966,804.241000,457.489000,1.550000,367.530000
9967,670.724000,369.851000,5.180000,307.333000
9968,665.633000,350.703000,6.030000,275.213000
9969,618.366000,328.332000,2.870000,276.803000
9970,782.362000,387.581000,2.550000,343.821000
9971,620.075000,294.033000,1.010000,268.653000
9972,660.885000,346.491000,2.100000,304.234000
9973,582.645000,384.680000,7.581000,337.931000
9974,744.493000,438.540000,3.680000,333.702000
9975,758.131000,420.880000,2.320000,345.023000
9976,742.972000,334.732000,6.639000,308.774000
9977,685.053000,372.252000,2.059000,297.813000
9978,691.984000,335.811000,5.581000,290.804000
9979,747.652000,394.861000,1.909000,393.171000
9980,783.972000,397.030000,1.689000,320.972000
9981,661.815000,349.531000,2.080000,277.844000
9982,759.622000,435.429000,2.911000,331.374000
9983,837.870000,488.689000,8.120000,381.612000
9984,698.315000,417.161000,3.931000,332.582000
9985,762.591000,428.670000,4.040000,382.411000
9986,532.039000,264.633000,10.070000,254.604000
9987,802.191000,438.530000,19.740000,374.242000
9988,475.719000,228.694000,3.659000,227.495000
9989,814.141000,505.147000,2.610000,362.471000
9990,863.659000,394.301000,18.259000,372.941000
9991,902.189000,434.030000,7.460000,368.331000
9992,750.052000,399.701000,3.400000,326.102000
9993,803.390000,490.259000,2.150000,382.701000
9994,678.035000,380.601000,4.120000,301.332000
9995,536.087000,313.932000,3.680000,254.075000
9996,621.966000,334.612000,7.390000,300.193000
9997,550.447000,369.251000,2.030000,304.204000
9998,742.482000,400.190000,29.469000,336.902000
9999,731.673000,343.671000,2189.708000,443.840000
10000,640.606000,313.943000,5.940000,308.364000
10001,563.747000,295.992000,1.990000,284.123000
10002,615.675000,302.073000,1.459000,270.834000
10003,590.646000,264.453000,4.970000,248.895000
10004,571.437000,283.392000,2.310000,253.835000
10005,989.276000,508.908000,18.339000,383.901000
10006,695.725000,380.951000,3.280000,334.032000
10007,766.761000,421.910000,3.520000,313.733000
10008,761.572000,450.530000,1.960000,342.202000
10009,609.557000,341.191000,2.771000,274.573000
10010,785.362000,407.171000,3.080000,337.092000
10011,713.074000,374.222000,3.120000,308.543000
10012,874.530000,500.078000,10.360000,391.490000
10013,830.081000,435.639000,3.320000,333.562000
10014,704.064000,392.111000,1.620000,309.162000
10015,796.342000,416.471000,1.469000,331.883000
10016,806.481000,470.249000,16.330000,394.440000
10017,797.192000,478.108000,9.310000,365.162000
10018,659.814000,375.091000,4.040000,305.563000
10019,705.124000,415.640000,3.920000,350.292000
10020,666.705000,331.192000,5.800000,309.043000
10021,565.986000,308.702000,2.210000,284.074000
10022,716.272000,367.322000,19.619000,352.191000
10023,481.297000,239.714000,2.699000,218.685000
10024,725.694000,446.059000,1.691000,330.322000
10025,790.531000,422.030000,6.400000,335.921000
10026,700.894000,393.231000,1.640000,317.663000
10027,774.063000,461.148000,4.900000,336.393000
10028,631.934000,342.522000,2.709000,277.694000
10029,671.604000,392.911000,3.020000,303.463000
10030,776.162000,370.251000,13.339000,356.702000
10031,678.414000,323.152000,5.410000,317.153000
10032,780.261000,431.481000,2.249000,334.192000
10033,739.792000,430.930000,1.831000,321.113000
10034,871.299000,568.487000,4.720000,372.562000
10035,367.031000,180.886000,9.110000,170.626000
10036,820.081000,445.799000,3.890000,338.111000
10037,637.515000,321.743000,1.779000,315.533000
10038,773.092000,447.110000,1.670000,342.212000
10039,885.590000,474.369000,5.090000,407.740000
10040,590.106000,339.942000,2.189000,270.944000
10041,764.273000,415.750000,2.431000,328.813000
10042,665.135000,343.212000,1.770000,304.892000
10043,681.464000,421.800000,1.730000,340.482000
10044,739.833000,443.689000,2.509000,345.543000
10045,763.732000,460.489000,5.129000,360.721000
10046,685.554000,366.741000,3.719000,301.832000
10047,722.744000,417.750000,2.320000,321.173000
10048,781.721000,474.590000,4.680000,360.490000
10049,768.101000,425.200000,3.040000,340.302000
10050,694.223000,364.342000,2.640000,313.082000
10051,788.142000,384.780000,2.111000,366.982000
10052,734.922000,424.510000,1.430000,315.762000
10053,733.274000,420.021000,1.970000,346.421000
10054,751.912000,442.370000,2.270000,353.981000
10055,786.873000,403.791000,2.180000,302.153000
10056,775.591000,438.169000,13.069000,348.851000
10057,685.014000,374.371000,2.580000,291.303000
10058,609.246000,315.772000,1.100000,260.644000
10059,776.631000,408.920000,20.300000,339.921000
10060,606.286000,273.954000,4.680000,259.055000
10061,618.456000,281.332000,6.740000,253.104000
10062,802.421000,407.329000,6.411000,337.601000
10063,730.724000,385.480000,9.720000,319.902000
10064,779.282000,451.279000,5.000000,368.232000
10065,763.382000,432.320000,2.579000,330.613000
10066,689.724000,391.000000,2.080000,306.953000
10067,727.103000,420.170000,16.200000,328.861000
10068,707.593000,395.931000,2.500000,306.442000
10069,920.789000,538.937000,2.910000,388.751000
10070,716.244000,365.970000,2.581000,335.753000
10071,798.362000,417.051000,3.831000,335.342000
10072,516.449000,262.584000,6.390000,234.425000
10073,776.682000,445.439000,2.709000,326.682000
10074,712.933000,403.890000,2.340000,307.603000
10075,877.198000,465.170000,20.110000,365.261000
10076,789.611000,443.989000,6.180000,348.321000
10077,531.398000,260.085000,6.859000,243.854000
10078,701.794000,342.631000,20.540000,310.843000
10079,738.132000,393.150000,3.480000,310.392000
10080,781.501000,370.841000,2.570000,342.273000
10081,677.703000,348.923000,1.659000,299.943000
10082,662.364000,313.722000,6.491000,301.412000
10083,733.172000,400.101000,2.031000,350.382000
10084,600.036000,314.762000,2.800000,266.374000
10085,642.375000,296.922000,10.930000,254.054000
10086,805.471000,445.010000,13.090000,347.302000
10087,730.632000,411.000000,2.450000,329.263000
10088,861.569000,485.537000,4.050000,378.951000
10089,684.455000,379.480000,1.701000,295.404000
10090,759.272000,361.423000,11.298000,318.513000
10091,761.682000,392.532000,10.060000,367.202000
10092,629.786000,311.264000,2.200000,287.423000
10093,698.554000,388.700000,46.420000,312.652000
10094,712.183000,422.360000,2.690000,342.272000
10095,769.921000,459.210000,9.120000,355.592000
10096,627.835000,346.302000,4.979000,317.283000
10097,736.142000,412.701000,2.140000,300.193000
10098,700.303000,383.213000,1.210000,294.573000
10099,745.833000,433.891000,5.359000,334.233000
10100,895.918000,461.718000,4.519000,381.552000
10101,813.070000,439.518000,1.571000,341.732000
10102,740.452000,413.211000,1.160000,447.039000
10103,748.902000,448.190000,2.339000,365.801000
10104,771.081000,439.810000,2.751000,358.362000
10105,779.511000,418.541000,3.559000,343.871000
10106,635.225000,389.500000,2.289000,308.322000
10107,789.533000,500.558000,5.019000,353.971000
10108,705.034000,394.070000,8.630000,322.442000
10109,748.413000,424.640000,6.140000,342.062000
10110,597.226000,297.183000,3.820000,282.353000
10111,760.652000,362.043000,3.480000,345.811000
10112,699.574000,371.581000,6.230000,326.592000
10113,708.424000,365.751000,1.860000,330.302000
10114,658.125000,357.671000,15.909000,325.913000
10115,606.055000,303.942000,6.090000,273.024000
10116,738.902000,402.590000,1.901000,326.772000
10117,814.872000,478.698000,1.200000,356.071000
10118,736.063000,418.550000,1.350000,369.261000
10119,610.046000,340.852000,3.730000,280.864000
10120,689.994000,324.493000,5.949000,325.813000
10121,741.152000,423.530000,4.030000,350.072000
10122,818.150000,347.952000,16.030000,301.152000
10123,604.076000,303.954000,3.511000,270.373000
10124,820.350000,470.648000,9.480000,352.582000
10125,757.643000,366.841000,9.371000,311.012000
10126,791.241000,475.269000,3.490000,354.991000
10127,787.042000,440.039000,1.990000,328.282000
10128,783.102000,429.461000,2.470000,326.971000
10129,803.232000,473.048000,0.990000,430.120000
10130,706.943000,347.133000,12.300000,290.542000
10131,658.414000,311.651000,18.990000,297.843000
10132,790.570000,425.620000,18.900000,369.300000
10133,628.596000,343.001000,10.630000,292.213000
10134,714.622000,406.802000,8.890000,332.891000
10135,676.133000,397.200000,2.220000,337.642000
10136,900.829000,484.848000,8.360000,373.822000
10137,788.861000,494.308000,2.940000,356.162000
10138,699.793000,377.101000,1.660000,355.123000
10139,716.873000,398.941000,2.061000,302.144000
10140,639.996000,300.833000,3.120000,271.103000
10141,699.774000,334.591000,3.830000,304.133000
10142,714.013000,351.822000,2.530000,300.702000
10143,911.038000,480.917000,1.479000,357.943000
10144,691.964000,413.030000,2.880000,354.991000
10145,457.870000,230.775000,6.520000,245.265000
10146,747.372000,445.209000,4.240000,326.341000
10147,671.415000,360.171000,6.700000,299.483000
10148,640.015000,361.491000,4.350000,335.521000
10149,761.572000,405.920000,3.209000,338.622000
10150,776.701000,360.683000,2.220000,288.923000
10151,632.426000,260.584000,6.351000,249.425000
10152,717.302000,381.052000,3.951000,314.193000
10153,601.095000,323.321000,5.180000,290.743000
10154,595.816000,296.992000,3.580000,284.984000
10155,816.162000,465.609000,1.680000,344.691000
10156,730.893000,367.881000,1.531000,300.174000
10157,423.100000,211.565000,4.830000,196.165000
10158,694.895000,389.811000,2.110000,316.202000
10159,767.332000,439.190000,1.400000,322.003000
10160,922.418000,375.921000,19.539000,361.171000
10161,755.354000,399.131000,3.480000,320.612000
10162,815.872000,447.609000,2.030000,353.101000
10163,663.595000,385.791000,4.540000,301.494000
10164,602.716000,331.792000,2.030000,261.744000
10165,722.413000,441.950000,1.580000,317.162000
10166,725.464000,420.670000,1.899000,329.542000
10167,770.142000,421.660000,5.220000,344.542000
10168,751.272000,426.360000,3.459000,329.802000
10169,751.594000,422.840000,5.659000,334.332000
10170,657.554000,272.394000,6.099000,260.535000
10171,596.165000,278.703000,10.230000,264.984000
10172,691.084000,393.681000,2.789000,325.333000
10173,654.636000,350.742000,3.669000,281.125000
10174,554.346000,341.282000,1.640000,288.254000
10175,642.715000,359.872000,1.230000,276.825000
10176,747.992000,410.751000,1.450000,330.881000
10177,614.935000,328.723000,8.210000,274.132000
10178,640.086000,354.172000,4.950000,291.872000
10179,835.911000,478.379000,5.560000,367.791000
10180,654.354000,302.922000,2.950000,272.394000
10181,632.875000,314.132000,13.160000,282.474000
10182,553.237000,298.743000,3.840000,274.842000
10183,804.033000,422.879000,10.560000,352.393000
10184,502.628000,316.102000,3.129000,273.343000
10185,780.012000,468.999000,1.720000,341.812000
10186,576.757000,280.694000,2.111000,212.355000
10187,794.600000,442.829000,5.430000,358.711000
10188,738.213000,392.901000,3.530000,302.453000
10189,691.434000,383.101000,2.760000,303.653000
10190,937.857000,420.960000,2.289000,358.382000
10191,590.856000,262.134000,12.210000,251.465000
10192,781.292000,445.679000,3.760000,315.352000
10193,813.311000,420.870000,3.050000,313.214000
10194,576.387000,257.305000,11.409000,233.284000
10195,892.420000,485.229000,4.280000,373.212000
10196,750.062000,428.329000,1.880000,319.924000
10197,778.222000,459.698000,1.600000,331.273000
10198,845.180000,459.329000,1.301000,343.863000
10199,671.603000,336.642000,3.890000,280.423000
10200,895.329000,439.100000,10.889000,387.462000
10201,726.492000,342.611000,5.490000,298.954000
10202,629.975000,361.971000,2.840000,298.533000
10203,775.541000,472.788000,1.250000,351.973000
10204,711.453000,433.049000,1.059000,340.422000
10205,775.153000,460.259000,1.510000,340.062000
10206,541.208000,295.803000,2.249000,249.715000
10207,709.463000,439.239000,3.539000,358.622000
10208,773.733000,403.290000,16.720000,334.472000
10209,695.854000,372.831000,3.210000,304.213000
10210,635.475000,292.612000,1.260000,269.764000
10211,633.215000,319.073000,1.999000,285.794000
10212,537.747000,290.193000,3.259000,270.274000
10213,734.262000,404.321000,3.730000,322.303000
10214,837.569000,484.819000,2.230000,345.742000
10215,590.007000,331.743000,10.849000,275.433000
10216,588.087000,350.631000,4.550000,297.073000
10217,543.927000,298.122000,2.120000,231.915000
10218,646.796000,332.083000,3.311000,307.043000
10219,759.692000,399.501000,1.430000,311.963000
10220,811.491000,448.459000,1.020000,326.313000
10221,777.942000,418.920000,1.430000,335.191000
10222,745.414000,394.940000,3.850000,305.983000
10223,727.954000,400.981000,1.810000,322.482000
10224,761.422000,430.410000,1.210000,354.233000
10225,729.882000,431.261000,1.411000,338.111000
10226,816.501000,456.189000,1.349000,354.622000
10227,896.189000,518.137000,1.200000,365.562000
10228,713.722000,403.671000,9.080000,347.081000
10229,780.182000,442.398000,5.170000,338.512000
10230,723.263000,323.662000,2.880000,286.453000
10231,770.061000,374.191000,3.269000,315.783000
10232,933.218000,395.990000,13.261000,315.353000
10233,670.824000,394.060000,3.499000,325.893000
10234,732.182000,381.221000,2.280000,367.921000
10235,811.811000,462.319000,1.421000,335.983000
10236,663.063000,353.452000,0.971000,297.302000
10237,796.492000,486.029000,1.990000,356.531000
10238,725.434000,442.028000,1.420000,357.443000
10239,694.834000,375.060000,11.461000,323.894000
10240,653.404000,311.353000,4.640000,306.042000
10241,641.465000,296.913000,7.350000,265.524000
10242,719.622000,374.001000,2.140000,312.213000
10243,791.951000,435.870000,2.100000,340.051000
10244,745.502000,439.150000,3.499000,336.823000
10245,611.816000,288.444000,6.479000,254.204000
10246,677.764000,337.702000,7.390000,300.033000
10247,737.773000,441.689000,1.960000,330.161000
10248,765.312000,413.661000,7.490000,331.783000
10249,743.182000,431.840000,10.130000,351.111000
10250,555.047000,330.152000,4.899000,318.214000
10251,651.925000,339.343000,3.780000,333.842000
10252,747.832000,404.601000,6.959000,346.412000
10253,757.231000,451.909000,2.330000,342.921000
10254,822.671000,490.399000,3.070000,356.741000
10255,656.165000,348.192000,1.880000,310.423000
10256,777.091000,449.150000,1.731000,335.592000
10257,852.420000,420.080000,12.360000,343.121000
10258,709.502000,377.272000,2.781000,288.473000
10259,761.282000,440.959000,1.320000,373.930000
10260,721.264000,352.261000,4.309000,302.554000
10261,674.954000,289.404000,4.510000,277.333000
10262,585.577000,310.292000,4.350000,279.014000
10263,723.683000,394.811000,1.830000,320.403000
10264,767.812000,415.550000,1.380000,330.552000
10265,830.040000,500.238000,1.680000,369.702000
10266,735.072000,452.669000,1.890000,337.883000
10267,617.565000,350.213000,3.020000,282.473000
10268,757.554000,396.700000,4.809000,298.002000
10269,634.856000,351.991000,2.480000,279.834000
10270,710.713000,356.752000,3.169000,335.802000
10271,511.228000,265.484000,2.270000,248.324000
10272,849.660000,387.601000,8.891000,345.602000
10273,817.660000,495.449000,2.181000,345.612000
10274,568.937000,414.781000,1.760000,322.072000
10275,571.708000,298.053000,7.591000,248.905000
10276,758.722000,430.300000,5.990000,342.183000
10277,832.069000,485.609000,1.800000,375.391000
10278,547.888000,276.943000,1.280000,231.004000
10279,703.394000,426.360000,1.190000,319.482000
10280,835.001000,430.330000,2.710000,334.692000
10281,786.303000,411.370000,3.419000,332.701000
10282,803.441000,430.790000,8.630000,350.181000
10283,733.643000,400.780000,3.040000,303.553000
10284,784.332000,438.010000,1.311000,323.692000
10285,745.633000,407.990000,2.040000,333.002000
10286,629.386000,374.261000,2.020000,296.483000
10287,815.220000,434.480000,13.500000,347.611000
10288,661.405000,397.781000,3.310000,317.713000
10289,662.295000,365.862000,1.451000,275.754000
10290,745.373000,357.762000,1.760000,332.281000
10291,693.954000,351.732000,3.631000,304.974000
10292,835.080000,449.640000,1.780000,381.921000
10293,620.355000,351.973000,1.520000,286.753000
10294,712.074000,403.210000,4.630000,339.922000
10295,641.085000,330.462000,6.369000,288.624000
10296,637.265000,320.262000,4.191000,304.763000
10297,707.383000,393.921000,1.950000,339.642000
10298,796.821000,459.818000,4.770000,332.643000
10299,521.097000,260.974000,10.830000,234.915000
10300,571.297000,272.814000,4.459000,260.865000
10301,821.011000,402.190000,1.650000,393.931000
10302,582.765000,351.501000,7.120000,309.083000
10303,616.425000,370.431000,2.370000,347.141000
10304,651.924000,323.972000,5.300000,274.704000
10305,609.185000,318.814000,3.729000,272.043000
10306,615.235000,319.624000,3.070000,252.813000
10307,732.053000,441.970000,1.990000,336.412000
10308,881.319000,495.987000,4.010000,390.061000
10309,656.824000,324.163000,12.490000,283.923000
10310,772.931000,397.200000,5.200000,349.711000
10311,683.044000,324.731000,1.800000,298.833000
10312,756.151000,409.631000,9.051000,336.581000
10313,608.606000,398.661000,13.710000,338.373000
10314,673.784000,392.982000,4.269000,313.813000
10315,652.284000,389.870000,3.899000,307.082000
10316,642.605000,358.952000,6.499000,305.094000
10317,612.536000,362.251000,2.270000,306.513000
10318,744.882000,440.260000,2.130000,345.572000
10319,633.585000,315.712000,1.840000,261.053000
10320,776.652000,357.232000,5.620000,314.463000
10321,775.221000,394.740000,1.910000,316.513000
10322,693.393000,388.601000,0.770000,339.332000
10323,783.162000,383.241000,14.920000,337.493000
10324,713.524000,421.001000,2.540000,320.962000
10325,729.192000,451.449000,9.030000,375.122000
10326,766.503000,379.852000,19.599000,323.592000
10327,708.104000,421.901000,7.569000,341.322000
10328,611.136000,395.240000,1.600000,277.594000
10329,932.458000,476.180000,7.900000,365.262000
10330,709.833000,335.361000,2.550000,309.753000
10331,835.610000,405.410000,1.360000,334.031000
10332,822.531000,452.499000,1.210000,352.442000
10333,727.833000,392.861000,13.960000,320.021000
10334,542.956000,286.653000,3.180000,246.395000
10335,620.654000,351.121000,1.100000,293.893000
10336,657.184000,385.582000,3.099000,307.253000
10337,744.942000,444.139000,2.290000,358.712000
10338,599.346000,322.482000,2.539000,263.404000
10339,749.211000,431.049000,1.509000,339.481000
10340,780.112000,395.881000,1.779000,339.851000
10341,750.032000,371.032000,1.630000,341.752000
10342,808.320000,434.349000,1.259000,330.152000
10343,623.325000,332.073000,6.009000,271.335000
10344,861.039000,515.529000,3.539000,367.492000
10345,732.144000,393.890000,2.560000,310.562000
10346,687.244000,405.900000,2.291000,319.221000
10347,661.565000,336.622000,19.891000,286.114000
10348,747.662000,425.340000,7.230000,342.811000
10349,684.244000,402.710000,2.080000,339.212000
10350,832.411000,463.900000,1.680000,363.921000
10351,833.710000,434.720000,5.390000,330.042000
10352,592.467000,309.242000,5.410000,267.224000
10353,747.991000,416.251000,2.810000,327.442000
10354,766.143000,434.129000,9.658000,353.852000
10355,655.686000,402.180000,2.569000,397.962000
10356,757.872000,425.810000,1.869000,321.123000
10357,640.955000,343.152000,2.529000,270.625000
10358,634.865000,320.303000,5.700000,263.594000
10359,706.834000,361.272000,5.490000,288.062000
10360,733.703000,386.551000,2.049000,347.281000
10361,728.613000,374.201000,3.040000,308.972000
10362,424.660000,194.215000,4.040000,201.926000
10363,535.987000,285.953000,2.160000,243.985000
10364,738.552000,445.790000,3.899000,341.672000
10365,639.165000,352.881000,1.720000,295.784000
10366,680.474000,357.031000,1.670000,276.773000
10367,605.687000,288.284000,8.829000,256.293000
10368,770.801000,438.510000,2.190000,411.400000
10369,682.604000,363.222000,2.120000,288.632000
10370,756.102000,362.741000,2.020000,309.493000
10371,618.485000,286.552000,9.380000,274.544000
10372,777.251000,405.160000,8.731000,337.601000
10373,691.604000,362.412000,2.850000,304.793000
10374,674.334000,390.241000,1.970000,332.533000
10375,698.773000,389.600000,1.539000,290.534000
10376,711.223000,387.101000,1.971000,298.603000
10377,488.200000,225.406000,4.960000,202.186000
10378,908.818000,476.539000,1.981000,386.661000
10379,832.871000,444.430000,4.051000,359.220000
10380,857.569000,389.591000,13.980000,383.332000
10381,791.133000,429.319000,4.140000,351.732000
10382,748.432000,406.260000,6.800000,329.283000
10383,760.793000,457.610000,3.488000,345.073000
10384,768.482000,421.190000,3.571000,323.482000
10385,672.124000,367.591000,5.750000,326.553000
10386,703.863000,401.610000,4.430000,313.713000
10387,674.323000,368.802000,11.620000,311.723000
10388,821.282000,473.380000,5.099000,347.992000
10389,852.960000,517.578000,1.851000,360.580000
10390,741.022000,336.852000,22.729000,334.562000
10391,793.372000,417.620000,8.051000,369.711000
10392,658.444000,312.563000,10.360000,273.974000
10393,599.866000,355.571000,18.640000,294.583000
10394,591.856000,307.014000,4.620000,264.034000
10395,574.476000,303.033000,5.329000,271.725000
10396,600.816000,333.732000,14.910000,314.013000
10397,935.087000,486.358000,9.319000,363.481000
10398,848.401000,483.058000,3.799000,364.992000
10399,649.375000,348.971000,9.530000,306.342000
10400,542.427000,302.312000,3.010000,316.973000
10401,833.240000,421.031000,2.680000,346.781000
10402,623.936000,362.772000,2.640000,308.333000
10403,687.973000,375.851000,2.070000,286.924000
10404,711.244000,410.751000,5.520000,359.803000
10405,875.009000,506.268000,10.209000,412.350000
10406,635.236000,297.053000,6.200000,251.734000
10407,730.394000,397.290000,20.270000,343.763000
10408,760.682000,434.570000,3.239000,364.542000
10409,755.612000,441.090000,1.800000,342.172000
10410,632.305000,337.783000,4.391000,287.244000
10411,781.992000,407.640000,2.260000,352.272000
10412,728.322000,414.310000,1.530000,329.523000
10413,464.330000,221.215000,1.860000,194.216000
10414,949.147000,432.130000,17.840000,356.802000
10415,755.481000,421.390000,6.750000,326.652000
10416,710.852000,420.071000,3.230000,315.544000
10417,508.748000,269.914000,1.660000,230.854000
10418,682.364000,355.781000,5.009000,299.965000
10419,802.361000,468.010000,8.119000,362.631000
10420,715.062000,343.363000,3.150000,311.822000
10421,800.271000,392.401000,2.220000,367.342000
10422,775.532000,459.960000,1.550000,363.461000
10423,805.071000,441.730000,17.209000,348.121000
10424,647.195000,363.671000,4.810000,284.594000
10425,749.412000,459.269000,1.840000,353.741000
10426,653.124000,350.912000,1.610000,328.182000
10427,805.011000,483.189000,1.379000,348.402000
10428,838.600000,499.869000,5.300000,350.292000
10429,762.611000,382.671000,6.589000,310.433000
10430,675.034000,322.172000,6.400000,318.413000
10431,615.856000,314.082000,3.240000,301.034000
10432,733.642000,405.501000,1.880000,358.851000
10433,730.593000,419.990000,16.740000,335.742000
10434,604.625000,375.412000,3.940000,314.054000
10435,788.852000,444.869000,2.970000,339.622000
10436,805.931000,472.549000,7.020000,378.931000
10437,791.351000,467.789000,11.159000,359.812000
10438,592.977000,299.703000,2.160000,261.093000
10439,762.692000,384.350000,1.400000,285.284000
10440,560.217000,287.613000,2.091000,267.744000
10441,833.160000,444.198000,1.230000,357.712000
10442,862.429000,471.779000,2.730000,362.700000
10443,639.075000,353.541000,1.350000,290.824000
10444,473.879000,241.155000,1.950000,214.014000
10445,837.670000,456.789000,18.000000,364.361000
10446,513.848000,260.774000,9.530000,257.663000
10447,672.055000,366.031000,5.550000,335.143000
10448,779.702000,447.259000,2.099000,337.222000
10449,908.289000,535.187000,4.840000,461.240000
10450,676.833000,314.123000,2.540000,305.132000
10451,802.210000,346.132000,18.430000,340.712000
10452,671.114000,364.491000,3.820000,320.152000
10453,731.113000,411.750000,1.640000,335.902000
10454,805.210000,500.059000,1.890000,339.561000
10455,728.392000,420.570000,2.250000,327.443000
10456,811.791000,448.520000,10.030000,355.722000
10457,811.492000,471.519000,2.510000,348.811000
10458,837.501000,400.871000,10.790000,317.662000
10459,772.232000,459.669000,4.569000,358.521000
10460,679.025000,376.431000,2.031000,338.783000
10461,611.046000,295.443000,2.349000,274.794000
10462,594.165000,306.473000,1.691000,259.413000
10463,670.864000,384.881000,7.940000,343.952000
10464,436.619000,207.515000,5.120000,183.865000
10465,555.187000,249.474000,2.660000,209.355000
10466,686.495000,379.522000,1.580000,286.252000
10467,869.610000,494.749000,1.700000,419.370000
10468,712.183000,381.951000,2.511000,309.163000
10469,710.262000,386.602000,1.920000,316.524000
10470,846.030000,402.360000,12.620000,340.022000
10471,766.532000,479.429000,5.300000,330.362000
10472,826.900000,440.230000,6.240000,361.701000
10473,689.215000,411.521000,2.489000,319.863000
10474,713.273000,394.881000,5.020000,299.342000
10475,679.485000,374.671000,10.741000,313.502000
10476,714.333000,384.801000,2.160000,327.043000
10477,750.782000,392.380000,10.790000,325.962000
10478,747.393000,358.941000,9.740000,304.732000
10479,753.093000,453.778000,2.560000,357.422000
10480,789.393000,422.281000,2.920000,365.331000
10481,688.373000,436.070000,4.650000,356.413000
10482,416.288000,188.497000,9.490000,174.675000
10483,597.186000,363.292000,2.490000,318.131000
10484,724.764000,417.850000,3.250000,360.852000
10485,876.120000,535.337000,1.700000,392.681000
10486,792.921000,444.929000,3.270000,349.261000
10487,640.605000,355.962000,2.669000,289.924000
10488,809.570000,452.159000,2.420000,348.242000
10489,700.923000,385.861000,2.190000,294.893000
10490,765.723000,360.692000,1.760000,334.351000
10491,795.120000,400.630000,9.250000,342.792000
10492,717.153000,403.161000,3.150000,363.961000
10493,812.361000,424.739000,17.380000,344.502000
10494,846.000000,490.238000,2.951000,351.021000
10495,794.371000,424.860000,17.440000,352.322000
10496,699.893000,386.220000,15.620000,344.742000
10497,831.201000,458.029000,2.470000,316.622000
10498,740.424000,449.099000,12.619000,360.923000
10499,636.225000,364.891000,20.300000,318.472000
10500,681.094000,293.003000,7.220000,266.564000
10501,778.332000,398.361000,18.659000,362.231000
10502,662.785000,344.292000,9.720000,331.503000
10503,834.851000,523.357000,3.650000,369.302000
10504,805.861000,437.010000,1.960000,332.602000
10505,656.955000,346.433000,1.469000,285.664000
10506,678.075000,340.661000,3.170000,278.534000
10507,659.004000,360.901000,2.959000,277.823000
10508,570.817000,312.752000,6.600000,257.905000
10509,801.400000,459.480000,2.770000,339.412000
10510,854.771000,425.060000,18.620000,386.091000
10511,638.735000,325.782000,4.330000,304.983000
10512,714.993000,367.591000,2.650000,323.643000
10513,693.703000,442.790000,2.710000,348.412000
10514,558.708000,310.282000,1.440000,243.555000
10515,747.231000,485.909000,3.909000,352.492000
10516,784.221000,427.600000,3.650000,332.782000
10517,747.153000,431.401000,3.019000,352.322000
10518,654.145000,340.531000,9.130000,273.094000
10519,798.061000,456.889000,3.491000,345.351000
10520,805.332000,414.319000,1.939000,335.763000
10521,774.441000,421.480000,2.980000,352.181000
10522,701.374000,390.760000,2.530000,301.612000
10523,527.879000,284.423000,3.760000,239.754000
10524,788.661000,479.040000,4.560000,344.461000
10525,819.211000,476.009000,3.970000,350.151000
10526,785.541000,440.630000,2.270000,379.121000
10527,561.538000,276.863000,8.210000,247.394000
10528,676.335000,369.991000,5.280000,289.122000
10529,834.580000,532.168000,3.769000,339.142000
10530,706.423000,322.903000,3.760000,302.032000
10531,734.033000,374.780000,13.619000,363.991000
10532,716.042000,374.902000,10.790000,334.032000
10533,374.051000,183.176000,13.300000,177.326000
10534,792.601000,524.078000,2.940000,357.131000
10535,698.654000,394.600000,2.980000,312.182000
10536,795.991000,484.969000,1.750000,353.821000
10537,717.824000,408.791000,3.029000,330.541000
10538,731.822000,433.519000,2.580000,373.261000
10539,776.582000,457.358000,2.490000,349.002000
10540,785.102000,386.570000,3.260000,358.251000
10541,726.553000,396.041000,1.658000,315.134000
10542,691.523000,331.982000,3.150000,282.134000
10543,446.899000,297.253000,2.300000,298.222000
10544,499.879000,243.385000,4.829000,222.005000
10545,770.152000,458.460000,2.009000,352.932000
10546,736.023000,426.120000,1.510000,359.051000
10547,627.786000,333.091000,1.301000,268.253000
10548,643.545000,350.001000,4.951000,292.405000
10549,770.201000,438.330000,5.960000,336.601000
10550,766.222000,386.032000,3.579000,334.892000
10551,783.912000,406.121000,1.480000,387.320000
10552,788.611000,387.870000,14.950000,338.463000
10553,785.651000,478.100000,3.909000,348.161000
10554,715.893000,401.550000,4.630000,326.303000
10555,695.473000,421.830000,4.010000,319.164000
10556,693.843000,397.521000,2.899000,312.463000
10557,424.960000,220.115000,11.299000,201.325000
10558,579.636000,316.662000,2.880000,270.495000
10559,739.522000,429.460000,1.860000,336.562000
10560,669.525000,301.282000,5.170000,305.944000
10561,867.519000,439.980000,3.339000,356.572000
10562,577.885000,308.162000,1.429000,286.384000
10563,771.252000,462.919000,1.419000,338.122000
10564,755.253000,412.111000,1.760000,315.862000
10565,813.201000,455.980000,3.280000,332.741000
10566,782.961000,463.649000,2.130000,342.803000
10567,532.238000,269.004000,2.590000,235.645000
10568,772.492000,461.098000,1.780000,379.321000
10569,807.461000,450.679000,4.580000,345.103000
10570,635.176000,289.814000,3.280000,266.334000
10571,709.394000,340.421000,1.049000,293.353000
10572,818.640000,426.530000,1.490000,358.091000
10573,888.559000,457.730000,8.560000,345.891000
10574,542.037000,268.954000,3.949000,243.815000
10575,779.181000,472.759000,1.690000,347.691000
10576,775.873000,465.448000,15.480000,376.801000
10577,562.838000,335.731000,2.010000,261.364000
10578,686.402000,381.061000,1.200000,309.032000
10579,759.262000,423.680000,12.120000,343.661000
10580,647.144000,294.712000,12.090000,274.764000
10581,662.504000,357.893000,5.581000,325.961000
10582,838.231000,469.949000,2.880000,370.610000
10583,738.113000,401.760000,7.550000,358.712000
10584,824.870000,491.049000,6.610000,376.991000
10585,889.709000,473.629000,1.861000,339.243000
10586,728.853000,391.750000,3.910000,328.013000
10587,802.451000,454.389000,5.669000,372.210000
10588,726.842000,361.161000,5.120000,300.073000
10589,712.793000,452.659000,4.381000,375.782000
10590,694.935000,371.722000,13.699000,359.931000
10591,655.225000,345.722000,2.989000,304.873000
10592,713.103000,364.813000,2.980000,290.802000
10593,733.794000,432.320000,2.261000,394.051000
10594,629.844000,309.423000,10.800000,275.834000
10595,740.043000,413.821000,2.979000,338.152000
10596,724.264000,416.810000,1.300000,368.851000
10597,811.281000,380.591000,12.171000,317.262000
10598,726.724000,418.180000,4.240000,338.062000
10599,514.979000,259.263000,2.140000,228.785000
10600,695.484000,330.592000,1.899000,299.534000
10601,607.006000,330.111000,2.990000,296.164000
10602,646.704000,376.912000,2.490000,338.622000
10603,838.070000,474.879000,3.170000,348.181000
10604,628.606000,344.021000,1.470000,274.684000
10605,640.275000,375.551000,3.380000,313.792000
10606,733.674000,451.259000,1.600000,322.073000
10607,627.735000,341.172000,17.950000,295.274000
10608,727.042000,409.031000,3.111000,336.843000
10609,694.573000,436.679000,4.790000,356.942000
10610,772.202000,421.831000,2.280000,369.881000
10611,903.649000,422.650000,1.350000,337.862000
10612,794.382000,427.810000,2.540000,349.383000
10613,702.693000,423.539000,2.459000,315.843000
10614,598.865000,323.872000,5.269000,266.924000
10615,569.667000,292.324000,3.910000,299.573000
10616,726.563000,418.610000,3.910000,358.731000
10617,1039.545000,490.408000,21.508000,346.443000
10618,661.396000,404.770000,9.219000,335.492000
10619,741.102000,446.669000,2.870000,324.082000
10620,778.362000,419.550000,4.410000,352.262000
10621,690.933000,396.050000,3.580000,321.213000
10622,793.370000,489.018000,3.539000,354.681000
10623,722.873000,402.361000,4.419000,322.494000
10624,728.883000,393.321000,9.659000,341.592000
10625,659.603000,379.071000,2.880000,324.374000
10626,691.224000,384.441000,2.350000,331.742000
10627,734.992000,414.950000,4.299000,321.934000
10628,700.932000,422.441000,3.909000,347.972000
10629,641.735000,378.622000,2.439000,295.553000
10630,665.695000,305.232000,5.209000,305.373000
10631,576.257000,312.432000,3.139000,297.174000
10632,610.846000,329.372000,6.760000,307.932000
10633,687.393000,405.670000,2.979000,308.673000
10634,519.008000,271.485000,4.790000,242.165000
10635,552.767000,333.793000,5.379000,306.162000
10636,572.797000,320.643000,4.770000,285.272000
10637,699.885000,492.107000,2.031000,311.532000
10638,654.745000,358.961000,8.210000,292.022000
10639,641.125000,389.910000,3.289000,309.403000
10640,657.733000,327.013000,4.910000,311.632000
10641,630.655000,306.704000,2.341000,292.212000
10642,805.781000,413.320000,11.900000,337.522000
10643,664.844000,419.760000,3.960000,321.883000
10644,655.873000,395.951000,1.611000,322.693000
10645,628.105000,325.642000,2.900000,281.934000
10646,550.067000,288.914000,4.020000,255.663000
10647,334.483000,150.926000,2.230000,152.896000
10648,818.080000,446.279000,19.260000,363.471000
10649,865.970000,505.149000,7.789000,359.260000
10650,516.637000,218.965000,3.320000,227.045000
10651,910.789000,452.980000,4.719000,500.788000
10652,742.602000,402.622000,1.790000,342.832000
10653,714.933000,392.250000,8.580000,319.203000
10654,734.761000,444.300000,3.200000,330.912000
10655,698.284000,427.650000,2.410000,315.042000
10656,593.996000,351.363000,1.929000,291.003000
10657,718.034000,415.089000,5.291000,339.142000
10658,622.646000,354.092000,2.610000,290.523000
10659,709.143000,472.079000,1.581000,347.821000
10660,814.671000,388.981000,2.080000,341.501000
10661,713.274000,419.010000,7.730000,364.611000
10662,737.472000,428.110000,2.839000,342.043000
10663,536.387000,303.682000,1.631000,258.955000
10664,540.118000,311.632000,7.200000,260.525000
10665,674.844000,385.482000,4.620000,318.523000
10666,734.513000,446.220000,2.891000,345.602000
10667,491.038000,247.924000,3.050000,237.205000
10668,501.098000,247.835000,1.671000,199.995000
10669,915.979000,503.108000,1.319000,349.591000
10670,804.370000,388.640000,4.459000,363.182000
10671,621.776000,285.134000,3.739000,289.773000
10672,726.324000,386.231000,3.060000,328.751000
10673,692.724000,406.670000,1.670000,306.503000
10674,748.563000,472.659000,1.240000,337.993000
10675,649.613000,332.913000,4.381000,260.925000
10676,675.203000,366.781000,4.400000,295.934000
10677,718.313000,412.021000,17.240000,338.302000
10678,625.665000,346.131000,4.821000,266.674000
10679,828.621000,569.907000,8.570000,371.041000
10680,736.873000,401.660000,4.541000,333.171000
10681,588.966000,292.384000,3.459000,269.294000
10682,859.391000,495.428000,3.200000,385.640000
10683,736.873000,434.619000,1.520000,320.053000
10684,747.412000,379.341000,16.010000,327.762000
10685,545.338000,290.363000,3.220000,248.524000
10686,631.564000,342.983000,1.360000,263.583000
10687,727.203000,387.391000,14.550000,346.121000
10688,643.505000,360.820000,3.410000,287.763000
10689,837.060000,490.127000,16.920000,382.801000
10690,746.052000,363.862000,3.070000,330.602000
10691,778.562000,395.671000,1.609000,344.201000
10692,631.196000,359.082000,6.609000,324.633000
10693,749.492000,445.020000,1.929000,335.422000
10694,628.795000,356.802000,2.920000,288.553000
10695,726.002000,379.872000,1.850000,324.972000
10696,778.772000,453.809000,15.809000,356.631000
10697,754.701000,440.150000,12.320000,358.092000
10698,548.327000,274.913000,5.320000,230.805000
10699,644.085000,332.953000,6.080000,281.192000
10700,769.354000,384.141000,3.240000,337.302000
10701,677.975000,358.481000,2.609000,318.972000
10702,773.053000,408.230000,2.040000,310.742000
10703,634.105000,330.072000,2.370000,262.145000
10704,565.036000,271.853000,2.629000,234.355000
10705,824.070000,494.777000,2.080000,347.102000
10706,762.682000,424.350000,1.560000,330.522000
10707,660.304000,361.002000,4.310000,292.624000
10708,909.588000,541.138000,2.280000,387.181000
10709,725.582000,409.931000,1.560000,306.103000
10710,750.662000,380.251000,2.460000,335.452000
10711,805.911000,403.130000,3.320000,331.082000
10712,635.225000,343.311000,6.110000,309.573000
10713,545.767000,276.184000,10.621000,264.003000
10714,709.604000,428.600000,3.370000,329.782000
10715,723.634000,402.272000,5.699000,319.732000
10716,721.282000,444.870000,2.620000,337.902000
10717,758.222000,407.870000,1.260000,296.763000
10718,634.215000,345.121000,7.369000,289.753000
10719,626.966000,366.501000,2.060000,310.972000
10720,732.973000,339.412000,5.220000,322.372000
10721,600.835000,284.944000,4.450000,273.194000
10722,782.872000,435.090000,3.770000,352.592000
10723,707.273000,426.539000,1.810000,326.682000
10724,735.502000,410.701000,2.940000,316.793000
10725,589.816000,340.761000,2.810000,287.643000
10726,542.247000,283.034000,2.240000,245.223000
10727,665.675000,397.341000,4.870000,298.353000
10728,743.213000,431.581000,11.790000,359.312000
10729,673.914000,354.191000,2.741000,263.284000
10730,554.358000,252.113000,1.340000,242.355000
10731,507.518000,221.685000,2.671000,216.373000
10732,757.383000,395.791000,2.200000,405.630000
10733,703.203000,412.259000,1.181000,331.002000
10734,545.256000,271.964000,3.010000,222.304000
10735,458.358000,222.435000,4.850000,204.405000
10736,746.223000,427.760000,5.969000,357.902000
10737,684.054000,398.891000,2.710000,306.693000
10738,718.633000,469.109000,2.650000,353.211000
10739,720.994000,386.261000,5.890000,331.441000
10740,596.158000,294.523000,3.080000,294.904000
10741,744.082000,395.871000,2.180000,315.673000
10742,703.123000,353.483000,2.840000,292.953000
10743,748.262000,432.340000,1.379000,355.192000
10744,812.901000,449.559000,6.229000,381.691000
10745,536.998000,283.102000,2.520000,246.054000
10746,778.612000,422.790000,1.849000,346.763000
10747,702.053000,402.000000,2.600000,318.602000
10748,756.012000,425.440000,5.329000,347.672000
10749,687.504000,386.791000,7.821000,329.852000
10750,683.564000,342.262000,9.849000,322.992000
10751,767.683000,357.211000,2.390000,310.582000
10752,795.642000,505.408000,2.640000,361.533000
10753,722.652000,415.450000,4.539000,339.591000
10754,583.277000,284.832000,5.499000,250.815000
10755,709.593000,407.830000,1.890000,317.893000
10756,696.213000,342.792000,3.649000,273.893000
10757,733.414000,413.101000,4.151000,320.672000
10758,554.128000,301.173000,2.831000,254.594000
10759,513.877000,260.015000,7.519000,225.745000
10760,687.395000,303.222000,22.220000,292.202000
10761,760.743000,367.161000,10.919000,338.512000
10762,892.989000,525.017000,5.000000,376.491000
10763,725.033000,378.991000,2.920000,298.473000
10764,719.512000,387.491000,3.379000,300.325000
10765,531.857000,279.153000,9.490000,250.304000
10766,739.383000,433.081000,9.530000,350.012000
10767,523.526000,275.474000,3.610000,234.015000
10768,788.832000,426.401000,1.539000,310.642000
10769,567.857000,295.872000,4.440000,271.544000
10770,618.705000,270.554000,4.611000,260.893000
10771,439.269000,227.555000,6.580000,206.464000
10772,745.373000,402.751000,2.269000,325.992000
10773,594.885000,297.713000,1.259000,261.524000
10774,557.796000,287.533000,3.460000,282.923000
10775,770.542000,456.950000,3.730000,357.902000
10776,620.425000,384.231000,2.370000,313.233000
10777,689.693000,380.472000,14.239000,325.472000
10778,459.869000,242.465000,18.339000,249.345000
10779,752.163000,418.679000,3.260000,299.513000
10780,688.174000,316.811000,2.701000,334.691000
10781,731.583000,347.811000,1.850000,338.072000
10782,576.257000,274.013000,4.871000,256.055000
10783,856.800000,488.888000,2.920000,375.472000
10784,473.518000,225.215000,2.640000,210.685000
10785,481.758000,241.614000,3.620000,222.535000
10786,457.828000,228.395000,4.270000,223.475000
10787,748.073000,463.888000,2.690000,337.223000
10788,801.781000,465.069000,2.020000,345.552000
10789,636.905000,348.792000,3.060000,312.133000
10790,683.334000,361.621000,1.709000,292.533000
10791,769.233000,394.270000,2.040000,335.662000
10792,725.462000,414.221000,1.290000,329.933000
10793,767.203000,460.040000,1.000000,332.291000
10794,747.692000,432.040000,1.579000,404.591000
10795,706.794000,351.382000,2.229000,293.084000
10796,553.076000,284.164000,6.640000,263.053000
10797,552.618000,272.303000,2.480000,239.835000
10798,753.882000,403.091000,7.640000,316.913000
10799,816.751000,463.799000,7.870000,393.251000
10800,645.406000,292.492000,5.800000,285.504000
10801,679.794000,343.321000,3.810000,348.631000
10802,570.816000,274.034000,1.139000,269.434000
10803,659.715000,347.721000,2.350000,277.943000
10804,804.991000,483.618000,1.600000,371.711000
10805,861.160000,474.469000,2.530000,348.502000
10806,625.576000,369.041000,1.540000,289.454000
10807,645.754000,339.381000,3.930000,289.813000
10808,696.543000,392.160000,1.710000,302.944000
10809,857.489000,467.339000,11.919000,381.981000
10810,621.906000,279.133000,11.500000,270.114000
10811,708.093000,359.293000,11.040000,332.832000
10812,791.802000,423.770000,17.660000,379.101000
10813,697.484000,398.721000,5.039000,321.422000
10814,729.594000,415.920000,11.028000,350.313000
10815,721.973000,402.511000,3.950000,315.073000
10816,604.886000,293.502000,2.370000,247.434000
10817,700.134000,419.931000,10.390000,332.162000
10818,741.262000,438.339000,3.540000,359.612000
10819,752.023000,460.659000,2.000000,369.902000
10820,699.013000,331.272000,2.469000,303.153000
10821,772.512000,365.141000,5.859000,334.632000
10822,738.484000,437.931000,1.860000,346.092000
10823,777.721000,481.699000,2.320000,369.621000
10824,648.334000,308.853000,10.740000,268.344000
10825,708.023000,409.601000,3.780000,349.493000
10826,672.653000,388.011000,11.571000,333.092000
10827,698.183000,397.611000,2.260000,317.173000
10828,704.642000,355.442000,14.030000,301.922000
10829,699.214000,408.201000,3.491000,327.742000
10830,644.486000,317.863000,1.581000,299.463000
10831,769.642000,369.791000,2.781000,338.042000
10832,708.463000,408.071000,1.729000,338.902000
10833,554.877000,291.112000,1.360000,245.095000
10834,773.921000,463.059000,2.190000,335.702000
10835,727.754000,340.861000,20.250000,311.083000
10836,654.784000,359.873000,5.430000,303.152000
10837,760.442000,471.940000,2.500000,387.481000
10838,800.801000,437.920000,6.660000,435.430000
10839,662.204000,358.601000,2.600000,277.504000
10840,724.822000,346.203000,3.230000,326.862000
10841,892.790000,449.538000,3.040000,386.443000
10842,690.283000,305.913000,6.760000,281.392000
10843,629.266000,312.704000,14.350000,276.263000
10844,761.902000,464.838000,4.020000,353.892000
10845,453.760000,220.745000,13.539000,225.336000
10846,816.551000,427.529000,19.030000,361.671000
10847,688.955000,401.931000,3.540000,316.392000
10848,699.973000,389.941000,2.049000,304.453000
10849,506.048000,272.673000,2.090000,241.294000
10850,783.621000,425.570000,5.189000,360.521000
10851,746.272000,362.352000,11.189000,328.772000
10852,485.488000,244.763000,6.070000,219.425000
10853,703.834000,429.430000,6.750000,348.301000
10854,649.755000,352.782000,6.049000,278.324000
10855,733.442000,397.702000,4.200000,304.832000
10856,742.263000,406.971000,1.240000,316.132000
10857,718.953000,412.319000,4.209000,339.682000
10858,607.706000,368.141000,2.030000,343.112000
10859,801.661000,467.269000,4.480000,361.812000
10860,671.483000,341.352000,8.910000,313.423000
10861,673.765000,347.492000,4.790000,315.483000
10862,744.963000,413.041000,5.580000,392.771000
10863,723.214000,381.561000,2.290000,308.792000
10864,629.175000,385.731000,1.590000,305.683000
10865,587.297000,356.982000,1.649000,300.914000
10866,937.518000,586.217000,1.630000,381.351000
10867,515.499000,290.953000,1.251000,259.994000
10868,730.912000,299.973000,20.329000,262.215000
10869,821.371000,447.358000,3.289000,345.323000
10870,695.584000,313.131000,4.899000,287.834000
10871,882.759000,429.590000,4.880000,365.361000
10872,770.191000,438.729000,2.780000,347.772000
10873,611.475000,339.033000,10.338000,299.164000
10874,610.346000,345.281000,2.010000,289.213000
10875,674.855000,379.821000,2.330000,326.842000
10876,738.143000,449.839000,1.080000,386.602000
10877,612.945000,360.192000,4.720000,316.561000
10878,770.152000,396.781000,17.580000,336.213000
10879,728.962000,392.950000,16.990000,338.531000
10880,911.069000,400.371000,5.239000,326.173000
10881,973.377000,424.199000,19.540000,355.140000
10882,652.855000,365.582000,7.160000,317.833000
10883,655.764000,353.503000,1.901000,267.292000
10884,681.984000,400.201000,2.981000,340.231000
10885,821.820000,468.779000,1.880000,375.451000
10886,625.485000,353.482000,1.171000,294.422000
10887,694.454000,382.061000,1.720000,307.963000
10888,851.710000,511.578000,1.520000,391.191000
10889,744.601000,458.099000,1.690000,353.161000
10890,653.485000,354.481000,3.280000,320.303000
10891,763.832000,408.420000,3.150000,340.852000
10892,876.700000,428.330000,1.821000,343.542000
10893,701.994000,391.351000,3.100000,327.872000
10894,679.435000,383.130000,1.920000,292.052000
10895,760.543000,434.140000,4.010000,399.331000
10896,801.410000,464.829000,8.820000,360.292000
10897,620.015000,327.171000,5.900000,284.094000
10898,634.324000,375.372000,6.540000,307.652000
10899,775.701000,438.309000,4.129000,329.762000
10900,695.254000,339.702000,3.650000,352.702000
10901,763.552000,392.781000,2.620000,341.692000
10902,796.351000,400.261000,5.431000,338.672000
10903,863.330000,463.340000,16.909000,373.740000
10904,685.123000,404.501000,4.110000,338.912000
10905,586.325000,292.623000,2.220000,238.973000
10906,643.084000,365.481000,1.579000,312.004000
10907,648.085000,340.472000,2.700000,269.143000
10908,737.752000,468.809000,7.129000,396.080000
10909,854.540000,510.477000,4.840000,383.091000
10910,762.082000,368.242000,8.609000,341.302000
10911,655.005000,333.001000,2.930000,300.303000
10912,734.643000,424.630000,4.350000,353.381000
10913,618.176000,332.604000,2.849000,300.423000
10914,697.784000,406.730000,2.340000,304.733000
10915,616.796000,303.163000,2.589000,262.113000
10916,476.119000,215.695000,2.810000,285.363000
10917,751.732000,409.180000,1.501000,333.481000
10918,831.511000,450.449000,20.810000,355.482000
10919,666.554000,379.502000,5.739000,370.652000
10920,797.391000,401.581000,2.649000,352.492000
10921,700.794000,352.132000,3.340000,309.004000
10922,748.432000,408.351000,14.519000,338.132000
10923,672.725000,422.700000,3.979000,315.581000
10924,637.235000,360.492000,1.480000,293.913000
10925,588.135000,317.604000,4.390000,265.203000
10926,644.194000,339.502000,9.030000,293.703000
10927,1083.504000,499.817000,16.699000,391.171000
10928,703.224000,384.611000,3.910000,296.653000
10929,770.521000,445.290000,6.061000,338.542000
10930,726.284000,362.571000,2.940000,345.062000
10931,615.976000,300.813000,5.120000,293.452000
10932,769.901000,479.060000,3.170000,363.381000
10933,664.785000,368.170000,17.580000,323.883000
10934,510.687000,335.822000,4.670000,313.373000
10935,471.820000,290.263000,10.399000,270.044000
10936,754.702000,417.260000,2.320000,313.112000
10937,624.375000,377.361000,2.089000,317.012000
10938,658.225000,359.901000,1.420000,372.642000
10939,866.660000,454.659000,7.120000,366.241000
10940,503.518000,211.245000,2.110000,262.775000
10941,735.462000,347.933000,1.300000,307.212000
10942,748.413000,401.461000,1.170000,342.662000
10943,627.716000,317.003000,4.890000,269.674000
10944,672.704000,377.892000,10.440000,312.852000
10945,625.896000,330.092000,8.520000,280.634000
10946,711.473000,396.921000,5.479000,314.163000
10947,773.741000,461.549000,3.261000,335.622000
10948,687.655000,410.751000,2.210000,322.962000
10949,695.554000,421.630000,1.800000,392.570000
10950,620.085000,307.754000,2.539000,297.313000
10951,676.695000,306.902000,1.280000,276.324000
10952,808.012000,390.300000,2.560000,351.083000
10953,768.471000,430.550000,1.589000,336.032000
10954,615.066000,334.813000,2.649000,282.384000
10955,639.005000,363.731000,4.400000,293.873000
10956,678.294000,353.444000,8.140000,324.402000
10957,757.142000,429.819000,5.589000,335.083000
10958,855.078000,515.058000,2.090000,357.991000
10959,755.962000,395.960000,6.560000,298.483000
10960,696.564000,316.723000,2.789000,283.374000
10961,587.275000,280.883000,2.150000,289.124000
10962,857.590000,437.209000,20.039000,363.252000
10963,696.853000,401.300000,3.101000,301.784000
10964,827.360000,467.328000,2.181000,346.972000
10965,717.651000,373.402000,5.830000,299.223000
10966,808.761000,485.849000,2.050000,356.251000
10967,565.175000,300.923000,1.170000,253.973000
10968,761.502000,449.808000,1.341000,369.802000
10969,729.302000,422.710000,3.430000,346.641000
10970,674.395000,309.442000,3.390000,281.394000
10971,763.782000,411.951000,5.260000,371.771000
10972,718.273000,545.156000,2.010000,382.031000
10973,742.863000,452.640000,1.349000,316.974000
10974,817.591000,492.137000,1.221000,341.102000
10975,757.282000,438.239000,3.111000,344.141000
10976,570.497000,273.204000,21.000000,251.485000
10977,736.983000,432.679000,3.480000,355.712000
10978,526.738000,285.542000,2.600000,261.794000
10979,694.464000,348.172000,3.850000,287.072000
10980,719.103000,373.721000,2.390000,313.573000
10981,583.276000,267.065000,1.489000,299.823000
10982,726.694000,386.801000,1.700000,332.062000
10983,620.426000,382.931000,1.501000,304.462000
10984,741.583000,383.600000,18.710000,342.671000
10985,534.196000,325.012000,4.040000,285.082000
10986,545.757000,305.882000,13.139000,270.714000
10987,687.463000,397.691000,3.739000,346.143000
10988,683.253000,357.312000,10.730000,302.273000
10989,564.217000,296.504000,2.211000,248.554000
10990,785.431000,396.991000,2.720000,344.043000
10991,773.471000,385.361000,5.261000,354.551000
10992,697.924000,347.632000,14.619000,316.273000
10993,727.302000,411.560000,7.590000,311.012000
10994,800.601000,462.950000,7.051000,345.832000
10995,708.564000,403.491000,12.829000,352.312000
10996,597.266000,294.343000,2.249000,254.124000
10997,783.531000,437.850000,5.050000,348.441000
10998,694.264000,414.321000,4.639000,350.083000
10999,673.704000,401.801000,2260.675000,460.059000
11000,706.962000,404.201000,5.610000,331.362000
11001,617.586000,265.994000,4.070000,239.555000
11002,723.523000,349.352000,2.669000,278.703000
11003,673.025000,439.611000,4.400000,331.792000
11004,590.376000,294.334000,3.571000,237.134000
11005,653.854000,356.762000,2.640000,300.433000
11006,786.682000,438.731000,1.459000,349.483000
11007,790.061000,422.950000,2.220000,325.492000
11008,844.581000,443.139000,1.710000,326.692000
11009,720.913000,417.261000,1.150000,328.312000
11010,670.445000,329.832000,5.320000,315.582000
11011,599.715000,278.502000,5.840000,268.184000
11012,672.354000,385.011000,2.040000,317.363000
11013,738.073000,422.499000,2.470000,346.322000
11014,567.456000,306.984000,3.320000,248.574000
11015,746.212000,424.010000,10.690000,329.331000
11016,811.350000,459.530000,3.950000,336.111000
11017,579.416000,327.093000,2.501000,327.512000
11018,584.378000,323.603000,1.301000,260.773000
11019,689.374000,359.522000,6.910000,298.462000
11020,819.331000,378.880000,3.939000,339.501000
11021,553.727000,250.173000,2.310000,236.344000
11022,688.554000,326.342000,4.939000,290.914000
11023,750.032000,404.910000,12.811000,317.901000
11024,513.708000,283.083000,2.709000,233.944000
11025,594.787000,297.772000,1.880000,262.954000
11026,784.821000,432.270000,1.529000,342.412000
11027,815.200000,474.779000,1.570000,334.902000
11028,665.285000,346.091000,2.400000,308.753000
11029,829.170000,519.677000,2.130000,482.049000
11030,973.166000,426.700000,10.360000,366.101000
11031,720.523000,417.020000,2.811000,322.912000
11032,631.145000,320.662000,1.640000,296.354000
11033,759.292000,438.930000,1.610000,343.592000
11034,576.296000,297.602000,2.450000,253.174000
11035,643.995000,369.822000,3.270000,307.092000
11036,810.181000,479.069000,2.139000,357.542000
11037,468.509000,254.054000,1.420000,242.185000
11038,718.972000,356.001000,1.451000,274.724000
11039,837.320000,470.569000,2.730000,371.871000
11040,790.210000,360.722000,2.520000,330.142000
11041,544.787000,233.285000,2.650000,226.265000
11042,758.692000,403.110000,2.629000,370.803000
11043,712.043000,407.690000,1.810000,344.462000
11044,684.184000,360.811000,1.329000,279.644000
11045,946.408000,548.897000,1.020000,416.430000
11046,750.142000,454.560000,2.280000,330.693000
11047,638.744000,348.693000,1.480000,275.713000
11048,570.608000,308.743000,5.040000,263.845000
11049,432.339000,225.025000,10.079000,205.075000
11050,601.935000,262.324000,13.590000,295.602000
11051,774.501000,433.550000,3.970000,308.894000
11052,766.281000,404.031000,2.000000,334.912000
11053,795.501000,467.829000,4.089000,370.201000
11054,704.715000,412.670000,2.840000,317.983000
11055,669.294000,359.941000,4.329000,295.934000
11056,709.802000,409.470000,1.810000,330.783000
11057,707.983000,361.491000,2.880000,319.532000
11058,590.205000,311.903000,5.940000,267.173000
11059,529.818000,270.474000,3.509000,232.446000
11060,744.173000,354.083000,4.730000,324.771000
11061,839.570000,392.151000,9.569000,316.163000
11062,693.773000,351.460000,2.871000,292.383000
11063,732.233000,442.089000,1.640000,341.152000
11064,716.843000,381.860000,7.500000,295.944000
11065,546.076000,319.082000,2.931000,281.534000
11066,677.925000,380.860000,5.679000,308.932000
11067,620.656000,413.100000,7.520000,354.031000
11068,674.375000,411.600000,7.769000,335.171000
11069,652.655000,408.511000,3.430000,342.522000
11070,710.653000,367.881000,2.680000,321.142000
11071,802.051000,392.281000,15.350000,372.122000
11072,681.324000,358.061000,13.650000,308.163000
11073,605.005000,347.382000,14.640000,302.003000
11074,686.553000,407.041000,2.810000,315.873000
11075,724.342000,386.771000,4.470000,326.443000
11076,701.612000,324.262000,7.180000,277.942000
11077,805.781000,453.589000,2.110000,359.751000
11078,619.966000,345.722000,1.700000,278.134000
11079,856.140000,476.959000,9.660000,394.211000
11080,790.542000,342.672000,3.640000,321.022000
11081,734.364000,321.232000,9.140000,293.004000
11082,705.823000,355.593000,4.840000,303.652000
11083,712.404000,420.280000,1.660000,357.301000
11084,518.557000,251.375000,5.109000,213.475000
11085,570.616000,322.403000,4.830000,266.543000
11086,829.320000,459.599000,3.190000,333.831000
11087,845.491000,579.206000,4.990000,402.950000
11088,818.020000,476.509000,2.280000,354.172000
11089,762.332000,445.819000,1.800000,333.953000
11090,732.043000,359.772000,14.440000,378.321000
11091,801.291000,433.090000,4.300000,325.522000
11092,835.011000,463.030000,3.090000,354.141000
11093,728.793000,402.901000,2.019000,296.803000
11094,760.783000,427.970000,4.368000,344.404000
11095,573.467000,307.592000,6.169000,300.104000
11096,783.142000,431.501000,6.470000,380.451000
11097,763.332000,422.460000,1.940000,340.353000
11098,719.212000,384.321000,5.730000,325.743000
11099,662.984000,337.743000,7.930000,290.323000
11100,786.541000,340.113000,3.379000,329.072000
11101,785.581000,390.812000,1.600000,324.393000
11102,657.465000,335.702000,7.989000,317.212000
11103,685.254000,373.651000,5.720000,293.603000
11104,466.727000,250.045000,3.930000,209.705000
11105,733.003000,389.331000,7.690000,318.652000
11106,688.864000,364.251000,2.940000,320.092000
11107,658.754000,396.791000,2.180000,415.231000
11108,737.803000,435.010000,4.259000,353.223000
11109,668.624000,376.261000,9.488000,307.484000
11110,897.610000,418.100000,8.410000,350.942000
11111,571.367000,260.464000,3.230000,240.354000
11112,895.979000,492.817000,5.769000,391.502000
11113,640.696000,374.103000,2.280000,307.462000
11114,670.554000,406.771000,2.170000,310.972000
11115,744.073000,465.478000,1.719000,330.433000
11116,686.494000,408.281000,1.971000,329.422000
11117,557.707000,325.052000,1.900000,284.474000
11118,760.521000,443.589000,9.850000,335.621000
11119,725.793000,424.060000,4.400000,340.202000
11120,701.342000,340.371000,6.680000,300.654000
11121,591.315000,324.731000,5.640000,300.064000
11122,555.137000,270.404000,4.720000,296.803000
11123,629.305000,305.194000,1.770000,247.984000
11124,649.694000,371.292000,1.170000,292.253000
11125,655.206000,356.132000,3.110000,281.964000
11126,916.508000,486.639000,1.260000,330.832000
11127,826.611000,459.119000,3.440000,335.502000
11128,586.528000,299.702000,3.900000,265.884000
11129,626.935000,346.452000,1.560000,289.574000
11130,701.274000,349.401000,4.240000,313.822000
11131,748.413000,356.711000,2.790000,308.193000
11132,629.395000,309.892000,19.689000,307.313000
11133,703.274000,407.501000,3.249000,301.283000
11134,701.903000,401.260000,1.690000,302.853000
11135,716.332000,416.020000,1.311000,321.423000
11136,824.901000,490.770000,1.461000,342.382000
11137,739.613000,391.751000,5.630000,320.712000
11138,772.411000,426.150000,2.059000,345.043000
11139,818.410000,474.918000,1.350000,357.523000
11140,830.860000,403.150000,4.741000,412.010000
11141,465.940000,203.665000,3.560000,198.065000
11142,575.737000,287.633000,8.180000,264.013000
11143,812.151000,471.999000,4.570000,382.601000
11144,695.824000,335.132000,6.440000,281.615000
11145,609.814000,335.282000,3.581000,292.222000
11146,765.522000,414.180000,1.740000,332.022000
11147,396.080000,194.516000,14.739000,188.116000
11148,511.387000,274.203000,4.300000,234.005000
11149,761.553000,459.529000,2.220000,340.472000
11150,612.655000,272.983000,4.470000,264.893000
11151,767.263000,365.761000,4.000000,353.762000
11152,733.033000,355.133000,19.560000,331.603000
11153,474.058000,240.393000,2.740000,199.265000
11154,583.646000,315.023000,1.771000,277.363000
11155,694.082000,402.921000,3.430000,317.273000
11156,748.202000,472.229000,6.930000,356.651000
11157,652.725000,392.031000,2.219000,301.633000
11158,697.184000,363.991000,1.380000,306.884000
11159,957.097000,494.389000,4.020000,363.191000
11160,707.193000,335.012000,14.910000,309.923000
11161,680.414000,358.891000,4.210000,343.522000
11162,777.352000,442.129000,4.790000,348.972000
11163,801.772000,414.301000,9.489000,337.752000
11164,663.205000,388.160000,3.849000,316.044000
11165,712.862000,418.129000,6.330000,336.622000
11166,590.426000,348.683000,2.739000,314.573000
11167,709.294000,413.930000,1.740000,337.891000
11168,662.004000,420.000000,16.120000,379.931000
11169,497.088000,238.745000,3.860000,218.735000
11170,809.951000,414.000000,3.330000,347.392000
11171,770.051000,404.670000,2.560000,344.291000
11172,679.534000,380.681000,1.391000,329.502000
11173,840.720000,557.347000,1.290000,398.311000
11174,899.408000,434.651000,18.190000,359.681000
11175,712.374000,414.900000,14.870000,340.681000
11176,777.942000,428.660000,3.511000,335.493000
11177,703.812000,435.870000,1.849000,377.082000
11178,783.921000,429.570000,20.490000,348.692000
11179,621.885000,357.272000,8.590000,325.702000
11180,807.771000,385.770000,3.060000,333.272000
11181,805.722000,398.161000,1.219000,317.933000
11182,666.135000,339.312000,2.280000,282.323000
11183,654.154000,395.582000,2.300000,315.412000
11184,756.802000,427.079000,4.560000,334.313000
11185,767.772000,438.520000,2.020000,347.742000
11186,824.221000,462.259000,2.280000,350.391000
11187,761.641000,381.041000,13.230000,329.143000
11188,694.173000,380.331000,4.500000,297.124000
11189,615.936000,325.352000,3.690000,263.264000
11190,615.516000,275.083000,10.760000,286.124000
11191,807.351000,418.810000,4.690000,357.641000
11192,723.574000,389.981000,4.139000,323.452000
11193,578.485000,348.892000,2.950000,300.313000
11194,594.696000,365.521000,1.910000,357.123000
11195,709.453000,385.391000,3.700000,313.693000
11196,744.163000,419.361000,2.171000,322.042000
11197,750.602000,425.681000,5.390000,338.992000
11198,645.625000,349.192000,1.909000,266.784000
11199,714.153000,412.090000,1.650000,332.333000
11200,736.034000,356.271000,4.219000,290.483000
11201,613.486000,294.933000,1.630000,293.184000
11202,860.609000,418.841000,3.120000,362.492000
11203,829.401000,453.659000,14.690000,379.200000
11204,766.442000,437.248000,7.070000,347.662000
11205,788.781000,467.709000,2.550000,346.492000
11206,735.923000,378.360000,3.731000,326.942000
11207,509.577000,267.474000,11.700000,240.134000
11208,722.873000,379.602000,15.131000,309.784000
11209,747.531000,456.709000,2.720000,345.351000
11210,824.241000,391.291000,1.831000,339.313000
11211,866.560000,421.680000,1.940000,332.313000
11212,727.942000,366.151000,1.749000,312.502000
11213,909.597000,469.008000,19.999000,370.802000
11214,631.705000,373.821000,6.449000,321.872000
11215,669.624000,376.101000,4.970000,303.753000
11216,592.386000,341.241000,10.811000,309.993000
11217,662.903000,342.633000,6.259000,288.353000
11218,734.463000,415.590000,13.149000,351.951000
11219,783.741000,432.989000,2.449000,348.172000
11220,751.622000,321.552000,3.760000,296.143000
11221,639.845000,301.182000,4.381000,289.893000
11222,697.493000,415.640000,2.360000,317.423000
11223,750.512000,422.460000,4.240000,324.122000
11224,828.190000,470.159000,1.390000,330.692000
11225,739.894000,422.910000,5.480000,350.781000
11226,696.895000,392.471000,6.550000,304.662000
11227,622.525000,329.641000,4.910000,273.005000
11228,687.574000,421.190000,2.221000,350.692000
11229,696.194000,432.229000,13.061000,372.143000
11230,884.569000,444.249000,7.850000,368.002000
11231,743.852000,429.410000,6.000000,360.731000
11232,781.521000,422.180000,10.909000,336.082000
11233,518.538000,242.934000,4.220000,215.125000
11234,631.055000,340.852000,1.700000,298.512000
11235,820.921000,412.480000,6.730000,356.102000
11236,619.836000,356.681000,2.320000,301.533000
11237,699.264000,403.621000,7.680000,315.923000
11238,915.630000,553.937000,22.840000,405.410000
11239,688.714000,387.770000,2.750000,304.123000
11240,760.354000,367.930000,1.169000,304.014000
11241,841.210000,418.600000,16.059000,360.731000
11242,855.251000,493.048000,14.330000,423.740000
11243,672.205000,402.970000,3.009000,302.723000
11244,640.355000,368.481000,1.970000,326.753000
11245,634.665000,312.723000,8.191000,287.954000
11246,724.643000,427.001000,2.769000,340.412000
11247,729.703000,400.240000,7.480000,339.763000
11248,796.472000,422.430000,2.531000,343.013000
11249,708.303000,379.481000,10.379000,311.083000
11250,834.192000,429.570000,3.590000,328.633000
11251,820.480000,433.350000,1.549000,326.452000
11252,729.043000,316.884000,16.880000,279.602000
11253,593.405000,341.803000,6.320000,296.593000
11254,695.944000,422.871000,4.340000,285.483000
11255,809.451000,442.561000,2.520000,329.092000
11256,505.807000,255.534000,5.580000,239.324000
11257,715.833000,357.121000,7.619000,336.263000
11258,714.662000,416.080000,2.751000,310.114000
11259,745.662000,383.401000,12.969000,329.233000
11260,776.691000,334.473000,20.308000,357.792000
11261,933.498000,463.890000,14.910000,378.881000
11262,520.848000,244.684000,7.690000,234.455000
11263,827.251000,506.508000,2.579000,348.973000
11264,694.273000,388.261000,2.770000,298.804000
11265,635.006000,345.781000,4.650000,286.004000
11266,769.732000,425.560000,6.290000,364.731000
11267,750.342000,400.731000,3.090000,323.323000
11268,563.546000,326.012000,3.470000,275.734000
11269,518.318000,313.672000,2.229000,289.403000
11270,806.881000,365.180000,2.431000,342.451000
11271,719.554000,352.161000,8.360000,312.263000
11272,672.203000,374.463000,3.710000,344.931000
11273,750.332000,428.840000,1.560000,322.123000
11274,744.672000,414.271000,5.340000,312.283000
11275,787.551000,436.180000,2.409000,332.362000
11276,660.914000,380.221000,8.729000,332.453000
11277,727.524000,418.991000,3.850000,328.422000
11278,717.233000,400.410000,16.300000,339.332000
11279,676.014000,380.161000,3.000000,357.152000
11280,552.647000,252.695000,11.230000,261.022000
11281,769.641000,381.612000,3.130000,338.102000
11282,668.685000,340.952000,1.450000,287.874000
11283,780.872000,422.500000,1.650000,317.462000
11284,819.981000,466.079000,2.790000,343.462000
11285,654.726000,374.951000,4.840000,311.873000
11286,733.443000,446.980000,2.200000,341.021000
11287,715.024000,365.490000,4.440000,315.792000
11288,654.264000,366.882000,14.729000,325.993000
11289,599.496000,314.792000,2.670000,265.114000
11290,707.663000,332.682000,4.350000,312.962000
11291,539.998000,240.326000,3.780000,250.933000
11292,500.869000,236.004000,7.600000,220.945000
11293,825.311000,425.340000,14.509000,354.633000
11294,731.622000,411.500000,3.690000,316.463000
11295,723.023000,434.641000,3.289000,349.201000
11296,753.192000,348.881000,15.700000,313.112000
11297,722.694000,393.401000,10.560000,321.472000
11298,933.409000,481.998000,16.829000,387.121000
11299,832.790000,458.689000,6.519000,375.981000
11300,848.679000,464.240000,2.420000,394.701000
11301,705.423000,357.422000,3.160000,305.693000
11302,729.053000,417.171000,3.000000,374.680000
11303,700.903000,398.610000,4.460000,304.414000
11304,791.200000,450.529000,1.870000,375.351000
11305,544.907000,256.333000,3.260000,223.214000
11306,569.428000,295.042000,1.440000,253.794000
11307,749.792000,417.451000,1.010000,309.143000
11308,767.502000,433.080000,1.131000,316.002000
11309,859.089000,488.618000,4.899000,360.521000
11310,708.654000,404.960000,2.860000,339.081000
11311,794.671000,393.271000,2.931000,326.611000
11312,686.453000,361.741000,9.339000,294.883000
11313,655.675000,344.881000,6.261000,299.823000
11314,647.725000,389.461000,2.719000,327.174000
11315,486.507000,251.324000,3.380000,230.455000
11316,779.272000,481.229000,3.631000,394.101000
11317,643.775000,346.891000,3.259000,267.824000
11318,769.502000,435.690000,1.890000,332.982000
11319,731.983000,387.441000,12.640000,323.362000
11320,723.122000,352.951000,4.619000,329.513000
11321,669.254000,336.752000,2.169000,289.884000
11322,749.493000,385.781000,1.640000,334.972000
11323,548.458000,283.772000,1.540000,248.244000
11324,732.682000,407.650000,10.450000,332.193000
11325,647.616000,382.532000,2.520000,317.463000
11326,640.296000,352.712000,17.200000,324.483000
11327,858.939000,458.599000,4.670000,448.189000
11328,562.786000,300.474000,2.000000,238.384000
11329,666.373000,384.531000,1.960000,314.584000
11330,785.600000,417.710000,8.610000,358.751000
11331,678.794000,315.291000,13.549000,286.684000
11332,541.848000,249.385000,2.910000,240.645000
11333,577.207000,301.433000,5.230000,266.344000
11334,753.682000,438.430000,3.711000,334.961000
11335,534.228000,265.904000,4.821000,242.624000
11336,788.631000,452.680000,2.911000,329.522000
11337,774.410000,466.329000,2.180000,339.572000
11338,671.765000,339.512000,7.700000,291.354000
11339,645.865000,378.161000,8.680000,366.401000
11340,928.758000,411.750000,10.160000,362.441000
11341,536.167000,241.695000,2.180000,240.754000
11342,492.828000,260.684000,1.280000,256.614000
11343,826.831000,435.131000,19.680000,353.241000
11344,645.595000,332.862000,6.231000,293.524000
11345,663.573000,378.570000,2.011000,278.984000
11346,659.115000,356.721000,2.080000,315.003000
11347,810.041000,483.798000,2.520000,349.012000
11348,754.912000,428.239000,1.180000,338.772000
11349,774.572000,446.180000,1.460000,342.482000
11350,749.732000,386.861000,5.580000,345.622000
11351,647.116000,343.751000,3.430000,365.002000
11352,702.042000,384.560000,4.569000,341.482000
11353,769.552000,467.559000,5.760000,355.731000
11354,754.773000,417.821000,4.510000,319.903000
11355,796.320000,441.068000,10.989000,329.202000
11356,658.835000,357.441000,13.139000,331.552000
11357,555.757000,259.904000,2.900000,216.915000
11358,659.215000,368.991000,1.440000,286.853000
11359,767.021000,470.419000,1.051000,345.611000
11360,718.964000,353.612000,2.380000,307.642000
11361,650.325000,337.913000,5.920000,287.543000
11362,728.364000,407.390000,4.030000,350.762000
11363,792.052000,427.601000,3.999000,326.813000
11364,594.127000,345.223000,6.310000,295.092000
11365,700.844000,413.369000,5.290000,326.803000
11366,694.984000,409.489000,2.160000,308.493000
11367,602.767000,364.580000,1.809000,319.604000
11368,894.909000,494.648000,1.520000,373.922000
11369,659.365000,351.811000,1.590000,287.373000
11370,652.916000,306.763000,3.839000,279.903000
11371,862.900000,431.339000,1.869000,436.241000
11372,712.534000,371.591000,1.240000,337.182000
11373,753.572000,410.560000,2.090000,334.522000
11374,816.221000,460.229000,2.030000,342.051000
11375,713.394000,400.000000,3.830000,320.321000
11376,711.664000,396.670000,2.649000,298.303000
11377,529.837000,283.254000,2.350000,245.054000
11378,576.718000,301.353000,13.429000,277.474000
11379,733.082000,411.271000,9.790000,357.342000
11380,913.418000,387.590000,17.011000,344.502000
11381,803.192000,382.771000,3.170000,339.342000
11382,637.595000,334.922000,4.810000,309.593000
11383,779.671000,445.150000,3.659000,345.892000
11384,628.615000,428.980000,3.630000,346.181000
11385,768.312000,452.130000,2.569000,354.011000
11386,922.309000,473.890000,1.640000,344.292000
11387,545.807000,233.464000,10.110000,251.805000
11388,651.155000,356.331000,7.940000,331.891000
11389,793.312000,465.889000,5.360000,352.752000
11390,757.442000,391.452000,9.869000,368.303000
11391,842.960000,414.230000,4.610000,388.870000
11392,594.586000,318.261000,1.631000,271.003000
11393,711.242000,402.880000,2.099000,335.044000
11394,626.665000,341.942000,1.100000,269.294000
11395,774.482000,458.959000,4.149000,337.121000
11396,599.046000,287.813000,5.270000,240.344000
11397,692.464000,348.422000,2.640000,292.613000
11398,577.766000,339.412000,1.659000,337.253000
11399,560.916000,282.663000,2.920000,250.153000
11400,687.333000,318.793000,8.830000,298.932000
11401,379.502000,184.925000,3.581000,210.195000
11402,781.502000,423.049000,2.471000,351.612000
11403,784.901000,429.700000,4.690000,328.282000
11404,672.714000,385.421000,3.000000,332.363000
11405,849.240000,447.419000,3.880000,365.672000
11406,841.230000,497.338000,2.390000,365.601000
11407,739.573000,424.831000,7.200000,348.601000
11408,746.742000,464.429000,4.350000,334.502000
11409,669.754000,378.631000,2.910000,311.083000
11410,687.723000,299.823000,1.920000,301.032000
11411,529.938000,221.335000,5.150000,224.055000
11412,521.366000,239.994000,5.510000,228.675000
11413,668.393000,360.842000,3.511000,294.053000
11414,520.848000,313.232000,3.880000,280.584000
11415,745.361000,397.461000,5.030000,314.283000
11416,941.687000,542.176000,13.610000,385.751000
11417,740.063000,389.920000,2.930000,300.213000
11418,805.011000,412.700000,7.810000,363.522000
11419,665.814000,354.022000,7.010000,297.583000
11420,687.603000,347.142000,5.559000,316.233000
11421,586.006000,306.432000,8.000000,293.924000
11422,745.622000,384.841000,4.229000,322.713000
11423,550.817000,261.694000,20.810000,238.224000
11424,636.585000,314.603000,5.449000,282.733000
11425,730.503000,420.160000,5.080000,354.762000
11426,818.200000,473.258000,8.979000,373.340000
11427,372.602000,178.496000,3.811000,172.695000
11428,759.273000,446.560000,2.040000,345.913000
11429,637.755000,313.282000,3.000000,254.394000
11430,713.424000,331.212000,7.389000,346.851000
11431,713.394000,378.881000,3.009000,326.222000
11432,685.203000,353.131000,1.480000,296.064000
11433,756.032000,442.369000,1.760000,342.082000
11434,692.504000,392.080000,7.650000,330.802000
11435,682.285000,356.281000,2.179000,280.974000
11436,575.897000,298.393000,5.250000,279.912000
11437,877.401000,488.049000,3.160000,352.581000
11438,788.902000,438.529000,2.280000,347.913000
11439,710.263000,392.581000,1.859000,301.674000
11440,673.204000,304.054000,7.280000,287.312000
11441,585.817000,265.703000,20.929000,281.104000
11442,744.611000,394.220000,5.190000,336.443000
11443,709.893000,388.211000,3.180000,304.863000
11444,739.182000,483.160000,2.200000,334.381000
11445,800.791000,451.799000,5.850000,348.082000
11446,797.232000,459.780000,3.030000,337.571000
11447,769.733000,427.859000,2.730000,358.002000
11448,736.123000,436.561000,2.680000,331.342000
11449,655.565000,363.612000,1.220000,308.324000
11450,799.391000,369.981000,16.960000,346.991000
11451,765.843000,366.421000,7.420000,333.271000
11452,731.083000,360.181000,2.779000,294.223000
11453,805.972000,442.858000,1.741000,323.524000
11454,622.996000,313.582000,2.960000,249.355000
11455,734.362000,430.920000,1.670000,365.121000
11456,775.853000,478.298000,1.230000,346.802000
11457,655.674000,380.222000,1.500000,311.372000
11458,782.321000,465.359000,8.640000,371.991000
11459,712.074000,412.311000,3.130000,329.333000
11460,765.243000,383.581000,1.630000,336.133000
11461,763.901000,390.430000,1.151000,343.740000
11462,666.005000,352.611000,20.620000,320.513000
11463,682.433000,418.990000,4.540000,315.753000
11464,856.281000,435.498000,3.931000,337.662000
11465,604.835000,326.422000,1.940000,285.523000
11466,812.110000,441.850000,11.280000,368.361000
11467,750.252000,420.320000,2.180000,329.133000
11468,704.253000,408.760000,5.210000,329.943000
11469,785.321000,486.288000,3.010000,360.711000
11470,652.155000,314.452000,5.040000,279.323000
11471,750.222000,373.761000,3.470000,329.502000
11472,794.672000,402.541000,11.330000,342.401000
11473,637.444000,344.711000,4.270000,276.744000
11474,827.550000,555.766000,1.610000,362.721000
11475,711.764000,389.001000,3.050000,321.432000
11476,622.886000,358.122000,1.329000,290.104000
11477,685.944000,383.041000,1.261000,327.092000
11478,559.666000,258.214000,8.020000,243.634000
11479,446.980000,220.125000,4.950000,208.285000
11480,750.983000,381.270000,3.320000,358.052000
11481,834.441000,419.111000,3.390000,364.961000
11482,586.756000,277.774000,3.780000,271.554000
11483,642.174000,386.532000,3.200000,308.192000
11484,665.164000,387.061000,1.470000,308.512000
11485,591.247000,320.444000,17.110000,302.232000
11486,791.462000,462.729000,5.320000,370.131000
11487,689.854000,401.450000,2.189000,357.231000
11488,696.704000,409.191000,3.570000,316.532000
11489,705.844000,400.030000,1.480000,364.951000
11490,745.803000,341.472000,1.251000,340.892000
11491,766.611000,412.741000,1.430000,330.242000
11492,702.803000,369.141000,6.529000,332.472000
11493,860.020000,482.299000,2.250000,353.571000
11494,399.371000,190.176000,2.691000,174.195000
11495,766.111000,455.740000,2.471000,348.671000
11496,758.612000,446.110000,4.420000,346.332000
11497,546.166000,268.754000,13.061000,240.045000
11498,610.565000,333.801000,5.510000,269.594000
11499,646.654000,354.093000,1.550000,319.552000
11500,761.642000,367.461000,1.490000,329.723000
11501,778.442000,349.321000,12.990000,313.934000
11502,764.972000,410.351000,2.760000,340.971000
11503,652.835000,337.311000,5.920000,293.794000
11504,851.910000,516.338000,10.450000,411.840000
11505,797.642000,428.900000,5.350000,334.791000
11506,554.287000,292.713000,1.480000,267.514000
11507,628.276000,318.181000,20.830000,281.894000
11508,890.059000,494.019000,14.420000,385.571000
11509,514.348000,261.624000,3.520000,224.244000
11510,702.874000,349.022000,3.020000,340.641000
11511,711.133000,343.551000,3.630000,343.851000
11512,698.684000,327.122000,5.760000,286.954000
11513,550.008000,351.482000,1.740000,313.253000
11514,668.744000,364.612000,0.990000,299.423000
11515,692.854000,359.771000,1.700000,275.724000
11516,562.316000,303.614000,6.410000,264.844000
11517,749.383000,404.751000,6.160000,332.802000
11518,517.878000,263.163000,1.471000,230.004000
11519,604.096000,328.103000,0.960000,315.602000
11520,659.895000,306.263000,6.101000,294.604000
11521,378.500000,138.486000,2.240000,145.507000
11522,784.472000,412.440000,2.230000,334.592000
11523,648.545000,341.892000,3.590000,291.843000
11524,819.441000,465.429000,1.110000,335.241000
11525,812.281000,398.561000,5.080000,310.322000
11526,818.432000,478.859000,3.659000,349.832000
11527,740.613000,452.840000,3.011000,339.771000
11528,850.601000,476.648000,9.750000,392.151000
11529,744.973000,413.160000,2.660000,346.740000
11530,624.116000,324.503000,6.390000,314.583000
11531,774.732000,382.532000,2.380000,324.973000
11532,565.786000,298.094000,3.560000,253.403000
11533,755.443000,483.428000,12.680000,378.281000
11534,669.365000,408.090000,1.440000,321.533000
11535,631.546000,341.332000,1.270000,274.054000
11536,764.001000,453.229000,2.190000,336.891000
11537,633.566000,365.261000,6.110000,288.284000
11538,719.822000,394.041000,9.750000,323.622000
11539,705.904000,376.171000,3.550000,347.242000
11540,731.472000,372.272000,12.659000,339.553000
11541,594.737000,344.382000,2.461000,325.183000
11542,708.152000,360.591000,2.450000,306.793000
11543,891.598000,464.340000,20.670000,378.031000
11544,821.621000,475.929000,6.789000,380.431000
11545,747.552000,421.119000,1.939000,339.642000
11546,738.643000,413.390000,2.680000,313.993000
11547,716.104000,415.461000,2.409000,327.762000
11548,483.728000,248.714000,1.990000,224.094000
11549,731.382000,394.521000,2.480000,302.864000
11550,707.044000,324.032000,3.000000,307.023000
11551,687.803000,310.232000,4.929000,271.585000
11552,815.040000,461.639000,1.580000,369.243000
11553,716.832000,429.089000,1.520000,334.321000
11554,749.393000,461.288000,2.160000,333.252000
11555,604.685000,421.640000,1.390000,346.342000
11556,654.145000,332.871000,8.819000,274.724000
11557,675.394000,396.181000,4.220000,348.001000
11558,802.651000,483.709000,2.270000,333.282000
11559,679.185000,406.551000,2.189000,341.331000
11560,686.024000,310.023000,7.789000,300.443000
11561,680.064000,342.761000,2.280000,293.123000
11562,756.112000,425.790000,1.640000,357.371000
11563,615.895000,283.624000,20.630000,250.484000
11564,524.557000,335.093000,3.469000,288.784000
11565,736.043000,431.540000,5.659000,352.703000
11566,778.081000,412.000000,5.769000,307.522000
11567,600.656000,315.513000,4.350000,272.242000
11568,704.285000,408.050000,3.580000,305.242000
11569,737.564000,417.530000,7.221000,332.581000
11570,690.773000,360.782000,4.240000,321.212000
11571,556.587000,244.804000,9.150000,231.255000
11572,742.574000,424.509000,2.320000,355.172000
11573,527.537000,275.044000,3.830000,241.774000
11574,778.522000,455.750000,3.540000,335.492000
11575,738.122000,424.380000,2.520000,314.993000
11576,547.277000,271.164000,1.050000,242.223000
11577,685.763000,400.120000,3.669000,352.211000
11578,839.411000,461.650000,2.640000,331.502000
11579,794.552000,479.708000,1.540000,351.312000
11580,718.632000,331.711000,19.840000,325.933000
11581,740.742000,369.932000,4.790000,303.914000
11582,607.426000,346.442000,2.190000,288.074000
11583,668.744000,388.862000,9.160000,335.062000
11584,800.491000,475.269000,4.130000,339.772000
11585,688.354000,366.711000,2.030000,298.092000
11586,835.700000,468.549000,9.000000,361.981000
11587,749.702000,410.160000,2.910000,309.804000
11588,647.155000,371.951000,1.351000,316.742000
11589,590.187000,324.533000,2.261000,265.584000
11590,656.814000,315.372000,1.270000,280.883000
11591,730.162000,373.492000,6.299000,317.644000
11592,683.123000,397.790000,12.150000,320.873000
11593,721.013000,379.682000,2.710000,301.103000
11594,628.515000,341.012000,2.701000,278.944000
11595,672.454000,363.581000,12.390000,330.572000
11596,695.095000,384.892000,3.099000,297.224000
11597,593.986000,326.942000,1.731000,275.083000
11598,762.631000,442.440000,1.150000,335.281000
11599,799.881000,439.009000,1.640000,349.942000
11600,531.686000,234.286000,4.619000,234.445000
11601,752.082000,400.280000,2.190000,347.803000
11602,833.680000,467.798000,2.299000,364.992000
11603,737.512000,401.291000,4.880000,322.121000
11604,814.521000,462.839000,2.271000,367.061000
11605,671.254000,352.331000,4.939000,281.194000
11606,738.052000,420.171000,1.779000,322.223000
11607,712.693000,409.190000,3.049000,350.343000
11608,789.292000,426.370000,1.910000,357.362000
11609,564.217000,285.693000,1.790000,244.233000
11610,739.573000,344.014000,2.000000,309.783000
11611,939.198000,400.531000,11.670000,345.971000
11612,831.370000,461.989000,15.499000,375.152000
11613,726.983000,425.341000,3.469000,346.801000
11614,617.426000,357.802000,4.230000,298.194000
11615,741.291000,396.140000,3.170000,331.653000
11616,796.841000,489.808000,2.409000,375.752000
11617,608.696000,288.752000,5.970000,280.754000
11618,789.471000,433.320000,3.091000,344.622000
11619,690.584000,354.992000,2.960000,314.373000
11620,824.781000,411.551000,7.979000,351.321000
11621,786.891000,413.560000,3.510000,353.532000
11622,710.923000,384.151000,2.530000,342.283000
11623,759.203000,412.440000,7.200000,331.432000
11624,643.496000,345.372000,2.200000,311.492000
11625,705.194000,406.250000,2.840000,312.382000
11626,756.573000,447.569000,1.730000,341.253000
11627,723.053000,422.560000,1.490000,314.633000
11628,763.642000,426.630000,2.340000,337.782000
11629,763.412000,434.650000,13.270000,345.662000
11630,860.140000,434.580000,2.930000,421.840000
11631,833.640000,431.700000,2.369000,325.863000
11632,684.575000,340.392000,1.400000,272.234000
11633,832.301000,496.487000,2.090000,354.802000
11634,823.310000,491.278000,2.230000,363.681000
11635,849.700000,461.220000,6.320000,363.601000
11636,752.303000,449.389000,1.970000,347.622000
11637,694.724000,389.451000,5.440000,318.492000
11638,857.079000,527.977000,2.160000,373.011000
11639,787.911000,445.249000,3.099000,346.072000
11640,765.402000,386.940000,4.101000,342.772000
11641,761.812000,417.820000,5.530000,360.741000
11642,470.979000,205.805000,4.260000,191.184000
11643,753.262000,436.129000,2.351000,326.552000
11644,783.681000,546.988000,3.770000,363.561000
11645,849.279000,539.756000,5.501000,411.870000
11646,793.071000,413.770000,4.140000,309.273000
11647,684.274000,383.141000,1.711000,339.022000
11648,701.803000,409.711000,1.540000,327.852000
11649,817.801000,471.818000,1.270000,329.523000
11650,774.422000,363.632000,1.569000,338.451000
11651,601.386000,312.513000,2.050000,295.933000
11652,735.324000,393.461000,1.661000,315.181000
11653,820.500000,463.300000,13.910000,371.231000
11654,643.865000,332.993000,5.450000,276.953000
11655,706.514000,432.040000,2.899000,354.740000
11656,644.355000,323.272000,2.689000,260.225000
11657,693.834000,381.791000,1.680000,322.182000
11658,832.831000,510.098000,7.891000,402.370000
11659,596.376000,307.882000,2.660000,281.623000
11660,697.764000,306.253000,3.330000,302.062000
11661,615.026000,300.803000,5.860000,284.163000
11662,738.114000,346.911000,8.860000,309.322000
11663,622.745000,363.963000,1.970000,282.493000
11664,619.055000,402.501000,1.789000,275.634000
11665,808.731000,474.239000,6.899000,332.553000
11666,825.281000,447.609000,5.480000,362.592000
11667,731.373000,445.809000,4.310000,334.752000
11668,590.857000,321.082000,20.390000,282.263000
11669,777.712000,476.939000,7.400000,357.082000
11670,592.296000,274.424000,6.750000,253.753000
11671,756.103000,372.422000,3.029000,318.763000
11672,875.519000,456.480000,4.129000,396.710000
11673,741.013000,355.291000,20.770000,315.444000
11674,651.605000,359.852000,10.160000,290.632000
11675,684.254000,333.952000,4.560000,264.754000
11676,722.753000,371.002000,16.179000,318.891000
11677,797.390000,479.569000,5.779000,345.431000
11678,538.217000,284.325000,1.600000,266.564000
11679,696.493000,343.142000,10.379000,289.393000
11680,778.271000,402.160000,9.649000,370.582000
11681,612.065000,299.132000,5.680000,305.103000
11682,743.472000,406.670000,2.760000,330.762000
11683,751.573000,460.639000,12.769000,371.511000
11684,564.418000,304.543000,4.289000,231.625000
11685,838.950000,466.890000,10.639000,421.451000
11686,700.272000,375.462000,8.860000,292.023000
11687,816.781000,442.250000,15.040000,361.592000
11688,654.155000,362.342000,10.220000,301.643000
11689,596.245000,332.141000,5.340000,302.413000
11690,778.901000,381.351000,6.790000,338.221000
11691,606.986000,307.243000,2.430000,302.543000
11692,745.063000,385.741000,2.171000,312.162000
11693,697.554000,430.350000,2.340000,359.861000
11694,706.603000,437.880000,10.239000,359.432000
11695,743.192000,422.710000,13.600000,353.291000
11696,858.120000,452.170000,9.461000,382.411000
11697,650.105000,320.312000,14.949000,267.394000
11698,695.414000,389.572000,5.310000,358.101000
11699,651.445000,369.921000,1.790000,288.624000
11700,440.350000,221.406000,8.689000,229.804000
11701,661.225000,333.961000,5.769000,289.824000
11702,785.032000,436.880000,2.240000,338.271000
11703,633.555000,339.811000,2.449000,282.184000
11704,618.256000,376.290000,1.499000,305.072000
11705,698.984000,462.070000,2.020000,393.450000
11706,636.896000,349.672000,8.000000,302.393000
11707,615.435000,352.142000,3.611000,289.212000
11708,837.171000,448.440000,9.360000,407.011000
11709,768.422000,449.801000,3.389000,336.911000
11710,722.894000,330.181000,10.689000,313.413000
11711,741.593000,416.110000,4.640000,329.711000
11712,791.991000,422.670000,2.840000,340.291000
11713,757.753000,456.038000,3.170000,362.583000
11714,781.762000,452.099000,9.700000,398.010000
11715,741.392000,395.551000,3.210000,312.304000
11716,677.415000,381.081000,6.040000,308.993000
11717,782.232000,457.599000,2.480000,458.789000
11718,770.191000,423.379000,1.290000,369.600000
11719,737.804000,425.190000,4.191000,316.853000
11720,817.721000,428.980000,5.959000,375.902000
11721,677.483000,335.573000,1.880000,302.022000
11722,753.603000,455.119000,6.219000,354.813000
11723,891.938000,533.738000,2.760000,360.292000
11724,777.591000,405.600000,8.550000,328.712000
11725,603.586000,297.893000,5.120000,256.854000
11726,600.916000,340.932000,8.230000,284.364000
11727,759.772000,433.659000,3.840000,345.572000
11728,533.517000,247.695000,3.640000,214.486000
11729,782.601000,445.030000,4.559000,402.581000
11730,840.280000,412.411000,2.130000,355.231000
11731,793.112000,398.511000,3.170000,338.632000
11732,741.013000,416.920000,2.720000,345.401000
11733,704.784000,414.480000,2.720000,338.972000
11734,707.002000,397.831000,9.070000,316.683000
11735,690.974000,405.901000,3.259000,359.282000
11736,663.254000,382.701000,2.320000,317.052000
11737,690.124000,416.731000,2.731000,332.392000
11738,592.606000,324.543000,2.190000,262.753000
11739,703.774000,402.402000,2.360000,305.312000
11740,672.065000,334.302000,2.220000,302.303000
11741,636.575000,340.961000,2.360000,322.243000
11742,749.121000,411.540000,11.190000,349.801000
11743,689.754000,413.470000,4.719000,354.692000
11744,817.711000,529.577000,3.000000,358.163000
11745,800.321000,493.517000,1.800000,351.343000
11746,640.645000,425.290000,9.040000,375.061000
11747,738.593000,431.740000,14.370000,372.581000
11748,649.795000,359.541000,5.320000,300.153000
11749,552.386000,300.124000,3.600000,248.024000
11750,868.018000,383.782000,2.320000,341.612000
11751,756.393000,378.660000,10.059000,318.572000
11752,659.875000,358.982000,9.719000,327.932000
11753,623.665000,373.631000,2.560000,313.123000
11754,597.416000,345.831000,4.560000,272.975000
11755,659.093000,349.752000,4.960000,314.603000
11756,868.180000,441.239000,3.440000,357.982000
11757,754.902000,403.200000,3.790000,334.513000
11758,616.746000,343.102000,2.650000,290.015000
11759,599.396000,346.002000,1.261000,273.923000
11760,530.937000,219.285000,1.270000,202.066000
11761,599.256000,276.394000,2.520000,298.923000
11762,780.871000,407.611000,19.549000,370.822000
11763,663.625000,346.032000,17.989000,293.754000
11764,632.014000,378.002000,3.819000,319.491000
11765,697.913000,395.221000,2.620000,328.952000
11766,778.882000,448.508000,45.769000,371.542000
11767,700.054000,450.320000,3.050000,344.921000
11768,815.121000,433.980000,11.950000,347.272000
11769,638.945000,354.161000,6.981000,284.614000
11770,643.635000,277.423000,12.780000,292.473000
11771,652.334000,281.413000,8.010000,271.574000
11772,788.681000,390.291000,3.120000,360.841000
11773,625.565000,309.193000,2.940000,267.382000
11774,656.675000,344.833000,2.899000,302.372000
11775,760.013000,446.819000,6.740000,348.262000
11776,505.058000,235.605000,8.310000,216.016000
11777,730.363000,384.381000,2.340000,299.822000
11778,826.421000,490.629000,2.659000,346.842000
11779,726.714000,393.660000,1.810000,316.422000
11780,800.552000,399.061000,6.480000,353.641000
11781,744.582000,390.900000,3.249000,348.453000
11782,817.841000,406.920000,7.459000,354.472000
11783,636.986000,372.432000,2.409000,310.632000
11784,686.864000,373.691000,2.980000,310.923000
11785,792.021000,440.069000,4.160000,314.092000
11786,666.294000,353.111000,2.120000,296.623000
11787,668.323000,368.411000,1.400000,285.534000
11788,807.821000,457.159000,1.820000,332.802000
11789,678.684000,376.731000,3.550000,303.084000
11790,736.993000,356.203000,2.749000,302.133000
11791,745.872000,359.532000,2.540000,301.942000
11792,617.236000,311.643000,1.780000,271.223000
11793,825.100000,445.010000,1.880000,350.651000
11794,589.066000,259.914000,8.611000,229.334000
11795,731.732000,408.059000,4.729000,310.404000
11796,751.832000,420.170000,3.010000,373.791000
11797,609.886000,307.253000,8.689000,277.622000
11798,795.192000,447.250000,3.760000,392.141000
11799,755.993000,462.668000,9.980000,341.982000
11800,697.844000,345.852000,3.540000,290.714000
11801,659.254000,306.824000,12.119000,291.363000
11802,422.600000,246.974000,4.440000,220.315000
11803,759.202000,428.820000,2.240000,330.793000
11804,840.110000,472.718000,12.590000,371.741000
11805,735.853000,433.430000,2.760000,331.012000
11806,768.722000,424.000000,1.840000,323.903000
11807,557.998000,265.024000,1.120000,270.613000
11808,738.113000,411.750000,0.889000,327.742000
11809,692.565000,380.730000,1.960000,326.292000
11810,681.313000,322.713000,3.220000,287.763000
11811,757.353000,377.570000,13.290000,338.032000
11812,663.634000,300.813000,13.010000,299.754000
11813,727.312000,414.510000,39.709000,351.401000
11814,814.201000,470.319000,11.909000,360.491000
11815,729.044000,373.852000,2.621000,293.832000
11816,562.808000,281.732000,2.380000,249.204000
11817,721.773000,390.311000,2.600000,308.562000
11818,632.545000,349.391000,2.390000,271.634000
11819,1007.316000,519.738000,8.640000,394.072000
11820,841.790000,399.311000,4.040000,349.540000
11821,663.725000,293.014000,8.629000,283.363000
11822,618.425000,314.103000,3.139000,269.093000
11823,632.305000,377.671000,2.490000,321.763000
11824,706.453000,411.710000,2.560000,345.071000
11825,789.692000,469.579000,4.530000,338.512000
11826,700.712000,396.631000,2.270000,374.611000
11827,754.903000,414.140000,4.280000,312.732000
11828,789.752000,456.230000,3.130000,347.531000
11829,734.764000,407.691000,3.930000,329.232000
11830,823.191000,401.331000,2.760000,369.802000
11831,569.615000,352.973000,7.099000,334.873000
11832,588.146000,274.424000,2.960000,239.423000
11833,607.715000,306.403000,3.570000,260.914000
11834,744.112000,399.400000,1.870000,280.234000
11835,826.640000,472.178000,1.370000,339.603000
11836,685.153000,352.883000,1.699000,325.952000
11837,588.006000,310.313000,1.511000,249.093000
11838,624.135000,388.061000,3.100000,343.433000
11839,569.276000,322.822000,1.280000,274.054000
11840,859.750000,412.450000,1.649000,383.341000
11841,736.303000,365.891000,2.000000,325.952000
11842,743.854000,476.418000,2.290000,352.462000
11843,788.973000,450.469000,7.480000,347.032000
11844,758.582000,427.419000,2.270000,312.053000
11845,713.603000,331.792000,21.789000,292.863000
11846,747.282000,482.729000,5.470000,330.712000
11847,605.765000,352.482000,1.410000,288.833000
11848,742.913000,449.659000,5.000000,362.231000
11849,878.610000,540.927000,2.849000,407.450000
11850,741.201000,355.282000,1.500000,317.682000
11851,729.063000,371.733000,1.170000,328.232000
11852,747.182000,413.040000,1.209000,319.964000
11853,721.912000,439.269000,3.750000,335.522000
11854,600.605000,346.083000,16.630000,330.752000
11855,568.186000,286.644000,3.790000,316.571000
11856,798.051000,397.261000,10.460000,307.773000
11857,722.851000,300.263000,23.200000,282.743000
11858,697.875000,418.030000,4.480000,342.571000
11859,648.795000,375.911000,1.600000,329.503000
11860,574.566000,288.274000,12.649000,279.934000
11861,884.050000,400.091000,6.280000,359.781000
11862,607.766000,341.882000,5.430000,300.492000
11863,780.392000,451.270000,2.760000,309.873000
11864,562.156000,303.383000,3.890000,236.975000
11865,765.723000,421.819000,3.190000,358.772000
11866,737.613000,420.490000,1.070000,320.822000
11867,783.932000,422.010000,1.220000,361.522000
11868,687.113000,395.770000,1.740000,293.384000
11869,774.492000,431.269000,9.600000,332.193000
11870,783.472000,376.742000,3.240000,326.042000
11871,734.222000,366.162000,1.809000,317.692000
11872,523.297000,242.724000,9.840000,242.264000
11873,928.368000,500.519000,16.049000,378.591000
11874,851.639000,481.749000,18.379000,390.262000
11875,786.001000,452.898000,3.219000,332.162000
11876,645.625000,347.792000,1.470000,346.731000
11877,683.535000,399.891000,1.610000,330.992000
11878,690.114000,407.960000,4.099000,330.842000
11879,751.903000,377.601000,3.380000,295.873000
11880,504.788000,227.085000,2.920000,220.214000
11881,626.386000,267.813000,1.420000,243.275000
11882,708.663000,351.672000,2.570000,318.382000
11883,759.743000,420.929000,15.499000,343.892000
11884,794.981000,483.609000,3.900000,374.901000
11885,840.690000,459.428000,3.110000,351.522000
11886,847.050000,456.558000,1.680000,331.623000
11887,770.231000,431.140000,1.990000,346.522000
11888,819.481000,467.349000,6.459000,352.742000
11889,744.612000,427.020000,1.930000,393.710000
11890,732.992000,414.510000,2.650000,336.462000
11891,728.653000,384.041000,5.729000,328.812000
11892,698.965000,363.982000,6.229000,325.243000
11893,736.002000,409.230000,2.950000,310.633000
11894,948.959000,526.307000,7.570000,392.911000
11895,719.274000,399.590000,7.609000,323.252000
11896,701.464000,383.751000,1.730000,385.841000
11897,654.966000,362.121000,3.720000,286.093000
11898,648.283000,344.553000,2.670000,269.022000
11899,565.947000,290.182000,1.419000,244.395000
11900,881.540000,391.300000,22.089000,365.952000
11901,536.877000,282.213000,4.471000,275.132000
11902,799.910000,461.900000,20.240000,369.212000
11903,754.293000,416.709000,3.920000,318.924000
11904,756.511000,417.691000,5.771000,331.731000
11905,769.643000,423.640000,2.030000,338.822000
11906,824.980000,474.679000,3.899000,384.951000
11907,661.033000,337.962000,9.550000,338.312000
11908,695.304000,372.411000,9.859000,301.872000
11909,693.694000,405.750000,5.261000,327.491000
11910,664.385000,335.222000,1.680000,311.414000
11911,747.613000,381.630000,7.249000,349.932000
11912,773.793000,452.419000,5.160000,344.173000
11913,460.509000,220.616000,1.819000,232.065000
11914,624.285000,348.382000,1.679000,272.064000
11915,710.664000,375.412000,15.279000,316.193000
11916,788.172000,433.820000,3.269000,345.511000
11917,746.353000,419.490000,8.660000,333.272000
11918,614.745000,328.992000,3.560000,265.684000
11919,689.364000,398.031000,5.879000,335.872000
11920,709.333000,373.581000,3.670000,339.022000
11921,757.392000,382.331000,5.829000,343.022000
11922,756.332000,348.162000,5.129000,303.874000
11923,677.583000,365.062000,2.780000,278.683000
11924,779.961000,421.651000,2.680000,346.803000
11925,711.163000,402.420000,1.341000,343.603000
11926,581.397000,274.163000,20.221000,244.595000
11927,793.281000,479.099000,3.810000,342.102000
11928,793.212000,436.721000,1.600000,322.694000
11929,412.620000,180.097000,9.419000,170.445000
11930,767.782000,349.381000,4.990000,333.753000
11931,676.414000,334.702000,2.620000,292.913000
11932,701.074000,366.770000,1.429000,304.784000
11933,510.638000,266.134000,2.510000,226.915000
11934,634.135000,333.502000,5.459000,283.223000
11935,612.456000,348.521000,2.910000,280.444000
11936,674.824000,399.210000,3.490000,313.893000
11937,783.972000,420.550000,3.530000,329.543000
11938,780.732000,431.740000,1.250000,339.022000
11939,673.864000,400.701000,5.141000,357.682000
11940,696.404000,350.301000,5.449000,336.722000
11941,618.106000,304.732000,2.370000,269.343000
11942,626.605000,344.713000,2.110000,306.103000
11943,797.731000,437.641000,1.330000,341.692000
11944,680.434000,375.961000,1.889000,319.854000
11945,784.561000,495.818000,3.069000,358.923000
11946,661.143000,359.042000,2.899000,286.932000
11947,743.503000,440.530000,1.410000,329.522000
11948,690.134000,368.471000,1.290000,287.863000
11949,745.164000,408.320000,15.030000,333.531000
11950,867.010000,389.141000,4.550000,398.451000
11951,619.096000,280.773000,2.349000,327.852000
11952,813.251000,404.171000,5.099000,324.693000
11953,754.472000,414.440000,2.480000,318.603000
11954,475.418000,244.244000,11.720000,219.804000
11955,711.333000,379.481000,5.530000,314.193000
11956,866.248000,494.128000,2.160000,346.351000
11957,750.063000,434.719000,1.850000,333.103000
11958,751.252000,422.040000,1.390000,320.493000
11959,621.735000,355.012000,1.390000,305.592000
11960,817.592000,376.011000,2.020000,337.883000
11961,791.081000,409.610000,2.541000,365.871000
11962,635.385000,350.801000,2.220000,336.213000
11963,803.390000,515.867000,3.210000,388.501000
11964,661.345000,380.920000,5.849000,309.553000
11965,788.001000,494.770000,6.678000,429.440000
11966,802.141000,472.450000,1.930000,374.871000
11967,658.094000,330.112000,4.280000,259.254000
11968,774.932000,414.310000,2.640000,319.723000
11969,755.942000,470.189000,1.320000,356.083000
11970,813.591000,395.210000,1.920000,348.383000
11971,801.372000,390.651000,1.080000,355.561000
11972,658.935000,328.932000,12.759000,295.974000
11973,746.132000,398.601000,17.189000,340.502000
11974,814.091000,479.328000,3.229000,345.341000
11975,756.063000,420.651000,4.480000,322.852000
11976,522.048000,261.103000,2.110000,235.874000
11977,594.736000,315.233000,2.130000,257.883000
11978,969.157000,495.628000,2.900000,347.341000
11979,815.520000,435.340000,1.780000,316.843000
11980,740.453000,365.462000,3.181000,334.222000
11981,784.732000,434.611000,1.979000,352.641000
11982,764.693000,441.688000,1.400000,329.533000
11983,761.532000,407.191000,1.720000,303.544000
11984,711.554000,373.320000,2.341000,293.704000
11985,670.714000,361.031000,3.291000,293.062000
11986,528.528000,294.473000,2.690000,264.894000
11987,484.069000,287.263000,1.950000,244.684000
11988,760.032000,413.440000,19.830000,359.961000
11989,663.564000,363.850000,3.749000,323.063000
11990,743.752000,332.432000,2.021000,294.443000
11991,829.220000,404.561000,3.850000,329.382000
11992,684.475000,288.344000,17.370000,259.052000
11993,428.070000,208.286000,6.931000,194.516000
11994,506.749000,302.902000,2.560000,277.383000
11995,808.922000,413.939000,9.230000,372.561000
11996,808.291000,453.230000,3.990000,347.462000
11997,576.137000,308.833000,12.500000,283.864000
11998,501.787000,265.354000,6.800000,304.813000
11999,668.234000,336.612000,2360.325000,418.320000
12000,659.415000,325.893000,4.240000,308.653000
12001,586.455000,305.384000,4.170000,276.894000
12002,837.601000,465.740000,3.180000,348.521000
12003,591.895000,308.904000,1.800000,261.533000
12004,880.589000,505.089000,10.040000,375.800000
12005,835.701000,430.940000,19.790000,352.112000
12006,791.712000,453.169000,3.299000,340.401000
12007,1012.886000,399.571000,21.089000,330.693000
12008,824.421000,474.919000,4.920000,352.261000
12009,755.563000,414.171000,2.339000,313.013000
12010,576.946000,303.483000,1.539000,291.413000
12011,759.402000,392.871000,19.838000,332.383000
12012,512.077000,238.964000,2.890000,227.816000
12013,671.804000,387.541000,1.000000,340.622000
12014,772.052000,409.950000,3.680000,312.723000
12015,782.101000,437.569000,6.230000,349.491000
12016,775.412000,431.470000,2.560000,334.603000
12017,825.349000,469.370000,1.840000,338.973000
12018,651.474000,350.732000,1.381000,293.632000
12019,698.314000,388.801000,4.950000,322.072000
12020,836.881000,403.050000,12.460000,364.491000
12021,864.829000,430.639000,21.110000,403.201000
12022,677.575000,362.851000,4.910000,323.133000
12023,656.424000,379.481000,5.360000,327.053000
12024,649.194000,414.200000,1.701000,359.201000
12025,691.613000,383.972000,1.850000,297.792000
12026,651.794000,347.962000,5.389000,287.253000
12027,954.287000,762.122000,2.080000,378.282000
12028,750.942000,411.170000,4.930000,325.202000
12029,756.273000,419.719000,4.690000,335.172000
12030,657.645000,334.022000,2.590000,305.862000
12031,810.922000,346.281000,20.899000,341.133000
12032,846.491000,483.349000,5.979000,402.741000
12033,778.881000,456.339000,4.089000,346.072000
12034,690.483000,335.372000,1.510000,287.514000
12035,779.471000,398.180000,3.050000,307.603000
12036,764.353000,477.739000,19.049000,381.412000
12037,821.421000,443.950000,6.051000,360.511000
12038,888.739000,557.077000,4.620000,459.569000
12039,744.682000,450.750000,2.940000,324.612000
12040,695.732000,320.393000,3.120000,339.521000
12041,879.270000,424.700000,19.499000,350.401000
12042,585.016000,315.633000,14.020000,305.372000
12043,874.370000,528.757000,4.850000,365.301000
12044,824.411000,467.279000,3.100000,341.221000
12045,694.054000,382.580000,10.931000,349.291000
12046,717.475000,367.431000,8.589000,300.352000
12047,718.713000,405.430000,4.120000,331.592000
12048,705.934000,396.470000,2.570000,316.761000
12049,676.824000,378.931000,3.050000,302.773000
12050,784.480000,367.772000,1.889000,348.963000
12051,680.675000,342.443000,1.950000,336.992000
12052,803.712000,416.950000,10.239000,392.850000
12053,644.705000,375.211000,3.130000,327.222000
12054,620.106000,360.861000,2.649000,259.943000
12055,829.510000,469.848000,2.030000,395.831000
12056,685.854000,410.299000,3.280000,335.051000
12057,821.270000,481.889000,5.100000,379.961000
12058,910.469000,598.496000,2.181000,449.569000
12059,655.535000,357.531000,1.590000,269.094000
12060,860.580000,412.880000,7.411000,409.830000
12061,747.762000,315.413000,4.160000,290.462000
12062,768.381000,430.080000,2.290000,332.593000
12063,848.910000,469.929000,4.069000,375.311000
12064,811.511000,468.549000,1.940000,331.933000
12065,656.284000,348.252000,15.280000,296.222000
12066,735.692000,418.721000,2.780000,324.644000
12067,805.341000,448.399000,2.060000,368.101000
12068,811.841000,486.869000,1.270000,339.572000
12069,672.354000,409.671000,3.169000,332.742000
12070,820.081000,384.381000,5.109000,368.031000
12071,559.836000,252.895000,4.720000,236.565000
12072,632.065000,397.700000,4.789000,339.002000
12073,630.185000,329.472000,8.610000,270.724000
12074,755.392000,440.660000,2.440000,342.521000
12075,825.060000,409.010000,9.990000,324.243000
12076,785.431000,463.860000,3.630000,331.923000
12077,825.230000,541.397000,4.310000,423.011000
12078,760.863000,425.400000,1.400000,332.883000
12079,629.756000,317.382000,6.219000,363.053000
12080,722.953000,414.630000,8.268000,396.521000
12081,772.982000,434.529000,4.219000,367.140000
12082,810.870000,459.810000,9.430000,364.431000
12083,846.340000,469.778000,11.480000,372.861000
12084,710.644000,378.430000,3.530000,310.344000
12085,558.727000,310.373000,3.671000,275.914000
12086,593.015000,307.054000,2.870000,271.043000
12087,620.806000,319.433000,1.730000,272.842000
12088,629.215000,335.963000,1.301000,280.073000
12089,870.670000,527.907000,1.610000,366.082000
12090,530.727000,218.255000,6.540000,228.734000
12091,837.311000,415.831000,3.380000,354.781000
12092,821.820000,428.620000,17.450000,375.012000
12093,719.392000,373.203000,4.808000,291.454000
12094,736.012000,426.930000,1.680000,326.743000
12095,699.793000,420.890000,1.460000,344.172000
12096,799.772000,551.897000,1.090000,394.871000
12097,655.534000,366.761000,5.021000,337.772000
12098,656.435000,378.541000,4.140000,327.612000
12099,687.563000,366.582000,6.479000,315.183000
12100,752.082000,361.692000,3.560000,308.482000
12101,714.564000,351.251000,1.820000,321.402000
12102,811.791000,425.540000,19.140000,349.981000
12103,841.959000,508.968000,5.800000,389.341000
12104,671.854000,352.372000,1.809000,286.124000
12105,797.251000,462.828000,11.050000,385.711000
12106,779.262000,392.871000,12.140000,342.122000
12107,707.244000,422.729000,22.670000,355.662000
12108,670.805000,396.460000,3.930000,290.542000
12109,691.834000,439.070000,1.680000,331.182000
12110,723.072000,349.731000,1.369000,326.654000
12111,801.701000,305.212000,15.049000,288.614000
12112,546.377000,220.574000,6.371000,248.894000
12113,663.974000,363.971000,5.610000,305.433000
12114,892.480000,501.369000,4.499000,361.022000
12115,765.381000,424.670000,4.239000,335.931000
12116,767.753000,443.740000,7.709000,335.222000
12117,606.016000,321.642000,4.140000,280.614000
12118,699.454000,376.751000,1.680000,275.174000
12119,660.636000,348.702000,3.430000,300.903000
12120,765.532000,348.323000,12.659000,346.411000
12121,573.266000,287.693000,5.270000,260.053000
12122,765.183000,427.230000,7.279000,357.833000
12123,621.275000,302.922000,6.360000,304.464000
12124,844.030000,502.578000,2.160000,381.211000
12125,766.892000,416.851000,5.010000,332.123000
12126,617.446000,322.322000,3.190000,261.274000
12127,758.151000,422.161000,2.070000,330.282000
12128,804.523000,466.629000,3.470000,357.882000
12129,779.592000,465.739000,2.651000,348.472000
12130,772.812000,332.212000,3.190000,324.033000
12131,908.158000,384.461000,5.900000,339.082000
12132,696.552000,362.373000,2.579000,343.671000
12133,748.462000,413.970000,2.600000,321.793000
12134,788.372000,465.078000,2.210000,372.243000
12135,694.373000,367.881000,1.620000,305.263000
12136,635.126000,316.982000,8.129000,301.873000
12137,596.135000,289.554000,3.190000,257.823000
12138,815.580000,432.760000,5.900000,347.552000
12139,711.403000,394.470000,2.210000,301.443000
12140,871.119000,378.000000,18.580000,344.982000
12141,578.796000,238.735000,2.960000,253.743000
12142,672.614000,348.682000,1.310000,296.903000
12143,926.187000,538.828000,4.279000,393.620000
12144,707.852000,370.972000,3.080000,301.771000
12145,648.196000,334.771000,7.940000,284.414000
12146,589.685000,332.432000,7.630000,305.154000
12147,622.055000,350.781000,3.151000,295.774000
12148,839.189000,508.918000,2.000000,368.970000
12149,504.109000,244.345000,9.330000,236.354000
12150,823.280000,392.501000,4.859000,334.343000
12151,723.592000,322.642000,6.170000,298.642000
12152,763.991000,410.851000,6.560000,358.112000
12153,681.893000,337.813000,6.239000,286.184000
12154,514.699000,251.384000,19.160000,250.705000
12155,768.432000,431.789000,4.430000,318.793000
12156,682.553000,349.873000,1.658000,284.074000
12157,834.461000,462.790000,7.320000,361.822000
12158,638.874000,375.971000,63.679000,321.641000
12159,719.463000,408.971000,4.410000,340.712000
12160,750.633000,395.441000,5.490000,361.431000
12161,647.945000,319.712000,6.490000,298.013000
12162,892.929000,450.321000,4.800000,371.261000
12163,726.894000,418.020000,7.480000,367.181000
12164,784.471000,458.869000,2.880000,346.591000
12165,762.841000,447.369000,3.181000,347.462000
12166,831.850000,436.670000,19.489000,365.922000
12167,603.846000,333.061000,5.179000,273.154000
12168,731.862000,409.630000,5.910000,308.943000
12169,649.954000,350.452000,5.729000,304.853000
12170,650.904000,309.582000,3.600000,299.214000
12171,722.932000,388.171000,3.030000,327.953000
12172,905.398000,478.610000,5.660000,382.121000
12173,751.561000,378.971000,13.840000,316.803000
12174,726.133000,381.973000,10.609000,302.051000
12175,655.144000,368.182000,3.090000,287.314000
12176,702.152000,353.191000,1.600000,289.214000
12177,701.274000,406.840000,1.320000,313.583000
12178,833.791000,501.778000,4.290000,389.340000
12179,738.802000,369.860000,15.759000,331.793000
12180,651.865000,320.122000,4.710000,303.464000
12181,764.832000,371.942000,1.851000,326.461000
12182,585.656000,299.342000,2.420000,247.535000
12183,823.021000,483.369000,3.939000,418.030000
12184,772.353000,379.821000,9.560000,335.732000
12185,732.393000,412.360000,2.339000,336.432000
12186,558.626000,284.174000,1.181000,300.892000
12187,680.314000,389.721000,1.190000,327.092000
12188,731.384000,417.271000,7.710000,357.331000
12189,687.754000,375.580000,3.350000,305.743000
12190,771.731000,383.212000,4.920000,360.332000
12191,817.611000,451.590000,4.300000,349.982000
12192,758.742000,424.420000,5.030000,320.113000
12193,854.500000,479.478000,2.480000,379.022000
12194,685.424000,392.511000,1.310000,319.903000
12195,797.521000,487.899000,8.330000,384.901000
12196,547.437000,280.034000,12.339000,246.584000
12197,754.452000,432.840000,4.520000,368.811000
12198,703.113000,348.152000,4.860000,296.532000
12199,767.262000,469.979000,2.699000,331.673000
12200,583.556000,257.885000,6.640000,276.623000
12201,727.514000,374.001000,6.381000,335.782000
12202,590.376000,318.813000,17.549000,328.132000
12203,564.956000,271.874000,4.240000,247.064000
12204,478.040000,270.953000,5.040000,252.773000
12205,711.263000,437.240000,10.040000,384.211000
12206,591.587000,324.813000,3.250000,276.674000
12207,854.939000,490.849000,3.290000,358.331000
12208,745.014000,467.099000,15.560000,354.930000
12209,670.334000,435.529000,3.030000,356.811000
12210,707.463000,377.362000,1.499000,370.711000
12211,722.302000,353.591000,23.230000,348.053000
12212,740.203000,444.940000,1.541000,340.711000
12213,797.961000,456.750000,1.741000,382.151000
12214,738.934000,422.189000,1.520000,333.044000
12215,719.683000,385.940000,1.060000,315.613000
12216,843.511000,515.238000,1.739000,377.221000
12217,752.623000,398.331000,1.500000,309.362000
12218,735.403000,421.411000,0.901000,322.722000
12219,782.652000,450.790000,13.590000,364.741000
12220,650.445000,353.852000,4.549000,308.762000
12221,806.341000,346.203000,6.531000,321.192000
12222,765.062000,393.041000,4.100000,322.582000
12223,680.284000,378.120000,1.970000,288.234000
12224,686.733000,348.652000,7.390000,292.363000
12225,911.918000,532.496000,3.000000,379.210000
12226,836.710000,412.170000,2.980000,337.092000
12227,719.254000,432.011000,2.360000,325.832000
12228,705.164000,375.801000,3.940000,294.874000
12229,713.014000,388.341000,1.650000,346.292000
12230,614.235000,299.893000,1.770000,275.652000
12231,863.500000,404.040000,3.259000,350.102000
12232,654.975000,357.661000,1.910000,305.363000
12233,791.191000,431.150000,3.849000,338.422000
12234,755.433000,455.048000,7.669000,364.491000
12235,812.981000,441.688000,8.119000,338.473000
12236,686.762000,355.372000,2.280000,277.563000
12237,738.103000,419.240000,1.880000,318.192000
12238,766.982000,439.380000,2.541000,348.171000
12239,786.052000,426.159000,12.739000,350.053000
12240,701.593000,351.511000,3.500000,324.574000
12241,648.494000,318.782000,2.680000,296.504000
12242,716.354000,444.089000,16.480000,345.841000
12243,853.500000,522.688000,9.969000,398.830000
12244,769.792000,509.937000,1.840000,342.631000
12245,470.210000,224.734000,1.261000,224.554000
12246,533.117000,320.643000,2.870000,262.684000
12247,854.971000,492.418000,4.790000,367.381000
12248,715.414000,392.381000,13.531000,315.792000
12249,453.129000,242.374000,2.200000,212.815000
12250,767.002000,363.441000,1.650000,347.002000
12251,683.594000,329.373000,1.231000,284.122000
12252,587.017000,292.662000,4.830000,260.555000
12253,716.143000,422.898000,4.240000,376.932000
12254,640.323000,379.782000,1.580000,294.393000
12255,598.137000,297.703000,1.940000,261.414000
12256,663.933000,366.321000,9.760000,288.583000
12257,737.222000,416.790000,2.760000,331.913000
12258,837.031000,403.541000,7.220000,432.720000
12259,841.539000,447.319000,3.320000,349.492000
12260,713.293000,343.143000,2.090000,281.342000
12261,598.086000,289.554000,1.920000,251.624000
12262,605.746000,295.673000,2.329000,252.775000
12263,727.073000,418.361000,2.680000,380.792000
12264,699.223000,367.151000,1.800000,296.964000
12265,690.553000,410.490000,2.310000,326.442000
12266,791.351000,458.039000,5.030000,378.861000
12267,713.122000,366.392000,7.130000,308.662000
12268,628.195000,373.520000,4.871000,315.573000
12269,800.690000,437.039000,6.180000,325.943000
12270,587.566000,246.535000,2.080000,228.296000
12271,560.247000,251.944000,3.990000,228.105000
12272,828.141000,419.150000,8.770000,374.420000
12273,624.425000,322.902000,11.029000,285.703000
12274,776.151000,437.891000,2.129000,343.212000
12275,679.894000,376.652000,1.810000,307.983000
12276,786.282000,389.222000,10.848000,298.694000
12277,666.365000,368.511000,8.020000,300.782000
12278,680.764000,411.281000,2.310000,321.112000
12279,640.265000,328.173000,2.080000,252.454000
12280,722.972000,306.944000,18.390000,307.542000
12281,787.311000,417.310000,5.560000,404.131000
12282,510.899000,266.515000,2.030000,255.864000
12283,741.383000,461.370000,1.181000,343.062000
12284,657.335000,356.122000,1.450000,289.604000
12285,802.970000,509.548000,1.410000,367.611000
12286,500.309000,304.402000,1.880000,244.865000
12287,776.042000,471.829000,1.250000,334.353000
12288,517.627000,274.363000,19.860000,252.663000
12289,724.003000,409.881000,3.960000,333.582000
12290,791.112000,349.931000,1.470000,329.252000
12291,676.394000,345.152000,18.960000,324.322000
12292,497.638000,301.413000,3.480000,279.963000
12293,781.262000,421.729000,2.630000,394.350000
12294,816.241000,470.628000,1.490000,333.423000
12295,516.797000,257.014000,0.920000,219.995000
12296,882.538000,480.699000,9.350000,373.151000
12297,754.822000,425.519000,2.550000,322.763000
12298,847.310000,479.588000,6.869000,372.272000
12299,763.683000,440.750000,3.010000,346.152000
12300,759.933000,372.471000,1.890000,337.852000
12301,766.412000,379.611000,1.720000,321.661000
12302,550.987000,320.643000,4.370000,301.943000
12303,705.103000,393.221000,2.151000,290.552000
12304,793.443000,444.479000,2.860000,356.123000
12305,737.362000,442.331000,2.541000,390.970000
12306,689.164000,393.521000,4.940000,337.571000
12307,733.472000,473.280000,4.190000,336.881000
12308,751.534000,485.308000,1.710000,326.073000
12309,677.532000,372.212000,5.450000,283.713000
12310,763.513000,360.071000,2.669000,322.472000
12311,791.353000,383.301000,18.381000,363.092000
12312,765.002000,423.971000,3.729000,353.032000
12313,698.955000,408.041000,8.800000,323.112000
12314,706.775000,422.370000,2.680000,333.392000
12315,618.755000,326.202000,12.920000,301.442000
12316,771.822000,431.779000,2.720000,321.293000
12317,628.765000,357.432000,5.180000,289.003000
12318,598.015000,302.302000,2.440000,254.604000
12319,780.431000,447.080000,3.870000,341.542000
12320,787.851000,392.630000,5.579000,359.791000
12321,815.281000,416.750000,1.980000,343.652000
12322,707.854000,381.071000,1.810000,389.591000
12323,595.836000,316.844000,2.909000,270.004000
12324,795.551000,498.829000,3.390000,346.212000
12325,622.795000,332.331000,4.950000,270.054000
12326,771.802000,465.329000,6.200000,378.581000
12327,591.026000,298.494000,3.000000,249.994000
12328,719.133000,417.450000,3.120000,318.082000
12329,755.403000,465.509000,1.540000,326.783000
12330,698.033000,323.192000,2.650000,326.333000
12331,710.753000,321.763000,15.770000,318.002000
12332,819.621000,449.699000,2.820000,353.871000
12333,587.817000,313.863000,4.850000,259.212000
12334,791.003000,461.758000,2.440000,333.193000
12335,731.362000,424.530000,1.770000,339.551000
12336,590.395000,294.534000,2.110000,260.944000
12337,546.417000,298.133000,3.750000,265.553000
12338,697.135000,406.980000,1.590000,339.691000
12339,578.067000,314.393000,1.451000,271.223000
12340,755.733000,399.371000,3.160000,346.891000
12341,774.721000,409.801000,42.069000,344.604000
12342,649.425000,383.251000,9.290000,332.903000
12343,647.025000,328.752000,3.410000,276.184000
12344,904.078000,540.918000,5.610000,382.541000
12345,802.800000,453.079000,3.929000,368.632000
12346,795.890000,497.638000,1.830000,371.822000
12347,554.527000,281.802000,3.511000,226.955000
12348,746.402000,399.601000,6.070000,327.782000
12349,706.444000,413.760000,5.790000,334.071000
12350,815.501000,374.911000,3.221000,355.032000
12351,700.934000,358.621000,2.430000,304.793000
12352,588.946000,285.892000,8.690000,239.705000
12353,657.075000,353.502000,2.671000,276.213000
12354,798.290000,441.780000,2.080000,321.272000
12355,692.464000,378.430000,7.710000,330.281000
12356,766.622000,454.299000,3.230000,338.852000
12357,715.942000,353.561000,13.290000,310.612000
12358,722.122000,382.681000,3.879000,301.334000
12359,748.842000,455.080000,5.499000,388.040000
12360,713.953000,381.671000,2.730000,342.671000
12361,626.496000,329.172000,4.490000,311.792000
12362,500.989000,292.083000,2.000000,324.593000
12363,730.442000,398.950000,2.311000,312.403000
12364,596.527000,272.313000,7.130000,235.874000
12365,792.971000,451.509000,2.901000,367.321000
12366,763.782000,487.348000,1.740000,339.563000
12367,633.764000,349.833000,10.531000,304.323000
12368,792.052000,497.949000,3.901000,365.321000
12369,754.201000,463.430000,1.749000,324.334000
12370,665.985000,299.932000,3.860000,266.694000
12371,689.523000,353.102000,2.000000,313.472000
12372,711.334000,375.621000,1.440000,331.522000
12373,588.956000,324.213000,2.180000,256.714000
12374,743.012000,427.809000,1.659000,327.522000
12375,772.822000,431.690000,1.050000,354.313000
12376,812.171000,426.920000,2.360000,374.212000
12377,703.684000,375.880000,2.890000,313.814000
12378,568.217000,294.884000,1.369000,268.233000
12379,701.633000,393.921000,7.730000,334.252000
12380,682.453000,310.314000,3.580000,284.732000
12381,808.320000,445.730000,9.240000,406.061000
12382,442.170000,226.565000,3.310000,215.635000
12383,654.846000,360.852000,2.049000,279.433000
12384,522.998000,281.812000,1.120000,245.735000
12385,717.753000,400.480000,3.120000,326.201000
12386,842.890000,487.198000,4.700000,385.012000
12387,619.266000,309.462000,2.890000,253.995000
12388,522.538000,294.103000,14.600000,283.394000
12389,428.040000,278.124000,4.180000,273.554000
12390,601.186000,302.352000,2.301000,286.943000
12391,624.125000,349.541000,17.030000,360.961000
12392,787.021000,408.031000,2.440000,381.761000
12393,535.047000,310.992000,11.710000,295.523000
12394,800.361000,477.069000,18.549000,369.161000
12395,672.134000,396.951000,3.741000,323.582000
12396,731.672000,434.450000,3.620000,347.293000
12397,739.832000,382.751000,2.190000,295.164000
12398,648.104000,326.033000,7.139000,286.353000
12399,739.923000,418.111000,13.000000,369.211000
12400,791.951000,423.520000,3.090000,356.012000
12401,757.762000,410.640000,2.730000,322.042000
12402,558.866000,272.553000,2.200000,273.903000
12403,816.341000,467.549000,3.309000,355.531000
12404,603.306000,316.823000,1.620000,244.143000
12405,649.365000,360.281000,2.510000,300.483000
12406,782.741000,421.770000,1.630000,336.121000
12407,919.428000,457.659000,18.690000,392.452000
12408,705.573000,406.670000,2.649000,321.984000
12409,618.925000,328.831000,1.389000,266.345000
12410,840.561000,384.441000,7.100000,378.351000
12411,708.184000,355.922000,2.360000,289.494000
12412,702.884000,420.270000,2.619000,356.241000
12413,783.771000,478.539000,4.020000,431.710000
12414,666.935000,401.700000,2.880000,321.792000
12415,750.552000,437.720000,1.860000,333.023000
12416,659.944000,318.583000,9.280000,287.452000
12417,528.179000,270.324000,2.560000,213.755000
12418,722.854000,434.880000,1.490000,359.121000
12419,561.447000,319.993000,1.500000,265.682000
12420,717.814000,354.881000,2.310000,334.811000
12421,650.735000,292.724000,1.460000,274.992000
12422,775.823000,406.421000,1.580000,338.841000
12423,603.786000,367.291000,4.410000,314.543000
12424,769.892000,452.610000,1.980000,346.462000
12425,755.622000,481.138000,2.570000,365.732000
12426,676.945000,411.850000,1.901000,325.072000
12427,708.054000,426.820000,4.350000,338.912000
12428,710.624000,407.410000,2.330000,350.732000
12429,542.237000,256.024000,2.391000,227.714000
12430,762.523000,329.921000,14.039000,314.534000
12431,748.712000,367.501000,6.871000,320.122000
12432,564.868000,275.103000,5.370000,274.205000
12433,628.375000,360.182000,8.140000,312.073000
12434,621.446000,360.740000,4.300000,304.992000
12435,769.912000,458.589000,13.489000,364.871000
12436,486.879000,249.404000,5.640000,226.275000
12437,824.051000,436.470000,14.228000,381.042000
12438,722.723000,399.401000,7.720000,339.622000
12439,623.336000,357.142000,2.310000,257.433000
12440,772.572000,394.640000,2.099000,335.902000
12441,791.492000,389.371000,4.840000,368.971000
12442,780.132000,410.140000,12.380000,348.641000
12443,576.236000,288.294000,2.530000,250.074000
12444,754.101000,469.489000,1.800000,372.601000
12445,745.742000,418.970000,3.680000,328.913000
12446,886.248000,540.318000,5.421000,378.031000
12447,823.361000,560.647000,1.469000,380.851000
12448,654.585000,392.541000,1.351000,316.931000
12449,792.442000,442.528000,4.040000,340.873000
12450,561.037000,225.114000,1.680000,216.635000
12451,682.434000,341.202000,1.369000,296.104000
12452,463.888000,237.354000,1.520000,224.434000
12453,701.473000,359.181000,6.550000,292.033000
12454,754.482000,412.511000,8.260000,340.331000
12455,879.329000,463.249000,2.130000,390.781000
12456,751.382000,426.901000,1.390000,348.401000
12457,764.233000,428.450000,7.710000,353.711000
12458,686.813000,431.070000,3.589000,339.613000
12459,667.103000,391.082000,3.190000,319.042000
12460,768.643000,378.020000,3.710000,324.722000
12461,703.974000,369.311000,5.239000,329.932000
12462,602.206000,289.153000,5.599000,280.383000
12463,667.025000,362.011000,2.590000,293.603000
12464,553.296000,293.373000,1.379000,243.545000
12465,710.483000,377.852000,5.329000,310.134000
12466,707.323000,348.543000,14.900000,302.262000
12467,738.532000,385.062000,20.798000,320.993000
12468,788.311000,440.790000,6.359000,380.991000
12469,484.618000,257.414000,2.080000,219.096000
12470,797.981000,389.351000,1.499000,361.092000
12471,681.944000,344.981000,1.670000,308.003000
12472,626.035000,314.902000,1.470000,277.114000
12473,585.106000,319.582000,1.480000,249.725000
12474,831.520000,475.439000,16.729000,381.370000
12475,764.542000,462.338000,3.280000,374.010000
12476,787.091000,434.609000,3.510000,340.221000
12477,645.496000,418.141000,1.970000,312.943000
12478,620.225000,345.342000,2.939000,286.523000
12479,666.665000,339.211000,9.960000,312.813000
12480,843.510000,385.381000,4.070000,339.213000
12481,772.711000,387.490000,5.430000,332.752000
12482,782.632000,437.749000,2.840000,381.922000
12483,666.243000,381.530000,1.531000,295.493000
12484,636.595000,352.331000,1.330000,265.634000
12485,621.956000,346.121000,1.000000,278.194000
12486,668.183000,347.863000,5.150000,280.023000
12487,779.083000,431.329000,10.480000,354.462000
12488,807.931000,493.398000,4.999000,363.292000
12489,533.117000,264.124000,7.970000,250.914000
12490,576.988000,263.083000,4.800000,264.084000
12491,792.681000,399.581000,5.530000,341.981000
12492,766.423000,400.290000,2.790000,348.152000
12493,779.611000,453.160000,2.320000,336.992000
12494,636.825000,322.222000,14.320000,302.553000
12495,384.631000,174.915000,11.840000,165.536000
12496,760.972000,439.750000,6.640000,362.062000
12497,485.518000,222.435000,4.259000,202.206000
12498,685.573000,444.950000,3.570000,330.732000
12499,764.332000,491.049000,2.899000,350.291000
12500,709.054000,341.431000,11.960000,297.092000
12501,915.169000,472.649000,3.280000,387.390000
12502,841.990000,418.251000,2.080000,346.702000
12503,750.072000,407.120000,1.930000,315.143000
12504,759.902000,426.020000,1.660000,337.302000
12505,629.885000,403.390000,1.280000,337.182000
12506,681.573000,426.859000,2.220000,332.022000
12507,577.937000,336.671000,2.840000,278.363000
12508,714.432000,441.299000,8.700000,362.701000
12509,759.702000,478.189000,2.220000,403.181000
12510,561.287000,274.003000,3.050000,246.934000
12511,660.025000,336.273000,1.640000,302.632000
12512,708.824000,410.030000,1.680000,329.062000
12513,745.402000,513.308000,1.610000,370.041000
12514,749.132000,435.220000,1.960000,341.963000
12515,738.772000,415.809000,1.951000,315.263000
12516,769.022000,461.418000,1.389000,308.913000
12517,772.311000,491.859000,2.490000,354.032000
12518,593.825000,293.534000,2.860000,244.133000
12519,589.646000,321.153000,6.660000,268.364000
12520,597.676000,315.533000,2.600000,289.442000
12521,602.426000,310.264000,8.950000,274.423000
12522,581.637000,279.072000,11.260000,258.314000
12523,503.059000,281.073000,7.819000,257.725000
12524,679.935000,368.911000,4.749000,296.402000
12525,727.644000,415.291000,6.099000,346.302000
12526,819.331000,449.129000,3.120000,336.571000
12527,790.311000,396.950000,5.300000,363.272000
12528,738.092000,482.218000,1.960000,400.791000
12529,662.984000,307.813000,1.291000,245.234000
12530,874.700000,393.001000,1.700000,343.601000
12531,777.602000,388.911000,6.109000,362.031000
12532,589.937000,338.122000,2.210000,292.882000
12533,742.533000,402.241000,9.080000,320.832000
12534,702.365000,436.281000,3.380000,375.861000
12535,590.986000,363.361000,7.350000,328.733000
12536,611.266000,317.752000,3.021000,260.774000
12537,607.235000,313.392000,10.179000,258.023000
12538,351.772000,161.246000,8.289000,161.057000
12539,364.032000,193.636000,15.420000,193.395000
12540,558.937000,280.103000,3.800000,263.764000
12541,645.765000,306.483000,10.440000,304.703000
12542,631.106000,349.302000,3.400000,286.583000
12543,733.103000,419.170000,2.620000,330.342000
12544,693.294000,388.370000,2.369000,318.073000
12545,540.188000,295.792000,1.200000,259.714000
12546,686.035000,371.022000,2.030000,307.433000
12547,778.723000,478.758000,1.560000,371.981000
12548,706.614000,412.320000,1.600000,369.751000
12549,609.635000,322.013000,2.260000,259.523000
12550,656.985000,303.003000,5.460000,282.074000
12551,864.159000,430.479000,8.769000,377.051000
12552,735.472000,426.500000,2.849000,330.822000
12553,628.985000,359.612000,1.450000,309.202000
12554,524.188000,287.423000,20.779000,291.074000
12555,732.193000,406.971000,20.659000,354.271000
12556,627.086000,366.042000,10.250000,326.302000
12557,711.283000,416.470000,5.540000,331.383000
12558,642.736000,342.172000,7.660000,285.064000
12559,748.752000,430.639000,12.520000,336.211000
12560,496.899000,246.444000,7.740000,242.314000
12561,668.204000,324.413000,2.950000,290.832000
12562,665.045000,330.042000,2.290000,277.934000
12563,383.901000,239.294000,3.500000,223.804000
12564,714.272000,385.110000,2.350000,318.643000
12565,722.692000,424.601000,3.420000,341.983000
12566,666.973000,423.440000,5.220000,312.023000
12567,639.054000,348.873000,2.720000,287.523000
12568,546.738000,301.423000,9.699000,263.214000
12569,809.001000,475.929000,4.860000,359.981000
12570,597.856000,276.414000,21.130000,276.703000
12571,722.972000,336.661000,9.010000,338.564000
12572,747.041000,417.721000,5.779000,349.242000
12573,704.863000,386.010000,7.790000,362.822000
12574,599.235000,353.902000,2.920000,286.834000
12575,819.091000,465.159000,10.221000,344.001000
12576,792.391000,436.790000,3.090000,423.700000
12577,696.874000,354.051000,2.341000,309.162000
12578,777.852000,470.159000,10.450000,363.901000
12579,770.953000,455.588000,2.810000,405.961000
12580,809.681000,413.210000,1.951000,350.780000
12581,708.623000,418.651000,1.539000,337.102000
12582,770.372000,433.811000,20.299000,373.742000
12583,516.748000,276.833000,3.400000,232.244000
12584,499.078000,274.325000,1.300000,247.255000
12585,740.122000,401.881000,5.349000,317.144000
12586,679.524000,361.361000,1.820000,370.092000
12587,795.271000,382.021000,19.130000,318.442000
12588,580.646000,268.484000,3.250000,376.131000
12589,741.093000,374.871000,3.440000,331.901000
12590,823.211000,412.310000,12.769000,353.932000
12591,697.965000,340.542000,6.470000,321.023000
12592,772.392000,417.650000,2.879000,325.053000
12593,654.214000,363.612000,2.320000,297.474000
12594,575.306000,291.294000,3.480000,243.794000
12595,732.113000,404.470000,4.680000,330.003000
12596,663.405000,382.441000,4.770000,315.273000
12597,703.063000,382.241000,5.650000,300.343000
12598,769.251000,447.610000,2.099000,345.312000
12599,637.635000,369.971000,3.540000,307.473000
12600,682.064000,332.852000,8.360000,306.184000
12601,703.623000,395.791000,4.680000,323.222000
12602,702.004000,366.581000,1.860000,319.632000
12603,658.894000,375.841000,1.891000,314.333000
12604,826.551000,574.368000,1.389000,373.052000
12605,662.335000,387.001000,2.880000,310.512000
12606,543.618000,286.443000,3.410000,267.404000
12607,584.165000,329.232000,2.210000,274.304000
12608,699.014000,366.211000,8.630000,302.023000
12609,831.150000,495.489000,8.489000,379.930000
12610,480.898000,207.645000,3.971000,210.924000
12611,739.943000,453.078000,2.340000,367.032000
12612,781.192000,410.291000,2.680000,342.221000
12613,705.395000,410.561000,2.980000,369.232000
12614,662.024000,313.614000,5.519000,266.724000
12615,878.020000,475.869000,2.510000,387.181000
12616,686.003000,389.951000,1.670000,311.733000
12617,669.135000,391.961000,3.470000,333.081000
12618,766.692000,439.919000,1.730000,328.543000
12619,759.982000,412.200000,15.009000,367.201000
12620,715.013000,334.952000,6.990000,313.603000
12621,489.718000,279.514000,3.230000,272.015000
12622,750.012000,389.691000,2.870000,331.482000
12623,734.252000,419.600000,4.909000,338.162000
12624,617.295000,361.620000,21.499000,311.403000
12625,605.855000,366.831000,3.320000,297.614000
12626,799.390000,457.258000,1.940000,332.883000
12627,766.522000,427.700000,5.120000,345.992000
12628,740.643000,391.910000,2.969000,310.042000
12629,675.864000,401.941000,2.310000,331.721000
12630,767.442000,381.580000,2.050000,370.043000
12631,738.633000,416.540000,10.890000,370.102000
12632,735.643000,418.150000,3.309000,314.344000
12633,666.525000,434.930000,7.149000,349.851000
12634,744.042000,422.489000,4.729000,325.432000
12635,669.145000,393.210000,1.700000,313.104000
12636,788.541000,450.389000,1.390000,363.621000
12637,749.632000,420.171000,3.340000,343.261000
12638,627.325000,355.133000,2.019000,298.083000
12639,781.771000,448.530000,1.410000,330.183000
12640,860.790000,392.111000,4.880000,336.801000
12641,636.656000,326.883000,2.931000,315.463000
12642,717.913000,395.361000,1.271000,316.292000
12643,746.343000,435.291000,1.920000,323.752000
12644,613.675000,343.162000,1.880000,284.474000
12645,717.523000,515.868000,1.009000,362.530000
12646,800.271000,409.301000,21.020000,333.442000
12647,759.471000,446.990000,5.600000,385.921000
12648,658.244000,389.711000,2.890000,302.442000
12649,837.000000,495.649000,1.270000,376.941000
12650,448.320000,178.756000,1.610000,202.045000
12651,552.737000,249.964000,3.470000,231.445000
12652,655.055000,309.362000,1.760000,288.813000
12653,766.582000,402.200000,3.640000,322.902000
12654,825.400000,371.101000,17.789000,298.783000
12655,850.990000,490.598000,7.340000,387.271000
12656,781.343000,427.279000,3.110000,365.472000
12657,805.841000,427.420000,10.050000,369.221000
12658,645.995000,542.688000,3.571000,386.580000
12659,717.714000,383.871000,3.760000,285.084000
12660,690.834000,377.872000,3.500000,340.022000
12661,838.320000,432.199000,17.461000,379.822000
12662,703.783000,360.792000,11.589000,301.303000
12663,696.175000,385.451000,7.440000,323.182000
12664,419.430000,208.565000,3.670000,199.336000
12665,570.277000,349.432000,1.599000,279.804000
12666,589.276000,311.363000,3.690000,295.783000
12667,716.595000,383.381000,8.020000,322.772000
12668,713.834000,440.920000,9.689000,357.151000
12669,786.642000,432.399000,6.751000,336.302000
12670,636.715000,278.184000,3.460000,256.504000
12671,791.931000,452.800000,13.560000,376.280000
12672,610.765000,305.542000,3.999000,272.874000
12673,665.375000,320.322000,7.270000,290.083000
12674,651.425000,350.331000,3.059000,283.925000
12675,841.579000,487.818000,2.529000,361.582000
12676,752.483000,401.910000,1.450000,313.532000
12677,698.144000,342.371000,2.160000,317.422000
12678,736.503000,417.700000,3.919000,325.222000
12679,740.003000,443.098000,2.860000,344.513000
12680,695.694000,323.003000,20.190000,308.833000
12681,785.152000,368.562000,3.851000,335.082000
12682,492.108000,234.924000,2.189000,317.272000
12683,732.473000,403.910000,19.189000,343.731000
12684,693.544000,404.870000,21.080000,404.950000
12685,671.844000,421.510000,6.590000,341.953000
12686,768.822000,434.480000,2.280000,355.711000
12687,638.326000,377.261000,3.009000,329.632000
12688,481.539000,200.485000,3.670000,186.255000
12689,661.154000,378.241000,9.130000,296.943000
12690,604.195000,286.664000,3.320000,260.033000
12691,720.813000,358.042000,14.039000,338.281000
12692,781.291000,391.411000,7.900000,353.952000
12693,767.782000,446.130000,3.340000,336.762000
12694,786.052000,450.749000,1.850000,338.542000
12695,826.650000,382.481000,18.630000,339.761000
12696,497.879000,284.613000,4.400000,246.994000
12697,779.111000,457.089000,4.180000,346.382000
12698,864.740000,449.479000,13.710000,368.501000
12699,659.784000,388.212000,4.061000,361.831000
12700,786.831000,382.662000,18.929000,357.911000
12701,746.942000,386.690000,4.219000,324.543000
12702,860.530000,443.070000,14.939000,367.022000
12703,772.611000,463.030000,6.350000,355.732000
12704,730.852000,436.740000,18.880000,391.021000
12705,609.566000,377.111000,1.560000,286.473000
12706,714.243000,405.710000,1.111000,328.604000
12707,503.357000,244.525000,3.501000,238.374000
12708,739.312000,436.620000,1.640000,326.153000
12709,500.588000,249.085000,4.900000,231.235000
12710,852.409000,361.112000,18.980000,334.081000
12711,666.745000,340.321000,4.969000,310.061000
12712,814.690000,405.811000,1.760000,360.522000
12713,501.877000,238.075000,5.730000,221.894000
12714,772.811000,424.141000,5.660000,327.731000
12715,656.154000,343.962000,6.030000,284.712000
12716,768.282000,475.619000,2.470000,342.811000
12717,683.965000,400.830000,2.061000,316.243000
12718,642.374000,379.963000,12.109000,310.774000
12719,678.994000,372.151000,3.019000,307.323000
12720,873.430000,406.711000,14.499000,368.982000
12721,538.897000,232.985000,2.861000,239.634000
12722,689.933000,354.662000,4.140000,302.061000
12723,690.775000,385.220000,8.910000,318.803000
12724,731.283000,431.721000,1.819000,356.752000
12725,788.001000,437.329000,0.960000,350.071000
12726,736.062000,379.531000,1.331000,308.092000
12727,602.346000,364.102000,1.770000,324.913000
12728,525.637000,268.204000,2.040000,229.034000
12729,777.251000,466.809000,1.810000,355.462000
12730,802.011000,389.252000,2.729000,344.873000
12731,774.813000,407.060000,1.780000,344.872000
12732,882.660000,476.258000,3.540000,393.541000
12733,695.734000,350.571000,22.729000,332.862000
12734,734.662000,458.259000,5.999000,351.601000
12735,611.816000,328.932000,1.960000,264.504000
12736,573.676000,337.103000,1.920000,290.073000
12737,812.380000,486.248000,4.070000,451.750000
12738,636.115000,320.363000,6.179000,263.623000
12739,620.175000,299.962000,15.810000,256.383000
12740,653.035000,308.853000,4.891000,267.653000
12741,693.344000,330.771000,1.540000,337.913000
12742,548.016000,244.875000,8.619000,244.824000
12743,548.157000,289.874000,5.678000,272.194000
12744,621.465000,351.812000,4.410000,302.803000
12745,646.354000,355.900000,1.969000,282.874000
12746,809.781000,506.868000,2.109000,358.562000
12747,528.998000,317.082000,4.610000,292.024000
12748,654.015000,330.642000,2.310000,293.004000
12749,732.303000,478.989000,4.500000,359.152000
12750,613.546000,273.113000,2.899000,258.815000
12751,735.493000,409.081000,4.399000,337.803000
12752,871.158000,443.041000,20.290000,404.930000
12753,843.511000,457.719000,18.359000,396.770000
12754,734.532000,455.490000,3.080000,338.721000
12755,731.714000,428.610000,1.030000,363.861000
12756,666.784000,362.702000,11.940000,299.362000
12757,585.916000,311.873000,10.450000,256.134000
12758,679.364000,431.470000,5.179000,350.682000
12759,603.256000,343.142000,2.070000,298.584000
12760,811.801000,422.500000,1.740000,338.792000
12761,627.965000,300.872000,2.690000,266.584000
12762,701.055000,358.222000,2.520000,319.612000
12763,838.800000,474.389000,8.960000,366.311000
12764,823.421000,512.389000,2.580000,356.331000
12765,727.793000,395.140000,1.930000,319.473000
12766,685.524000,404.840000,3.360000,321.763000
12767,875.519000,473.439000,4.490000,414.310000
12768,622.126000,333.351000,6.310000,309.174000
12769,862.580000,502.858000,2.280000,387.081000
12770,708.774000,338.711000,3.280000,302.854000
12771,994.796000,403.951000,17.440000,364.551000
12772,699.402000,357.323000,3.080000,342.001000
12773,676.714000,346.121000,2.670000,280.234000
12774,481.177000,219.804000,12.840000,221.165000
12775,655.344000,344.431000,2.989000,290.134000
12776,828.611000,419.960000,18.660000,384.120000
12777,606.296000,313.832000,4.980000,288.914000
12778,766.291000,460.938000,2.310000,362.141000
12779,828.570000,506.738000,3.230000,361.462000
12780,611.145000,336.043000,2.520000,278.832000
12781,780.202000,394.401000,1.830000,358.182000
12782,490.707000,207.145000,9.050000,207.035000
12783,709.693000,414.511000,3.501000,308.982000
12784,571.986000,279.484000,5.710000,230.965000
12785,774.362000,398.991000,6.879000,309.923000
12786,601.996000,366.902000,2.559000,321.344000
12787,551.377000,267.924000,13.740000,263.433000
12788,892.679000,500.667000,2.380000,373.722000
12789,809.741000,437.780000,17.669000,345.083000
12790,733.213000,367.181000,5.030000,319.113000
12791,595.037000,317.542000,5.430000,291.333000
12792,612.125000,354.372000,1.871000,310.562000
12793,759.522000,426.760000,5.620000,337.543000
12794,490.288000,258.164000,4.060000,232.314000
12795,637.535000,301.382000,8.370000,256.524000
12796,688.855000,370.522000,2.050000,327.481000
12797,611.146000,307.223000,2.210000,259.344000
12798,424.670000,248.985000,1.149000,234.545000
12799,582.306000,292.674000,3.371000,248.584000
12800,483.938000,226.694000,2.590000,216.755000
12801,803.161000,363.822000,1.240000,307.423000
12802,742.822000,389.592000,1.950000,374.001000
12803,777.112000,459.259000,2.250000,364.221000
12804,635.855000,354.981000,1.341000,280.873000
12805,698.774000,410.680000,2.640000,317.334000
12806,717.403000,416.649000,9.979000,346.372000
12807,695.344000,396.270000,7.350000,345.542000
12808,796.072000,472.399000,3.530000,364.132000
12809,767.773000,438.949000,3.239000,340.193000
12810,667.045000,342.212000,7.271000,329.483000
12811,552.576000,250.344000,1.820000,219.275000
12812,689.793000,380.971000,2.190000,354.382000
12813,821.150000,459.158000,2.540000,344.643000
12814,586.506000,320.892000,2.070000,239.415000
12815,662.885000,356.671000,9.280000,288.424000
12816,786.521000,438.140000,9.040000,326.733000
12817,748.193000,425.200000,3.250000,328.581000
12818,601.576000,316.104000,9.169000,282.383000
12819,822.002000,409.510000,3.149000,301.184000
12820,554.727000,285.894000,8.690000,282.804000
12821,790.121000,392.461000,2.489000,323.452000
12822,723.424000,394.490000,3.389000,304.072000
12823,753.022000,444.910000,4.230000,319.463000
12824,726.842000,410.040000,2.440000,330.743000
12825,754.912000,425.990000,1.190000,320.302000
12826,759.712000,411.730000,3.060000,336.173000
12827,743.072000,459.519000,3.551000,332.502000
12828,680.684000,361.250000,1.929000,268.615000
12829,489.268000,245.955000,2.180000,208.495000
12830,621.176000,294.134000,4.870000,279.303000
12831,628.906000,273.104000,1.580000,317.582000
12832,710.214000,378.442000,1.360000,304.532000
12833,741.943000,406.520000,2.490000,323.772000
12834,729.003000,426.110000,3.399000,370.863000
12835,723.533000,463.159000,1.480000,330.251000
12836,614.506000,333.893000,0.949000,266.443000
12837,732.523000,421.880000,1.790000,348.731000
12838,732.573000,343.312000,6.990000,288.503000
12839,548.847000,306.873000,2.300000,245.014000
12840,644.605000,303.613000,2.550000,289.994000
12841,754.172000,373.400000,6.979000,355.052000
12842,721.083000,383.151000,4.440000,351.883000
12843,660.654000,394.471000,7.020000,354.681000
12844,758.962000,444.570000,3.101000,333.581000
12845,799.652000,469.567000,1.640000,358.742000
12846,660.164000,347.622000,3.290000,383.591000
12847,611.266000,309.133000,4.600000,260.323000
12848,715.874000,411.630000,1.931000,325.533000
12849,742.443000,442.359000,4.730000,336.192000
12850,823.270000,414.070000,2.821000,364.551000
12851,820.111000,425.900000,1.261000,323.851000
12852,735.063000,382.361000,1.200000,331.672000
12853,776.781000,432.450000,2.810000,330.722000
12854,747.482000,451.619000,1.330000,360.401000
12855,650.484000,340.532000,11.170000,317.572000
12856,743.582000,397.861000,8.350000,324.792000
12857,811.241000,402.030000,2.070000,459.319000
12858,787.332000,456.900000,1.240000,338.812000
12859,590.136000,316.562000,5.240000,288.364000
12860,699.454000,338.732000,2.640000,293.513000
12861,717.583000,340.093000,4.611000,303.202000
12862,695.313000,382.012000,4.030000,289.973000
12863,623.615000,357.112000,5.739000,313.453000
12864,753.722000,471.390000,9.660000,354.962000
12865,813.790000,470.349000,10.500000,379.970000
12866,716.663000,438.469000,2.840000,355.672000
12867,606.765000,315.672000,2.120000,240.694000
12868,904.240000,484.328000,7.190000,387.770000
12869,774.431000,440.929000,2.450000,381.981000
12870,722.132000,379.301000,5.170000,308.324000
12871,767.931000,392.621000,4.789000,338.133000
12872,682.734000,355.211000,1.960000,350.421000
12873,755.252000,416.670000,2.720000,353.053000
12874,680.784000,366.832000,6.060000,280.983000
12875,696.424000,384.600000,2.129000,318.082000
12876,630.785000,333.943000,4.470000,275.533000
12877,782.172000,422.780000,3.710000,337.943000
12878,754.262000,433.540000,2.980000,341.522000
12879,624.525000,366.501000,5.070000,295.943000
12880,620.385000,281.934000,2.800000,314.922000
12881,765.681000,348.722000,2.090000,318.122000
12882,703.275000,379.090000,1.620000,333.232000
12883,798.491000,440.899000,11.949000,377.740000
12884,752.353000,469.118000,2.990000,335.132000
12885,752.272000,411.049000,5.510000,333.001000
12886,612.866000,354.353000,2.080000,269.713000
12887,713.504000,421.040000,2.190000,337.352000
12888,752.902000,451.799000,7.080000,357.231000
12889,750.063000,331.572000,14.979000,283.824000
12890,783.052000,351.782000,4.680000,317.233000
12891,755.042000,367.401000,6.830000,340.922000
12892,678.143000,422.710000,7.890000,318.993000
12893,652.084000,317.333000,4.460000,260.614000
12894,605.206000,303.572000,7.190000,252.494000
12895,802.641000,436.790000,9.889000,329.032000
12896,837.721000,471.679000,19.669000,375.860000
12897,883.098000,511.259000,3.400000,368.291000
12898,664.335000,365.851000,2.070000,267.444000
12899,596.377000,345.891000,5.091000,292.933000
12900,770.262000,390.763000,2.299000,351.692000
12901,588.636000,296.393000,2.550000,287.432000
12902,637.955000,344.193000,2.420000,298.072000
12903,822.321000,494.849000,2.690000,370.291000
12904,714.453000,403.261000,3.080000,311.094000
12905,683.495000,419.710000,2.551000,339.443000
12906,864.290000,484.099000,4.290000,361.531000
12907,569.547000,339.881000,2.080000,290.204000
12908,795.971000,426.510000,10.950000,327.042000
12909,704.303000,398.272000,6.380000,342.662000
12910,764.892000,347.292000,2.499000,378.091000
12911,789.912000,405.379000,4.000000,350.973000
12912,674.923000,334.863000,1.489000,283.283000
12913,614.765000,356.221000,6.831000,290.965000
12914,764.752000,401.960000,2.809000,352.013000
12915,819.520000,439.688000,2.150000,350.442000
12916,765.251000,421.310000,2.120000,323.771000
12917,725.834000,436.840000,1.740000,317.641000
12918,747.332000,357.933000,20.378000,312.613000
12919,673.054000,376.540000,3.650000,313.352000
12920,747.193000,361.420000,1.290000,349.062000
12921,602.056000,284.934000,2.199000,241.465000
12922,736.303000,394.581000,1.670000,322.882000
12923,734.643000,446.910000,1.980000,348.621000
12924,777.772000,488.989000,8.280000,381.690000
12925,735.033000,476.298000,3.139000,359.801000
12926,782.132000,481.889000,2.300000,364.571000
12927,685.705000,416.581000,1.249000,382.222000
12928,865.431000,484.429000,1.369000,334.832000
12929,752.022000,444.149000,1.180000,340.942000
12930,856.409000,398.271000,2.190000,340.833000
12931,791.080000,431.359000,6.590000,373.142000
12932,688.325000,376.260000,2.590000,329.472000
12933,681.945000,385.191000,9.040000,310.952000
12934,704.134000,427.199000,3.030000,334.482000
12935,618.365000,327.381000,5.900000,278.564000
12936,717.234000,405.330000,3.350000,348.901000
12937,824.491000,502.488000,4.219000,383.002000
12938,488.899000,254.225000,3.730000,239.255000
12939,739.632000,436.020000,2.670000,350.001000
12940,722.844000,337.071000,4.301000,318.532000
12941,684.414000,346.112000,2.130000,310.493000
12942,783.800000,470.009000,1.710000,394.021000
12943,717.792000,436.590000,1.400000,363.361000
12944,497.648000,238.145000,3.029000,217.105000
12945,628.595000,373.490000,3.850000,289.043000
12946,737.143000,420.360000,2.000000,348.412000
12947,602.436000,330.502000,1.061000,265.722000
12948,712.634000,414.910000,2.261000,327.591000
12949,751.742000,444.790000,4.999000,344.282000
12950,923.478000,512.008000,7.020000,388.971000
12951,643.805000,296.122000,3.200000,262.154000
12952,775.992000,397.110000,2.110000,362.762000
12953,645.334000,389.940000,8.479000,332.043000
12954,736.662000,383.511000,5.130000,327.052000
12955,875.020000,446.970000,10.140000,354.621000
12956,730.934000,411.781000,2.280000,370.451000
12957,771.552000,399.931000,4.859000,330.933000
12958,762.452000,456.159000,1.940000,378.401000
12959,697.734000,405.291000,2.149000,359.521000
12960,638.374000,322.722000,2.219000,300.503000
12961,682.365000,393.421000,4.750000,339.292000
12962,642.394000,309.694000,3.720000,276.773000
12963,771.042000,425.090000,4.599000,381.102000
12964,653.075000,393.251000,5.930000,309.802000
12965,699.564000,384.271000,6.010000,302.543000
12966,880.690000,436.810000,20.810000,380.841000
12967,669.344000,337.501000,3.999000,260.894000
12968,810.241000,460.229000,13.699000,385.181000
12969,704.874000,407.541000,2.990000,327.771000
12970,740.893000,466.510000,2.600000,367.021000
12971,820.491000,441.050000,2.629000,374.031000
12972,747.783000,439.530000,1.600000,326.653000
12973,763.162000,472.499000,4.280000,408.830000
12974,715.173000,430.020000,13.850000,372.582000
12975,671.224000,358.192000,10.979000,302.393000
12976,624.415000,359.321000,3.790000,318.622000
12977,719.753000,396.541000,1.449000,324.822000
12978,812.970000,460.670000,1.840000,338.281000
12979,610.755000,384.810000,4.550000,324.203000
12980,538.957000,262.394000,2.150000,238.483000
12981,761.153000,389.041000,19.889000,361.892000
12982,657.385000,348.972000,7.060000,339.482000
12983,662.694000,365.052000,2.240000,325.272000
12984,854.910000,453.680000,1.130000,334.951000
12985,509.968000,263.873000,2.420000,258.244000
12986,735.273000,420.830000,1.240000,324.013000
12987,618.625000,322.223000,8.150000,281.405000
12988,800.511000,474.850000,4.590000,349.051000
12989,693.304000,381.392000,17.840000,329.661000
12990,802.400000,384.410000,4.210000,339.422000
12991,772.882000,387.510000,1.310000,320.772000
12992,784.042000,404.761000,1.810000,337.653000
12993,796.031000,495.757000,20.590000,355.352000
12994,696.323000,385.180000,7.570000,329.753000
12995,662.774000,363.073000,6.239000,302.983000
12996,816.501000,447.630000,4.560000,363.411000
12997,641.456000,350.742000,2.250000,306.413000
12998,696.523000,399.511000,6.660000,308.463000
12999,665.994000,377.780000,2296.566000,433.321000
13000,764.841000,360.671000,3.051000,320.753000
13001,848.780000,469.108000,2.560000,359.951000
13002,718.464000,415.810000,2.920000,354.351000
13003,717.264000,410.980000,1.780000,317.692000
13004,835.180000,449.650000,11.400000,338.681000
13005,692.233000,373.011000,3.149000,360.531000
13006,815.081000,435.520000,5.160000,345.791000
13007,699.464000,360.731000,3.969000,288.394000
13008,760.161000,458.579000,1.930000,353.231000
13009,816.251000,488.259000,1.940000,350.032000
13010,560.977000,294.944000,6.760000,261.193000
13011,785.802000,429.518000,2.399000,328.203000
13012,692.933000,402.091000,5.080000,321.863000
13013,801.621000,430.971000,1.399000,405.259000
13014,556.347000,271.174000,9.549000,272.633000
13015,482.439000,280.934000,2.240000,271.803000
13016,903.960000,471.680000,3.900000,361.241000
13017,759.542000,358.341000,15.239000,322.073000
13018,826.801000,471.378000,3.769000,343.903000
13019,810.601000,470.548000,1.771000,350.433000
13020,560.947000,290.654000,2.430000,274.223000
13021,813.081000,407.340000,13.110000,339.472000
13022,613.596000,328.062000,2.350000,307.522000
13023,540.518000,249.194000,7.619000,249.584000
13024,597.875000,357.683000,3.940000,304.052000
13025,763.922000,471.160000,2.090000,341.092000
13026,797.112000,444.699000,1.740000,324.753000
13027,709.833000,404.530000,2.160000,340.753000
13028,651.254000,317.462000,1.290000,264.903000
13029,687.013000,418.540000,1.730000,334.773000
13030,755.873000,336.182000,4.710000,317.943000
13031,756.023000,368.001000,16.280000,341.362000
13032,699.054000,373.181000,4.080000,335.081000
13033,692.124000,392.950000,1.900000,332.652000
13034,613.726000,350.602000,1.390000,290.873000
13035,807.741000,476.589000,2.019000,353.512000
13036,611.926000,318.332000,4.941000,257.083000
13037,777.242000,399.661000,1.940000,306.623000
13038,705.494000,391.481000,1.969000,295.584000
13039,706.063000,377.520000,6.960000,328.153000
13040,772.092000,384.391000,7.330000,359.561000
13041,669.234000,320.521000,11.169000,320.913000
13042,575.646000,309.122000,2.650000,269.994000
13043,639.995000,390.270000,2.000000,333.241000
13044,821.871000,507.368000,2.889000,348.242000
13045,826.150000,427.379000,6.649000,344.402000
13046,683.964000,372.571000,2.429000,296.294000
13047,667.903000,367.723000,1.560000,340.961000
13048,534.617000,281.904000,2.630000,240.464000
13049,652.305000,370.901000,1.800000,334.602000
13050,696.544000,331.982000,16.289000,309.142000
13051,743.283000,379.361000,4.520000,341.592000
13052,748.933000,403.771000,4.240000,349.892000
13053,697.452000,391.371000,2.090000,342.003000
13054,721.693000,437.389000,3.050000,325.913000
13055,702.413000,407.480000,2.740000,354.492000
13056,732.673000,429.670000,1.940000,324.512000
13057,687.574000,321.061000,3.870000,266.774000
13058,647.005000,368.440000,40.909000,352.491000
13059,577.556000,296.923000,2.010000,245.623000
13060,689.635000,330.371000,1.920000,321.982000
13061,785.321000,400.400000,3.489000,339.452000
13062,555.696000,279.575000,7.250000,262.304000
13063,703.163000,399.830000,13.070000,371.492000
13064,806.811000,446.920000,2.630000,369.121000
13065,637.495000,340.182000,1.880000,267.644000
13066,721.043000,414.019000,1.709000,296.843000
13067,667.634000,363.132000,1.439000,273.053000
13068,751.213000,444.909000,1.140000,401.071000
13069,765.572000,427.290000,5.540000,333.321000
13070,736.752000,364.732000,4.420000,330.772000
13071,667.924000,323.753000,19.159000,292.422000
13072,672.204000,324.992000,22.209000,281.163000
13073,624.945000,329.102000,3.790000,281.454000
13074,760.102000,426.449000,6.149000,349.431000
13075,566.677000,319.153000,4.070000,279.424000
13076,726.893000,418.931000,5.981000,320.773000
13077,796.462000,474.629000,4.810000,372.132000
13078,758.613000,426.021000,1.710000,306.643000
13079,644.455000,335.571000,7.109000,304.674000
13080,660.944000,363.842000,2.920000,305.953000
13081,790.221000,428.310000,6.700000,343.712000
13082,770.382000,416.290000,4.989000,349.451000
13083,773.791000,426.411000,17.760000,372.911000
13084,573.816000,306.524000,3.061000,235.494000
13085,747.122000,449.290000,1.350000,357.281000
13086,836.610000,475.159000,1.890000,350.312000
13087,486.407000,224.964000,4.290000,194.155000
13088,656.555000,442.679000,2.339000,362.711000
13089,884.879000,499.288000,1.760000,358.262000
13090,725.953000,348.072000,2.970000,289.943000
13091,751.262000,358.251000,2.670000,302.443000
13092,791.142000,405.970000,1.950000,329.602000
13093,751.122000,435.009000,5.259000,332.312000
13094,676.914000,377.381000,52.210000,313.072000
13095,752.982000,449.630000,3.320000,340.463000
13096,656.875000,350.163000,5.390000,291.613000
13097,625.745000,329.893000,9.139000,278.503000
13098,717.954000,437.869000,5.730000,351.972000
13099,789.562000,451.349000,5.120000,384.061000
13100,685.214000,354.822000,2.520000,306.183000
13101,546.467000,248.014000,18.120000,272.283000
13102,719.173000,369.192000,8.409000,311.762000
13103,625.226000,345.793000,3.579000,259.054000
13104,769.873000,423.260000,8.979000,360.951000
13105,685.033000,364.043000,1.570000,302.162000
13106,747.623000,406.050000,0.911000,308.482000
13107,711.955000,384.421000,1.221000,297.112000
13108,699.774000,397.411000,6.370000,304.932000
13109,688.495000,347.681000,2.360000,292.073000
13110,650.565000,328.342000,1.250000,309.952000
13111,803.911000,350.931000,4.270000,346.773000
13112,721.763000,372.462000,1.640000,321.722000
13113,637.275000,337.712000,2.070000,261.225000
13114,853.049000,517.777000,3.440000,379.360000
13115,728.093000,395.181000,7.390000,329.392000
13116,752.271000,413.171000,2.890000,323.054000
13117,741.183000,449.470000,2.670000,355.601000
13118,663.664000,382.411000,10.480000,333.731000
13119,697.314000,393.212000,10.010000,348.091000
13120,731.282000,358.941000,3.370000,327.713000
13121,681.383000,377.632000,2.619000,350.822000
13122,726.143000,460.040000,3.880000,355.931000
13123,844.450000,483.849000,2.290000,345.971000
13124,710.414000,406.771000,1.250000,327.822000
13125,594.667000,294.653000,2.680000,253.914000
13126,760.132000,405.081000,2.920000,327.583000
13127,744.643000,407.361000,6.040000,329.091000
13128,738.623000,354.962000,15.390000,298.132000
13129,709.644000,367.361000,3.940000,298.503000
13130,627.785000,274.215000,3.960000,257.923000
13131,713.084000,340.751000,2.520000,308.433000
13132,591.895000,277.744000,4.138000,264.645000
13133,755.193000,403.890000,1.830000,291.583000
13134,735.893000,432.030000,1.329000,324.742000
13135,705.103000,416.581000,2.291000,308.983000
13136,683.493000,387.412000,4.290000,312.243000
13137,681.104000,367.171000,8.400000,326.242000
13138,719.324000,332.721000,8.170000,286.453000
13139,536.246000,307.172000,2.300000,276.844000
13140,561.417000,290.913000,3.120000,270.523000
13141,679.295000,336.882000,2.169000,293.685000
13142,851.450000,485.289000,2.191000,415.941000
13143,788.701000,427.559000,1.499000,339.732000
13144,596.946000,328.053000,4.500000,277.462000
13145,664.604000,411.581000,2.491000,330.762000
13146,674.474000,364.272000,1.900000,309.693000
13147,667.025000,373.431000,2.631000,296.482000
13148,647.615000,377.861000,1.890000,338.363000
13149,743.352000,354.171000,4.240000,275.174000
13150,758.171000,344.563000,2.391000,315.273000
13151,946.557000,356.802000,17.699000,337.724000
13152,661.644000,369.452000,5.040000,316.972000
13153,705.414000,346.771000,13.291000,282.874000
13154,667.983000,411.980000,3.400000,311.293000
13155,797.911000,402.750000,21.610000,354.981000
13156,722.704000,392.090000,9.499000,334.592000
13157,546.438000,283.202000,3.089000,258.885000
13158,649.615000,403.860000,4.170000,348.161000
13159,712.613000,400.771000,8.200000,320.432000
13160,676.945000,339.512000,4.579000,314.723000
13161,859.321000,471.119000,7.059000,368.722000
13162,521.348000,229.914000,3.720000,213.955000
13163,775.563000,433.309000,7.040000,341.513000
13164,386.482000,209.046000,15.100000,203.796000
13165,765.382000,440.880000,4.299000,369.102000
13166,782.071000,450.120000,11.560000,349.761000
13167,637.515000,301.094000,4.910000,271.633000
13168,766.781000,395.461000,11.368000,339.833000
13169,682.513000,372.432000,2.800000,305.013000
13170,818.800000,462.010000,2.640000,324.212000
13171,726.312000,365.511000,2.430000,301.153000
13172,758.241000,498.249000,4.021000,353.801000
13173,579.546000,266.165000,4.210000,224.595000
13174,782.591000,450.549000,2.150000,344.753000
13175,831.080000,506.068000,1.600000,361.041000
13176,763.842000,381.010000,1.791000,311.892000
13177,789.852000,447.860000,8.730000,390.921000
13178,803.812000,446.860000,2.290000,365.582000
13179,741.313000,384.441000,9.661000,310.122000
13180,724.244000,346.572000,4.910000,314.682000
13181,655.225000,315.783000,1.620000,290.993000
13182,814.552000,480.398000,1.980000,348.772000
13183,816.740000,457.069000,1.580000,343.472000
13184,843.521000,496.727000,106.718000,408.061000
13185,707.082000,395.340000,3.190000,312.933000
13186,760.272000,428.300000,3.060000,344.851000
13187,769.952000,422.410000,6.500000,351.743000
13188,739.192000,418.710000,8.790000,343.443000
13189,655.934000,402.140000,3.830000,349.011000
13190,731.472000,376.212000,2.900000,330.872000
13191,792.692000,402.281000,3.080000,369.711000
13192,744.711000,392.122000,9.040000,324.233000
13193,785.961000,426.649000,17.989000,373.460000
13194,848.111000,463.849000,16.139000,388.471000
13195,660.044000,337.742000,3.250000,288.233000
13196,730.462000,385.932000,1.370000,311.972000
13197,736.283000,413.311000,2.060000,319.813000
13198,674.294000,363.561000,3.240000,295.363000
13199,606.445000,309.332000,5.580000,254.884000
13200,614.586000,275.194000,2.170000,253.864000
13201,826.261000,430.400000,2.780000,352.952000
13202,677.833000,374.303000,4.089000,306.783000
13203,727.244000,435.079000,7.950000,352.724000
13204,780.691000,452.689000,3.540000,351.231000
13205,543.256000,355.551000,5.000000,323.963000
13206,769.551000,436.030000,4.940000,336.932000
13207,840.971000,438.329000,10.019000,358.182000
13208,740.673000,415.710000,2.480000,282.952000
13209,741.833000,425.509000,16.739000,384.932000
13210,724.143000,331.032000,4.500000,296.854000
13211,938.027000,365.423000,20.648000,327.233000
13212,819.671000,418.720000,17.679000,381.522000
13213,777.341000,452.219000,11.930000,346.932000
13214,518.499000,310.442000,2.550000,270.994000
13215,720.723000,406.320000,2.589000,322.814000
13216,641.804000,388.352000,3.800000,291.952000
13217,625.286000,331.462000,6.600000,372.122000
13218,764.962000,437.830000,18.879000,329.652000
13219,859.020000,478.868000,3.560000,354.062000
13220,679.425000,331.581000,2.011000,321.592000
13221,862.400000,453.799000,57.148000,429.740000
13222,716.682000,375.542000,2.280000,301.913000
13223,634.665000,374.911000,1.470000,319.041000
13224,700.365000,378.090000,3.600000,292.893000
13225,765.872000,434.519000,11.880000,344.652000
13226,830.300000,471.569000,2.190000,335.402000
13227,815.681000,466.120000,1.320000,342.782000
13228,769.522000,426.400000,1.310000,357.482000
13229,770.601000,434.320000,3.500000,332.092000
13230,830.300000,379.111000,6.380000,345.272000
13231,639.396000,334.444000,5.700000,302.632000
13232,669.124000,342.142000,3.869000,312.172000
13233,701.912000,437.020000,4.451000,324.242000
13234,764.293000,454.998000,3.820000,347.682000
13235,769.132000,424.660000,1.581000,337.351000
13236,859.060000,599.606000,4.689000,395.740000
13237,707.934000,344.662000,3.620000,309.322000
13238,534.938000,309.202000,4.730000,283.583000
13239,567.936000,280.964000,3.040000,230.614000
13240,614.606000,283.474000,1.510000,289.324000
13241,493.909000,236.854000,7.659000,230.895000
13242,758.842000,425.780000,3.040000,352.711000
13243,649.915000,361.911000,2.520000,289.824000
13244,731.303000,427.059000,1.870000,311.023000
13245,843.411000,462.439000,18.990000,396.531000
13246,820.950000,486.569000,2.830000,386.090000
13247,766.292000,427.330000,1.501000,304.021000
13248,646.684000,337.553000,1.680000,292.393000
13249,769.511000,437.809000,1.340000,320.363000
13250,631.335000,297.384000,1.660000,278.192000
13251,690.694000,332.622000,1.760000,329.233000
13252,708.783000,330.073000,3.701000,279.583000
13253,748.443000,422.720000,3.149000,346.262000
13254,776.531000,433.331000,2.000000,372.380000
13255,677.565000,371.222000,14.439000,321.062000
13256,699.833000,386.781000,3.160000,304.783000
13257,557.247000,325.972000,1.940000,283.443000
13258,623.805000,351.481000,3.909000,281.453000
13259,675.313000,352.901000,4.040000,282.562000
13260,786.882000,380.702000,3.340000,336.923000
13261,650.025000,318.343000,2.780000,334.292000
13262,617.185000,320.161000,8.170000,272.094000
13263,646.045000,329.042000,2.740000,259.894000
13264,757.161000,434.039000,1.491000,313.353000
13265,716.673000,383.991000,2.440000,316.063000
13266,691.423000,410.390000,3.230000,333.192000
13267,568.786000,319.823000,2.541000,267.772000
13268,651.945000,361.702000,2.240000,291.803000
13269,651.235000,375.771000,2.240000,301.923000
13270,822.111000,456.519000,2.209000,366.021000
13271,821.010000,381.081000,1.920000,352.841000
13272,600.976000,336.102000,1.341000,309.252000
13273,663.994000,315.872000,6.061000,268.613000
13274,816.470000,470.479000,5.130000,415.071000
13275,695.234000,353.052000,2.180000,285.573000
13276,738.883000,397.960000,2.020000,328.041000
13277,802.871000,464.410000,8.099000,347.001000
13278,709.334000,384.861000,1.871000,304.212000
13279,565.957000,269.004000,19.729000,243.495000
13280,768.863000,373.960000,3.990000,328.222000
13281,665.585000,360.391000,1.800000,313.644000
13282,686.724000,376.440000,3.331000,318.412000
13283,694.263000,405.990000,4.140000,333.363000
13284,889.228000,504.058000,3.289000,357.481000
13285,776.081000,422.841000,2.080000,342.172000
13286,795.122000,467.359000,1.360000,339.602000
13287,837.781000,482.998000,3.510000,377.281000
13288,681.904000,380.810000,2.550000,281.904000
13289,818.671000,430.050000,1.720000,369.050000
13290,743.132000,366.272000,7.360000,329.482000
13291,723.093000,362.273000,2.320000,322.712000
13292,823.480000,428.099000,1.320000,328.792000
13293,744.943000,409.731000,2.269000,333.072000
13294,696.013000,403.219000,1.370000,330.843000
13295,797.391000,451.340000,1.640000,348.073000
13296,749.322000,403.740000,7.400000,323.662000
13297,560.217000,280.693000,2.700000,231.555000
13298,605.066000,339.171000,1.920000,289.874000
13299,631.185000,324.901000,6.310000,270.184000
13300,859.109000,402.221000,5.330000,369.341000
13301,797.911000,417.770000,2.900000,355.641000
13302,668.394000,356.081000,2.699000,301.974000
13303,536.048000,268.264000,3.829000,260.594000
13304,782.062000,406.700000,5.000000,322.872000
13305,747.353000,393.640000,2.090000,294.673000
13306,629.044000,319.623000,7.329000,280.083000
13307,767.552000,444.090000,2.621000,352.062000
13308,741.343000,397.230000,1.499000,299.314000
13309,752.042000,431.890000,2.950000,319.842000
13310,717.454000,334.992000,2.299000,300.494000
13311,565.266000,237.105000,12.350000,229.484000
13312,679.765000,335.964000,13.359000,299.894000
13313,468.599000,254.563000,4.310000,226.135000
13314,761.813000,448.128000,1.540000,329.753000
13315,603.646000,388.320000,2.261000,338.761000
13316,630.826000,367.511000,1.771000,310.772000
13317,710.962000,396.870000,1.910000,310.903000
13318,663.024000,387.951000,4.620000,328.642000
13319,888.359000,495.077000,2.900000,352.803000
13320,771.951000,362.802000,1.590000,343.883000
13321,818.520000,423.510000,1.180000,363.711000
13322,804.891000,445.989000,1.339000,344.991000
13323,608.646000,302.523000,3.850000,263.823000
13324,734.023000,419.150000,1.730000,316.762000
13325,560.597000,289.223000,2.469000,248.285000
13326,752.892000,442.380000,1.301000,369.882000
13327,674.154000,360.801000,1.741000,316.393000
13328,737.401000,441.260000,1.880000,340.352000
13329,800.251000,452.989000,1.360000,344.251000
13330,649.396000,343.792000,1.040000,304.472000
13331,869.180000,470.010000,2.440000,365.210000
13332,767.883000,400.641000,7.880000,353.312000
13333,804.811000,467.049000,1.861000,352.851000
13334,742.444000,423.460000,4.840000,357.481000
13335,759.222000,411.530000,8.970000,342.142000
13336,742.773000,445.369000,2.680000,343.541000
13337,706.303000,384.451000,2.099000,295.222000
13338,818.151000,459.579000,4.150000,356.471000
13339,673.635000,390.050000,5.799000,329.093000
13340,753.051000,360.921000,2.020000,419.291000
13341,688.374000,323.302000,12.450000,303.263000
13342,601.735000,273.244000,7.048000,246.184000
13343,827.830000,451.289000,3.390000,338.951000
13344,798.631000,462.909000,1.610000,361.821000
13345,771.712000,414.770000,3.670000,313.142000
13346,732.202000,403.950000,2.020000,337.693000
13347,697.844000,378.453000,6.670000,335.342000
13348,742.462000,343.933000,10.590000,302.442000
13349,671.144000,365.982000,2.880000,321.722000
13350,837.900000,407.130000,1.710000,358.272000
13351,488.328000,211.325000,2.339000,206.765000
13352,617.635000,358.532000,4.059000,289.573000
13353,820.790000,453.409000,9.379000,359.812000
13354,623.825000,338.972000,3.790000,302.052000
13355,704.933000,376.982000,7.789000,331.623000
13356,669.653000,359.953000,15.680000,321.263000
13357,745.321000,410.291000,4.180000,377.780000
13358,531.408000,263.144000,4.399000,228.503000
13359,752.903000,435.349000,1.880000,326.423000
13360,520.907000,206.725000,8.570000,230.204000
13361,686.764000,339.721000,5.651000,317.531000
13362,536.628000,270.334000,13.770000,273.324000
13363,932.347000,499.558000,7.050000,435.030000
13364,769.811000,432.150000,4.050000,366.351000
13365,405.481000,190.706000,5.520000,243.965000
13366,713.133000,430.179000,3.131000,351.981000
13367,731.312000,391.331000,2.270000,332.561000
13368,794.652000,442.629000,6.870000,346.833000
13369,553.867000,307.613000,6.520000,295.204000
13370,859.449000,427.340000,2.970000,382.420000
13371,642.976000,293.943000,9.610000,262.983000
13372,601.377000,307.502000,3.930000,273.184000
13373,595.456000,320.752000,5.220000,291.533000
13374,695.123000,340.162000,3.190000,311.782000
13375,554.387000,320.903000,1.840000,290.644000
13376,677.824000,387.350000,1.449000,332.183000
13377,784.122000,434.129000,18.100000,334.432000
13378,771.052000,438.299000,5.880000,318.653000
13379,726.192000,372.561000,3.659000,309.014000
13380,666.145000,355.332000,1.920000,313.052000
13381,728.394000,404.741000,1.420000,318.661000
13382,562.177000,336.732000,1.300000,295.013000
13383,875.080000,410.680000,15.970000,341.322000
13384,649.814000,378.151000,3.130000,316.593000
13385,751.542000,394.941000,1.160000,332.043000
13386,724.932000,382.010000,1.490000,315.213000
13387,832.470000,428.338000,9.461000,356.941000
13388,814.141000,470.858000,2.840000,344.262000
13389,776.861000,439.049000,2.781000,330.182000
13390,876.270000,443.979000,3.220000,357.531000
13391,758.401000,390.781000,6.480000,346.402000
13392,631.675000,303.313000,4.520000,301.432000
13393,679.254000,373.842000,4.280000,316.033000
13394,731.182000,450.199000,3.880000,372.852000
13395,773.702000,442.160000,3.419000,342.232000
13396,598.786000,275.953000,3.470000,235.175000
13397,660.045000,346.991000,4.270000,275.024000
13398,704.773000,385.241000,4.910000,294.503000
13399,359.780000,168.126000,5.790000,160.017000
13400,608.377000,267.453000,9.710000,254.335000
13401,784.351000,417.590000,2.699000,330.122000
13402,616.976000,318.433000,2.590000,278.874000
13403,736.792000,413.531000,2.019000,316.843000
13404,568.116000,323.812000,2.720000,264.354000
13405,679.625000,349.381000,6.670000,303.974000
13406,839.239000,434.970000,9.189000,387.120000
13407,798.771000,447.590000,2.630000,363.671000
13408,710.734000,376.891000,1.140000,274.464000
13409,510.338000,246.265000,1.310000,215.144000
13410,470.278000,247.555000,16.319000,250.324000
13411,468.108000,250.475000,4.020000,232.954000
13412,835.521000,376.911000,32.330000,344.461000
13413,789.181000,427.670000,5.430000,333.573000
13414,740.963000,460.639000,1.680000,363.132000
13415,741.392000,424.420000,2.219000,363.671000
13416,688.314000,381.181000,1.940000,301.253000
13417,757.432000,403.370000,1.680000,328.691000
13418,627.254000,311.274000,9.489000,260.054000
13419,768.321000,385.641000,18.879000,326.652000
13420,766.052000,417.961000,5.760000,377.581000
13421,798.082000,384.791000,2.491000,343.261000
13422,853.220000,460.189000,1.771000,370.991000
13423,558.966000,282.004000,3.840000,239.203000
13424,777.803000,412.410000,6.139000,329.122000
13425,528.247000,279.094000,3.390000,247.524000
13426,541.887000,288.483000,7.929000,258.134000
13427,587.667000,331.453000,5.261000,292.673000
13428,667.774000,347.081000,4.740000,289.314000
13429,813.550000,464.319000,2.320000,327.472000
13430,755.463000,300.722000,4.480000,281.454000
13431,632.575000,311.702000,5.191000,288.574000
13432,790.671000,380.731000,2.530000,308.683000
13433,740.842000,409.211000,3.339000,324.291000
13434,820.590000,438.360000,5.820000,371.901000
13435,677.215000,371.411000,4.391000,316.522000
13436,688.813000,353.173000,2.189000,287.233000
13437,861.600000,500.008000,8.480000,352.102000
13438,648.715000,373.191000,2.460000,302.572000
13439,797.101000,437.599000,1.200000,310.182000
13440,663.664000,301.524000,2.711000,278.744000
13441,767.001000,378.611000,1.410000,314.732000
13442,562.128000,265.103000,1.390000,224.385000
13443,605.516000,295.603000,18.819000,265.693000
13444,778.973000,529.817000,2.890000,393.930000
13445,862.640000,444.139000,7.680000,393.810000
13446,637.115000,346.492000,3.190000,274.683000
13447,403.310000,194.415000,11.080000,182.546000
13448,733.692000,405.721000,5.149000,319.552000
13449,725.433000,435.170000,3.200000,348.041000
13450,476.459000,256.824000,2.590000,249.604000
13451,493.989000,224.675000,2.289000,211.444000
13452,787.033000,411.171000,2.720000,348.621000
13453,812.981000,455.069000,3.270000,344.502000
13454,689.105000,410.410000,1.861000,299.742000
13455,725.933000,382.941000,1.710000,327.332000
13456,871.299000,497.997000,1.709000,323.843000
13457,825.981000,500.748000,12.609000,379.290000
13458,599.917000,295.373000,4.360000,242.105000
13459,804.811000,419.020000,2.470000,326.673000
13460,744.753000,357.921000,2.130000,351.213000
13461,773.952000,372.311000,11.070000,364.852000
13462,566.127000,281.754000,8.000000,258.145000
13463,585.966000,329.042000,2.120000,306.133000
13464,668.525000,377.791000,2.450000,305.382000
13465,768.821000,475.700000,4.399000,413.221000
13466,789.781000,412.730000,8.980000,339.482000
13467,718.713000,411.779000,3.240000,352.032000
13468,658.205000,358.562000,2.410000,282.703000
13469,551.707000,270.554000,4.190000,257.484000
13470,847.919000,385.102000,8.799000,362.203000
13471,790.451000,358.292000,2.891000,357.192000
13472,760.114000,483.188000,2.840000,349.083000
13473,752.793000,484.118000,3.160000,370.862000
13474,776.662000,470.279000,9.280000,392.680000
13475,754.482000,420.791000,3.940000,318.952000
13476,783.752000,438.140000,2.570000,311.213000
13477,798.641000,462.280000,1.520000,336.622000
13478,744.971000,436.309000,1.630000,304.744000
13479,786.992000,479.439000,4.490000,358.542000
13480,776.182000,361.732000,10.270000,321.973000
13481,730.663000,359.861000,6.580000,318.293000
13482,784.132000,431.070000,4.480000,351.102000
13483,765.401000,431.879000,2.880000,334.463000
13484,652.643000,344.273000,5.769000,361.212000
13485,835.971000,487.629000,2.071000,349.641000
13486,790.841000,454.010000,17.760000,364.241000
13487,752.892000,395.480000,7.889000,331.533000
13488,700.693000,396.051000,4.049000,355.861000
13489,676.953000,367.011000,2.109000,289.684000
13490,732.154000,350.842000,4.780000,337.122000
13491,750.834000,398.901000,2.990000,340.782000
13492,874.320000,550.417000,3.370000,365.631000
13493,737.314000,398.721000,1.890000,398.060000
13494,764.772000,465.768000,1.301000,335.971000
13495,618.726000,300.203000,2.570000,251.393000
13496,667.965000,397.171000,1.750000,315.513000
13497,818.451000,457.408000,2.339000,349.043000
13498,703.662000,378.621000,11.989000,309.003000
13499,816.181000,479.058000,4.560000,352.983000
13500,546.977000,219.915000,1.990000,236.084000
13501,704.753000,343.862000,2.590000,317.732000
13502,660.245000,328.612000,2.621000,275.732000
13503,712.304000,375.501000,2.330000,295.173000
13504,758.123000,439.860000,2.200000,324.762000
13505,722.483000,381.372000,2.189000,319.972000
13506,747.692000,357.362000,21.569000,296.124000
13507,685.053000,365.461000,19.209000,317.552000
13508,813.811000,426.609000,7.270000,332.003000
13509,638.014000,329.712000,3.620000,260.863000
13510,791.771000,357.551000,7.560000,326.102000
13511,857.380000,429.450000,3.280000,349.543000
13512,840.811000,450.010000,4.210000,348.472000
13513,731.183000,432.020000,1.900000,337.172000
13514,793.691000,460.568000,2.000000,347.682000
13515,682.014000,381.921000,1.720000,296.783000
13516,797.541000,464.590000,2.131000,359.500000
13517,591.355000,273.403000,4.499000,251.415000
13518,777.972000,455.850000,3.259000,349.932000
13519,747.672000,402.161000,4.270000,312.464000
13520,898.229000,407.460000,14.900000,321.922000
13521,621.395000,299.503000,6.970000,274.382000
13522,669.224000,362.741000,8.720000,325.752000
13523,613.826000,359.712000,2.489000,311.103000
13524,687.094000,417.220000,1.390000,318.852000
13525,577.887000,326.323000,3.440000,289.023000
13526,699.423000,409.351000,18.849000,330.202000
13527,760.913000,417.220000,3.189000,344.192000
13528,1107.713000,489.408000,21.580000,386.071000
13529,570.597000,275.545000,3.790000,226.694000
13530,842.590000,392.071000,4.910000,349.142000
13531,852.720000,375.370000,14.980000,357.851000
13532,765.222000,397.372000,7.968000,368.933000
13533,768.961000,447.510000,3.160000,350.721000
13534,607.116000,364.401000,1.650000,273.834000
13535,838.521000,491.157000,5.220000,352.202000
13536,650.904000,361.061000,17.319000,306.203000
13537,803.431000,500.508000,8.230000,381.260000
13538,815.171000,468.420000,3.920000,383.860000
13539,773.342000,407.951000,8.430000,328.783000
13540,750.252000,355.412000,6.630000,325.462000
13541,635.365000,332.461000,2.210000,302.764000
13542,645.675000,306.993000,4.210000,268.674000
13543,836.141000,489.768000,3.949000,353.132000
13544,748.803000,431.560000,3.130000,352.521000
13545,525.517000,270.043000,1.889000,220.265000
13546,533.367000,293.244000,1.809000,264.624000
13547,667.144000,393.201000,2.330000,305.813000
13548,760.692000,421.960000,1.740000,321.963000
13549,733.452000,423.059000,2.381000,334.792000
13550,507.848000,226.925000,5.309000,232.974000
13551,701.303000,351.401000,10.120000,317.003000
13552,700.552000,350.452000,2.150000,281.284000
13553,560.606000,268.114000,2.260000,247.375000
13554,468.069000,260.184000,3.730000,237.424000
13555,784.172000,478.848000,1.741000,358.001000
13556,626.335000,362.372000,1.240000,306.104000
13557,904.368000,506.538000,18.239000,386.721000
13558,648.294000,358.171000,6.230000,303.912000
13559,622.094000,318.093000,12.089000,269.723000
13560,824.091000,398.130000,4.880000,349.012000
13561,734.393000,368.511000,1.780000,322.303000
13562,780.712000,510.699000,11.990000,392.071000
13563,643.914000,392.870000,3.340000,316.352000
13564,714.434000,386.981000,1.570000,274.114000
13565,653.823000,387.362000,3.410000,312.182000
13566,892.239000,621.105000,1.520000,405.301000
13567,722.153000,472.079000,2.459000,368.732000
13568,610.405000,345.303000,1.710000,276.262000
13569,791.422000,481.289000,13.030000,348.921000
13570,750.072000,388.981000,3.630000,335.423000
13571,701.693000,337.943000,8.340000,325.912000
13572,701.044000,362.502000,2.930000,306.702000
13573,679.705000,400.891000,2.800000,317.822000
13574,774.593000,440.758000,2.250000,341.112000
13575,627.735000,337.912000,5.080000,278.174000
13576,907.709000,453.339000,8.299000,342.211000
13577,710.113000,359.622000,5.349000,289.903000
13578,858.829000,500.638000,4.861000,363.961000
13579,661.715000,378.641000,2.069000,310.672000
13580,754.282000,492.079000,1.739000,404.061000
13581,730.182000,375.542000,1.450000,307.153000
13582,753.792000,397.080000,5.280000,327.273000
13583,807.401000,485.127000,2.129000,351.103000
13584,712.703000,382.971000,12.540000,324.122000
13585,619.006000,370.271000,7.010000,320.772000
13586,753.993000,437.708000,1.760000,321.844000
13587,653.086000,335.002000,1.220000,274.924000
13588,535.577000,325.131000,1.850000,267.434000
13589,678.784000,398.530000,1.531000,305.072000
13590,722.983000,315.263000,2.040000,324.892000
13591,691.584000,322.092000,1.530000,288.814000
13592,673.675000,335.432000,3.600000,286.914000
13593,836.780000,480.189000,1.659000,355.262000
13594,554.357000,328.153000,1.538000,277.483000
13595,474.539000,242.743000,7.459000,216.424000
13596,724.263000,420.070000,3.170000,327.432000
13597,730.143000,411.370000,2.800000,347.151000
13598,653.855000,386.741000,1.550000,302.832000
13599,811.041000,511.098000,1.850000,334.391000
13600,802.461000,407.310000,7.310000,365.791000
13601,620.066000,290.883000,4.120000,270.514000
13602,742.672000,420.000000,3.390000,313.233000
13603,626.286000,343.111000,1.970000,281.783000
13604,769.501000,466.869000,2.270000,322.432000
13605,814.280000,427.760000,15.690000,339.412000
13606,761.292000,434.291000,4.741000,328.153000
13607,569.987000,327.013000,1.470000,296.994000
13608,648.075000,352.571000,1.260000,281.704000
13609,745.902000,428.670000,1.900000,315.942000
13610,690.544000,396.901000,1.830000,385.291000
13611,481.719000,223.904000,6.259000,215.365000
13612,544.528000,274.944000,3.290000,241.634000
13613,713.653000,386.651000,1.530000,310.534000
13614,783.821000,474.407000,1.360000,313.842000
13615,641.646000,314.082000,3.680000,259.614000
13616,473.969000,227.374000,3.210000,198.585000
13617,774.143000,408.990000,8.700000,322.132000
13618,836.280000,478.019000,2.280000,348.260000
13619,626.705000,322.652000,9.900000,294.264000
13620,583.856000,256.044000,11.439000,309.153000
13621,779.572000,420.200000,3.810000,349.761000
13622,868.259000,475.979000,1.620000,389.741000
13623,790.111000,460.648000,6.059000,353.433000
13624,475.308000,238.646000,6.260000,238.295000
13625,773.191000,488.829000,2.750000,369.901000
13626,613.926000,317.072000,1.871000,290.765000
13627,500.589000,262.603000,2.220000,217.885000
13628,817.901000,501.899000,2.380000,371.411000
13629,732.113000,400.650000,19.020000,374.442000
13630,793.802000,377.361000,7.890000,364.871000
13631,668.295000,374.742000,2.291000,351.131000
13632,738.103000,406.822000,1.400000,328.713000
13633,716.663000,422.240000,2.220000,300.854000
13634,750.871000,457.429000,2.010000,330.382000
13635,585.495000,340.943000,2.069000,290.803000
13636,718.954000,411.851000,8.400000,361.351000
13637,772.801000,416.270000,17.100000,324.263000
13638,709.754000,329.782000,4.499000,271.263000
13639,844.120000,443.390000,6.219000,348.171000
13640,501.627000,227.905000,6.889000,216.286000
13641,650.115000,298.232000,3.800000,303.494000
13642,777.742000,415.700000,4.341000,340.541000
13643,582.207000,300.932000,3.410000,259.994000
13644,634.406000,268.054000,9.450000,250.774000
13645,644.995000,376.410000,2.570000,293.464000
13646,807.132000,511.507000,1.050000,384.301000
13647,808.931000,441.169000,10.810000,356.982000
13648,770.432000,498.908000,3.461000,415.030000
13649,716.672000,378.271000,2.370000,295.413000
13650,761.992000,349.192000,3.609000,296.184000
13651,746.992000,347.591000,2.130000,306.793000
13652,736.192000,391.840000,4.059000,327.782000
13653,784.162000,436.730000,13.529000,388.271000
13654,802.491000,438.750000,2.840000,318.272000
13655,641.754000,327.032000,1.850000,299.533000
13656,713.354000,373.551000,7.039000,313.213000
13657,741.882000,463.979000,2.520000,340.493000
13658,748.792000,435.369000,7.091000,333.681000
13659,749.732000,436.060000,2.770000,342.232000
13660,784.302000,385.150000,2.200000,341.932000
13661,702.853000,356.812000,4.620000,309.824000
13662,935.398000,400.501000,21.039000,374.282000
13663,515.778000,261.594000,22.359000,244.475000
13664,697.684000,419.700000,3.640000,324.972000
13665,530.868000,322.132000,1.290000,266.334000
13666,673.053000,355.992000,1.270000,283.843000
13667,760.603000,431.770000,2.299000,323.653000
13668,715.902000,396.400000,5.229000,320.182000
13669,655.764000,361.541000,1.920000,291.901000
13670,783.132000,382.841000,2.550000,326.372000
13671,715.573000,363.631000,5.280000,325.481000
13672,631.964000,375.541000,7.599000,353.732000
13673,650.145000,327.381000,3.560000,258.124000
13674,709.553000,408.601000,1.510000,338.882000
13675,848.129000,503.427000,10.780000,376.302000
13676,780.681000,371.340000,10.699000,312.262000
13677,752.473000,458.289000,7.950000,344.452000
13678,730.742000,373.901000,8.840000,303.003000
13679,774.082000,470.829000,2.110000,328.963000
13680,745.353000,383.911000,19.439000,360.071000
13681,741.262000,376.471000,4.160000,342.923000
13682,683.304000,383.701000,2.190000,329.772000
13683,673.415000,393.781000,1.431000,304.243000
13684,802.720000,526.128000,4.351000,379.202000
13685,651.924000,405.900000,4.480000,345.462000
13686,627.296000,305.302000,4.800000,261.024000
13687,801.381000,450.870000,11.209000,361.932000
13688,805.002000,480.120000,3.470000,357.692000
13689,865.870000,462.199000,10.759000,400.911000
13690,686.403000,308.322000,7.179000,273.114000
13691,744.462000,425.779000,1.870000,334.974000
13692,805.921000,501.948000,4.760000,382.222000
13693,683.544000,362.171000,8.120000,280.994000
13694,689.224000,370.541000,6.100000,303.382000
13695,853.820000,463.569000,1.810000,338.981000
13696,648.115000,366.511000,4.240000,325.123000
13697,949.627000,526.168000,4.600000,374.471000
13698,702.934000,408.911000,1.821000,346.741000
13699,774.302000,437.358000,2.231000,316.763000
13700,713.703000,346.952000,2.170000,314.322000
13701,862.601000,402.921000,6.180000,352.701000
13702,753.753000,423.970000,2.670000,337.733000
13703,731.952000,441.090000,2.859000,339.312000
13704,723.693000,406.311000,12.290000,321.132000
13705,905.179000,577.346000,10.560000,394.431000
13706,811.141000,425.329000,8.059000,350.962000
13707,641.455000,340.971000,45.738000,292.634000
13708,734.863000,486.050000,5.781000,358.642000
13709,613.095000,353.681000,2.131000,285.383000
13710,582.417000,265.304000,1.520000,240.214000
13711,853.031000,394.421000,6.830000,369.862000
13712,698.503000,375.591000,3.350000,320.173000
13713,724.862000,391.011000,5.070000,341.412000
13714,661.594000,355.482000,2.791000,317.392000
13715,724.503000,420.320000,9.750000,315.373000
13716,761.802000,503.299000,6.429000,433.369000
13717,712.934000,380.362000,5.851000,307.123000
13718,660.434000,376.882000,2.418000,318.414000
13719,574.906000,288.773000,5.620000,252.732000
13720,757.803000,388.090000,2.280000,310.752000
13721,732.033000,375.421000,4.880000,328.952000
13722,751.103000,412.901000,2.490000,321.942000
13723,672.814000,371.601000,18.019000,323.352000
13724,625.115000,302.604000,9.110000,247.803000
13725,674.095000,385.741000,2.700000,295.424000
13726,761.502000,382.521000,17.059000,337.633000
13727,715.292000,439.730000,6.340000,338.891000
13728,869.479000,489.069000,8.070000,363.051000
13729,738.583000,423.768000,4.279000,354.122000
13730,717.214000,327.572000,2.800000,347.483000
13731,866.579000,471.549000,10.690000,343.821000
13732,751.223000,400.881000,2.621000,346.432000
13733,757.151000,462.759000,2.470000,350.152000
13734,729.674000,457.229000,2.440000,340.872000
13735,804.301000,411.320000,1.989000,313.803000
13736,706.534000,323.232000,11.400000,293.094000
13737,691.732000,370.573000,6.581000,335.541000
13738,673.124000,315.872000,10.670000,303.143000
13739,739.363000,389.531000,7.399000,322.653000
13740,859.620000,406.850000,3.490000,322.932000
13741,553.526000,268.874000,11.099000,251.574000
13742,742.523000,415.520000,2.430000,350.511000
13743,693.563000,367.242000,5.711000,301.883000
13744,560.776000,298.762000,11.070000,274.064000
13745,686.085000,393.920000,3.450000,311.923000
13746,731.194000,404.440000,1.810000,314.163000
13747,919.179000,520.627000,4.409000,391.301000
13748,594.555000,277.403000,2.909000,281.612000
13749,790.352000,466.958000,1.480000,372.802000
13750,840.821000,382.001000,2.310000,351.201000
13751,777.850000,400.221000,5.100000,357.581000
13752,630.524000,298.422000,7.570000,262.764000
13753,471.549000,286.042000,49.269000,286.123000
13754,720.593000,459.179000,6.790000,349.791000
13755,768.682000,424.500000,3.770000,315.433000
13756,729.462000,408.130000,2.420000,313.393000
13757,676.984000,378.680000,4.040000,320.013000
13758,671.854000,411.740000,2.449000,325.072000
13759,668.615000,376.162000,2.620000,287.623000
13760,722.232000,334.804000,8.540000,320.342000
13761,567.427000,265.344000,3.760000,355.481000
13762,795.691000,378.222000,5.230000,310.902000
13763,712.283000,433.849000,1.880000,326.623000
13764,724.173000,426.160000,1.500000,324.712000
13765,536.447000,275.765000,2.499000,234.124000
13766,538.968000,280.983000,6.930000,250.174000
13767,662.125000,375.260000,5.679000,300.314000
13768,606.735000,322.811000,18.929000,301.043000
13769,546.367000,268.643000,4.051000,233.735000
13770,663.014000,328.122000,6.360000,290.294000
13771,652.055000,355.922000,2.620000,321.822000
13772,719.774000,399.391000,1.150000,337.911000
13773,693.194000,362.902000,9.790000,296.662000
13774,791.992000,496.788000,2.220000,354.511000
13775,761.873000,403.491000,5.110000,340.371000
13776,691.514000,377.910000,2.110000,297.952000
13777,679.994000,404.671000,3.630000,307.522000
13778,751.143000,386.181000,7.900000,310.322000
13779,745.653000,481.817000,2.200000,378.140000
13780,632.995000,294.513000,3.410000,273.424000
13781,745.574000,392.021000,2.480000,359.661000
13782,651.575000,353.361000,2.861000,307.103000
13783,737.472000,450.369000,2.741000,337.213000
13784,781.932000,405.530000,19.189000,327.473000
13785,698.893000,389.731000,3.589000,284.493000
13786,551.377000,305.334000,1.640000,255.284000
13787,563.566000,320.243000,8.169000,290.813000
13788,540.917000,313.194000,2.770000,284.373000
13789,582.137000,298.794000,2.900000,260.804000
13790,685.614000,328.792000,3.790000,335.873000
13791,531.567000,254.104000,4.100000,239.075000
13792,618.994000,338.683000,2.010000,287.282000
13793,568.418000,329.081000,1.461000,288.864000
13794,701.253000,421.650000,2.880000,347.551000
13795,788.252000,471.248000,1.640000,389.831000
13796,701.954000,348.332000,17.040000,302.373000
13797,800.891000,456.178000,5.139000,356.373000
13798,1033.515000,464.617000,14.809000,396.391000
13799,868.130000,491.128000,3.060000,418.240000
13800,761.162000,404.940000,6.870000,355.972000
13801,751.953000,414.630000,18.781000,372.251000
13802,687.624000,368.541000,6.110000,309.004000
13803,635.305000,379.322000,1.650000,280.322000
13804,633.265000,342.023000,1.180000,280.622000
13805,501.908000,243.824000,2.220000,228.214000
13806,783.602000,462.508000,1.320000,337.492000
13807,710.623000,411.540000,1.100000,302.103000
13808,775.151000,417.040000,1.260000,345.662000
13809,782.521000,440.120000,5.320000,349.032000
13810,616.585000,309.323000,2.261000,294.492000
13811,546.338000,258.983000,2.911000,242.435000
13812,385.511000,195.386000,2.811000,199.966000
13813,899.628000,473.320000,4.419000,350.032000
13814,474.499000,253.724000,4.490000,232.034000
13815,491.529000,249.485000,2.690000,228.515000
13816,827.661000,476.348000,1.720000,366.380000
13817,776.373000,454.028000,2.040000,336.543000
13818,467.948000,244.575000,1.520000,224.995000
13819,661.366000,396.181000,1.510000,301.923000
13820,736.352000,371.722000,1.389000,326.712000
13821,650.644000,320.382000,1.970000,291.773000
13822,613.245000,331.152000,1.250000,277.924000
13823,677.854000,398.270000,3.751000,363.333000
13824,624.286000,327.792000,11.880000,307.112000
13825,550.908000,340.971000,5.540000,327.022000
13826,725.303000,437.750000,4.280000,335.461000
13827,716.234000,404.761000,2.690000,332.152000
13828,734.282000,436.530000,1.810000,364.331000
13829,540.298000,315.243000,18.919000,291.603000
13830,756.232000,357.162000,5.950000,306.663000
13831,755.892000,362.693000,2.600000,309.252000
13832,528.117000,262.014000,6.489000,239.335000
13833,636.345000,315.172000,2.880000,271.344000
13834,729.123000,390.152000,7.330000,303.233000
13835,788.301000,448.699000,4.531000,338.421000
13836,807.371000,508.588000,2.200000,338.791000
13837,737.083000,418.360000,1.631000,329.812000
13838,706.973000,409.581000,1.730000,331.593000
13839,731.612000,420.139000,5.800000,351.012000
13840,831.400000,397.101000,4.249000,353.431000
13841,607.455000,288.734000,1.580000,266.394000
13842,676.704000,371.752000,1.221000,307.693000
13843,853.090000,495.448000,1.890000,364.393000
13844,658.524000,366.792000,1.310000,307.902000
13845,740.953000,441.589000,1.449000,363.723000
13846,550.627000,284.573000,2.180000,246.974000
13847,646.735000,346.722000,6.090000,283.023000
13848,779.761000,423.221000,1.919000,365.622000
13849,827.540000,442.449000,1.350000,328.603000
13850,841.491000,400.731000,8.540000,358.793000
13851,775.932000,378.151000,15.499000,349.562000
13852,649.044000,383.690000,4.659000,340.832000
13853,757.843000,464.308000,6.790000,412.190000
13854,647.335000,377.171000,8.960000,328.443000
13855,547.657000,291.313000,2.240000,229.794000
13856,743.283000,437.020000,2.790000,344.422000
13857,779.172000,423.310000,2.610000,322.032000
13858,687.214000,375.761000,1.680000,294.874000
13859,678.393000,391.731000,2.579000,315.253000
13860,671.424000,269.854000,7.360000,262.834000
13861,757.343000,335.602000,5.539000,320.412000
13862,967.006000,460.778000,3.060000,349.951000
13863,794.221000,467.200000,13.480000,376.961000
13864,755.962000,510.499000,3.000000,357.261000
13865,694.094000,392.052000,3.670000,337.692000
13866,706.754000,407.500000,1.941000,319.091000
13867,581.555000,332.753000,2.910000,260.164000
13868,602.057000,312.762000,4.530000,262.334000
13869,742.432000,404.961000,1.720000,364.971000
13870,726.533000,282.813000,22.599000,281.964000
13871,565.927000,244.154000,6.180000,241.485000
13872,475.549000,224.864000,2.660000,219.885000
13873,769.833000,436.899000,10.181000,346.522000
13874,821.260000,553.636000,2.229000,346.252000
13875,797.871000,452.400000,1.240000,332.534000
13876,791.821000,438.109000,2.379000,349.993000
13877,784.472000,459.699000,7.240000,402.440000
13878,726.562000,390.890000,2.730000,374.971000
13879,552.697000,295.122000,5.160000,266.765000
13880,423.510000,226.235000,1.920000,217.045000
13881,571.857000,282.684000,5.560000,267.633000
13882,572.197000,282.682000,4.560000,282.934000
13883,676.523000,375.492000,2.650000,347.782000
13884,652.185000,382.071000,3.370000,315.983000
13885,541.607000,274.774000,9.490000,238.645000
13886,783.512000,441.010000,3.051000,320.712000
13887,672.464000,358.311000,3.100000,308.233000
13888,593.316000,336.142000,2.070000,273.694000
13889,692.194000,389.271000,1.710000,284.812000
13890,763.522000,346.891000,2.690000,324.592000
13891,535.568000,243.873000,31.740000,238.995000
13892,311.753000,156.736000,4.530000,153.876000
13893,628.636000,314.944000,3.779000,281.592000
13894,757.013000,439.250000,2.630000,329.212000
13895,762.652000,484.200000,3.689000,355.542000
13896,752.203000,342.973000,10.889000,305.923000
13897,765.712000,456.879000,3.000000,333.392000
13898,821.291000,471.388000,1.360000,348.233000
13899,560.306000,291.503000,3.480000,255.064000
13900,804.450000,442.210000,14.238000,391.661000
13901,745.492000,380.981000,3.131000,359.911000
13902,720.374000,353.632000,10.699000,350.102000
13903,635.705000,364.271000,2.531000,303.254000
13904,752.003000,474.058000,2.970000,329.891000
13905,541.898000,287.032000,1.620000,228.135000
13906,640.385000,341.241000,2.840000,278.414000
13907,644.525000,377.811000,8.540000,298.202000
13908,718.793000,417.820000,4.690000,328.581000
13909,657.255000,350.101000,3.299000,312.294000
13910,854.678000,403.861000,2.050000,359.892000
13911,741.832000,375.180000,5.540000,303.643000
13912,663.803000,396.492000,3.880000,319.432000
13913,863.820000,493.498000,3.539000,355.333000
13914,766.681000,433.310000,2.000000,360.731000
13915,743.232000,438.529000,46.039000,331.323000
13916,776.712000,428.960000,3.960000,336.293000
13917,583.476000,312.301000,14.851000,259.424000
13918,822.421000,415.889000,3.310000,331.493000
13919,854.681000,465.089000,2.701000,343.351000
13920,796.771000,410.690000,4.200000,352.932000
13921,702.424000,341.392000,4.659000,293.494000
13922,563.926000,284.673000,2.730000,240.914000
13923,615.206000,332.452000,1.720000,274.064000
13924,741.641000,491.028000,1.310000,316.333000
13925,633.725000,334.611000,8.750000,268.544000
13926,861.640000,477.868000,2.011000,355.992000
13927,698.183000,377.010000,1.490000,310.664000
13928,677.284000,397.661000,1.570000,307.173000
13929,774.642000,455.719000,4.289000,354.041000
13930,679.484000,331.332000,3.530000,283.624000
13931,736.082000,369.892000,2.060000,346.141000
13932,695.513000,381.502000,1.829000,318.581000
13933,736.243000,408.270000,1.420000,319.093000
13934,597.316000,317.772000,2.810000,276.824000
13935,801.461000,465.140000,3.990000,364.862000
13936,729.482000,413.451000,1.560000,331.713000
13937,659.994000,363.770000,2.200000,309.501000
13938,847.960000,559.936000,1.750000,369.503000
13939,839.669000,471.729000,2.470000,333.342000
13940,792.172000,419.859000,2.640000,363.062000
13941,663.933000,304.343000,4.150000,268.884000
13942,808.551000,408.580000,8.760000,333.272000
13943,631.875000,314.123000,4.439000,257.544000
13944,871.629000,469.550000,5.488000,343.703000
13945,760.113000,383.991000,3.631000,334.883000
13946,640.095000,330.422000,3.230000,269.154000
13947,613.475000,341.051000,5.150000,317.373000
13948,662.313000,373.302000,2.920000,303.872000
13949,667.804000,333.332000,7.210000,275.424000
13950,562.487000,230.974000,3.929000,235.755000
13951,661.265000,345.391000,3.070000,296.283000
13952,808.981000,475.480000,2.499000,425.021000
13953,746.772000,421.299000,14.141000,349.643000
13954,647.574000,379.231000,3.610000,352.013000
13955,865.899000,483.009000,1.579000,330.044000
13956,639.374000,327.583000,1.069000,278.733000
13957,731.444000,372.760000,3.059000,298.474000
13958,761.482000,378.560000,8.950000,326.293000
13959,797.671000,432.440000,6.220000,335.933000
13960,617.706000,324.842000,4.630000,305.723000
13961,831.861000,436.089000,7.499000,354.441000
13962,796.821000,401.851000,10.039000,331.202000
13963,561.178000,337.002000,7.300000,308.262000
13964,734.483000,419.300000,2.410000,308.263000
13965,809.871000,468.969000,3.060000,374.861000
13966,572.446000,343.623000,3.870000,295.242000
13967,742.623000,431.369000,1.630000,330.453000
13968,742.952000,370.112000,8.820000,314.623000
13969,682.804000,366.803000,4.009000,283.743000
13970,825.851000,403.381000,14.250000,397.491000
13971,645.785000,299.173000,2.940000,294.493000
13972,635.876000,340.193000,2.540000,312.012000
13973,797.661000,462.100000,3.530000,385.742000
13974,739.463000,463.049000,4.420000,334.592000
13975,754.593000,417.430000,1.430000,348.951000
13976,773.482000,417.411000,1.380000,316.203000
13977,542.187000,269.994000,1.770000,225.594000
13978,758.093000,505.848000,1.670000,375.041000
13979,633.186000,320.623000,2.040000,268.893000
13980,702.553000,316.652000,1.690000,294.393000
13981,755.001000,399.981000,2.840000,352.712000
13982,595.586000,286.214000,3.990000,240.494000
13983,690.623000,423.729000,1.250000,306.643000
13984,759.462000,408.920000,16.479000,347.332000
13985,984.077000,580.177000,3.690000,423.170000
13986,512.997000,223.945000,3.100000,211.656000
13987,759.502000,406.460000,4.020000,342.781000
13988,508.989000,288.604000,11.409000,269.623000
13989,670.194000,370.291000,2.899000,295.433000
13990,635.895000,301.723000,6.480000,274.113000
13991,764.473000,366.111000,9.870000,380.201000
13992,751.822000,381.531000,2.991000,305.064000
13993,836.350000,422.941000,1.880000,353.450000
13994,765.221000,434.529000,19.050000,342.972000
13995,761.442000,496.708000,3.450000,366.452000
13996,739.434000,404.440000,12.879000,353.582000
13997,718.293000,385.202000,3.250000,317.592000
13998,672.735000,352.442000,2.530000,281.344000
13999,639.955000,354.182000,2296.036000,406.230000
14000,817.411000,358.481000,3.569000,319.643000
14001,828.460000,445.860000,5.550000,375.501000
14002,571.307000,285.183000,3.519000,232.545000
14003,641.265000,402.071000,2.770000,278.343000
14004,669.785000,386.551000,4.150000,304.923000
14005,652.664000,364.252000,2.580000,294.713000
14006,636.505000,329.533000,1.610000,269.333000
14007,723.953000,384.701000,8.220000,322.012000
14008,575.376000,298.093000,5.360000,252.655000
14009,556.097000,320.742000,7.410000,272.183000
14010,797.131000,377.742000,13.190000,380.981000
14011,777.841000,346.922000,6.729000,321.134000
14012,664.803000,401.980000,2.600000,365.632000
14013,879.798000,526.658000,4.091000,369.321000
14014,790.292000,467.289000,2.500000,376.271000
14015,741.393000,443.550000,4.211000,350.461000
14016,727.493000,342.571000,10.200000,287.014000
14017,859.798000,451.500000,12.240000,359.661000
14018,845.250000,608.076000,2.770000,400.631000
14019,714.094000,353.871000,2.800000,285.703000
14020,877.829000,419.160000,14.240000,374.482000
14021,711.463000,333.072000,11.259000,309.153000
14022,619.366000,303.942000,6.261000,298.142000
14023,739.403000,395.591000,2.220000,302.642000
14024,759.312000,434.240000,6.850000,349.463000
14025,696.493000,384.780000,4.000000,320.363000
14026,762.382000,462.289000,3.160000,375.641000
14027,813.220000,450.679000,2.579000,368.042000
14028,790.512000,437.940000,1.760000,343.921000
14029,678.994000,369.302000,1.320000,295.324000
14030,1003.827000,504.707000,1.410000,382.061000
14031,742.392000,370.151000,1.671000,311.132000
14032,584.537000,282.993000,3.000000,255.594000
14033,782.252000,455.269000,2.560000,361.932000
14034,676.534000,337.211000,2.740000,254.815000
14035,748.172000,360.013000,5.240000,307.413000
14036,678.765000,368.351000,18.310000,313.982000
14037,745.894000,413.550000,6.830000,351.081000
14038,504.638000,245.004000,2.000000,211.545000
14039,858.110000,497.328000,1.750000,348.932000
14040,771.001000,305.333000,5.940000,311.473000
14041,789.061000,399.510000,2.010000,329.163000
14042,756.702000,393.261000,4.730000,339.752000
14043,441.959000,195.276000,3.291000,177.916000
14044,819.661000,474.069000,4.639000,329.512000
14045,586.685000,294.114000,3.430000,249.365000
14046,673.894000,367.322000,6.300000,346.591000
14047,825.011000,461.790000,2.589000,321.312000
14048,696.123000,373.442000,5.170000,329.712000
14049,622.675000,334.203000,2.200000,320.872000
14050,636.326000,291.162000,2.090000,277.354000
14051,668.784000,319.032000,1.369000,284.963000
14052,733.412000,372.281000,11.830000,344.542000
14053,605.095000,324.233000,4.440000,283.723000
14054,453.240000,199.316000,6.800000,186.156000
14055,798.411000,492.009000,2.790000,343.381000
14056,602.186000,284.634000,10.370000,264.403000
14057,782.581000,434.010000,5.080000,354.982000
14058,738.762000,399.570000,5.710000,309.403000
14059,799.222000,461.759000,3.000000,359.761000
14060,808.101000,394.900000,3.470000,334.012000
14061,846.990000,345.902000,20.138000,340.313000
14062,829.121000,471.798000,3.640000,356.501000
14063,733.823000,428.420000,10.910000,365.351000
14064,635.725000,361.852000,9.559000,310.862000
14065,758.403000,456.719000,3.130000,342.871000
14066,739.411000,415.560000,1.420000,340.672000
14067,631.085000,344.252000,3.130000,294.543000
14068,652.664000,355.803000,1.931000,259.433000
14069,752.644000,442.208000,1.780000,340.093000
14070,676.364000,316.372000,1.670000,311.903000
14071,728.643000,332.032000,5.120000,296.802000
14072,742.903000,395.301000,5.720000,356.231000
14073,751.643000,412.900000,5.580000,337.572000
14074,795.711000,514.398000,3.501000,352.352000
14075,712.644000,396.411000,14.499000,333.241000
14076,655.295000,344.782000,9.109000,305.782000
14077,678.465000,347.242000,4.230000,390.572000
14078,788.251000,450.648000,1.869000,338.983000
14079,368.701000,154.766000,2.610000,151.707000
14080,726.713000,380.361000,2.360000,302.423000
14081,733.162000,371.031000,1.840000,321.953000
14082,674.523000,282.804000,14.060000,232.624000
14083,657.504000,391.932000,9.050000,309.044000
14084,698.574000,402.060000,2.301000,309.932000
14085,670.525000,359.212000,1.660000,283.664000
14086,697.263000,378.210000,5.781000,308.203000
14087,841.691000,484.128000,2.730000,380.771000
14088,744.153000,451.699000,1.989000,346.352000
14089,799.861000,463.199000,4.740000,379.861000
14090,619.015000,344.752000,2.350000,303.203000
14091,835.370000,454.039000,1.670000,377.361000
14092,811.191000,452.939000,3.018000,358.703000
14093,551.376000,268.935000,2.509000,215.456000
14094,695.133000,421.991000,2.030000,308.613000
14095,699.964000,359.330000,2.381000,297.113000
14096,674.944000,360.961000,12.839000,298.612000
14097,730.543000,461.289000,2.799000,417.410000
14098,563.756000,288.823000,1.340000,261.034000
14099,768.802000,416.421000,1.280000,332.452000
14100,756.642000,375.372000,1.750000,350.621000
14101,835.120000,378.160000,4.051000,307.093000
14102,746.272000,380.481000,11.440000,322.302000
14103,907.899000,474.169000,3.100000,366.551000
14104,830.320000,464.457000,4.209000,339.742000
14105,598.255000,320.602000,2.750000,268.594000
14106,779.691000,397.611000,2.160000,314.063000
14107,695.253000,383.801000,3.269000,326.202000
14108,811.061000,438.359000,8.729000,364.262000
14109,575.055000,288.323000,5.770000,247.684000
14110,568.037000,283.174000,2.610000,270.894000
14111,806.231000,369.832000,3.141000,314.081000
14112,806.692000,442.870000,13.830000,377.541000
14113,701.164000,398.451000,9.899000,347.092000
14114,780.202000,457.329000,6.491000,349.242000
14115,811.431000,437.289000,2.560000,390.751000
14116,778.272000,422.600000,1.270000,309.433000
14117,476.559000,214.995000,1.860000,190.965000
14118,599.936000,314.193000,6.880000,271.704000
14119,406.701000,231.694000,2.100000,225.334000
14120,403.790000,225.224000,2.349000,222.635000
14121,732.523000,331.801000,2.560000,313.742000
14122,897.908000,463.949000,2.110000,351.931000
14123,750.103000,434.489000,5.680000,337.061000
14124,672.084000,394.830000,8.080000,337.781000
14125,828.261000,483.189000,2.170000,342.441000
14126,945.818000,535.578000,4.600000,369.411000
14127,812.651000,454.799000,1.870000,340.542000
14128,732.553000,443.720000,3.320000,342.161000
14129,566.067000,307.324000,2.059000,244.595000
14130,554.068000,258.303000,4.149000,265.403000
14131,681.274000,314.392000,3.360000,317.142000
14132,840.160000,459.939000,2.059000,344.723000
14133,870.098000,461.489000,5.380000,348.581000
14134,858.020000,459.509000,2.130000,329.862000
14135,706.704000,465.009000,5.620000,377.880000
14136,762.111000,390.191000,2.980000,292.843000
14137,649.264000,387.972000,2.640000,321.692000
14138,798.411000,385.621000,7.200000,310.743000
14139,745.262000,445.199000,2.400000,324.843000
14140,675.354000,311.582000,2.480000,287.053000
14141,625.866000,310.752000,4.740000,265.733000
14142,787.591000,461.040000,2.011000,401.480000
14143,810.871000,465.109000,3.340000,363.112000
14144,684.612000,374.131000,2.160000,310.043000
14145,662.545000,412.621000,2.490000,317.603000
14146,640.114000,345.402000,2.490000,273.074000
14147,740.112000,466.190000,5.709000,350.780000
14148,639.715000,372.571000,4.279000,288.633000
14149,620.125000,349.411000,4.380000,280.484000
14150,776.921000,311.353000,10.359000,291.894000
14151,701.634000,308.592000,2.720000,308.683000
14152,780.930000,399.310000,1.469000,330.962000
14153,858.750000,452.219000,11.941000,407.130000
14154,786.071000,487.399000,2.860000,347.581000
14155,791.722000,463.300000,3.440000,354.491000
14156,727.803000,427.269000,2.010000,319.783000
14157,682.335000,388.692000,2.970000,293.392000
14158,753.302000,421.890000,1.750000,322.903000
14159,832.551000,522.297000,4.380000,403.041000
14160,757.413000,369.311000,2.170000,339.672000
14161,579.336000,238.374000,6.109000,257.114000
14162,845.011000,539.427000,1.680000,373.201000
14163,673.795000,366.321000,1.620000,330.322000
14164,740.083000,476.448000,1.610000,351.493000
14165,579.466000,305.802000,3.190000,261.344000
14166,806.491000,454.339000,4.920000,371.200000
14167,664.014000,363.021000,2.590000,312.193000
14168,643.864000,394.871000,1.970000,317.713000
14169,780.061000,451.070000,4.570000,368.381000
14170,531.407000,235.134000,4.470000,216.255000
14171,766.282000,379.930000,2.400000,343.821000
14172,771.402000,422.869000,7.610000,364.242000
14173,656.694000,356.032000,10.450000,334.951000
14174,597.046000,329.722000,2.900000,268.404000
14175,809.951000,442.330000,3.209000,348.731000
14176,716.574000,393.141000,1.569000,291.903000
14177,739.303000,451.989000,1.141000,355.711000
14178,619.845000,353.361000,1.520000,334.592000
14179,882.669000,479.878000,1.340000,336.092000
14180,594.996000,289.784000,2.320000,301.732000
14181,496.539000,247.055000,6.759000,238.195000
14182,762.122000,419.430000,3.529000,349.241000
14183,736.333000,422.270000,2.300000,361.033000
14184,676.123000,332.672000,7.870000,282.263000
14185,741.244000,419.171000,4.739000,326.293000
14186,713.073000,394.412000,1.750000,319.743000
14187,673.574000,370.651000,1.730000,298.242000
14188,651.595000,412.730000,1.240000,338.783000
14189,611.276000,351.611000,2.180000,285.383000
14190,778.621000,348.362000,11.440000,330.052000
14191,702.433000,315.262000,1.990000,274.384000
14192,811.781000,412.240000,1.290000,327.092000
14193,845.670000,466.189000,21.729000,360.201000
14194,648.265000,385.101000,8.450000,332.012000
14195,626.356000,345.372000,4.800000,279.682000
14196,528.208000,284.473000,3.490000,240.224000
14197,665.675000,373.751000,4.710000,305.553000
14198,629.175000,357.822000,2.491000,303.702000
14199,686.324000,347.452000,7.141000,285.043000
14200,608.626000,267.343000,12.080000,335.593000
14201,814.721000,395.691000,6.040000,357.161000
14202,676.704000,345.471000,4.021000,302.023000
14203,665.754000,415.241000,1.779000,318.113000
14204,813.181000,478.488000,1.590000,363.632000
14205,629.306000,319.443000,7.120000,257.454000
14206,838.920000,482.348000,2.480000,363.403000
14207,747.852000,424.440000,2.849000,336.332000
14208,663.175000,351.772000,46.489000,295.604000
14209,720.093000,388.101000,1.740000,323.293000
14210,637.836000,278.925000,6.409000,268.883000
14211,843.100000,369.671000,2.219000,307.824000
14212,672.414000,367.662000,4.510000,337.391000
14213,563.356000,278.544000,5.960000,241.684000
14214,787.851000,474.100000,2.450000,339.752000
14215,650.194000,387.410000,2.730000,303.763000
14216,692.094000,373.052000,3.729000,304.713000
14217,771.562000,431.150000,2.221000,321.143000
14218,744.663000,424.451000,21.029000,344.672000
14219,839.601000,475.558000,13.640000,364.271000
14220,692.924000,296.403000,16.979000,301.513000
14221,683.074000,340.612000,3.010000,308.753000
14222,742.042000,407.110000,5.200000,360.981000
14223,751.062000,417.940000,1.880000,324.122000
14224,705.294000,394.110000,1.030000,339.972000
14225,686.265000,434.399000,3.630000,331.742000
14226,632.866000,344.651000,7.380000,284.294000
14227,627.335000,361.392000,1.950000,282.594000
14228,794.641000,451.040000,5.671000,347.272000
14229,678.414000,346.982000,2.251000,272.074000
14230,685.395000,351.572000,1.970000,307.923000
14231,592.217000,285.533000,3.399000,268.954000
14232,711.393000,362.060000,2.149000,287.004000
14233,685.414000,403.051000,1.290000,335.342000
14234,870.081000,549.617000,5.080000,400.600000
14235,664.814000,375.701000,2.420000,268.514000
14236,735.674000,400.161000,1.509000,305.792000
14237,798.341000,453.749000,2.589000,333.451000
14238,822.821000,437.959000,2.140000,326.322000
14239,838.399000,519.638000,1.720000,364.311000
14240,732.002000,353.411000,1.731000,432.270000
14241,727.583000,353.612000,3.160000,296.714000
14242,803.933000,419.671000,1.829000,343.932000
14243,672.065000,348.932000,1.460000,296.762000
14244,569.718000,275.353000,2.160000,237.635000
14245,832.710000,460.109000,3.650000,347.361000
14246,679.674000,374.811000,3.630000,295.522000
14247,795.212000,468.590000,3.880000,346.292000
14248,862.660000,526.488000,2.040000,371.031000
14249,779.962000,429.611000,7.701000,359.382000
14250,779.682000,378.493000,3.640000,337.442000
14251,772.831000,370.431000,13.179000,334.532000
14252,813.151000,437.839000,12.369000,384.671000
14253,709.643000,426.660000,2.500000,338.111000
14254,586.366000,306.462000,1.370000,232.445000
14255,863.890000,429.300000,7.089000,340.742000
14256,762.612000,433.270000,3.230000,341.684000
14257,719.393000,399.230000,2.471000,327.363000
14258,667.654000,418.610000,1.820000,329.802000
14259,506.257000,262.943000,1.501000,233.365000
14260,662.675000,291.253000,6.180000,272.933000
14261,730.893000,349.962000,4.729000,308.312000
14262,922.499000,534.867000,16.159000,408.890000
14263,692.504000,403.320000,4.940000,327.342000
14264,752.793000,464.748000,3.090000,340.393000
14265,475.838000,218.905000,1.550000,200.575000
14266,665.865000,337.432000,5.659000,298.364000
14267,677.435000,422.199000,3.440000,337.003000
14268,823.000000,448.720000,1.640000,351.801000
14269,814.271000,482.629000,2.629000,375.042000
14270,651.465000,317.962000,12.490000,334.923000
14271,703.792000,409.130000,5.119000,355.271000
14272,782.412000,425.789000,5.329000,366.832000
14273,747.732000,410.000000,12.100000,356.901000
14274,793.381000,467.608000,9.400000,387.540000
14275,682.324000,402.330000,2.700000,338.422000
14276,781.252000,435.990000,1.740000,384.151000
14277,693.304000,382.440000,3.720000,287.904000
14278,655.494000,371.922000,1.540000,285.042000
14279,781.252000,462.239000,5.010000,404.901000
14280,665.245000,318.942000,2.630000,271.834000
14281,745.222000,403.671000,1.830000,374.412000
14282,622.616000,322.601000,4.111000,305.224000
14283,727.843000,430.750000,2.129000,341.242000
14284,894.059000,460.660000,14.590000,368.151000
14285,729.263000,399.080000,4.170000,352.242000
14286,814.830000,443.318000,4.320000,326.673000
14287,791.221000,435.580000,10.460000,356.091000
14288,729.992000,424.080000,2.560000,345.012000
14289,790.411000,395.070000,6.630000,298.583000
14290,820.560000,412.990000,18.098000,368.093000
14291,698.153000,355.822000,18.000000,298.073000
14292,517.277000,262.173000,7.431000,241.784000
14293,706.663000,385.451000,1.859000,387.821000
14294,780.502000,457.059000,1.800000,327.422000
14295,717.592000,387.312000,5.560000,334.062000
14296,744.192000,411.950000,6.971000,327.603000
14297,665.384000,333.004000,3.091000,275.773000
14298,824.180000,442.321000,10.270000,342.672000
14299,638.295000,330.303000,5.870000,278.122000
14300,746.062000,354.531000,2.880000,314.113000
14301,558.616000,273.284000,2.110000,269.993000
14302,480.169000,239.355000,1.951000,214.864000
14303,611.676000,310.272000,8.270000,260.014000
14304,619.656000,315.331000,4.919000,294.353000
14305,815.681000,472.419000,13.910000,360.361000
14306,696.664000,416.171000,4.920000,321.922000
14307,778.902000,461.710000,5.040000,396.441000
14308,672.544000,381.191000,4.320000,303.313000
14309,768.902000,443.590000,1.851000,340.062000
14310,853.260000,377.970000,3.960000,331.312000
14311,649.665000,282.013000,6.189000,243.274000
14312,810.291000,404.100000,3.700000,318.853000
14313,820.731000,478.967000,2.400000,340.722000
14314,829.031000,444.370000,5.540000,343.402000
14315,588.066000,302.933000,7.789000,269.834000
14316,907.939000,513.037000,2.959000,387.050000
14317,691.685000,393.181000,3.500000,320.312000
14318,791.021000,441.440000,2.580000,341.283000
14319,706.133000,438.759000,8.590000,366.341000
14320,614.486000,273.813000,22.520000,281.685000
14321,802.070000,393.131000,4.380000,330.413000
14322,693.214000,335.122000,1.231000,331.084000
14323,792.930000,473.849000,2.670000,346.171000
14324,596.976000,314.032000,3.360000,259.165000
14325,615.666000,337.363000,2.360000,272.294000
14326,724.504000,395.861000,6.651000,334.572000
14327,687.505000,355.412000,3.069000,290.242000
14328,614.765000,330.913000,2.579000,271.285000
14329,841.639000,540.798000,1.800000,436.230000
14330,621.916000,284.704000,4.290000,267.094000
14331,710.243000,373.260000,2.311000,338.313000
14332,718.762000,386.191000,10.531000,352.492000
14333,913.478000,403.482000,13.120000,334.383000
14334,754.443000,457.629000,3.210000,342.232000
14335,733.922000,402.180000,12.080000,382.711000
14336,613.475000,323.193000,12.000000,299.263000
14337,685.864000,393.451000,17.590000,362.041000
14338,780.932000,457.210000,2.760000,321.162000
14339,650.784000,312.793000,13.399000,284.673000
14340,826.691000,398.120000,4.389000,345.902000
14341,867.650000,443.009000,2.520000,392.511000
14342,487.569000,247.473000,4.510000,236.325000
14343,701.733000,357.622000,11.660000,302.852000
14344,644.425000,370.351000,3.830000,306.544000
14345,695.254000,387.771000,2.670000,329.062000
14346,791.332000,432.520000,14.920000,342.922000
14347,821.761000,431.200000,3.430000,349.252000
14348,596.455000,321.103000,1.480000,256.084000
14349,783.730000,457.399000,1.880000,345.242000
14350,676.055000,310.323000,11.560000,291.363000
14351,749.092000,366.971000,6.431000,323.184000
14352,727.333000,385.210000,5.249000,313.383000
14353,618.315000,353.881000,3.671000,285.423000
14354,669.714000,409.741000,1.720000,296.863000
14355,752.332000,417.750000,1.059000,323.683000
14356,784.782000,433.579000,4.971000,349.312000
14357,596.735000,340.662000,1.650000,291.744000
14358,682.424000,360.502000,3.769000,293.003000
14359,818.471000,427.459000,15.020000,356.902000
14360,905.458000,390.761000,16.940000,360.662000
14361,657.144000,319.803000,7.270000,291.613000
14362,697.034000,346.121000,4.460000,295.894000
14363,616.616000,337.171000,2.320000,298.293000
14364,716.074000,398.771000,7.650000,336.232000
14365,816.350000,469.749000,3.080000,337.111000
14366,674.924000,367.061000,5.270000,304.323000
14367,673.964000,385.872000,2.050000,288.413000
14368,746.863000,417.120000,17.730000,358.092000
14369,765.152000,409.880000,13.019000,340.902000
14370,952.158000,437.419000,13.890000,384.981000
14371,699.743000,323.172000,2.880000,282.593000
14372,601.946000,319.753000,1.870000,266.963000
14373,806.451000,457.589000,1.570000,386.731000
14374,736.893000,405.141000,1.790000,317.242000
14375,767.292000,450.909000,3.630000,348.282000
14376,762.084000,437.260000,7.599000,344.283000
14377,834.831000,452.008000,5.730000,350.452000
14378,685.723000,367.742000,4.030000,285.323000
14379,834.211000,483.299000,2.240000,345.971000
14380,520.338000,245.155000,4.470000,225.294000
14381,792.641000,384.940000,2.531000,348.633000
14382,1047.216000,629.225000,1.320000,462.418000
14383,554.428000,276.253000,1.860000,233.145000
14384,730.054000,441.139000,1.600000,321.264000
14385,782.362000,427.689000,5.680000,349.321000
14386,596.876000,329.233000,8.099000,286.272000
14387,828.001000,509.398000,13.010000,407.630000
14388,707.512000,426.670000,13.860000,331.742000
14389,726.854000,384.800000,4.690000,314.512000
14390,699.264000,324.032000,5.450000,322.103000
14391,745.382000,350.092000,3.560000,308.043000
14392,636.675000,339.581000,3.700000,327.172000
14393,769.783000,445.719000,2.271000,345.992000
14394,873.719000,483.569000,3.959000,365.921000
14395,632.644000,320.433000,1.990000,259.332000
14396,788.702000,395.521000,1.431000,321.392000
14397,612.216000,411.231000,2.910000,325.951000
14398,746.304000,410.270000,10.610000,345.272000
14399,752.882000,428.890000,3.360000,327.963000
14400,858.150000,416.321000,8.590000,360.652000
14401,787.082000,436.180000,9.179000,375.391000
14402,860.820000,437.020000,8.540000,355.171000
14403,762.722000,412.840000,3.720000,345.222000
14404,709.734000,368.321000,12.140000,333.832000
14405,706.284000,365.411000,19.780000,328.923000
14406,633.356000,332.934000,3.099000,254.193000
14407,768.062000,407.731000,4.590000,325.262000
14408,815.890000,453.660000,6.631000,368.602000
14409,765.473000,439.938000,2.720000,314.733000
14410,691.615000,343.622000,2.771000,303.973000
14411,738.393000,342.721000,1.989000,275.444000
14412,787.261000,421.531000,4.579000,340.743000
14413,726.213000,411.671000,2.700000,366.861000
14414,771.702000,457.089000,1.280000,343.771000
14415,748.724000,411.260000,4.899000,321.373000
14416,699.384000,381.181000,2.569000,321.703000
14417,777.132000,423.570000,12.700000,335.482000
14418,720.273000,423.890000,5.110000,336.832000
14419,737.223000,323.972000,11.930000,260.164000
14420,764.022000,395.610000,5.590000,338.741000
14421,572.887000,301.263000,3.800000,263.524000
14422,839.550000,399.020000,15.040000,351.962000
14423,653.674000,363.992000,2.301000,255.204000
14424,801.241000,523.257000,1.140000,340.943000
14425,802.701000,464.269000,6.720000,379.761000
14426,774.223000,421.651000,2.520000,330.831000
14427,728.773000,442.489000,1.469000,330.633000
14428,662.704000,361.862000,1.120000,282.903000
14429,587.297000,298.794000,2.540000,242.374000
14430,556.986000,273.215000,2.999000,296.143000
14431,647.244000,287.474000,4.090000,262.734000
14432,659.854000,333.663000,9.550000,309.932000
14433,768.862000,456.740000,2.530000,328.242000
14434,846.321000,513.087000,1.350000,369.212000
14435,821.801000,503.708000,1.640000,389.841000
14436,734.423000,398.911000,5.339000,315.762000
14437,696.194000,373.861000,1.900000,291.173000
14438,642.555000,334.313000,5.560000,290.763000
14439,733.483000,412.221000,7.550000,324.813000
14440,737.032000,347.321000,10.459000,339.343000
14441,799.981000,381.060000,3.580000,317.452000
14442,588.556000,294.074000,1.989000,261.154000
14443,684.983000,314.123000,12.709000,273.322000
14444,565.338000,335.182000,3.750000,278.695000
14445,707.913000,399.740000,2.779000,332.612000
14446,842.669000,450.869000,9.020000,359.221000
14447,594.797000,342.812000,20.619000,303.272000
14448,670.244000,420.500000,4.010000,302.223000
14449,787.091000,451.049000,5.169000,371.983000
14450,685.404000,340.832000,7.630000,320.652000
14451,670.243000,370.861000,2.130000,309.904000
14452,696.113000,402.350000,1.760000,332.453000
14453,819.871000,455.339000,6.301000,366.181000
14454,699.912000,415.440000,5.030000,359.922000
14455,668.474000,390.762000,10.979000,370.702000
14456,735.273000,351.191000,10.901000,304.054000
14457,731.602000,380.831000,4.300000,295.433000
14458,742.371000,381.361000,15.589000,312.433000
14459,687.723000,400.780000,2.460000,302.203000
14460,535.446000,291.043000,5.500000,298.052000
14461,756.082000,418.070000,2.461000,320.053000
14462,724.304000,378.921000,2.480000,328.482000
14463,776.641000,439.180000,3.380000,362.501000
14464,798.272000,469.418000,2.101000,340.812000
14465,773.081000,428.930000,1.360000,329.411000
14466,707.363000,403.471000,1.789000,334.892000
14467,725.131000,420.030000,1.390000,338.482000
14468,566.266000,264.404000,2.680000,220.245000
14469,611.585000,314.232000,1.480000,283.953000
14470,781.852000,349.882000,15.009000,327.212000
14471,784.362000,362.340000,6.341000,321.642000
14472,676.365000,394.810000,2.280000,325.133000
14473,733.023000,395.631000,4.910000,323.142000
14474,669.035000,381.111000,6.000000,332.072000
14475,498.358000,254.414000,6.400000,218.535000
14476,708.873000,416.690000,2.110000,327.593000
14477,794.631000,460.758000,2.700000,389.921000
14478,834.211000,485.189000,18.399000,385.221000
14479,794.021000,443.340000,3.670000,330.281000
14480,730.543000,352.712000,2.810000,317.852000
14481,671.965000,343.252000,5.570000,290.674000
14482,752.622000,409.881000,1.900000,351.511000
14483,789.902000,440.489000,1.850000,320.053000
14484,727.012000,445.289000,1.490000,358.021000
14485,700.974000,424.520000,1.389000,322.333000
14486,733.454000,427.479000,1.420000,360.361000
14487,487.669000,214.815000,2.080000,187.256000
14488,787.292000,431.270000,11.810000,352.491000
14489,689.104000,404.400000,2.920000,312.822000
14490,581.656000,260.435000,1.411000,248.853000
14491,413.611000,207.695000,3.260000,211.755000
14492,714.322000,305.543000,11.371000,313.501000
14493,664.714000,299.272000,6.359000,264.204000
14494,721.463000,415.520000,3.110000,329.182000
14495,753.051000,401.871000,3.810000,302.053000
14496,825.831000,482.068000,2.720000,371.951000
14497,732.713000,398.090000,2.690000,321.801000
14498,605.596000,310.683000,1.930000,252.515000
14499,769.772000,455.239000,1.501000,337.721000
14500,771.102000,355.643000,2.840000,341.042000
14501,649.115000,335.262000,1.949000,340.032000
14502,729.514000,370.281000,2.440000,338.803000
14503,680.295000,391.181000,1.889000,323.802000
14504,853.920000,498.109000,1.890000,378.691000
14505,704.885000,332.893000,4.510000,393.031000
14506,664.154000,338.631000,5.760000,299.954000
14507,775.242000,438.109000,1.600000,327.142000
14508,766.931000,432.310000,3.451000,344.392000
14509,737.843000,462.309000,1.820000,354.242000
14510,622.945000,288.083000,4.290000,286.044000
14511,799.981000,384.901000,3.860000,419.101000
14512,765.751000,403.142000,2.070000,287.833000
14513,765.552000,448.209000,1.971000,324.673000
14514,773.422000,424.660000,14.770000,363.221000
14515,604.746000,343.541000,5.980000,302.844000
14516,764.281000,433.930000,4.280000,345.201000
14517,1010.976000,369.971000,24.050000,311.123000
14518,750.451000,362.711000,12.541000,318.443000
14519,579.445000,331.231000,2.631000,277.423000
14520,720.662000,370.341000,1.500000,312.643000
14521,715.842000,410.500000,1.180000,350.022000
14522,604.555000,341.561000,3.171000,337.841000
14523,670.204000,398.420000,4.680000,335.412000
14524,796.982000,440.489000,5.699000,325.963000
14525,619.185000,355.021000,2.289000,306.353000
14526,768.032000,428.950000,2.080000,320.762000
14527,531.707000,290.014000,5.360000,252.815000
14528,516.628000,284.144000,17.409000,260.133000
14529,768.643000,418.329000,3.190000,308.082000
14530,733.712000,358.331000,4.631000,322.463000
14531,735.722000,347.093000,2.100000,318.852000
14532,535.047000,279.483000,1.600000,232.975000
14533,702.353000,433.880000,1.170000,336.133000
14534,651.374000,375.992000,1.600000,300.283000
14535,639.725000,345.172000,2.530000,293.434000
14536,731.862000,423.769000,3.000000,362.002000
14537,669.093000,363.163000,2.589000,287.903000
14538,745.493000,432.910000,2.179000,371.351000
14539,708.253000,407.310000,9.180000,328.873000
14540,595.286000,327.413000,2.160000,318.412000
14541,777.381000,381.391000,8.069000,348.752000
14542,780.951000,428.300000,4.380000,382.331000
14543,603.896000,309.993000,1.831000,254.643000
14544,828.760000,425.330000,12.349000,325.802000
14545,747.643000,387.211000,3.560000,308.792000
14546,673.694000,387.871000,1.510000,312.563000
14547,614.175000,303.933000,2.220000,272.913000
14548,719.152000,431.579000,1.250000,349.112000
14549,831.561000,511.939000,1.340000,378.870000
14550,639.286000,257.083000,5.030000,249.295000
14551,683.435000,326.283000,1.949000,295.514000
14552,654.564000,356.152000,3.620000,307.032000
14553,680.125000,378.411000,3.320000,301.443000
14554,601.905000,301.592000,4.901000,244.134000
14555,656.354000,348.782000,7.430000,282.324000
14556,826.101000,458.579000,4.590000,370.952000
14557,767.391000,424.959000,2.000000,395.341000
14558,710.013000,369.861000,17.931000,324.013000
14559,633.776000,356.862000,3.389000,286.094000
14560,802.422000,418.470000,2.319000,378.452000
14561,740.773000,377.781000,10.569000,326.703000
14562,786.742000,433.190000,4.200000,346.942000
14563,745.743000,466.318000,8.050000,385.651000
14564,725.713000,458.219000,2.520000,368.001000
14565,688.754000,423.070000,1.910000,331.563000
14566,738.352000,398.800000,12.910000,341.992000
14567,728.933000,395.891000,6.069000,323.623000
14568,573.426000,285.765000,3.691000,345.101000
14569,686.364000,407.781000,2.850000,361.191000
14570,685.825000,322.962000,6.669000,283.064000
14571,706.794000,350.462000,2.530000,322.512000
14572,852.240000,407.110000,2.080000,334.912000
14573,473.909000,222.936000,2.640000,185.956000
14574,825.240000,450.630000,17.971000,373.930000
14575,720.153000,410.961000,4.431000,354.263000
14576,717.272000,374.580000,14.870000,318.863000
14577,754.452000,423.400000,5.660000,306.612000
14578,631.945000,348.503000,5.790000,289.282000
14579,692.854000,380.801000,2.080000,318.022000
14580,783.351000,363.973000,5.080000,340.902000
14581,778.042000,389.891000,2.389000,343.913000
14582,668.254000,323.083000,9.920000,286.483000
14583,771.153000,472.678000,2.400000,350.662000
14584,612.366000,356.373000,2.140000,281.982000
14585,515.678000,293.363000,7.260000,255.855000
14586,543.037000,338.002000,2.970000,306.772000
14587,873.510000,540.707000,2.210000,396.951000
14588,799.641000,434.359000,1.229000,309.453000
14589,810.061000,464.890000,1.840000,340.311000
14590,621.175000,265.983000,1.640000,249.475000
14591,915.438000,417.630000,7.040000,350.182000
14592,650.704000,346.973000,2.120000,283.012000
14593,718.083000,417.850000,2.980000,314.392000
14594,649.085000,333.061000,2.360000,296.164000
14595,679.444000,499.617000,2.010000,309.024000
14596,723.192000,378.321000,3.570000,312.744000
14597,753.562000,407.211000,9.610000,329.432000
14598,720.764000,377.881000,2.530000,314.251000
14599,758.933000,396.401000,5.029000,320.352000
14600,580.986000,273.695000,2.889000,251.535000
14601,746.073000,432.639000,1.941000,339.881000
14602,830.700000,443.719000,3.810000,363.721000
14603,733.172000,422.449000,1.810000,362.502000
14604,723.983000,412.151000,1.950000,402.650000
14605,709.044000,404.181000,2.220000,310.533000
14606,671.065000,411.720000,3.090000,311.402000
14607,811.642000,456.999000,5.250000,352.262000
14608,808.731000,559.327000,1.720000,417.651000
14609,806.981000,459.748000,1.820000,361.172000
14610,713.153000,338.112000,1.629000,332.783000
14611,689.914000,365.050000,45.029000,346.291000
14612,647.924000,350.532000,8.220000,291.034000
14613,760.862000,472.549000,3.379000,353.852000
14614,767.301000,446.989000,2.511000,360.092000
14615,747.583000,347.361000,10.311000,304.833000
14616,454.319000,191.135000,2.790000,170.365000
14617,725.164000,419.271000,4.160000,327.842000
14618,536.967000,287.523000,3.030000,281.214000
14619,581.356000,346.992000,2.520000,284.734000
14620,611.475000,328.583000,2.560000,272.413000
14621,780.912000,403.930000,1.689000,319.463000
14622,734.812000,390.282000,1.590000,326.132000
14623,487.029000,248.904000,1.590000,210.275000
14624,641.635000,373.191000,11.069000,319.893000
14625,783.291000,447.320000,7.130000,348.791000
14626,776.671000,409.710000,2.500000,312.393000
14627,790.771000,464.118000,3.061000,369.813000
14628,678.404000,439.970000,3.930000,326.372000
14629,772.072000,404.201000,5.021000,372.450000
14630,682.355000,286.492000,2.760000,274.854000
14631,576.806000,277.214000,2.040000,274.473000
14632,637.505000,314.173000,2.740000,269.933000
14633,664.035000,351.252000,2.220000,313.423000
14634,706.103000,394.480000,1.630000,301.023000
14635,745.692000,430.680000,2.420000,339.502000
14636,650.894000,349.343000,1.850000,286.353000
14637,716.224000,420.070000,13.550000,340.732000
14638,694.015000,379.370000,3.290000,330.272000
14639,809.751000,427.280000,8.720000,359.823000
14640,858.799000,411.971000,5.840000,383.710000
14641,703.485000,363.672000,1.511000,299.303000
14642,780.671000,408.140000,1.280000,313.962000
14643,786.903000,421.179000,12.729000,335.253000
14644,722.493000,445.329000,3.430000,328.962000
14645,692.054000,372.651000,3.260000,325.553000
14646,696.653000,411.590000,5.310000,327.983000
14647,754.562000,442.910000,2.680000,348.991000
14648,636.545000,349.902000,4.781000,287.333000
14649,753.772000,437.449000,1.870000,334.011000
14650,553.986000,269.414000,2.070000,266.942000
14651,712.254000,375.390000,5.139000,322.362000
14652,768.812000,382.061000,11.000000,343.632000
14653,710.044000,398.910000,2.559000,307.793000
14654,682.655000,379.261000,5.291000,321.373000
14655,680.395000,357.692000,10.310000,314.334000
14656,493.648000,234.485000,8.061000,209.296000
14657,856.580000,477.777000,4.360000,379.693000
14658,574.977000,295.522000,2.300000,263.744000
14659,754.212000,414.961000,2.090000,323.713000
14660,696.374000,340.631000,1.920000,321.832000
14661,579.307000,269.862000,4.870000,277.004000
14662,631.196000,311.502000,1.459000,262.405000
14663,762.441000,391.010000,2.739000,314.213000
14664,686.054000,384.381000,3.160000,282.953000
14665,628.765000,333.362000,5.540000,300.202000
14666,855.559000,525.068000,2.259000,380.361000
14667,691.483000,345.723000,8.739000,314.732000
14668,896.439000,510.427000,9.101000,393.371000
14669,680.424000,361.561000,3.520000,292.674000
14670,780.111000,370.321000,2.670000,316.133000
14671,677.954000,349.981000,3.630000,386.482000
14672,604.346000,290.324000,4.030000,249.023000
14673,558.868000,340.172000,4.440000,307.583000
14674,732.362000,433.819000,3.160000,324.551000
14675,684.874000,406.470000,1.920000,319.142000
14676,755.922000,412.520000,4.640000,357.232000
14677,755.272000,356.291000,6.180000,305.243000
14678,853.220000,481.918000,2.140000,382.731000
14679,670.156000,332.552000,8.930000,278.944000
14680,666.474000,346.992000,2.900000,313.032000
14681,838.990000,454.780000,4.520000,378.411000
14682,667.695000,347.132000,3.789000,275.543000
14683,761.123000,480.360000,3.850000,351.431000
14684,652.404000,389.910000,3.620000,328.881000
14685,800.531000,449.799000,3.371000,376.300000
14686,769.742000,441.830000,4.700000,340.613000
14687,586.817000,288.492000,3.700000,246.814000
14688,751.232000,363.882000,5.219000,305.743000
14689,780.961000,381.422000,15.750000,324.672000
14690,815.640000,405.170000,4.440000,331.152000
14691,617.726000,287.323000,1.661000,247.382000
14692,920.278000,514.727000,5.319000,380.523000
14693,677.974000,317.283000,19.710000,277.623000
14694,494.589000,253.084000,14.138000,234.905000
14695,707.914000,421.430000,2.270000,351.301000
14696,720.024000,415.159000,43.949000,329.643000
14697,634.885000,337.392000,2.010000,279.544000
14698,660.813000,345.753000,1.250000,292.472000
14699,844.639000,481.779000,1.790000,343.461000
14700,694.054000,294.453000,2.299000,282.934000
14701,835.560000,363.742000,3.910000,308.562000
14702,763.783000,375.412000,3.050000,320.581000
14703,536.667000,261.215000,2.160000,223.336000
14704,856.361000,516.588000,7.829000,417.739000
14705,507.088000,254.715000,1.840000,226.883000
14706,767.303000,433.830000,9.971000,344.582000
14707,625.535000,332.521000,4.410000,291.094000
14708,601.906000,335.841000,2.920000,272.264000
14709,828.181000,478.519000,3.120000,357.453000
14710,626.166000,275.334000,7.320000,283.962000
14711,762.043000,405.320000,3.581000,326.401000
14712,781.941000,378.581000,1.320000,308.983000
14713,438.780000,213.095000,0.800000,217.954000
14714,606.466000,380.751000,1.260000,371.002000
14715,726.643000,467.338000,5.510000,378.412000
14716,807.811000,483.247000,2.210000,331.143000
14717,387.722000,165.307000,6.180000,166.626000
14718,701.163000,369.961000,4.889000,306.083000
14719,677.644000,375.692000,1.680000,306.204000
14720,849.429000,388.782000,1.980000,335.692000
14721,578.846000,276.493000,2.331000,281.783000
14722,663.515000,319.282000,5.860000,304.203000
14723,653.145000,370.281000,4.600000,288.623000
14724,804.200000,431.180000,5.230000,342.372000
14725,750.722000,398.390000,5.471000,305.654000
14726,782.561000,424.970000,4.180000,336.652000
14727,874.199000,503.648000,6.720000,366.811000
14728,766.503000,412.920000,5.760000,314.562000
14729,770.322000,435.009000,3.570000,341.462000
14730,756.201000,330.923000,6.990000,293.023000
14731,712.704000,330.981000,5.890000,307.503000
14732,703.634000,370.461000,1.590000,320.302000
14733,764.221000,407.430000,2.440000,306.424000
14734,761.482000,459.809000,3.780000,350.191000
14735,744.491000,415.291000,11.531000,332.643000
14736,726.613000,336.841000,6.960000,284.204000
14737,672.425000,357.931000,6.840000,298.174000
14738,775.722000,432.320000,3.680000,329.851000
14739,771.571000,424.130000,2.430000,324.972000
14740,661.744000,293.193000,2.410000,297.723000
14741,555.367000,302.593000,5.790000,272.934000
14742,808.070000,411.630000,3.040000,342.032000
14743,490.709000,228.775000,4.060000,210.955000
14744,715.933000,392.570000,4.450000,309.024000
14745,773.182000,495.829000,5.980000,363.031000
14746,536.347000,273.174000,3.130000,232.204000
14747,756.131000,429.719000,20.300000,333.402000
14748,749.632000,422.199000,4.200000,312.284000
14749,747.562000,425.380000,2.720000,309.883000
14750,841.480000,407.800000,1.869000,325.522000
14751,768.122000,447.651000,1.200000,333.742000
14752,808.601000,479.479000,5.050000,350.352000
14753,682.773000,338.912000,14.469000,281.474000
14754,787.851000,428.100000,10.580000,364.491000
14755,735.112000,407.701000,2.890000,313.183000
14756,731.612000,399.071000,1.640000,325.752000
14757,778.233000,441.119000,9.709000,348.632000
14758,720.333000,374.341000,12.990000,311.943000
14759,813.261000,477.249000,7.909000,390.971000
14760,720.444000,368.551000,15.680000,314.292000
14761,379.041000,161.867000,3.560000,159.926000
14762,596.016000,277.584000,1.400000,237.854000
14763,612.676000,294.583000,1.591000,254.663000
14764,507.228000,288.454000,2.000000,234.365000
14765,758.922000,409.140000,3.880000,319.663000
14766,583.266000,297.522000,4.560000,258.514000
14767,586.166000,340.803000,2.011000,300.762000
14768,764.642000,441.139000,1.261000,332.913000
14769,660.154000,372.512000,10.390000,340.412000
14770,818.621000,397.011000,2.230000,344.743000
14771,620.465000,325.272000,1.250000,281.084000
14772,571.736000,281.353000,1.160000,256.624000
14773,782.601000,368.751000,13.379000,312.604000
14774,786.852000,449.789000,3.670000,342.632000
14775,787.081000,408.661000,3.849000,319.604000
14776,666.814000,342.672000,7.920000,294.603000
14777,846.300000,476.979000,2.180000,366.631000
14778,889.090000,482.398000,3.091000,355.642000
14779,850.399000,477.709000,2.650000,421.630000
14780,911.948000,390.141000,5.380000,352.353000
14781,808.331000,409.870000,6.469000,385.740000
14782,553.087000,278.234000,2.360000,232.864000
14783,594.696000,359.810000,3.520000,263.245000
14784,684.943000,389.461000,2.819000,309.853000
14785,758.853000,420.240000,1.430000,310.972000
14786,580.546000,318.072000,1.350000,260.834000
14787,622.555000,311.291000,2.210000,262.284000
14788,621.146000,359.961000,1.260000,302.743000
14789,723.583000,408.870000,1.939000,320.813000
14790,708.164000,396.741000,1.790000,327.322000
14791,763.852000,371.161000,2.020000,330.091000
14792,667.494000,376.560000,2.160000,309.833000
14793,670.804000,366.051000,2.980000,284.433000
14794,773.473000,428.270000,3.169000,325.622000
14795,824.440000,458.688000,9.740000,366.621000
14796,580.967000,288.512000,2.991000,239.985000
14797,918.949000,514.847000,5.910000,376.191000
14798,691.203000,356.781000,2.659000,284.403000
14799,743.613000,411.790000,10.380000,351.312000
14800,761.012000,347.142000,2.850000,311.362000
14801,835.470000,404.960000,2.120000,348.881000
14802,792.651000,446.080000,2.369000,353.952000
14803,742.973000,416.891000,2.381000,314.142000
14804,712.734000,414.331000,2.810000,324.533000
14805,730.744000,396.861000,5.131000,334.661000
14806,603.006000,297.333000,4.379000,286.544000
14807,407.010000,202.725000,5.800000,182.096000
14808,663.676000,348.042000,3.040000,307.613000
14809,729.492000,371.622000,3.040000,282.754000
14810,720.342000,326.142000,2.270000,320.412000
14811,631.256000,323.362000,1.630000,297.154000
14812,581.016000,236.355000,4.200000,237.565000
14813,659.175000,375.482000,2.640000,307.032000
14814,816.501000,529.647000,1.750000,355.041000
14815,723.024000,431.710000,1.710000,367.471000
14816,534.406000,250.534000,6.070000,242.634000
14817,746.082000,410.461000,2.499000,316.774000
14818,713.194000,388.242000,9.369000,306.184000
14819,688.183000,360.472000,7.070000,281.873000
14820,704.774000,318.891000,6.330000,299.643000
14821,630.585000,321.743000,10.590000,303.982000
14822,796.932000,409.150000,2.830000,357.842000
14823,899.679000,503.879000,1.309000,362.992000
14824,717.634000,398.181000,1.860000,314.853000
14825,606.985000,384.920000,4.230000,312.104000
14826,710.943000,371.452000,2.170000,306.314000
14827,605.936000,318.372000,3.400000,278.093000
14828,806.511000,482.919000,1.630000,344.651000
14829,699.082000,411.899000,2.451000,318.633000
14830,833.001000,398.711000,5.500000,345.042000
14831,729.852000,354.442000,1.501000,302.272000
14832,704.323000,359.502000,1.620000,342.422000
14833,710.733000,415.390000,4.729000,312.091000
14834,791.551000,416.950000,2.350000,329.393000
14835,843.690000,494.208000,3.941000,351.901000
14836,792.342000,426.300000,2.049000,322.402000
14837,669.825000,376.341000,1.769000,307.122000
14838,861.439000,447.579000,1.480000,319.242000
14839,626.225000,335.352000,8.299000,313.892000
14840,823.641000,408.980000,8.480000,362.701000
14841,955.318000,423.050000,19.648000,348.272000
14842,802.080000,400.141000,3.560000,326.302000
14843,768.002000,444.909000,2.199000,341.313000
14844,848.140000,459.108000,8.061000,350.113000
14845,647.335000,324.033000,2.421000,344.811000
14846,851.500000,506.578000,1.069000,372.213000
14847,787.131000,405.301000,2.100000,307.193000
14848,814.101000,454.440000,5.010000,341.132000
14849,747.263000,389.650000,2.620000,317.372000
14850,808.051000,399.941000,21.329000,347.591000
14851,697.144000,321.372000,10.120000,301.103000
14852,833.271000,440.969000,4.230000,338.763000
14853,813.901000,434.108000,5.000000,329.103000
14854,784.861000,435.540000,2.120000,324.031000
14855,702.563000,423.219000,2.590000,359.722000
14856,791.241000,442.829000,1.429000,310.953000
14857,804.121000,473.899000,4.060000,361.901000
14858,664.935000,330.522000,2.880000,261.165000
14859,812.932000,447.740000,3.280000,340.632000
14860,523.858000,223.555000,4.750000,231.324000
14861,638.505000,288.832000,3.151000,260.094000
14862,707.843000,341.081000,2.250000,303.522000
14863,746.523000,378.311000,1.380000,330.942000
14864,590.977000,293.982000,3.231000,240.035000
14865,688.244000,394.161000,6.591000,312.202000
14866,907.550000,511.078000,15.110000,389.160000
14867,711.873000,393.051000,5.589000,327.021000
14868,739.632000,421.940000,2.470000,328.502000
14869,594.757000,348.741000,2.380000,293.613000
14870,734.612000,344.292000,9.411000,319.084000
14871,713.724000,363.882000,4.330000,327.713000
14872,857.540000,496.678000,2.290000,390.451000
14873,866.790000,448.939000,7.180000,348.781000
14874,782.082000,466.179000,2.160000,320.652000
14875,826.351000,430.760000,15.939000,341.502000
14876,761.841000,401.351000,3.720000,334.322000
14877,766.392000,465.698000,2.869000,357.221000
14878,862.960000,520.788000,11.310000,410.921000
14879,645.074000,325.342000,2.670000,261.544000
14880,782.072000,374.081000,1.340000,312.253000
14881,741.722000,359.682000,2.049000,313.184000
14882,627.556000,347.102000,3.399000,306.063000
14883,677.565000,400.400000,1.490000,322.823000
14884,804.792000,444.890000,2.670000,338.862000
14885,550.427000,304.724000,2.730000,228.695000
14886,916.598000,539.846000,1.560000,358.422000
14887,835.640000,494.009000,5.749000,362.221000
14888,743.562000,482.309000,6.711000,372.111000
14889,582.506000,342.801000,4.500000,268.314000
14890,821.070000,381.031000,1.920000,408.761000
14891,712.893000,334.432000,5.950000,325.273000
14892,761.882000,526.767000,2.010000,371.001000
14893,556.848000,264.984000,4.571000,247.093000
14894,779.162000,423.690000,4.220000,323.313000
14895,842.470000,474.638000,1.789000,363.011000
14896,657.615000,301.634000,2.259000,274.524000
14897,681.974000,387.741000,2.111000,309.304000
14898,651.244000,382.973000,6.289000,304.402000
14899,746.573000,434.280000,9.010000,354.002000
14900,758.601000,406.021000,2.960000,330.542000
14901,578.445000,247.075000,1.800000,229.505000
14902,436.590000,203.355000,6.209000,202.746000
14903,712.392000,376.901000,2.169000,328.442000
14904,674.535000,386.530000,4.850000,322.742000
14905,724.323000,414.980000,2.670000,341.232000
14906,819.710000,440.139000,3.380000,388.350000
14907,660.385000,341.001000,6.850000,281.963000
14908,714.413000,463.790000,2.489000,365.751000
14909,769.471000,437.990000,4.460000,333.062000
14910,637.775000,315.622000,1.960000,274.094000
14911,827.521000,381.571000,9.150000,333.172000
14912,836.032000,470.289000,10.889000,416.160000
14913,632.665000,368.441000,5.229000,294.043000
14914,694.363000,384.391000,2.680000,281.694000
14915,517.689000,252.713000,1.990000,219.145000
14916,862.980000,474.789000,3.790000,435.650000
14917,727.582000,398.821000,2.200000,346.263000
14918,789.502000,464.918000,4.260000,338.052000
14919,534.688000,260.604000,4.131000,232.475000
14920,527.857000,250.984000,3.091000,244.383000
14921,745.202000,358.481000,6.440000,345.772000
14922,784.402000,437.989000,2.150000,398.500000
14923,640.094000,380.591000,1.410000,312.644000
14924,675.805000,377.701000,5.181000,316.531000
14925,567.587000,318.353000,8.790000,302.312000
14926,800.411000,446.830000,12.380000,364.741000
14927,596.255000,344.633000,2.980000,303.482000
14928,767.412000,464.278000,1.280000,326.513000
14929,615.776000,355.971000,3.300000,285.753000
14930,738.833000,437.830000,2.800000,337.822000
14931,517.528000,239.605000,1.941000,219.896000
14932,817.251000,426.590000,1.610000,356.381000
14933,804.680000,480.349000,1.830000,357.992000
14934,670.424000,413.031000,1.219000,309.073000
14935,673.204000,368.181000,2.920000,312.263000
14936,539.358000,277.154000,2.230000,228.965000
14937,624.325000,330.342000,1.040000,262.144000
14938,727.982000,418.790000,4.320000,355.561000
14939,674.314000,372.561000,2.490000,298.074000
14940,715.613000,328.824000,5.701000,317.733000
14941,804.261000,402.400000,3.850000,350.811000
14942,728.423000,418.690000,1.550000,369.751000
14943,708.894000,438.518000,3.050000,340.713000
14944,662.814000,374.660000,1.909000,315.613000
14945,773.382000,385.332000,13.170000,322.433000
14946,751.212000,397.210000,3.000000,352.221000
14947,642.124000,320.622000,1.350000,265.703000
14948,863.280000,559.217000,1.240000,358.832000
14949,686.183000,415.780000,1.300000,324.782000
14950,659.414000,306.283000,8.940000,291.582000
14951,741.502000,369.632000,14.449000,318.802000
14952,624.146000,387.040000,3.570000,321.272000
14953,720.454000,411.630000,3.431000,318.472000
14954,584.997000,349.131000,1.870000,286.793000
14955,793.691000,451.209000,2.100000,354.212000
14956,649.354000,320.873000,4.629000,276.072000
14957,725.263000,379.981000,2.929000,299.064000
14958,510.017000,295.324000,1.400000,265.193000
14959,693.925000,375.260000,1.151000,312.353000
14960,813.341000,405.230000,1.659000,336.493000
14961,618.925000,303.883000,1.860000,259.123000
14962,661.675000,340.701000,1.171000,273.794000
14963,586.167000,320.902000,1.369000,302.133000
14964,613.366000,362.493000,1.471000,293.062000
14965,550.727000,317.062000,17.900000,291.703000
14966,684.363000,417.230000,4.640000,302.344000
14967,696.473000,396.311000,4.070000,320.974000
14968,842.290000,415.451000,13.941000,357.232000
14969,649.345000,362.351000,3.520000,305.223000
14970,610.415000,310.603000,1.410000,300.562000
14971,465.359000,211.014000,19.180000,207.685000
14972,931.298000,462.089000,16.710000,392.200000
14973,833.950000,439.179000,18.360000,372.571000
14974,795.401000,441.619000,8.100000,342.872000
14975,606.845000,354.152000,2.110000,293.103000
14976,730.443000,405.041000,1.120000,310.713000
14977,765.772000,442.399000,1.200000,351.411000
14978,715.693000,427.320000,1.520000,328.272000
14979,745.791000,403.162000,10.649000,338.482000
14980,776.012000,371.252000,3.469000,313.153000
14981,659.364000,309.403000,2.379000,289.294000
14982,670.473000,321.322000,3.539000,283.564000
14983,556.117000,283.543000,1.901000,226.295000
14984,694.704000,485.209000,1.450000,366.191000
14985,743.292000,406.361000,3.099000,331.842000
14986,697.695000,373.802000,2.411000,283.773000
14987,834.520000,468.418000,7.760000,380.752000
14988,712.033000,395.539000,2.640000,320.333000
14989,863.260000,473.818000,6.880000,373.172000
14990,708.963000,353.481000,2.770000,327.953000
14991,731.923000,369.901000,1.210000,355.992000
14992,584.706000,363.481000,6.400000,332.351000
14993,713.084000,382.021000,2.981000,295.843000
14994,813.072000,487.877000,2.770000,352.101000
14995,785.022000,460.909000,2.790000,406.601000
14996,748.603000,434.549000,1.860000,316.633000
14997,856.510000,486.778000,1.520000,409.830000
14998,775.552000,452.418000,1.160000,353.783000
14999,742.251000,407.320000,2267.717000,449.949000
15000,844.690000,432.390000,49.787000,370.893000
15001,689.122000,371.071000,14.811000,378.931000
15002,892.819000,463.590000,2.930000,360.981000
15003,661.294000,382.900000,3.379000,311.723000
15004,621.705000,349.893000,11.360000,289.233000
15005,862.020000,450.199000,5.710000,356.641000
15006,741.182000,597.936000,2.570000,342.373000
15007,555.687000,304.433000,9.399000,273.924000
15008,745.942000,465.579000,4.220000,361.852000
15009,665.224000,389.061000,4.320000,329.803000
15010,666.725000,312.672000,3.421000,291.773000
15011,805.651000,393.411000,5.680000,376.280000
15012,737.083000,401.162000,1.950000,340.942000
15013,717.453000,429.220000,2.300000,309.573000
15014,637.596000,361.010000,1.651000,283.663000
15015,613.245000,322.812000,1.530000,257.224000
15016,549.707000,269.974000,0.900000,223.185000
15017,755.982000,428.181000,1.840000,324.162000
15018,664.214000,394.410000,1.150000,335.572000
15019,665.905000,384.321000,2.090000,328.401000
15020,812.151000,370.901000,2.920000,343.972000
15021,713.412000,385.401000,2.159000,311.134000
15022,731.262000,392.870000,3.449000,302.023000
15023,714.343000,450.799000,1.631000,327.753000
15024,683.173000,415.280000,2.831000,344.992000
15025,663.754000,358.233000,3.170000,287.643000
15026,553.396000,303.772000,5.490000,253.914000
15027,701.952000,452.980000,12.810000,356.621000
15028,442.520000,259.704000,4.020000,245.424000
15029,832.350000,463.099000,5.360000,363.041000
15030,819.631000,375.941000,10.160000,324.323000
15031,780.022000,383.951000,9.900000,355.291000
15032,842.159000,523.377000,2.711000,406.900000
15033,695.804000,396.671000,1.799000,328.563000
15034,801.322000,484.209000,1.830000,342.783000
15035,724.382000,422.590000,7.531000,348.881000
15036,603.096000,326.063000,3.351000,276.673000
15037,684.584000,409.409000,1.720000,311.663000
15038,554.286000,303.714000,5.420000,275.403000
15039,554.088000,266.902000,5.771000,241.943000
15040,575.637000,315.602000,5.779000,271.694000
15041,712.533000,362.142000,3.798000,327.743000
15042,802.931000,383.791000,4.940000,340.552000
15043,857.260000,572.137000,2.110000,414.370000
15044,595.826000,314.404000,1.430000,266.355000
15045,682.283000,374.101000,3.910000,279.264000
15046,773.121000,397.421000,3.000000,346.042000
15047,645.593000,363.962000,1.710000,282.033000
15048,758.033000,392.991000,4.371000,368.690000
15049,621.765000,343.352000,2.291000,278.983000
15050,709.522000,321.843000,16.220000,323.182000
15051,415.730000,189.465000,2.700000,212.835000
15052,557.567000,260.014000,3.690000,242.284000
15053,514.098000,280.343000,1.781000,255.944000
15054,868.249000,498.978000,2.899000,334.742000
15055,616.715000,282.424000,18.729000,252.973000
15056,900.119000,510.129000,16.680000,439.928000
15057,668.575000,362.860000,3.120000,300.533000
15058,653.995000,309.322000,2.100000,252.684000
15059,765.492000,459.059000,3.191000,332.702000
15060,763.111000,374.232000,2.850000,339.962000
15061,813.461000,457.039000,1.530000,369.191000
15062,763.183000,414.530000,2.110000,338.422000
15063,796.160000,471.260000,3.311000,397.602000
15064,716.253000,436.480000,1.589000,349.942000
15065,778.873000,435.578000,8.750000,343.583000
15066,731.102000,356.401000,19.790000,302.704000
15067,607.447000,299.263000,4.910000,250.975000
15068,828.851000,449.369000,2.540000,326.682000
15069,702.284000,393.680000,1.661000,290.763000
15070,620.736000,291.143000,1.509000,263.184000
15071,826.120000,418.120000,6.130000,400.660000
15072,662.124000,314.813000,13.300000,291.934000
15073,832.680000,487.738000,3.280000,394.850000
15074,702.344000,395.431000,1.650000,312.642000
15075,782.203000,428.619000,1.600000,331.493000
15076,639.925000,393.840000,1.160000,306.362000
15077,883.920000,571.476000,2.860000,395.190000
15078,723.623000,431.570000,1.340000,322.662000
15079,736.312000,420.240000,0.861000,318.532000
15080,791.832000,392.941000,1.850000,369.803000
15081,741.752000,361.380000,3.329000,306.693000
15082,736.582000,408.451000,2.099000,354.682000
15083,819.921000,505.699000,2.090000,370.511000
15084,675.265000,378.591000,3.821000,299.393000
15085,754.403000,436.200000,6.520000,318.402000
15086,819.641000,480.089000,50.707000,388.292000
15087,837.190000,435.550000,12.139000,364.092000
15088,665.545000,369.071000,2.220000,285.854000
15089,726.073000,410.880000,2.520000,335.522000
15090,845.589000,423.360000,5.610000,360.502000
15091,725.492000,419.529000,1.669000,324.682000
15092,766.183000,481.198000,1.290000,343.263000
15093,628.035000,351.221000,1.149000,286.763000
15094,755.013000,537.507000,1.480000,349.102000
15095,708.374000,386.091000,2.389000,317.372000
15096,656.445000,382.701000,1.411000,328.022000
15097,757.761000,459.980000,5.089000,336.182000
15098,804.051000,484.579000,2.010000,340.232000
15099,657.014000,357.841000,1.099000,287.834000
15100,817.150000,365.881000,1.690000,330.192000
15101,757.933000,384.781000,1.979000,343.351000
15102,666.675000,336.022000,2.120000,285.374000
15103,673.654000,423.470000,1.830000,323.303000
15104,767.412000,439.390000,1.501000,324.792000
15105,679.024000,348.141000,2.650000,299.574000
15106,731.512000,409.860000,2.089000,309.212000
15107,565.776000,283.244000,5.759000,241.244000
15108,816.181000,482.709000,8.840000,367.450000
15109,673.074000,352.771000,6.379000,304.532000
15110,662.095000,311.262000,2.890000,292.982000
15111,672.654000,356.971000,11.640000,317.204000
15112,695.423000,368.391000,4.451000,326.652000
15113,803.021000,467.729000,2.080000,397.890000
15114,757.132000,479.379000,1.340000,356.321000
15115,672.024000,412.500000,1.570000,330.743000
15116,705.083000,386.403000,1.369000,287.063000
15117,750.512000,391.212000,3.248000,305.433000
15118,803.961000,452.350000,1.821000,334.432000
15119,765.092000,431.060000,0.949000,349.562000
15120,548.027000,244.494000,5.061000,277.494000
15121,690.613000,353.232000,3.139000,307.734000
15122,672.084000,354.562000,5.050000,350.051000
15123,729.024000,437.169000,2.530000,346.493000
15124,670.803000,403.790000,1.619000,319.513000
15125,615.185000,325.862000,1.480000,367.052000
15126,750.022000,404.220000,4.840000,304.723000
15127,952.529000,500.668000,19.069000,411.101000
15128,835.870000,518.568000,4.549000,401.812000
15129,731.922000,415.240000,2.610000,335.932000
15130,579.977000,279.733000,6.930000,250.075000
15131,812.912000,406.810000,4.609000,339.582000
15132,709.723000,388.711000,2.510000,313.462000
15133,581.766000,306.593000,6.520000,245.245000
15134,763.281000,454.790000,3.720000,338.431000
15135,640.975000,338.261000,3.640000,274.664000
15136,885.810000,484.799000,2.609000,358.011000
15137,763.462000,434.040000,1.351000,345.902000
15138,570.267000,279.843000,2.111000,254.085000
15139,828.891000,454.079000,2.110000,334.861000
15140,807.000000,419.841000,5.160000,333.892000
15141,801.671000,389.990000,1.630000,371.811000
15142,782.842000,413.581000,8.580000,352.002000
15143,851.350000,471.338000,2.291000,339.622000
15144,788.791000,445.229000,6.160000,349.182000
15145,926.048000,433.150000,18.140000,337.571000
15146,709.004000,394.410000,6.171000,325.721000
15147,626.285000,404.521000,1.650000,331.963000
15148,689.943000,362.412000,1.080000,281.873000
15149,746.832000,403.500000,3.500000,304.224000
15150,685.043000,367.701000,2.560000,322.122000
15151,1054.136000,482.149000,18.729000,430.909000
15152,773.983000,391.731000,4.149000,309.072000
15153,756.233000,530.707000,1.540000,343.281000
15154,710.423000,387.671000,3.240000,302.322000
15155,669.824000,402.170000,2.170000,321.663000
15156,738.452000,403.950000,1.211000,308.012000
15157,649.845000,371.890000,1.830000,310.543000
15158,770.982000,434.309000,1.250000,328.513000
15159,719.233000,413.170000,11.140000,361.531000
15160,881.870000,411.321000,3.071000,377.900000
15161,769.441000,409.301000,1.421000,329.833000
15162,730.382000,428.379000,4.720000,331.152000
15163,845.590000,516.798000,1.821000,352.871000
15164,822.861000,581.487000,1.040000,398.890000
15165,663.875000,365.021000,1.710000,314.223000
15166,729.832000,407.961000,1.450000,319.363000
15167,673.613000,439.150000,1.940000,292.614000
15168,683.063000,392.700000,1.501000,343.032000
15169,619.696000,316.933000,5.949000,266.794000
15170,729.443000,321.753000,9.180000,288.183000
15171,573.886000,254.524000,4.270000,278.763000
15172,632.236000,359.911000,4.470000,328.481000
15173,782.573000,423.740000,2.780000,333.073000
15174,667.675000,408.361000,18.529000,336.443000
15175,773.593000,511.858000,6.200000,384.902000
15176,713.382000,410.890000,2.200000,317.793000
15177,649.533000,358.053000,1.670000,297.733000
15178,651.064000,423.420000,1.851000,344.832000
15179,621.336000,400.920000,1.250000,335.572000
15180,676.365000,340.793000,1.550000,305.962000
15181,596.496000,285.503000,2.030000,254.474000
15182,820.841000,446.750000,1.520000,339.862000
15183,625.155000,316.721000,15.501000,286.824000
15184,668.654000,370.862000,4.589000,321.651000
15185,795.241000,463.919000,6.710000,401.571000
15186,722.784000,420.269000,1.810000,320.053000
15187,747.172000,421.050000,2.080000,316.233000
15188,595.746000,336.842000,2.191000,273.203000
15189,571.457000,314.142000,3.300000,283.884000
15190,664.645000,324.132000,5.530000,323.542000
15191,848.550000,457.659000,1.901000,371.161000
15192,579.295000,261.294000,3.109000,231.715000
15193,615.555000,302.513000,5.779000,273.874000
15194,755.392000,434.130000,1.809000,343.131000
15195,817.611000,455.400000,2.211000,405.090000
15196,859.560000,451.929000,2.180000,372.121000
15197,683.784000,345.412000,2.520000,287.104000
15198,650.675000,346.713000,2.650000,323.312000
15199,458.379000,218.585000,4.500000,198.675000
15200,761.201000,337.722000,21.499000,329.073000
15201,715.602000,324.433000,4.508000,292.573000
15202,592.976000,268.184000,1.910000,238.684000
15203,715.092000,421.251000,2.450000,333.462000
15204,597.327000,307.042000,6.620000,275.494000
15205,797.801000,449.180000,2.120000,344.532000
15206,784.101000,457.099000,15.850000,380.750000
15207,666.325000,366.432000,2.779000,313.012000
15208,706.583000,395.880000,2.131000,315.073000
15209,756.332000,538.858000,4.981000,353.733000
15210,660.305000,321.763000,7.090000,335.323000
15211,664.104000,319.142000,2.000000,293.283000
15212,804.851000,437.739000,3.219000,348.873000
15213,755.322000,468.429000,4.520000,352.662000
15214,758.502000,445.199000,3.760000,349.782000
15215,539.468000,279.633000,9.160000,263.674000
15216,732.252000,394.061000,10.150000,352.013000
15217,592.656000,340.622000,2.151000,303.163000
15218,490.879000,229.475000,2.439000,215.065000
15219,758.162000,437.070000,1.510000,301.323000
15220,496.979000,260.204000,2.829000,246.735000
15221,731.414000,359.811000,5.680000,323.592000
15222,749.713000,388.541000,9.999000,333.482000
15223,789.551000,443.370000,2.250000,330.672000
15224,727.993000,419.059000,1.499000,342.741000
15225,778.171000,401.511000,7.940000,345.282000
15226,786.930000,465.949000,2.990000,343.653000
15227,550.976000,316.283000,1.850000,276.963000
15228,682.305000,420.290000,0.830000,335.432000
15229,696.284000,416.521000,4.090000,335.152000
15230,694.575000,331.442000,3.460000,299.113000
15231,682.925000,310.323000,7.930000,292.223000
15232,655.025000,346.862000,2.600000,321.734000
15233,731.832000,420.730000,1.610000,326.862000
15234,628.906000,367.631000,6.240000,303.743000
15235,716.143000,443.879000,4.030000,336.463000
15236,781.152000,452.909000,3.850000,346.402000
15237,718.813000,386.390000,14.929000,329.113000
15238,727.012000,369.431000,10.100000,301.253000
15239,728.403000,396.000000,6.750000,316.073000
15240,620.796000,304.453000,7.581000,301.153000
15241,717.043000,351.421000,16.720000,350.552000
15242,601.946000,326.092000,14.009000,305.003000
15243,635.655000,335.383000,9.099000,298.302000
15244,539.698000,340.612000,2.699000,286.042000
15245,848.750000,508.328000,2.229000,378.382000
15246,850.500000,474.869000,4.010000,396.022000
15247,900.448000,463.669000,21.389000,387.930000
15248,702.093000,400.421000,3.709000,303.743000
15249,788.501000,440.750000,9.000000,365.521000
15250,795.042000,360.992000,3.970000,319.162000
15251,629.116000,348.451000,1.370000,259.575000
15252,624.225000,336.032000,1.181000,296.194000
15253,923.747000,505.889000,12.548000,391.741000
15254,636.334000,358.752000,3.070000,315.442000
15255,741.812000,430.531000,1.749000,361.381000
15256,553.056000,321.733000,11.829000,289.933000
15257,558.426000,279.894000,6.671000,254.905000
15258,727.992000,428.520000,16.770000,384.351000
15259,719.355000,391.771000,3.790000,297.163000
15260,613.656000,264.874000,3.780000,248.194000
15261,782.421000,387.210000,11.100000,400.101000
15262,1030.746000,472.598000,20.879000,391.901000
15263,923.289000,535.267000,8.440000,387.031000
15264,744.854000,455.520000,3.778000,315.343000
15265,624.235000,330.032000,5.879000,262.365000
15266,688.574000,414.700000,3.310000,337.702000
15267,821.211000,458.629000,2.870000,390.831000
15268,826.661000,438.819000,4.799000,355.642000
15269,884.169000,553.107000,65.318000,415.830000
15270,694.492000,324.904000,2.590000,298.413000
15271,842.641000,398.530000,3.250000,387.861000
15272,663.754000,338.861000,4.900000,317.724000
15273,853.100000,473.189000,6.400000,368.893000
15274,651.684000,324.553000,6.489000,281.213000
15275,864.750000,450.079000,12.220000,373.651000
15276,731.153000,430.468000,4.491000,348.033000
15277,498.447000,261.884000,6.600000,234.305000
15278,805.861000,464.789000,2.371000,383.310000
15279,813.941000,511.398000,5.271000,430.409000
15280,746.502000,386.010000,10.420000,371.542000
15281,838.540000,456.860000,3.569000,360.271000
15282,790.082000,452.919000,1.800000,328.122000
15283,778.751000,433.520000,1.470000,325.611000
15284,616.255000,336.302000,2.290000,263.293000
15285,797.391000,448.129000,5.581000,358.291000
15286,783.033000,425.569000,1.880000,340.073000
15287,601.096000,270.874000,9.669000,228.914000
15288,774.343000,457.388000,3.350000,316.593000
15289,826.801000,489.097000,2.040000,353.273000
15290,758.991000,393.071000,2.620000,318.773000
15291,781.201000,406.460000,1.850000,334.012000
15292,590.755000,322.214000,1.640000,269.593000
15293,685.843000,392.870000,13.629000,325.242000
15294,607.845000,321.833000,4.971000,258.494000
15295,929.528000,592.896000,4.021000,413.861000
15296,681.465000,368.850000,8.160000,292.372000
15297,830.611000,482.478000,22.999000,411.091000
15298,781.361000,440.270000,3.600000,352.101000
15299,584.716000,318.013000,1.240000,259.293000
15300,868.000000,397.410000,2.339000,365.300000
15301,602.175000,270.243000,3.610000,256.514000
15302,839.590000,459.039000,6.418000,372.032000
15303,842.431000,468.899000,20.489000,367.400000
15304,639.635000,391.850000,12.180000,332.912000
15305,785.191000,471.618000,7.860000,414.681000
15306,725.233000,392.600000,2.259000,285.094000
15307,872.438000,457.899000,14.750000,379.591000
15308,746.202000,463.789000,2.870000,336.921000
15309,686.675000,396.760000,10.500000,320.673000
15310,711.364000,337.232000,4.280000,329.953000
15311,720.423000,358.792000,1.790000,309.693000
15312,558.976000,278.553000,1.379000,245.404000
15313,799.781000,423.010000,3.939000,347.262000
15314,797.271000,473.759000,1.980000,365.891000
15315,793.421000,450.809000,5.649000,354.631000
15316,654.085000,318.382000,8.240000,264.295000
15317,765.113000,450.790000,3.070000,348.601000
15318,612.346000,310.153000,3.450000,278.653000
15319,796.451000,408.301000,3.101000,306.194000
15320,795.941000,428.300000,5.549000,425.780000
15321,666.184000,341.402000,4.220000,291.381000
15322,801.601000,448.580000,10.019000,369.002000
15323,603.565000,347.652000,2.539000,299.803000
15324,941.568000,445.020000,20.669000,440.129000
15325,838.871000,430.849000,4.940000,359.141000
15326,657.465000,354.243000,7.100000,298.513000
15327,858.570000,487.178000,2.480000,329.943000
15328,752.521000,418.350000,2.220000,312.863000
15329,557.696000,264.745000,5.998000,241.735000
15330,722.933000,351.621000,4.310000,317.662000
15331,775.081000,399.480000,2.540000,346.193000
15332,331.341000,150.406000,2.351000,145.827000
15333,752.982000,428.310000,2.451000,304.482000
15334,748.203000,453.899000,2.000000,336.992000
15335,770.892000,420.950000,1.800000,345.912000
15336,707.343000,445.880000,0.930000,333.211000
15337,800.160000,492.240000,2.160000,374.301000
15338,744.851000,375.100000,5.720000,287.064000
15339,839.700000,495.178000,2.260000,352.202000
15340,747.404000,355.362000,1.860000,336.202000
15341,676.694000,320.783000,1.380000,359.381000
15342,732.453000,422.620000,4.560000,343.902000
15343,740.503000,413.731000,2.630000,305.872000
15344,673.314000,342.221000,3.600000,294.714000
15345,646.955000,366.601000,2.340000,301.373000
15346,681.544000,384.621000,1.980000,312.852000
15347,546.947000,261.524000,8.800000,225.955000
15348,603.026000,294.413000,2.609000,263.303000
15349,643.874000,349.821000,3.150000,284.674000
15350,808.200000,409.331000,43.630000,361.141000
15351,766.383000,393.340000,2.661000,337.651000
15352,744.712000,395.351000,3.530000,300.574000
15353,756.912000,425.770000,5.070000,349.051000
15354,689.963000,394.221000,2.680000,329.342000
15355,683.064000,396.001000,3.611000,342.112000
15356,636.176000,370.512000,2.790000,309.413000
15357,680.884000,426.740000,1.790000,324.792000
15358,701.094000,411.001000,1.240000,332.732000
15359,720.203000,374.503000,1.729000,279.683000
15360,707.942000,372.472000,2.640000,322.181000
15361,775.672000,327.033000,9.980000,321.361000
15362,477.189000,228.264000,5.470000,229.105000
15363,734.624000,405.590000,3.660000,331.512000
15364,677.405000,413.151000,1.900000,335.471000
15365,809.791000,461.509000,2.600000,345.322000
15366,801.120000,440.280000,42.199000,368.131000
15367,763.502000,479.690000,1.880000,326.281000
15368,670.925000,407.140000,2.070000,324.853000
15369,726.593000,424.780000,2.360000,351.212000
15370,472.558000,216.605000,7.819000,211.126000
15371,849.640000,447.980000,2.800000,352.821000
15372,647.285000,306.322000,3.591000,268.764000
15373,823.600000,485.569000,2.150000,352.521000
15374,802.631000,435.789000,1.230000,331.682000
15375,733.803000,421.531000,1.509000,326.413000
15376,751.282000,417.560000,3.250000,326.833000
15377,616.065000,269.242000,4.279000,242.824000
15378,774.382000,481.949000,2.229000,347.362000
15379,647.115000,343.543000,1.360000,265.843000
15380,643.995000,357.381000,2.480000,319.842000
15381,727.204000,356.901000,17.670000,313.953000
15382,701.594000,360.382000,3.060000,298.874000
15383,844.801000,485.228000,2.290000,337.662000
15384,925.498000,490.859000,3.951000,342.092000
15385,600.396000,350.971000,1.471000,304.793000
15386,658.985000,336.992000,3.330000,280.624000
15387,686.372000,400.440000,1.860000,294.533000
15388,635.385000,350.371000,3.090000,289.393000
15389,582.206000,326.812000,1.580000,291.314000
15390,953.388000,440.619000,9.360000,412.771000
15391,728.733000,322.971000,10.740000,349.531000
15392,774.621000,431.310000,2.550000,411.321000
15393,856.520000,481.758000,15.350000,383.550000
15394,514.477000,278.514000,7.180000,240.324000
15395,702.913000,391.921000,2.770000,302.313000
15396,725.883000,422.531000,1.370000,316.013000
15397,594.396000,314.662000,13.699000,307.194000
15398,768.252000,438.110000,4.380000,332.893000
15399,781.782000,441.490000,5.170000,337.302000
15400,707.394000,365.251000,3.440000,317.454000
15401,810.981000,381.012000,12.411000,321.092000
15402,816.601000,441.900000,5.141000,380.031000
15403,780.261000,439.820000,1.870000,340.982000
15404,456.020000,231.286000,5.419000,207.135000
15405,773.811000,392.841000,21.029000,322.523000
15406,787.162000,445.889000,4.030000,329.352000
15407,591.436000,339.642000,4.069000,280.754000
15408,689.224000,376.382000,5.349000,287.473000
15409,774.493000,438.569000,2.920000,333.573000
15410,752.722000,387.582000,1.950000,330.412000
15411,660.415000,356.072000,1.970000,334.542000
15412,776.382000,408.510000,2.621000,335.202000
15413,620.826000,331.822000,4.670000,265.564000
15414,550.757000,341.641000,2.649000,293.604000
15415,838.430000,514.627000,1.470000,368.562000
15416,651.485000,357.371000,2.509000,284.783000
15417,792.612000,464.230000,7.100000,374.730000
15418,852.390000,456.420000,11.020000,391.901000
15419,581.576000,373.481000,2.650000,314.953000
15420,765.102000,374.611000,3.780000,350.372000
15421,740.123000,368.761000,1.899000,334.143000
15422,656.925000,341.232000,2.160000,281.333000
15423,628.655000,297.324000,3.430000,234.065000
15424,716.372000,430.489000,1.711000,315.242000
15425,809.801000,470.298000,3.290000,404.110000
15426,784.582000,439.319000,2.170000,336.793000
15427,678.083000,424.500000,2.060000,339.013000
15428,756.432000,471.549000,1.859000,350.232000
15429,681.815000,362.900000,4.090000,328.832000
15430,616.076000,288.133000,9.949000,281.204000
15431,758.293000,366.071000,3.410000,325.372000
15432,806.921000,423.500000,10.460000,364.981000
15433,709.693000,394.661000,3.870000,312.082000
15434,936.279000,549.307000,1.960000,373.652000
15435,658.125000,347.642000,2.270000,281.485000
15436,546.656000,256.364000,3.960000,231.844000
15437,702.434000,380.751000,2.280000,295.353000
15438,718.624000,352.492000,5.749000,299.621000
15439,621.466000,337.313000,2.630000,276.782000
15440,821.630000,420.160000,10.089000,395.551000
15441,719.773000,366.222000,6.200000,367.932000
15442,620.316000,315.813000,3.810000,267.114000
15443,681.234000,393.390000,3.370000,297.783000
15444,796.212000,362.260000,16.929000,323.433000
15445,728.603000,366.091000,4.190000,292.223000
15446,732.542000,407.830000,1.450000,310.643000
15447,796.961000,457.209000,1.160000,323.942000
15448,803.810000,419.350000,19.710000,335.052000
15449,760.192000,434.180000,4.211000,346.341000
15450,820.001000,374.371000,3.659000,386.973000
15451,911.029000,392.230000,6.130000,342.192000
15452,651.484000,326.153000,21.490000,316.082000
15453,707.803000,389.001000,5.920000,319.263000
15454,656.235000,327.191000,58.809000,278.504000
15455,624.644000,333.223000,2.460000,282.973000
15456,681.614000,376.582000,1.499000,290.963000
15457,859.909000,482.567000,5.350000,375.521000
15458,799.361000,424.140000,17.820000,361.182000
15459,822.311000,500.168000,3.280000,352.362000
15460,842.070000,413.211000,1.880000,348.062000
15461,729.122000,377.631000,46.519000,342.081000
15462,710.074000,403.921000,2.440000,333.081000
15463,698.604000,416.931000,2.790000,344.732000
15464,616.366000,310.963000,3.141000,260.572000
15465,655.556000,380.571000,4.840000,296.634000
15466,719.842000,381.021000,2.100000,338.323000
15467,714.322000,374.692000,9.560000,319.993000
15468,714.693000,417.460000,8.900000,398.780000
15469,681.075000,347.532000,4.640000,322.423000
15470,972.588000,450.620000,17.440000,382.061000
15471,623.856000,293.414000,5.529000,281.983000
15472,787.543000,407.810000,6.530000,355.771000
15473,810.311000,446.850000,3.140000,377.881000
15474,797.691000,435.430000,5.181000,329.791000
15475,837.101000,476.889000,2.120000,344.061000
15476,748.891000,440.400000,2.350000,357.941000
15477,690.184000,372.881000,3.660000,313.313000
15478,641.514000,351.993000,1.860000,297.242000
15479,614.416000,325.273000,2.680000,263.483000
15480,445.879000,213.185000,4.330000,229.995000
15481,870.039000,336.773000,10.630000,329.643000
15482,502.188000,256.135000,6.089000,260.375000
15483,688.513000,388.400000,8.650000,302.622000
15484,737.882000,404.680000,4.891000,328.763000
15485,941.037000,517.748000,2.750000,366.732000
15486,713.593000,446.019000,1.640000,332.512000
15487,781.452000,437.801000,3.840000,365.281000
15488,697.932000,400.911000,1.549000,320.233000
15489,493.768000,270.165000,5.051000,237.834000
15490,614.055000,288.984000,3.200000,263.384000
15491,757.813000,398.282000,1.729000,349.912000
15492,812.701000,484.800000,1.221000,372.681000
15493,779.362000,428.900000,4.610000,326.854000
15494,687.784000,373.472000,8.229000,303.983000
15495,729.773000,388.970000,2.230000,326.272000
15496,639.545000,304.383000,6.420000,270.824000
15497,664.774000,377.921000,2.381000,318.992000
15498,812.171000,411.271000,15.411000,373.052000
15499,790.973000,442.408000,4.440000,315.873000
15500,591.446000,283.964000,3.101000,281.732000
15501,853.150000,372.921000,4.311000,368.122000
15502,748.392000,393.380000,19.360000,351.012000
15503,681.024000,404.560000,11.280000,371.791000
15504,652.124000,349.381000,12.020000,303.413000
15505,599.777000,360.791000,2.740000,298.613000
15506,822.080000,477.098000,1.600000,368.631000
15507,830.431000,473.829000,4.380000,387.321000
15508,811.830000,407.280000,6.129000,316.542000
15509,742.853000,479.448000,2.860000,329.803000
15510,542.737000,247.415000,4.090000,249.305000
15511,751.002000,350.171000,2.609000,316.163000
15512,748.483000,386.751000,4.581000,315.134000
15513,712.603000,402.291000,3.480000,318.073000
15514,556.636000,282.254000,1.610000,240.714000
15515,539.738000,312.432000,1.520000,261.143000
15516,641.696000,368.770000,3.320000,311.283000
15517,842.100000,470.829000,1.510000,361.401000
15518,775.872000,425.770000,1.530000,308.142000
15519,827.070000,528.657000,1.360000,351.691000
15520,768.622000,376.691000,2.180000,363.182000
15521,765.162000,355.201000,9.690000,341.443000
15522,595.406000,287.974000,1.960000,265.494000
15523,768.402000,381.311000,5.139000,326.743000
15524,886.590000,517.898000,10.510000,379.861000
15525,664.004000,351.673000,5.929000,267.713000
15526,761.593000,420.110000,4.920000,320.792000
15527,683.933000,388.292000,2.271000,291.503000
15528,691.954000,370.241000,1.730000,291.374000
15529,563.687000,300.732000,1.420000,245.214000
15530,832.170000,399.060000,1.951000,356.302000
15531,787.192000,380.060000,4.820000,326.302000
15532,702.804000,409.870000,2.780000,337.661000
15533,745.872000,419.840000,2.850000,318.823000
15534,643.715000,406.430000,1.671000,411.450000
15535,798.333000,440.799000,1.411000,353.652000
15536,723.982000,447.539000,0.970000,345.281000
15537,682.125000,369.271000,3.000000,298.445000
15538,709.053000,448.520000,5.240000,336.072000
15539,765.753000,419.010000,2.020000,312.982000
15540,729.412000,328.173000,9.120000,314.441000
15541,804.951000,427.380000,7.219000,340.254000
15542,734.982000,383.891000,8.240000,311.033000
15543,573.106000,306.723000,2.280000,247.873000
15544,793.392000,357.032000,12.189000,296.253000
15545,641.105000,353.952000,4.500000,264.714000
15546,718.942000,415.630000,1.650000,354.392000
15547,695.952000,369.241000,2.381000,341.722000
15548,789.721000,414.179000,5.369000,371.741000
15549,638.206000,351.241000,2.730000,262.804000
15550,703.694000,319.653000,2.429000,324.843000
15551,856.349000,421.801000,1.531000,353.471000
15552,795.011000,428.350000,6.110000,340.783000
15553,637.475000,322.352000,11.400000,276.305000
15554,693.762000,409.511000,3.489000,349.972000
15555,546.308000,250.415000,1.600000,232.814000
15556,680.384000,368.711000,1.840000,301.373000
15557,787.151000,413.291000,2.620000,324.012000
15558,809.411000,452.459000,1.860000,389.461000
15559,696.634000,367.341000,3.310000,330.202000
15560,639.225000,288.953000,14.860000,310.172000
15561,823.390000,380.951000,3.289000,358.602000
15562,738.542000,390.440000,1.339000,338.062000
15563,699.544000,413.070000,1.369000,321.372000
15564,816.910000,531.718000,2.260000,375.751000
15565,434.630000,213.625000,9.770000,198.275000
15566,767.422000,420.780000,4.220000,328.764000
15567,789.880000,462.849000,1.590000,342.222000
15568,748.582000,415.090000,1.480000,319.863000
15569,813.061000,448.609000,6.150000,341.632000
15570,716.413000,355.022000,3.250000,317.502000
15571,762.891000,379.481000,9.940000,332.513000
15572,702.622000,383.852000,3.130000,301.432000
15573,782.562000,470.229000,2.119000,350.532000
15574,724.584000,414.510000,1.390000,333.871000
15575,664.516000,386.361000,1.130000,392.380000
15576,711.062000,385.641000,23.409000,314.284000
15577,665.475000,379.111000,2.931000,305.712000
15578,549.559000,276.882000,4.470000,277.874000
15579,838.370000,497.598000,6.610000,362.101000
15580,809.141000,382.960000,2.941000,336.663000
15581,590.096000,331.141000,4.300000,304.064000
15582,843.590000,419.949000,18.870000,361.622000
15583,715.772000,356.801000,6.490000,279.243000
15584,680.865000,374.781000,13.490000,307.562000
15585,529.159000,271.402000,3.529000,226.136000
15586,639.936000,354.562000,7.529000,289.683000
15587,754.252000,452.740000,3.310000,355.052000
15588,811.282000,492.730000,1.970000,350.842000
15589,797.801000,438.639000,3.110000,334.652000
15590,665.115000,281.762000,8.470000,306.323000
15591,703.043000,318.473000,12.099000,307.642000
15592,874.650000,457.910000,2.730000,359.881000
15593,768.232000,442.879000,1.509000,333.732000
15594,650.055000,346.953000,11.630000,301.363000
15595,703.473000,395.170000,2.630000,318.052000
15596,695.914000,363.101000,12.210000,301.403000
15597,734.473000,406.251000,4.810000,333.022000
15598,821.670000,496.598000,3.539000,350.302000
15599,610.517000,348.411000,3.890000,292.053000
15600,574.005000,314.543000,3.500000,305.272000
15601,706.954000,345.481000,1.979000,289.154000
15602,806.931000,452.810000,2.371000,364.521000
15603,822.211000,453.559000,5.150000,343.091000
15604,749.042000,415.550000,2.931000,320.713000
15605,871.049000,493.299000,5.840000,374.171000
15606,772.113000,473.049000,2.390000,348.401000
15607,637.765000,378.861000,4.680000,334.103000
15608,633.333000,343.163000,7.300000,287.693000
15609,562.618000,282.773000,4.940000,225.834000
15610,773.451000,400.830000,2.369000,360.553000
15611,793.031000,412.220000,6.209000,345.292000
15612,668.914000,374.322000,2.210000,301.702000
15613,708.893000,414.259000,11.219000,334.932000
15614,646.925000,362.242000,2.510000,294.942000
15615,689.625000,387.211000,2.179000,313.603000
15616,580.508000,320.282000,8.900000,295.563000
15617,675.145000,352.601000,15.480000,316.323000
15618,820.560000,462.060000,4.659000,364.161000
15619,748.871000,446.659000,2.929000,321.372000
15620,721.204000,326.171000,7.560000,323.223000
15621,814.001000,383.430000,2.220000,335.832000
15622,614.486000,309.733000,1.920000,267.723000
15623,781.492000,434.559000,3.771000,365.972000
15624,764.811000,447.080000,6.010000,355.072000
15625,729.633000,467.498000,3.239000,371.742000
15626,580.036000,311.663000,8.889000,267.213000
15627,791.283000,326.332000,14.150000,270.733000
15628,607.906000,351.971000,22.599000,280.513000
15629,619.655000,367.801000,3.970000,320.131000
15630,687.254000,307.593000,6.609000,308.024000
15631,699.442000,330.553000,3.910000,336.732000
15632,901.218000,464.189000,3.350000,362.831000
15633,874.800000,479.259000,6.840000,345.351000
15634,722.553000,432.629000,4.120000,326.453000
15635,732.823000,439.610000,1.750000,327.672000
15636,798.611000,441.851000,1.259000,325.323000
15637,738.973000,426.889000,9.669000,363.032000
15638,736.722000,490.839000,2.149000,397.471000
15639,698.743000,449.829000,4.231000,356.651000
15640,681.373000,312.794000,5.610000,284.593000
15641,796.791000,365.782000,18.749000,330.461000
15642,592.407000,303.184000,3.280000,252.533000
15643,805.431000,436.230000,2.980000,371.781000
15644,560.287000,310.033000,5.019000,275.904000
15645,610.916000,323.442000,2.330000,254.154000
15646,896.059000,526.787000,2.461000,392.681000
15647,601.976000,311.334000,2.610000,269.813000
15648,700.314000,397.051000,2.219000,308.282000
15649,581.346000,337.713000,3.080000,295.263000
15650,861.489000,420.321000,3.291000,394.940000
15651,690.564000,346.761000,4.520000,316.703000
15652,831.660000,488.618000,3.349000,394.931000
15653,796.072000,464.129000,8.550000,363.601000
15654,721.594000,407.060000,3.499000,323.862000
15655,719.044000,396.631000,1.620000,310.421000
15656,665.044000,348.771000,3.910000,281.334000
15657,737.482000,423.531000,1.690000,328.033000
15658,643.684000,356.893000,16.730000,328.302000
15659,798.812000,460.770000,2.429000,330.952000
15660,854.490000,402.450000,1.611000,341.832000
15661,631.755000,312.093000,2.920000,279.263000
15662,749.762000,407.111000,9.119000,328.303000
15663,785.491000,440.389000,2.240000,363.351000
15664,746.542000,425.230000,1.171000,323.251000
15665,809.310000,446.390000,5.029000,326.953000
15666,649.734000,368.723000,2.771000,296.172000
15667,802.501000,438.070000,4.880000,348.371000
15668,669.965000,369.431000,2.000000,312.233000
15669,803.061000,473.850000,12.739000,374.062000
15670,812.880000,438.100000,3.160000,369.801000
15671,740.082000,390.811000,1.250000,298.824000
15672,738.763000,409.231000,1.140000,319.453000
15673,576.236000,341.062000,1.579000,313.234000
15674,747.864000,437.950000,5.789000,384.770000
15675,842.660000,494.328000,2.280000,360.161000
15676,774.373000,443.410000,2.979000,351.701000
15677,582.346000,322.251000,1.781000,258.514000
15678,822.281000,454.090000,3.059000,359.482000
15679,670.434000,349.491000,3.810000,286.753000
15680,485.179000,230.875000,14.770000,253.145000
15681,661.924000,301.453000,9.610000,292.913000
15682,752.962000,365.650000,3.410000,312.993000
15683,799.821000,425.130000,17.070000,355.521000
15684,764.141000,439.310000,7.630000,353.732000
15685,752.293000,438.581000,8.208000,357.192000
15686,631.705000,341.241000,5.461000,289.143000
15687,508.208000,318.073000,14.769000,289.304000
15688,780.931000,439.910000,6.550000,372.801000
15689,622.765000,386.161000,2.920000,304.273000
15690,667.735000,301.023000,8.330000,269.003000
15691,743.983000,352.012000,15.930000,321.632000
15692,731.364000,406.470000,3.860000,333.041000
15693,878.209000,511.258000,1.600000,357.662000
15694,603.075000,335.232000,1.120000,281.344000
15695,612.566000,314.932000,5.020000,291.314000
15696,772.091000,418.009000,1.880000,329.072000
15697,762.782000,425.500000,19.540000,372.231000
15698,642.635000,364.191000,4.019000,318.182000
15699,795.951000,457.249000,6.620000,353.532000
15700,654.194000,303.813000,3.480000,272.523000
15701,754.031000,336.102000,7.450000,309.154000
15702,611.075000,307.843000,5.950000,284.034000
15703,768.491000,440.810000,1.910000,330.521000
15704,718.653000,380.541000,9.690000,335.973000
15705,555.427000,313.523000,2.360000,270.033000
15706,704.113000,420.430000,2.630000,329.482000
15707,799.572000,428.260000,17.809000,359.492000
15708,787.711000,432.910000,6.810000,348.712000
15709,835.531000,448.401000,1.901000,327.081000
15710,695.624000,357.701000,1.480000,337.272000
15711,667.055000,364.051000,1.349000,319.793000
15712,585.696000,302.574000,9.209000,267.015000
15713,681.305000,347.572000,9.640000,311.283000
15714,589.577000,361.161000,5.720000,303.783000
15715,483.429000,229.895000,6.370000,285.912000
15716,764.043000,401.980000,3.500000,306.722000
15717,840.190000,449.279000,2.860000,334.722000
15718,847.030000,494.268000,1.510000,411.651000
15719,716.162000,431.040000,1.109000,343.751000
15720,825.610000,432.620000,4.539000,348.192000
15721,676.076000,326.462000,3.660000,277.744000
15722,753.361000,391.421000,10.099000,358.202000
15723,666.315000,384.031000,3.870000,281.534000
15724,836.960000,536.717000,2.500000,369.181000
15725,635.675000,338.052000,7.230000,273.882000
15726,739.564000,429.658000,2.510000,322.363000
15727,885.799000,483.248000,4.500000,363.731000
15728,750.953000,483.708000,5.720000,318.593000
15729,992.706000,619.435000,5.691000,441.319000
15730,744.424000,377.641000,3.750000,329.112000
15731,596.806000,299.363000,5.400000,287.064000
15732,791.711000,403.131000,2.410000,336.752000
15733,773.131000,468.338000,2.430000,351.481000
15734,671.165000,364.332000,3.279000,306.954000
15735,622.516000,315.771000,1.430000,251.355000
15736,734.682000,429.470000,1.810000,319.653000
15737,803.991000,458.629000,2.150000,337.893000
15738,712.633000,387.671000,4.959000,305.864000
15739,708.973000,425.569000,4.640000,343.372000
15740,597.206000,276.193000,5.840000,294.843000
15741,755.513000,412.181000,3.999000,355.952000
15742,738.083000,370.401000,2.459000,318.792000
15743,740.663000,404.121000,10.169000,325.943000
15744,763.211000,472.150000,5.179000,356.081000
15745,622.565000,354.521000,2.680000,282.474000
15746,720.072000,418.990000,1.320000,336.283000
15747,691.034000,353.662000,20.129000,288.394000
15748,792.711000,456.079000,6.870000,362.471000
15749,725.224000,416.361000,2.210000,315.882000
15750,741.693000,371.111000,1.680000,318.812000
15751,487.909000,212.735000,4.050000,218.855000
15752,888.979000,447.800000,11.879000,378.891000
15753,808.720000,460.180000,3.010000,374.221000
15754,816.870000,433.441000,2.581000,354.662000
15755,723.432000,428.161000,1.770000,328.152000
15756,669.284000,370.041000,2.650000,320.052000
15757,861.671000,459.569000,18.569000,359.132000
15758,590.276000,349.572000,3.329000,284.864000
15759,642.375000,362.621000,5.500000,322.902000
15760,641.654000,355.632000,3.071000,317.583000
15761,810.062000,431.530000,3.000000,348.202000
15762,721.522000,416.041000,1.880000,305.863000
15763,912.558000,481.629000,12.210000,368.111000
15764,815.620000,467.029000,3.810000,341.621000
15765,768.492000,449.530000,11.519000,389.341000
15766,554.526000,309.753000,3.480000,263.724000
15767,807.320000,454.828000,3.490000,341.713000
15768,761.701000,436.039000,2.600000,372.850000
15769,725.622000,368.882000,14.170000,300.233000
15770,581.946000,291.083000,4.910000,284.403000
15771,540.988000,290.963000,1.269000,306.774000
15772,751.251000,387.191000,3.741000,331.533000
15773,657.694000,352.562000,2.660000,295.393000
15774,659.754000,332.361000,1.510000,287.064000
15775,793.272000,460.509000,2.510000,340.892000
15776,767.303000,426.719000,2.520000,328.623000
15777,742.972000,423.100000,1.629000,316.164000
15778,740.652000,404.210000,4.891000,316.553000
15779,798.431000,500.047000,2.410000,364.642000
15780,485.788000,211.146000,5.759000,221.605000
15781,538.208000,270.073000,2.520000,331.523000
15782,768.012000,392.011000,2.380000,348.462000
15783,733.053000,387.591000,1.920000,299.312000
15784,832.171000,473.549000,1.410000,365.502000
15785,702.753000,363.321000,8.330000,306.332000
15786,739.533000,474.878000,2.390000,334.933000
15787,553.716000,279.455000,3.160000,251.203000
15788,883.319000,511.739000,3.720000,376.412000
15789,696.792000,402.230000,4.590000,313.483000
15790,695.524000,318.252000,13.360000,292.293000
15791,544.528000,323.832000,2.960000,294.373000
15792,576.626000,284.393000,2.720000,253.414000
15793,753.432000,372.752000,8.100000,306.843000
15794,685.043000,366.160000,3.030000,295.072000
15795,736.433000,441.460000,1.940000,328.522000
15796,779.871000,429.340000,8.520000,350.122000
15797,678.565000,367.742000,7.179000,304.373000
15798,632.975000,357.022000,3.920000,320.632000
15799,587.346000,339.002000,2.261000,311.451000
15800,814.512000,423.320000,3.059000,361.213000
15801,641.785000,313.522000,5.619000,274.493000
15802,669.034000,357.011000,2.080000,282.764000
15803,665.584000,366.853000,2.059000,281.444000
15804,614.976000,343.382000,3.679000,294.114000
15805,766.002000,421.830000,18.299000,372.791000
15806,876.570000,461.140000,9.230000,361.471000
15807,915.178000,541.857000,2.080000,357.962000
15808,642.886000,329.982000,2.160000,271.124000
15809,782.052000,420.621000,6.940000,330.851000
15810,762.063000,341.652000,4.809000,341.392000
15811,527.259000,231.385000,2.280000,209.635000
15812,768.812000,402.940000,4.089000,319.872000
15813,789.771000,392.680000,5.600000,331.033000
15814,825.260000,452.629000,10.910000,362.411000
15815,667.833000,391.031000,3.010000,334.822000
15816,733.132000,447.170000,6.820000,344.592000
15817,775.483000,356.471000,15.469000,288.573000
15818,673.714000,409.061000,2.580000,318.633000
15819,720.162000,401.200000,5.160000,332.862000
15820,646.544000,319.633000,2.090000,303.243000
15821,714.473000,374.001000,2.800000,354.752000
15822,632.566000,314.904000,8.781000,285.483000
15823,1017.546000,466.299000,9.909000,349.962000
15824,772.822000,446.789000,3.309000,340.004000
15825,765.272000,401.191000,1.630000,319.633000
15826,693.503000,336.032000,4.410000,255.283000
15827,665.854000,364.851000,2.490000,311.473000
15828,638.515000,360.041000,1.261000,326.653000
15829,631.875000,381.701000,4.579000,335.003000
15830,585.046000,340.492000,4.720000,310.923000
15831,724.972000,511.959000,2.730000,389.351000
15832,633.355000,330.712000,6.140000,278.673000
15833,896.528000,513.548000,3.620000,369.851000
15834,621.286000,379.380000,6.670000,309.673000
15835,751.271000,423.250000,7.240000,331.542000
15836,839.221000,446.820000,8.939000,349.262000
15837,682.915000,352.831000,5.110000,306.134000
15838,796.262000,468.108000,4.280000,357.392000
15839,730.122000,428.701000,2.390000,335.921000
15840,808.681000,420.860000,2.880000,342.102000
15841,687.645000,325.563000,5.180000,282.223000
15842,769.501000,404.330000,6.069000,362.461000
15843,600.115000,327.112000,2.670000,279.733000
15844,717.322000,420.731000,3.539000,345.482000
15845,692.294000,369.371000,10.650000,340.751000
15846,622.106000,356.632000,8.500000,326.842000
15847,585.966000,311.743000,3.260000,263.513000
15848,730.043000,413.760000,1.880000,327.982000
15849,737.824000,381.031000,12.350000,350.241000
15850,772.942000,388.621000,9.381000,331.982000
15851,739.713000,341.011000,19.670000,342.411000
15852,814.311000,451.590000,6.190000,351.451000
15853,611.125000,319.923000,13.919000,264.913000
15854,603.705000,334.763000,3.090000,300.792000
15855,798.291000,479.469000,1.390000,353.102000
15856,759.182000,459.139000,1.480000,362.121000
15857,618.325000,324.633000,2.080000,274.762000
15858,712.464000,434.230000,2.510000,333.442000
15859,798.301000,460.190000,1.440000,342.242000
15860,715.522000,350.671000,4.760000,316.623000
15861,672.514000,329.382000,1.140000,311.112000
15862,707.884000,419.201000,1.780000,323.632000
15863,959.188000,440.539000,12.089000,349.252000
15864,689.323000,375.391000,4.400000,314.753000
15865,753.882000,427.060000,14.510000,355.432000
15866,835.690000,496.949000,10.800000,399.851000
15867,766.601000,422.120000,5.409000,329.332000
15868,759.242000,412.391000,8.610000,333.821000
15869,706.933000,423.180000,3.120000,364.612000
15870,684.685000,314.832000,18.969000,315.003000
15871,815.722000,421.370000,3.989000,348.311000
15872,584.157000,308.303000,2.770000,272.914000
15873,724.362000,481.690000,5.400000,375.210000
15874,829.891000,456.379000,3.340000,402.091000
15875,562.707000,271.404000,2.520000,239.774000
15876,825.160000,487.949000,4.780000,391.191000
15877,697.093000,388.781000,2.000000,314.841000
15878,820.331000,449.049000,9.810000,404.721000
15879,665.196000,356.610000,2.810000,266.925000
15880,829.911000,395.530000,3.440000,327.611000
15881,705.964000,344.252000,2.240000,313.872000
15882,851.039000,612.945000,1.270000,423.210000
15883,681.275000,418.981000,6.371000,331.132000
15884,786.621000,425.899000,5.330000,354.201000
15885,572.727000,271.473000,7.710000,252.534000
15886,829.440000,478.289000,4.800000,361.611000
15887,719.434000,395.301000,1.640000,351.272000
15888,611.305000,292.642000,4.549000,248.354000
15889,634.675000,371.401000,2.340000,291.633000
15890,751.053000,345.631000,6.870000,312.694000
15891,524.667000,275.304000,2.949000,254.064000
15892,704.673000,382.322000,3.600000,334.743000
15893,674.234000,389.821000,6.390000,345.512000
15894,805.391000,480.149000,12.549000,395.200000
15895,464.988000,243.985000,20.000000,221.976000
15896,766.151000,402.890000,3.651000,344.272000
15897,751.112000,394.361000,1.240000,322.283000
15898,817.792000,441.629000,10.650000,362.312000
15899,737.233000,389.071000,2.690000,304.453000
15900,812.680000,396.140000,1.519000,331.962000
15901,812.051000,400.551000,2.539000,346.452000
15902,801.012000,414.860000,1.850000,332.161000
15903,739.642000,413.751000,2.139000,321.443000
15904,827.571000,419.350000,7.850000,344.652000
15905,626.395000,315.712000,1.930000,273.153000
15906,813.651000,442.440000,2.480000,346.041000
15907,769.331000,463.879000,5.379000,401.371000
15908,787.761000,434.420000,5.010000,346.252000
15909,652.924000,328.352000,2.470000,253.044000
15910,645.014000,350.471000,1.720000,313.892000
15911,886.888000,433.400000,3.340000,356.083000
15912,731.912000,383.600000,1.370000,294.904000
15913,715.532000,417.649000,1.520000,308.034000
15914,669.054000,450.700000,2.220000,319.353000
15915,753.452000,414.480000,1.540000,330.042000
15916,764.312000,400.311000,1.551000,300.992000
15917,641.974000,336.431000,4.411000,273.973000
15918,629.676000,358.541000,1.629000,275.303000
15919,770.592000,429.460000,20.949000,377.391000
15920,824.430000,339.312000,10.779000,326.473000
15921,553.037000,271.834000,2.350000,232.735000
15922,734.152000,461.459000,2.240000,354.041000
15923,620.295000,334.792000,4.240000,297.344000
15924,658.185000,385.661000,2.080000,297.813000
15925,820.171000,483.709000,2.900000,372.290000
15926,529.187000,290.464000,11.870000,295.713000
15927,728.963000,396.861000,3.720000,314.853000
15928,609.826000,331.943000,20.600000,290.372000
15929,853.400000,488.458000,3.340000,363.751000
15930,566.428000,262.094000,2.160000,260.943000
15931,680.695000,325.122000,11.020000,287.013000
15932,529.267000,255.185000,2.810000,214.686000
15933,809.911000,487.188000,1.720000,352.573000
15934,638.515000,386.431000,1.539000,290.343000
15935,777.823000,444.328000,2.541000,330.812000
15936,810.481000,414.000000,11.210000,359.901000
15937,794.760000,437.849000,2.890000,340.572000
15938,806.361000,417.771000,6.260000,324.633000
15939,779.922000,414.331000,9.430000,367.241000
15940,746.523000,357.662000,6.630000,331.872000
15941,636.595000,306.853000,3.190000,273.173000
15942,730.954000,441.960000,2.240000,349.552000
15943,769.722000,445.500000,3.920000,350.612000
15944,557.758000,291.832000,2.480000,244.374000
15945,639.945000,359.581000,1.370000,320.672000
15946,853.470000,430.210000,18.550000,370.331000
15947,716.773000,389.281000,4.370000,314.392000
15948,530.028000,248.763000,3.550000,217.174000
15949,781.062000,443.800000,1.769000,346.273000
15950,631.696000,289.703000,2.290000,270.673000
15951,782.963000,373.581000,2.440000,358.282000
15952,780.541000,428.419000,52.519000,359.111000
15953,675.514000,372.862000,6.230000,302.192000
15954,740.753000,450.469000,2.930000,356.702000
15955,846.380000,485.398000,9.320000,387.871000
15956,674.904000,379.401000,8.819000,337.971000
15957,849.430000,474.069000,2.240000,341.731000
15958,721.144000,389.212000,2.109000,317.221000
15959,769.413000,360.272000,7.160000,294.572000
15960,798.792000,355.601000,2.800000,315.832000
15961,793.561000,388.520000,1.781000,334.942000
15962,641.465000,353.942000,4.720000,330.871000
15963,641.496000,353.453000,11.189000,288.202000
15964,696.604000,466.610000,4.680000,344.921000
15965,686.764000,349.622000,3.730000,237.764000
15966,776.821000,421.871000,7.020000,347.661000
15967,624.545000,328.643000,5.469000,262.364000
15968,720.504000,388.301000,12.249000,313.243000
15969,804.871000,488.940000,2.780000,354.342000
15970,712.973000,356.591000,6.790000,331.412000
15971,760.213000,353.132000,6.530000,336.431000
15972,705.704000,341.191000,2.240000,298.953000
15973,657.493000,354.812000,3.620000,302.393000
15974,665.805000,413.219000,2.251000,326.011000
15975,570.328000,315.222000,8.260000,280.633000
15976,756.723000,425.520000,5.579000,321.493000
15977,592.456000,290.644000,2.810000,263.674000
15978,731.622000,398.271000,7.050000,334.472000
15979,807.151000,479.340000,58.589000,409.730000
15980,662.004000,329.943000,2.860000,299.562000
15981,736.624000,380.160000,2.860000,348.712000
15982,1049.445000,408.001000,9.870000,309.773000
15983,726.854000,345.612000,7.670000,300.454000
15984,524.007000,301.894000,8.779000,282.823000
15985,763.112000,419.231000,3.329000,319.733000
15986,782.132000,450.379000,1.670000,398.420000
15987,758.863000,374.380000,13.600000,349.292000
15988,818.530000,458.839000,6.140000,367.141000
15989,640.975000,333.662000,7.390000,298.413000
15990,832.760000,393.111000,9.060000,374.592000
15991,595.445000,308.202000,2.570000,288.324000
15992,817.020000,450.959000,4.750000,361.521000
15993,726.913000,399.871000,1.640000,327.063000
15994,582.106000,292.392000,2.720000,263.105000
15995,782.232000,451.169000,1.659000,323.172000
15996,786.892000,444.699000,1.609000,334.843000
15997,774.052000,385.920000,8.360000,313.162000
15998,827.620000,463.400000,3.860000,336.412000
15999,795.531000,450.948000,2370.916000,515.128000
16000,746.093000,349.852000,3.180000,318.972000
16001,775.183000,420.951000,2.130000,369.731000
16002,581.316000,266.164000,2.110000,236.804000
16003,627.736000,389.341000,3.969000,344.003000
16004,664.003000,399.161000,2.320000,342.491000
16005,752.452000,438.451000,4.000000,326.632000
16006,773.453000,468.548000,1.870000,371.432000
16007,718.094000,402.311000,4.120000,313.083000
16008,765.992000,378.091000,2.780000,315.572000
16009,675.724000,385.241000,2.560000,299.333000
16010,774.862000,427.891000,2.650000,342.711000
16011,787.732000,470.538000,2.560000,358.321000
16012,496.029000,228.166000,7.269000,204.045000
16013,551.906000,264.864000,10.250000,251.445000
16014,477.438000,290.714000,6.050000,265.203000
16015,818.601000,580.576000,2.040000,381.311000
16016,748.253000,409.240000,2.410000,336.862000
16017,691.154000,369.741000,2.230000,283.993000
16018,793.402000,420.830000,4.480000,341.071000
16019,653.695000,304.663000,13.291000,275.374000
16020,608.416000,334.693000,3.600000,315.423000
16021,580.996000,260.624000,1.540000,254.634000
16022,459.059000,229.644000,3.340000,236.295000
16023,795.680000,475.930000,1.649000,356.012000
16024,716.244000,397.871000,4.480000,305.383000
16025,647.545000,372.600000,2.949000,290.044000
16026,797.561000,447.620000,1.791000,328.373000
16027,784.981000,418.880000,1.270000,326.303000
16028,848.379000,496.449000,3.789000,360.762000
16029,726.554000,437.330000,7.110000,330.082000
16030,787.752000,373.701000,6.541000,325.402000
16031,664.595000,332.161000,4.320000,314.692000
16032,717.543000,363.833000,8.780000,307.102000
16033,614.206000,335.823000,4.749000,283.054000
16034,739.124000,446.750000,1.680000,340.852000
16035,684.234000,398.531000,3.720000,326.992000
16036,611.956000,334.932000,5.931000,304.542000
16037,729.882000,416.520000,2.370000,343.853000
16038,680.843000,361.662000,3.190000,303.661000
16039,584.215000,308.234000,1.320000,277.932000
16040,790.931000,399.211000,1.151000,382.440000
16041,549.267000,242.105000,11.459000,240.455000
16042,829.261000,372.951000,19.499000,336.951000
16043,646.025000,346.851000,4.350000,280.994000
16044,832.081000,432.220000,11.210000,366.191000
16045,863.129000,492.247000,6.450000,371.151000
16046,779.782000,402.161000,2.320000,342.012000
16047,671.115000,392.480000,2.120000,299.323000
16048,735.523000,417.670000,16.849000,333.352000
16049,611.805000,339.932000,2.790000,297.444000
16050,563.266000,265.364000,3.019000,290.123000
16051,574.997000,283.303000,2.380000,252.494000
16052,669.685000,350.892000,3.930000,295.523000
16053,741.171000,446.500000,2.739000,353.251000
16054,753.831000,446.179000,5.110000,358.552000
16055,693.624000,351.042000,1.920000,286.453000
16056,665.475000,330.202000,6.940000,283.904000
16057,714.972000,407.331000,2.869000,320.593000
16058,851.620000,498.317000,1.611000,366.272000
16059,799.092000,446.579000,1.990000,340.673000
16060,798.881000,425.690000,2.800000,353.242000
16061,676.365000,345.222000,4.741000,325.442000
16062,666.724000,347.232000,1.670000,292.244000
16063,715.583000,398.770000,1.860000,330.063000
16064,644.605000,388.190000,3.421000,384.290000
16065,679.085000,409.759000,5.290000,341.912000
16066,616.806000,357.411000,3.160000,329.352000
16067,727.433000,388.601000,1.520000,308.452000
16068,535.189000,298.672000,1.219000,277.935000
16069,733.023000,374.602000,8.270000,304.783000
16070,762.842000,416.140000,4.359000,321.892000
16071,703.162000,375.711000,2.899000,346.583000
16072,648.774000,371.251000,1.459000,318.343000
16073,601.797000,327.762000,1.259000,280.854000
16074,673.785000,393.652000,1.210000,318.682000
16075,674.813000,394.732000,1.269000,293.624000
16076,736.583000,416.600000,3.300000,333.622000
16077,845.150000,518.659000,2.261000,348.851000
16078,691.155000,440.279000,6.029000,365.652000
16079,770.273000,430.910000,2.160000,339.632000
16080,725.663000,368.321000,2.950000,352.522000
16081,841.411000,411.600000,2.140000,357.531000
16082,527.128000,237.345000,2.310000,231.254000
16083,594.486000,334.271000,5.560000,280.934000
16084,861.610000,502.938000,2.030000,347.152000
16085,727.392000,382.561000,12.340000,355.571000
16086,718.504000,415.260000,2.550000,345.522000
16087,679.645000,386.721000,1.810000,281.962000
16088,811.831000,441.240000,4.610000,373.201000
16089,794.162000,465.918000,1.609000,324.493000
16090,648.114000,280.834000,12.830000,268.384000
16091,801.781000,390.231000,10.569000,328.152000
16092,652.095000,333.803000,4.649000,260.874000
16093,686.325000,430.691000,2.409000,322.021000
16094,833.050000,479.759000,2.460000,332.832000
16095,729.912000,383.142000,5.878000,349.084000
16096,828.200000,494.538000,1.690000,378.770000
16097,722.004000,423.490000,2.370000,350.682000
16098,675.205000,378.281000,3.589000,301.022000
16099,702.984000,391.650000,1.549000,371.292000
16100,669.845000,293.442000,1.740000,252.344000
16101,584.386000,308.633000,5.989000,283.822000
16102,713.754000,407.130000,3.080000,327.222000
16103,675.255000,397.910000,3.050000,335.521000
16104,860.120000,460.839000,20.240000,357.151000
16105,764.462000,404.611000,14.560000,320.843000
16106,695.583000,359.112000,4.009000,300.333000
16107,514.689000,280.202000,2.080000,256.533000
16108,610.205000,314.552000,2.640000,266.754000
16109,660.204000,371.081000,5.670000,297.544000
16110,826.751000,385.931000,4.790000,354.541000
16111,701.853000,390.121000,1.810000,323.543000
16112,628.825000,319.173000,5.069000,270.573000
16113,735.333000,430.771000,2.859000,312.602000
16114,625.985000,316.383000,14.310000,317.962000
16115,682.004000,441.319000,3.809000,318.632000
16116,606.616000,306.763000,1.500000,251.703000
16117,724.473000,395.330000,1.390000,306.752000
16118,762.233000,418.610000,2.419000,377.771000
16119,706.383000,393.971000,1.630000,351.513000
16120,787.791000,358.741000,9.551000,334.361000
16121,516.937000,243.844000,3.930000,235.215000
16122,703.253000,335.132000,22.059000,326.624000
16123,778.571000,460.140000,4.890000,359.302000
16124,674.405000,381.511000,2.350000,301.773000
16125,602.526000,333.882000,4.181000,265.633000
16126,630.335000,351.512000,6.549000,275.792000
16127,761.673000,446.560000,1.880000,334.301000
16128,729.973000,464.700000,1.020000,340.822000
16129,776.331000,470.069000,1.200000,340.982000
16130,618.636000,287.154000,1.030000,277.122000
16131,730.633000,438.479000,1.499000,335.003000
16132,762.922000,399.281000,13.030000,344.322000
16133,705.542000,387.842000,6.069000,310.033000
16134,784.532000,441.190000,6.630000,394.960000
16135,715.833000,443.590000,1.931000,345.661000
16136,749.753000,423.810000,1.140000,333.472000
16137,783.331000,435.240000,8.690000,337.581000
16138,583.917000,303.032000,2.480000,246.204000
16139,927.078000,482.129000,18.990000,369.191000
16140,630.396000,287.842000,8.480000,273.754000
16141,679.464000,326.082000,4.930000,286.434000
16142,751.132000,418.969000,10.240000,367.402000
16143,701.664000,412.530000,2.700000,383.050000
16144,755.862000,415.729000,9.170000,383.191000
16145,802.601000,504.468000,3.970000,379.710000
16146,769.751000,404.911000,10.621000,350.092000
16147,729.973000,406.121000,9.490000,325.912000
16148,586.796000,323.684000,2.270000,268.833000
16149,678.464000,403.510000,2.010000,323.322000
16150,766.752000,380.850000,6.150000,331.902000
16151,744.752000,387.540000,2.339000,318.483000
16152,735.882000,397.100000,1.790000,342.552000
16153,663.765000,362.761000,3.859000,273.774000
16154,910.568000,569.408000,1.419000,360.722000
16155,695.354000,380.711000,1.060000,329.831000
16156,670.235000,347.291000,1.669000,297.133000
16157,777.341000,469.088000,2.740000,344.702000
16158,843.820000,486.767000,16.860000,383.161000
16159,717.403000,383.911000,2.720000,301.512000
16160,637.705000,325.652000,4.760000,292.563000
16161,821.981000,415.029000,7.110000,400.180000
16162,732.103000,417.630000,2.460000,414.410000
16163,789.481000,461.690000,4.771000,355.101000
16164,622.296000,357.521000,2.859000,289.694000
16165,819.791000,498.238000,7.061000,389.400000
16166,478.749000,239.774000,4.101000,208.925000
16167,873.888000,478.768000,1.771000,399.061000
16168,671.825000,358.450000,2.341000,351.461000
16169,681.775000,372.481000,1.480000,307.123000
16170,743.391000,319.003000,8.720000,326.971000
16171,520.868000,224.755000,5.849000,215.235000
16172,682.922000,372.462000,3.720000,397.920000
16173,546.017000,260.034000,8.640000,247.004000
16174,670.474000,394.860000,3.690000,326.892000
16175,649.234000,346.562000,1.610000,287.242000
16176,465.058000,207.205000,2.190000,186.325000
16177,744.423000,382.791000,2.290000,312.043000
16178,793.681000,428.960000,5.540000,362.292000
16179,686.123000,356.702000,1.670000,332.603000
16180,620.145000,296.483000,1.760000,263.785000
16181,754.092000,362.391000,1.739000,344.153000
16182,624.516000,334.262000,1.710000,303.464000
16183,740.242000,467.769000,13.339000,425.650000
16184,536.587000,253.954000,12.130000,243.364000
16185,801.501000,444.890000,6.600000,355.912000
16186,732.533000,433.260000,1.470000,324.003000
16187,610.456000,345.782000,0.850000,271.033000
16188,627.996000,340.923000,7.270000,279.654000
16189,738.543000,384.222000,16.659000,322.173000
16190,477.999000,198.525000,4.610000,302.272000
16191,893.599000,439.190000,3.720000,361.401000
16192,530.718000,256.834000,2.581000,240.214000
16193,752.992000,463.089000,4.739000,361.321000
16194,733.864000,385.040000,3.299000,298.072000
16195,659.125000,392.591000,1.491000,311.193000
16196,769.911000,409.539000,7.360000,349.292000
16197,599.375000,305.593000,21.379000,299.263000
16198,779.193000,448.108000,5.200000,331.523000
16199,730.213000,419.370000,2.140000,345.923000
16200,652.724000,310.864000,2.129000,305.642000
16201,833.450000,425.731000,3.781000,354.643000
16202,811.180000,446.769000,2.680000,354.341000
16203,691.103000,384.981000,6.209000,334.603000
16204,700.393000,413.051000,3.440000,348.962000
16205,628.584000,347.983000,3.249000,288.173000
16206,744.263000,437.600000,2.790000,340.701000
16207,632.835000,369.582000,3.271000,306.063000
16208,711.434000,396.141000,2.710000,325.462000
16209,672.985000,413.430000,3.960000,344.332000
16210,734.632000,331.922000,9.790000,316.972000
16211,745.402000,370.932000,3.520000,321.102000
16212,649.345000,352.631000,1.890000,421.950000
16213,779.401000,454.039000,1.251000,367.020000
16214,865.210000,397.451000,20.280000,325.142000
16215,841.751000,467.559000,3.690000,369.141000
16216,767.462000,410.941000,9.860000,343.933000
16217,592.306000,329.922000,7.200000,287.954000
16218,619.685000,334.401000,2.139000,279.455000
16219,810.521000,483.638000,3.291000,352.692000
16220,510.048000,253.164000,1.600000,237.445000
16221,701.853000,358.811000,3.230000,308.573000
16222,791.241000,431.691000,1.549000,348.641000
16223,596.156000,336.702000,11.531000,308.874000
16224,855.199000,500.697000,2.000000,349.601000
16225,607.946000,346.223000,1.320000,303.772000
16226,789.741000,463.210000,1.349000,345.052000
16227,650.045000,361.441000,1.351000,325.333000
16228,865.230000,453.409000,18.110000,373.283000
16229,875.718000,463.479000,11.700000,373.621000
16230,831.571000,487.457000,3.210000,368.650000
16231,614.056000,303.563000,5.680000,259.184000
16232,716.993000,463.499000,1.840000,360.871000
16233,596.616000,357.711000,1.461000,310.623000
16234,491.048000,235.035000,5.010000,276.724000
16235,680.464000,363.911000,1.940000,279.143000
16236,776.562000,440.209000,4.309000,337.173000
16237,710.913000,407.220000,2.860000,368.612000
16238,861.449000,450.009000,16.169000,366.831000
16239,743.362000,408.801000,3.950000,349.042000
16240,799.111000,384.891000,1.340000,331.922000
16241,695.464000,309.732000,2.510000,314.043000
16242,712.813000,356.481000,1.370000,309.233000
16243,728.073000,411.211000,2.030000,312.083000
16244,598.136000,317.563000,2.470000,253.673000
16245,553.448000,276.923000,3.980000,237.064000
16246,764.083000,408.901000,11.670000,332.252000
16247,590.226000,319.042000,2.569000,254.224000
16248,671.615000,386.002000,1.780000,299.374000
16249,614.816000,372.081000,1.290000,311.642000
16250,677.514000,338.562000,1.310000,312.612000
16251,620.096000,290.444000,17.170000,266.694000
16252,749.191000,403.040000,7.690000,338.452000
16253,727.423000,422.450000,12.169000,339.602000
16254,626.605000,333.211000,5.591000,291.043000
16255,701.153000,410.880000,2.579000,328.563000
16256,774.292000,478.328000,1.290000,349.971000
16257,711.313000,358.682000,11.180000,311.252000
16258,690.313000,404.310000,2.470000,314.742000
16259,767.732000,418.360000,1.449000,349.353000
16260,745.612000,386.781000,1.920000,385.761000
16261,588.576000,319.863000,0.880000,250.004000
16262,919.919000,459.800000,10.901000,378.751000
16263,698.033000,423.851000,2.540000,319.523000
16264,793.241000,478.189000,1.051000,352.641000
16265,862.040000,492.148000,1.531000,349.592000
16266,728.402000,405.620000,2.730000,355.561000
16267,742.933000,431.519000,1.191000,336.872000
16268,730.302000,387.371000,2.310000,299.023000
16269,659.035000,353.672000,3.880000,322.924000
16270,765.742000,366.231000,6.710000,346.013000
16271,659.763000,311.723000,2.310000,311.922000
16272,922.398000,476.529000,2.249000,365.222000
16273,707.123000,433.331000,3.980000,355.441000
16274,817.420000,490.439000,2.830000,362.511000
16275,748.332000,442.690000,1.970000,323.883000
16276,644.915000,338.891000,1.490000,270.603000
16277,777.011000,436.160000,2.350000,342.281000
16278,774.801000,431.470000,2.730000,344.151000
16279,781.212000,437.549000,4.010000,344.903000
16280,741.272000,384.721000,2.960000,340.381000
16281,854.390000,421.910000,5.169000,389.881000
16282,633.275000,352.820000,4.280000,305.983000
16283,692.863000,470.349000,2.430000,358.511000
16284,721.254000,409.110000,3.740000,275.484000
16285,827.580000,470.269000,4.750000,372.261000
16286,521.468000,261.323000,2.760000,250.674000
16287,852.301000,462.719000,1.649000,347.752000
16288,749.002000,436.450000,2.250000,331.863000
16289,750.491000,425.160000,4.320000,304.332000
16290,568.367000,243.074000,3.730000,323.482000
16291,757.773000,408.560000,2.280000,336.422000
16292,669.064000,388.650000,2.070000,312.173000
16293,408.141000,185.696000,4.570000,176.577000
16294,638.164000,350.582000,3.850000,285.443000
16295,671.624000,387.661000,3.080000,282.404000
16296,661.355000,371.022000,6.299000,311.333000
16297,554.896000,317.464000,6.090000,262.694000
16298,612.166000,327.252000,19.920000,315.272000
16299,781.631000,456.310000,5.700000,333.233000
16300,756.433000,351.882000,4.070000,314.052000
16301,817.912000,403.151000,3.260000,372.791000
16302,755.253000,387.532000,1.819000,319.531000
16303,530.179000,292.832000,3.280000,270.094000
16304,917.548000,510.718000,4.710000,416.650000
16305,765.321000,452.330000,1.989000,337.441000
16306,817.431000,477.869000,1.500000,375.641000
16307,782.161000,420.301000,2.499000,318.424000
16308,827.750000,507.179000,2.311000,360.471000
16309,761.023000,439.549000,4.151000,334.392000
16310,629.765000,337.501000,4.590000,313.913000
16311,686.994000,336.862000,5.990000,277.833000
16312,768.023000,423.560000,2.950000,361.311000
16313,377.391000,170.726000,2.350000,168.545000
16314,742.464000,398.280000,4.110000,319.323000
16315,573.628000,331.491000,2.011000,291.684000
16316,814.361000,453.419000,4.791000,361.092000
16317,613.426000,357.231000,4.390000,281.554000
16318,835.240000,505.828000,2.130000,372.311000
16319,518.859000,260.613000,4.299000,248.924000
16320,727.652000,358.683000,8.708000,326.934000
16321,709.303000,333.503000,3.470000,287.073000
16322,657.084000,375.851000,1.790000,325.403000
16323,683.423000,348.962000,18.630000,280.652000
16324,892.399000,425.531000,18.299000,383.961000
16325,807.341000,421.231000,18.650000,347.371000
16326,738.782000,405.521000,3.580000,306.693000
16327,757.792000,403.270000,1.380000,317.043000
16328,841.440000,466.740000,3.819000,379.360000
16329,797.411000,465.230000,20.390000,383.821000
16330,689.105000,362.071000,4.461000,351.262000
16331,754.231000,402.123000,3.470000,320.062000
16332,671.724000,370.902000,2.000000,313.213000
16333,742.663000,434.520000,2.490000,327.592000
16334,701.604000,413.501000,6.480000,327.703000
16335,581.187000,322.542000,6.530000,273.933000
16336,672.333000,359.831000,8.620000,304.083000
16337,727.533000,429.241000,2.520000,337.062000
16338,689.355000,366.641000,2.391000,316.633000
16339,846.970000,427.590000,19.571000,390.761000
16340,762.463000,345.962000,6.020000,342.532000
16341,629.275000,297.793000,8.489000,330.093000
16342,824.721000,445.170000,3.950000,344.241000
16343,751.713000,429.049000,1.720000,333.643000
16344,651.245000,373.861000,1.369000,307.813000
16345,740.283000,407.460000,4.550000,321.352000
16346,748.922000,394.831000,3.120000,306.024000
16347,720.342000,443.750000,4.840000,342.102000
16348,745.742000,427.930000,1.820000,331.212000
16349,782.291000,431.460000,7.620000,328.823000
16350,840.830000,340.792000,10.590000,337.822000
16351,733.743000,386.490000,5.990000,353.101000
16352,624.815000,311.833000,9.049000,311.461000
16353,642.755000,353.042000,8.430000,281.114000
16354,710.442000,416.040000,7.259000,331.563000
16355,803.511000,439.700000,2.320000,330.292000
16356,627.256000,352.541000,1.379000,293.614000
16357,765.371000,451.369000,2.550000,362.341000
16358,483.329000,234.295000,2.520000,259.883000
16359,594.006000,366.582000,6.870000,319.902000
16360,722.253000,326.412000,17.918000,307.104000
16361,547.706000,243.425000,2.960000,238.145000
16362,677.624000,337.832000,4.470000,336.602000
16363,700.184000,379.082000,2.220000,312.291000
16364,787.203000,439.449000,5.650000,339.682000
16365,451.919000,216.424000,2.840000,237.955000
16366,682.594000,379.061000,1.830000,305.504000
16367,818.471000,488.548000,1.750000,354.281000
16368,881.219000,467.380000,1.280000,408.151000
16369,732.463000,397.021000,1.280000,419.671000
16370,765.593000,389.350000,1.710000,353.102000
16371,784.871000,415.850000,50.250000,370.591000
16372,684.684000,377.891000,2.520000,333.752000
16373,642.835000,326.923000,6.350000,292.074000
16374,691.824000,408.710000,1.800000,370.440000
16375,793.922000,385.671000,6.710000,313.762000
16376,476.649000,232.934000,4.630000,212.045000
16377,915.547000,520.688000,1.580000,389.561000
16378,785.111000,440.880000,1.970000,411.830000
16379,611.236000,336.982000,7.420000,277.014000
16380,785.982000,382.851000,3.049000,318.903000
16381,763.251000,361.971000,10.120000,311.043000
16382,703.975000,365.292000,3.940000,326.411000
16383,641.454000,365.700000,1.730000,278.904000
16384,782.502000,437.569000,8.630000,331.132000
16385,704.624000,398.810000,8.700000,360.221000
16386,701.594000,374.951000,8.020000,312.962000
16387,800.081000,459.029000,3.571000,391.610000
16388,695.214000,372.321000,2.760000,315.843000
16389,379.411000,143.207000,2.110000,146.427000
16390,583.496000,256.683000,6.840000,250.204000
16391,739.164000,357.481000,3.740000,351.011000
16392,831.791000,453.260000,1.559000,348.092000
16393,591.345000,306.254000,1.020000,252.463000
16394,533.428000,329.312000,1.609000,300.333000
16395,765.701000,419.710000,1.291000,340.561000
16396,722.304000,404.860000,11.130000,337.852000
16397,634.124000,351.032000,4.660000,284.944000
16398,750.212000,444.100000,1.990000,333.062000
16399,725.354000,401.030000,1.100000,330.742000
16400,776.131000,363.571000,8.240000,313.932000
16401,661.015000,392.221000,2.339000,324.643000
16402,828.180000,406.780000,1.620000,384.651000
16403,634.206000,360.382000,1.329000,312.032000
16404,574.107000,342.551000,0.971000,264.124000
16405,651.556000,362.591000,2.350000,277.523000
16406,760.783000,462.859000,5.870000,364.481000
16407,740.513000,407.111000,2.180000,330.483000
16408,617.065000,354.042000,4.000000,293.273000
16409,849.680000,475.060000,1.689000,345.682000
16410,737.122000,375.773000,4.830000,328.141000
16411,695.434000,363.641000,3.069000,307.872000
16412,809.590000,426.701000,2.520000,353.442000
16413,762.194000,434.140000,4.330000,334.292000
16414,796.941000,476.478000,2.091000,370.671000
16415,737.933000,426.409000,2.670000,333.772000
16416,546.187000,273.064000,2.459000,229.204000
16417,659.465000,345.721000,4.751000,274.455000
16418,777.382000,434.260000,3.440000,330.643000
16419,589.066000,299.793000,3.380000,264.934000
16420,689.204000,362.853000,2.020000,363.822000
16421,871.830000,431.679000,6.450000,358.062000
16422,648.904000,296.283000,8.939000,280.293000
16423,625.445000,333.152000,4.950000,281.714000
16424,693.094000,422.460000,2.360000,312.803000
16425,507.198000,342.121000,5.880000,259.034000
16426,765.821000,424.350000,7.630000,365.481000
16427,754.543000,441.220000,5.341000,343.462000
16428,647.705000,417.631000,1.861000,338.951000
16429,704.244000,379.191000,4.571000,325.052000
16430,771.662000,358.462000,20.140000,343.992000
16431,848.060000,427.610000,2.860000,381.121000
16432,739.613000,402.990000,2.250000,349.331000
16433,677.164000,382.642000,9.539000,331.802000
16434,585.376000,337.133000,1.659000,312.193000
16435,672.734000,384.691000,2.850000,332.712000
16436,743.103000,453.298000,6.541000,325.473000
16437,649.575000,383.381000,4.620000,318.612000
16438,643.385000,392.610000,1.819000,355.092000
16439,669.404000,367.492000,9.849000,301.113000
16440,702.012000,351.183000,4.240000,297.053000
16441,715.394000,352.661000,3.530000,284.774000
16442,659.374000,344.042000,7.370000,282.783000
16443,794.521000,470.299000,2.160000,373.431000
16444,765.612000,474.699000,2.590000,381.422000
16445,782.582000,440.320000,2.300000,361.841000
16446,711.524000,391.381000,2.719000,291.674000
16447,682.223000,374.651000,1.640000,297.423000
16448,819.740000,416.929000,5.650000,333.821000
16449,639.805000,349.082000,5.969000,294.004000
16450,815.091000,399.020000,4.579000,364.831000
16451,709.603000,333.651000,1.689000,292.394000
16452,944.128000,485.519000,1.440000,507.408000
16453,751.002000,403.110000,4.240000,306.402000
16454,669.714000,367.041000,2.120000,307.103000
16455,694.123000,396.691000,1.800000,324.033000
16456,722.713000,374.961000,2.480000,301.693000
16457,670.764000,404.551000,7.960000,356.881000
16458,850.270000,465.729000,9.830000,327.022000
16459,748.292000,409.271000,6.990000,337.991000
16460,755.862000,339.302000,6.139000,348.393000
16461,890.439000,365.602000,21.439000,332.223000
16462,653.964000,380.931000,5.670000,324.481000
16463,689.584000,381.840000,2.300000,321.082000
16464,784.831000,494.088000,1.400000,348.801000
16465,753.703000,415.600000,5.260000,358.020000
16466,711.764000,432.960000,2.040000,363.132000
16467,613.235000,391.813000,1.889000,339.942000
16468,806.441000,435.050000,11.690000,371.450000
16469,762.422000,416.411000,3.170000,348.931000
16470,612.486000,267.374000,17.469000,269.613000
16471,724.814000,343.452000,3.910000,297.214000
16472,943.707000,508.398000,20.440000,404.781000
16473,653.674000,344.172000,3.670000,264.624000
16474,577.906000,305.613000,1.139000,247.284000
16475,837.020000,452.600000,19.350000,362.521000
16476,527.147000,302.104000,4.440000,272.984000
16477,732.292000,424.121000,4.850000,313.202000
16478,816.131000,437.580000,1.840000,339.672000
16479,790.232000,410.920000,1.920000,318.872000
16480,815.121000,411.110000,1.500000,347.752000
16481,674.575000,339.361000,4.779000,310.734000
16482,525.757000,265.394000,2.680000,233.445000
16483,637.445000,296.803000,5.340000,279.364000
16484,763.172000,433.670000,2.890000,333.082000
16485,618.425000,294.834000,1.970000,242.524000
16486,899.318000,410.820000,6.809000,335.662000
16487,691.555000,417.531000,4.480000,342.302000
16488,642.255000,380.451000,1.650000,307.233000
16489,835.670000,485.399000,1.380000,365.930000
16490,726.611000,349.543000,4.790000,323.932000
16491,847.770000,414.110000,3.320000,356.951000
16492,732.393000,405.511000,3.908000,374.582000
16493,738.862000,428.180000,2.421000,392.690000
16494,714.604000,420.050000,2.760000,324.352000
16495,584.876000,273.684000,4.240000,238.644000
16496,735.883000,415.190000,2.040000,318.023000
16497,625.536000,304.172000,1.320000,225.565000
16498,795.071000,424.250000,8.021000,352.432000
16499,481.050000,223.894000,3.260000,211.915000
16500,735.592000,339.183000,1.400000,298.952000
16501,842.650000,379.661000,2.390000,397.111000
16502,687.494000,358.342000,1.360000,349.161000
16503,719.314000,424.720000,6.560000,353.851000
16504,699.574000,427.650000,12.080000,348.542000
16505,670.504000,395.021000,6.400000,325.593000
16506,737.643000,416.051000,2.680000,339.764000
16507,783.282000,446.799000,2.671000,338.842000
16508,692.253000,367.602000,2.120000,317.142000
16509,783.081000,485.859000,1.741000,352.242000
16510,689.033000,326.393000,4.700000,287.943000
16511,782.062000,403.800000,4.070000,354.382000
16512,543.998000,250.895000,3.899000,234.265000
16513,532.427000,293.043000,1.369000,260.993000
16514,672.944000,337.752000,5.629000,282.233000
16515,720.102000,394.331000,3.530000,343.782000
16516,788.141000,434.960000,2.060000,338.692000
16517,740.373000,409.201000,2.430000,367.041000
16518,491.197000,261.215000,8.379000,241.214000
16519,608.206000,329.783000,3.320000,265.964000
16520,855.969000,433.940000,3.000000,359.681000
16521,717.694000,409.260000,2.781000,321.722000
16522,685.594000,349.341000,6.960000,315.592000
16523,684.404000,387.770000,6.810000,307.473000
16524,682.613000,415.581000,2.000000,294.633000
16525,749.992000,457.970000,1.699000,382.210000
16526,685.933000,400.911000,5.110000,336.042000
16527,895.019000,484.268000,2.600000,356.671000
16528,647.275000,352.823000,17.059000,315.273000
16529,666.315000,366.562000,4.680000,313.012000
16530,724.773000,373.300000,1.880000,323.272000
16531,817.981000,418.010000,4.480000,350.202000
16532,673.314000,358.471000,8.189000,294.694000
16533,726.973000,458.698000,2.950000,343.591000
16534,681.994000,423.861000,3.730000,352.941000
16535,580.326000,303.823000,6.000000,279.022000
16536,754.203000,371.481000,6.659000,296.052000
16537,734.593000,410.810000,2.660000,340.601000
16538,622.045000,339.822000,1.330000,264.354000
16539,741.423000,482.599000,8.100000,336.012000
16540,586.476000,241.374000,20.720000,268.033000
16541,673.904000,334.004000,6.340000,300.674000
16542,736.863000,323.132000,1.870000,276.554000
16543,823.552000,440.251000,2.109000,335.232000
16544,785.041000,421.120000,6.691000,334.661000
16545,766.423000,479.239000,3.090000,343.422000
16546,650.194000,348.623000,3.760000,299.933000
16547,624.265000,330.723000,3.100000,276.492000
16548,684.394000,374.951000,2.630000,292.084000
16549,745.742000,431.870000,1.950000,336.352000
16550,775.031000,390.041000,8.380000,337.183000
16551,577.717000,290.002000,3.670000,297.193000
16552,826.241000,471.399000,1.510000,346.112000
16553,754.491000,429.950000,4.020000,333.442000
16554,577.888000,306.902000,1.750000,251.464000
16555,490.328000,236.074000,3.431000,265.914000
16556,745.662000,419.461000,5.970000,324.863000
16557,789.041000,467.780000,2.620000,327.652000
16558,868.389000,535.846000,1.440000,362.261000
16559,727.393000,418.261000,0.979000,356.291000
16560,703.843000,360.072000,2.430000,333.462000
16561,807.301000,428.480000,9.319000,408.321000
16562,607.705000,287.633000,8.350000,296.432000
16563,620.296000,316.683000,2.310000,304.242000
16564,723.924000,415.270000,2.380000,341.922000
16565,801.042000,436.161000,9.160000,338.982000
16566,628.926000,327.503000,2.120000,272.143000
16567,765.013000,420.880000,1.669000,368.140000
16568,716.013000,376.291000,2.729000,319.624000
16569,831.390000,447.049000,4.529000,360.751000
16570,584.765000,246.434000,2.690000,244.184000
16571,729.613000,357.802000,1.560000,384.900000
16572,755.123000,367.141000,11.739000,373.041000
16573,752.812000,402.760000,2.730000,330.963000
16574,738.062000,410.970000,1.809000,313.523000
16575,757.791000,368.481000,19.239000,305.452000
16576,660.725000,360.642000,2.770000,281.384000
16577,861.420000,494.049000,1.169000,488.509000
16578,848.450000,440.069000,5.400000,366.842000
16579,627.336000,313.493000,3.989000,270.573000
16580,744.183000,322.882000,2.230000,306.823000
16581,740.102000,290.713000,12.748000,272.523000
16582,930.998000,479.408000,3.581000,357.352000
16583,757.234000,435.889000,2.470000,340.042000
16584,580.046000,307.093000,7.730000,278.663000
16585,579.077000,365.403000,18.769000,307.192000
16586,670.414000,384.581000,5.920000,311.563000
16587,791.431000,446.500000,10.469000,343.572000
16588,819.580000,462.930000,3.771000,333.742000
16589,774.852000,424.680000,16.820000,353.601000
16590,777.133000,384.651000,3.320000,326.092000
16591,750.132000,401.851000,2.220000,374.532000
16592,874.239000,467.190000,17.709000,370.381000
16593,837.150000,474.050000,3.560000,358.841000
16594,808.100000,462.200000,4.400000,364.131000
16595,566.277000,283.164000,2.420000,226.885000
16596,766.532000,413.420000,16.930000,333.832000
16597,670.104000,353.771000,7.500000,303.703000
16598,522.457000,267.704000,1.870000,243.574000
16599,768.062000,446.789000,6.590000,362.351000
16600,777.693000,378.321000,11.919000,337.742000
16601,724.203000,383.132000,2.951000,320.232000
16602,725.422000,419.210000,2.631000,356.842000
16603,657.114000,393.041000,1.510000,322.672000
16604,687.264000,404.730000,1.920000,313.573000
16605,722.842000,451.969000,2.370000,411.600000
16606,555.938000,272.843000,2.819000,251.055000
16607,726.352000,433.570000,2.040000,327.543000
16608,700.113000,317.422000,7.819000,320.303000
16609,799.691000,510.347000,2.520000,382.261000
16610,797.442000,354.432000,17.480000,331.811000
16611,804.171000,397.230000,11.429000,337.951000
16612,834.980000,465.570000,2.910000,358.891000
16613,741.863000,394.071000,3.930000,314.522000
16614,659.965000,392.241000,2.630000,301.462000
16615,740.232000,389.132000,2.650000,304.993000
16616,742.563000,407.162000,3.819000,357.771000
16617,536.089000,322.672000,3.169000,279.294000
16618,948.027000,557.796000,4.240000,407.970000
16619,763.992000,391.831000,9.318000,325.503000
16620,834.261000,387.250000,7.379000,368.972000
16621,753.692000,390.551000,6.509000,333.222000
16622,616.917000,312.662000,2.000000,286.473000
16623,659.165000,380.301000,4.600000,319.733000
16624,566.667000,306.953000,1.989000,252.304000
16625,664.435000,353.842000,3.699000,299.173000
16626,456.379000,242.665000,2.380000,230.864000
16627,615.165000,331.663000,2.049000,270.615000
16628,766.871000,440.789000,2.080000,416.930000
16629,812.681000,469.059000,2.079000,332.252000
16630,644.805000,298.182000,5.051000,281.352000
16631,770.723000,376.371000,2.560000,326.992000
16632,677.814000,360.061000,4.750000,308.553000
16633,678.705000,366.241000,2.870000,302.942000
16634,659.765000,362.801000,16.350000,304.733000
16635,797.551000,486.559000,3.439000,340.613000
16636,664.564000,353.091000,11.840000,301.962000
16637,669.465000,361.871000,3.560000,344.573000
16638,398.030000,152.206000,1.219000,143.937000
16639,767.141000,435.719000,1.830000,324.494000
16640,677.524000,330.223000,5.000000,319.971000
16641,702.574000,335.331000,2.830000,316.412000
16642,769.023000,421.379000,9.720000,362.702000
16643,734.252000,425.190000,3.200000,331.322000
16644,734.513000,423.830000,2.790000,400.221000
16645,744.182000,443.630000,2.589000,313.783000
16646,466.229000,199.746000,2.770000,226.245000
16647,640.795000,367.311000,1.890000,287.494000
16648,710.273000,312.843000,19.318000,311.323000
16649,756.142000,406.061000,3.741000,310.503000
16650,715.512000,379.330000,1.340000,315.863000
16651,806.041000,411.979000,5.120000,366.341000
16652,691.493000,368.201000,2.290000,298.682000
16653,716.963000,388.101000,2.901000,300.403000
16654,752.902000,408.482000,2.760000,315.494000
16655,829.270000,456.918000,3.310000,434.240000
16656,790.761000,414.241000,8.030000,334.143000
16657,625.066000,342.632000,11.510000,297.503000
16658,828.201000,422.150000,12.019000,346.113000
16659,773.122000,428.990000,5.470000,352.812000
16660,712.213000,385.970000,6.650000,344.133000
16661,745.903000,394.571000,3.779000,343.352000
16662,668.135000,380.850000,3.070000,291.084000
16663,662.175000,379.261000,6.909000,333.101000
16664,723.172000,393.302000,3.999000,318.682000
16665,827.901000,455.409000,1.440000,332.852000
16666,740.832000,413.810000,11.210000,374.381000
16667,714.863000,372.791000,4.071000,316.014000
16668,663.784000,378.321000,1.929000,325.134000
16669,873.819000,483.388000,4.820000,354.952000
16670,697.514000,320.203000,4.140000,299.132000
16671,712.714000,333.291000,1.280000,306.024000
16672,675.724000,337.423000,16.730000,304.952000
16673,513.218000,298.972000,7.700000,276.603000
16674,700.133000,399.271000,4.109000,328.541000
16675,752.062000,468.540000,2.009000,320.504000
16676,657.464000,351.222000,1.490000,305.703000
16677,773.183000,459.618000,3.870000,342.003000
16678,833.660000,478.438000,1.380000,340.723000
16679,745.082000,432.010000,1.900000,364.002000
16680,779.281000,357.231000,3.299000,327.413000
16681,702.092000,353.022000,4.540000,318.473000
16682,753.862000,407.341000,2.020000,357.212000
16683,491.219000,251.394000,2.781000,244.434000
16684,636.505000,333.532000,4.740000,284.054000
16685,748.873000,454.339000,1.580000,369.331000
16686,700.573000,392.360000,1.560000,293.263000
16687,769.162000,447.770000,3.350000,339.102000
16688,756.453000,435.550000,4.998000,350.843000
16689,651.305000,369.001000,2.160000,307.772000
16690,618.195000,289.113000,1.421000,263.583000
16691,826.370000,370.811000,20.338000,358.482000
16692,658.494000,357.443000,4.579000,331.482000
16693,719.464000,412.250000,3.060000,318.162000
16694,801.611000,512.528000,1.839000,365.121000
16695,727.482000,401.100000,1.171000,332.964000
16696,739.042000,452.239000,1.370000,368.701000
16697,644.405000,341.302000,1.320000,300.613000
16698,729.573000,432.999000,2.080000,334.192000
16699,667.035000,389.320000,9.290000,299.203000
16700,565.758000,268.053000,4.329000,240.794000
16701,702.344000,374.701000,2.240000,314.753000
16702,804.810000,467.338000,3.270000,333.513000
16703,806.840000,512.987000,3.200000,364.602000
16704,709.564000,424.359000,5.109000,328.101000
16705,710.174000,358.252000,22.370000,296.883000
16706,850.809000,451.660000,14.510000,329.862000
16707,672.584000,380.141000,9.199000,292.954000
16708,721.653000,407.500000,19.970000,340.012000
16709,715.313000,411.150000,4.429000,298.363000
16710,653.005000,331.712000,22.169000,300.513000
16711,735.702000,344.392000,1.760000,329.412000
16712,663.774000,343.701000,1.709000,292.694000
16713,621.576000,341.112000,3.079000,283.295000
16714,756.072000,423.390000,3.819000,354.740000
16715,741.783000,411.040000,1.870000,353.843000
16716,665.113000,335.093000,5.500000,309.762000
16717,787.762000,445.060000,2.340000,334.211000
16718,772.312000,464.058000,1.850000,367.272000
16719,663.443000,345.203000,3.379000,279.643000
16720,696.294000,303.224000,20.299000,280.682000
16721,753.314000,387.801000,5.530000,322.332000
16722,750.063000,463.208000,1.969000,359.343000
16723,777.311000,455.730000,3.341000,345.251000
16724,678.325000,402.371000,3.850000,316.812000
16725,614.206000,341.181000,5.010000,264.534000
16726,744.252000,400.251000,4.021000,320.454000
16727,722.213000,337.953000,5.439000,301.073000
16728,810.831000,507.659000,2.341000,343.492000
16729,621.455000,334.632000,2.260000,258.564000
16730,817.101000,383.333000,3.920000,379.731000
16731,525.827000,267.535000,5.581000,267.303000
16732,732.402000,434.050000,2.061000,341.991000
16733,760.142000,390.780000,14.669000,323.753000
16734,874.719000,492.198000,11.020000,358.911000
16735,600.715000,312.924000,3.040000,311.132000
16736,544.628000,291.684000,2.381000,253.154000
16737,565.076000,301.073000,1.290000,391.791000
16738,559.956000,269.144000,6.889000,241.025000
16739,576.106000,327.572000,2.140000,252.444000
16740,766.252000,376.302000,2.200000,346.052000
16741,558.986000,261.355000,2.270000,244.634000
16742,838.691000,484.219000,4.510000,362.300000
16743,749.562000,430.450000,6.130000,387.972000
16744,767.672000,448.960000,2.840000,345.142000
16745,636.445000,356.101000,2.179000,269.453000
16746,559.547000,332.403000,1.550000,284.422000
16747,660.965000,397.821000,2.151000,330.023000
16748,875.419000,497.559000,3.271000,353.511000
16749,807.931000,457.129000,1.939000,368.311000
16750,633.765000,276.503000,2.990000,281.813000
16751,464.410000,213.826000,4.181000,204.725000
16752,479.718000,219.875000,3.941000,210.534000
16753,732.462000,362.762000,8.510000,319.252000
16754,552.557000,279.483000,2.200000,232.955000
16755,747.932000,434.440000,1.590000,336.512000
16756,863.010000,463.070000,7.710000,355.101000
16757,500.099000,271.993000,4.910000,246.684000
16758,562.276000,342.272000,4.370000,308.802000
16759,841.011000,499.378000,1.890000,345.531000
16760,569.156000,240.135000,2.020000,250.414000
16761,703.553000,358.262000,9.160000,337.862000
16762,512.277000,269.504000,2.360000,225.685000
16763,588.906000,356.951000,2.360000,289.513000
16764,771.831000,459.439000,12.939000,358.622000
16765,771.812000,459.599000,2.360000,337.072000
16766,656.105000,345.203000,1.560000,297.232000
16767,656.595000,346.531000,8.851000,302.293000
16768,734.752000,410.120000,7.360000,343.552000
16769,696.853000,414.400000,2.619000,332.433000
16770,660.185000,319.472000,2.899000,294.474000
16771,538.997000,249.644000,19.740000,250.883000
16772,698.934000,406.701000,2.581000,336.871000
16773,835.370000,466.449000,7.890000,399.221000
16774,421.009000,210.736000,2.630000,195.956000
16775,735.652000,464.470000,3.300000,350.601000
16776,523.298000,253.404000,8.570000,235.773000
16777,773.372000,387.471000,8.110000,318.842000
16778,510.288000,264.343000,3.629000,236.044000
16779,862.151000,484.269000,15.068000,418.489000
16780,826.000000,366.871000,4.470000,328.952000
16781,659.814000,357.232000,1.960000,312.513000
16782,828.300000,431.759000,17.099000,389.311000
16783,621.845000,388.281000,6.409000,349.462000
16784,595.436000,358.961000,4.080000,329.822000
16785,618.186000,368.072000,5.991000,315.402000
16786,616.155000,362.952000,2.430000,306.833000
16787,684.774000,384.982000,2.110000,293.373000
16788,618.646000,316.002000,1.969000,266.744000
16789,757.951000,402.882000,2.471000,320.653000
16790,838.880000,413.651000,3.449000,354.973000
16791,807.710000,413.481000,1.530000,373.381000
16792,723.543000,405.111000,8.380000,345.391000
16793,787.462000,464.770000,3.389000,384.532000
16794,667.845000,428.690000,1.630000,352.282000
16795,685.394000,377.271000,1.120000,284.663000
16796,774.422000,468.379000,2.820000,352.661000
16797,698.853000,423.699000,4.071000,364.451000
16798,660.155000,378.621000,5.500000,327.552000
16799,799.053000,404.842000,10.100000,334.362000
16800,725.303000,424.400000,4.920000,335.251000
16801,727.953000,374.521000,1.780000,334.551000
16802,709.093000,378.601000,5.790000,304.763000
16803,777.852000,453.970000,5.139000,357.711000
16804,806.731000,438.281000,2.800000,398.221000
16805,695.524000,357.901000,2.890000,331.013000
16806,700.193000,404.790000,2.610000,335.993000
16807,764.293000,425.651000,10.510000,338.591000
16808,757.622000,410.840000,7.390000,345.643000
16809,660.103000,364.653000,19.668000,337.093000
16810,722.793000,368.832000,4.759000,357.352000
16811,641.875000,343.072000,2.319000,277.994000
16812,854.030000,473.969000,1.429000,347.743000
16813,678.643000,367.202000,1.060000,260.132000
16814,774.733000,412.380000,9.929000,313.552000
16815,680.935000,359.650000,3.981000,327.652000
16816,645.924000,346.471000,3.680000,278.854000
16817,586.477000,284.274000,8.339000,271.162000
16818,812.401000,466.529000,1.971000,365.090000
16819,738.744000,395.981000,3.110000,304.472000
16820,544.407000,224.334000,5.089000,216.405000
16821,624.596000,273.784000,2.191000,238.614000
16822,670.984000,345.023000,1.330000,299.823000
16823,755.214000,426.940000,1.320000,326.084000
16824,693.704000,437.870000,1.100000,331.503000
16825,676.373000,371.082000,1.340000,302.093000
16826,720.564000,397.091000,1.009000,306.432000
16827,645.765000,334.522000,15.350000,289.474000
16828,511.107000,255.335000,5.099000,223.195000
16829,758.342000,417.970000,1.890000,330.063000
16830,639.345000,336.232000,4.310000,317.333000
16831,775.671000,380.101000,2.610000,330.913000
16832,631.845000,298.922000,1.630000,279.304000
16833,618.825000,344.883000,3.749000,286.763000
16834,711.923000,436.449000,2.350000,343.252000
16835,619.835000,314.124000,5.759000,319.723000
16836,743.763000,336.121000,14.820000,284.024000
16837,475.298000,243.254000,4.300000,264.234000
16838,614.126000,333.123000,1.769000,282.084000
16839,698.244000,366.611000,7.239000,300.153000
16840,804.802000,356.622000,9.269000,375.712000
16841,697.463000,381.101000,10.690000,328.854000
16842,504.017000,232.204000,4.650000,207.475000
16843,623.426000,329.352000,9.790000,282.365000
16844,546.227000,271.944000,6.980000,354.251000
16845,602.876000,336.042000,2.651000,291.742000
16846,441.170000,231.214000,3.449000,221.995000
16847,720.702000,447.350000,2.200000,332.721000
16848,759.212000,437.210000,2.110000,318.222000
16849,786.751000,438.610000,1.690000,336.982000
16850,743.232000,344.542000,1.640000,315.402000
16851,505.018000,232.513000,1.920000,229.705000
16852,826.390000,453.260000,5.539000,367.060000
16853,667.884000,321.882000,2.980000,270.284000
16854,460.760000,240.215000,4.860000,228.304000
16855,640.124000,353.833000,2.720000,307.222000
16856,779.992000,451.870000,6.890000,335.352000
16857,645.524000,327.204000,38.918000,277.304000
16858,697.205000,396.471000,2.570000,325.132000
16859,631.175000,360.172000,2.421000,304.793000
16860,777.472000,386.401000,2.570000,335.492000
16861,820.231000,427.681000,1.980000,352.252000
16862,776.233000,422.821000,1.260000,323.382000
16863,793.352000,445.949000,2.890000,346.393000
16864,886.519000,511.669000,5.059000,368.601000
16865,657.704000,350.572000,2.650000,304.193000
16866,618.266000,339.013000,5.840000,282.612000
16867,713.703000,400.840000,3.051000,362.022000
16868,806.881000,488.389000,3.421000,353.341000
16869,685.515000,385.721000,2.030000,290.093000
16870,836.810000,395.442000,8.040000,367.761000
16871,671.425000,327.691000,6.400000,293.644000
16872,813.861000,423.390000,14.269000,374.002000
16873,771.381000,420.460000,5.320000,335.382000
16874,827.610000,450.530000,5.780000,349.432000
16875,838.820000,463.869000,2.730000,395.280000
16876,649.705000,373.442000,1.650000,296.273000
16877,725.442000,407.881000,1.380000,317.301000
16878,780.533000,506.188000,2.451000,393.941000
16879,803.701000,479.269000,6.579000,351.831000
16880,772.162000,386.471000,4.660000,340.831000
16881,832.460000,425.220000,6.091000,379.171000
16882,711.014000,384.031000,6.270000,324.361000
16883,713.454000,425.760000,21.670000,346.871000
16884,774.071000,479.419000,10.360000,385.151000
16885,537.866000,265.514000,4.299000,216.935000
16886,556.707000,269.654000,7.840000,247.604000
16887,736.502000,417.370000,2.750000,336.172000
16888,691.044000,370.902000,1.450000,318.153000
16889,692.914000,367.721000,2.101000,305.003000
16890,644.005000,352.983000,1.759000,321.134000
16891,702.133000,366.872000,1.390000,300.073000
16892,739.232000,387.781000,3.311000,314.682000
16893,701.483000,429.581000,1.849000,339.771000
16894,480.529000,223.964000,5.310000,216.994000
16895,639.055000,371.732000,2.130000,293.474000
16896,818.611000,430.130000,16.080000,339.451000
16897,541.098000,269.363000,6.710000,226.585000
16898,836.040000,458.900000,2.000000,329.752000
16899,811.951000,441.849000,2.530000,333.922000
16900,651.615000,293.283000,4.330000,280.272000
16901,673.485000,330.641000,2.291000,278.753000
16902,707.323000,363.892000,1.739000,319.322000
16903,600.036000,323.873000,10.040000,292.223000
16904,729.354000,409.390000,21.309000,333.372000
16905,484.530000,242.114000,6.711000,202.026000
16906,643.956000,385.362000,1.910000,308.402000
16907,727.344000,389.121000,8.090000,333.693000
16908,689.204000,387.061000,2.329000,310.002000
16909,723.913000,364.631000,9.270000,305.343000
16910,768.312000,333.732000,8.799000,320.842000
16911,765.101000,336.943000,2.410000,292.283000
16912,474.879000,210.185000,1.451000,213.605000
16913,667.033000,393.950000,1.419000,287.394000
16914,724.723000,450.658000,0.830000,330.322000
16915,690.303000,378.960000,12.049000,325.753000
16916,825.320000,480.537000,3.480000,377.872000
16917,890.398000,478.920000,4.440000,395.052000
16918,745.643000,318.092000,24.380000,278.283000
16919,662.595000,394.780000,4.590000,328.072000
16920,696.453000,341.742000,2.570000,286.684000
16921,783.221000,410.211000,1.941000,334.121000
16922,692.554000,337.442000,1.760000,284.604000
16923,754.182000,470.448000,1.280000,351.781000
16924,671.105000,376.631000,1.470000,299.383000
16925,733.733000,412.931000,1.419000,284.672000
16926,803.492000,458.168000,2.080000,341.612000
16927,692.793000,340.923000,4.650000,278.762000
16928,734.323000,425.870000,14.230000,339.691000
16929,663.435000,360.131000,3.530000,281.354000
16930,675.983000,341.612000,4.190000,313.792000
16931,801.171000,399.441000,2.670000,361.022000
16932,761.573000,441.401000,4.269000,370.661000
16933,784.021000,421.550000,5.109000,330.571000
16934,684.855000,386.071000,1.689000,315.943000
16935,620.494000,395.421000,1.080000,319.212000
16936,856.180000,505.777000,6.770000,435.100000
16937,596.186000,349.482000,2.770000,277.894000
16938,514.098000,262.002000,2.419000,228.745000
16939,704.184000,379.851000,2.020000,315.882000
16940,711.913000,339.282000,3.330000,309.464000
16941,693.143000,379.362000,4.439000,359.282000
16942,722.672000,362.792000,2.160000,297.624000
16943,670.085000,384.490000,5.751000,323.532000
16944,483.768000,247.684000,6.360000,210.546000
16945,708.663000,394.501000,3.980000,316.223000
16946,772.592000,381.071000,5.040000,294.322000
16947,700.594000,384.470000,2.710000,345.611000
16948,559.148000,292.232000,1.411000,255.234000
16949,738.623000,399.420000,3.480000,307.042000
16950,736.024000,335.411000,3.450000,299.533000
16951,740.213000,345.992000,1.710000,314.223000
16952,719.013000,376.322000,1.299000,298.034000
16953,803.791000,443.369000,17.600000,371.962000
16954,789.542000,427.160000,2.929000,306.293000
16955,800.920000,437.301000,1.280000,339.192000
16956,735.072000,404.900000,1.330000,314.392000
16957,711.673000,412.380000,5.460000,336.861000
16958,690.594000,379.871000,3.280000,314.491000
16959,786.252000,447.119000,1.449000,381.182000
16960,642.634000,311.882000,1.520000,298.243000
16961,527.178000,250.355000,12.129000,245.634000
16962,805.291000,448.060000,5.531000,342.611000
16963,594.726000,308.663000,2.100000,254.723000
16964,550.508000,269.883000,3.430000,249.765000
16965,934.129000,566.426000,2.070000,406.421000
16966,760.982000,413.240000,2.301000,332.931000
16967,742.883000,390.891000,3.370000,322.542000
16968,668.535000,375.640000,3.840000,329.762000
16969,555.037000,284.783000,1.779000,245.545000
16970,785.712000,322.333000,1.950000,298.853000
16971,798.861000,366.481000,1.710000,351.033000
16972,655.315000,346.172000,1.491000,299.192000
16973,864.820000,474.659000,6.660000,366.561000
16974,618.896000,295.223000,2.550000,253.595000
16975,637.116000,339.032000,3.060000,301.023000
16976,608.126000,374.531000,6.730000,336.462000
16977,729.293000,429.160000,3.250000,344.781000
16978,854.079000,467.938000,5.760000,369.342000
16979,773.991000,449.650000,2.070000,392.071000
16980,728.394000,364.562000,2.390000,375.090000
16981,731.224000,366.311000,4.480000,352.522000
16982,726.414000,390.351000,3.991000,328.631000
16983,851.710000,514.758000,1.480000,365.862000
16984,676.963000,339.863000,0.870000,255.823000
16985,793.121000,431.030000,1.440000,352.012000
16986,662.035000,334.863000,2.060000,263.153000
16987,803.862000,465.418000,2.789000,358.363000
16988,774.032000,424.200000,2.209000,370.441000
16989,620.106000,309.173000,1.900000,264.094000
16990,741.843000,341.533000,3.980000,302.992000
16991,766.453000,374.421000,4.269000,331.243000
16992,552.587000,316.473000,3.559000,301.074000
16993,703.973000,430.201000,1.749000,321.233000
16994,606.466000,370.671000,1.200000,376.641000
16995,769.511000,548.206000,1.309000,364.302000
16996,739.773000,370.810000,7.889000,317.022000
16997,748.012000,418.321000,4.860000,332.961000
16998,722.604000,371.001000,1.900000,299.552000
16999,675.605000,376.841000,2449.483000,456.939000
17000,846.620000,380.061000,21.629000,356.052000
17001,729.352000,338.882000,5.110000,298.643000
17002,493.198000,215.705000,1.900000,241.575000
17003,683.934000,373.901000,3.991000,297.592000
17004,642.385000,306.363000,18.870000,260.053000
17005,734.463000,425.480000,3.209000,311.682000
17006,677.765000,390.641000,1.530000,314.822000
17007,789.122000,403.580000,5.251000,309.793000
17008,761.991000,427.820000,1.440000,321.653000
17009,850.369000,414.449000,1.550000,319.054000
17010,725.843000,350.682000,2.230000,312.982000
17011,488.399000,232.925000,2.570000,212.214000
17012,784.781000,393.990000,3.369000,339.822000
17013,743.803000,395.121000,2.760000,317.552000
17014,691.194000,383.321000,1.770000,291.154000
17015,440.509000,225.165000,2.520000,199.795000
17016,564.868000,304.643000,2.020000,224.715000
17017,597.447000,313.474000,2.688000,263.045000
17018,885.480000,519.228000,2.040000,376.191000
17019,799.462000,433.158000,5.240000,414.750000
17020,804.881000,401.030000,6.220000,350.322000
17021,747.991000,369.991000,2.389000,321.424000
17022,746.942000,416.730000,3.510000,350.751000
17023,718.444000,431.960000,3.789000,338.512000
17024,629.005000,325.702000,1.670000,267.015000
17025,677.115000,387.381000,1.590000,284.823000
17026,788.362000,437.430000,1.421000,324.452000
17027,679.245000,374.440000,2.981000,330.272000
17028,739.453000,431.598000,2.770000,345.852000
17029,578.646000,272.584000,10.220000,242.083000
17030,642.286000,305.292000,9.040000,292.634000
17031,850.610000,416.771000,3.900000,375.912000
17032,891.289000,390.441000,9.390000,324.694000
17033,714.003000,406.750000,3.719000,323.313000
17034,1063.055000,519.497000,19.389000,402.461000
17035,734.553000,407.811000,13.049000,322.761000
17036,641.385000,331.792000,7.520000,292.103000
17037,380.530000,163.707000,3.051000,159.745000
17038,625.115000,331.193000,2.459000,312.093000
17039,759.981000,397.901000,2.711000,307.643000
17040,674.154000,307.704000,4.360000,279.913000
17041,530.058000,251.334000,3.130000,246.775000
17042,784.032000,430.080000,1.560000,333.863000
17043,798.810000,438.081000,3.629000,362.332000
17044,515.037000,268.954000,2.370000,235.295000
17045,757.452000,381.090000,5.270000,299.054000
17046,794.071000,454.649000,2.480000,368.072000
17047,768.082000,402.870000,4.191000,332.181000
17048,720.703000,394.300000,1.800000,311.522000
17049,640.835000,366.331000,2.000000,332.042000
17050,820.871000,395.890000,14.369000,362.452000
17051,749.124000,391.841000,5.760000,326.003000
17052,726.133000,376.352000,13.649000,362.022000
17053,691.964000,411.101000,5.969000,380.731000
17054,638.335000,337.164000,1.810000,308.682000
17055,574.417000,270.904000,1.560000,295.483000
17056,664.924000,345.682000,5.430000,286.703000
17057,669.494000,380.590000,3.830000,293.014000
17058,727.013000,428.369000,1.560000,342.163000
17059,753.721000,423.691000,5.840000,321.741000
17060,659.374000,303.083000,2.780000,271.043000
17061,713.574000,399.220000,3.690000,334.692000
17062,805.600000,422.381000,1.651000,323.673000
17063,887.969000,469.629000,11.010000,375.231000
17064,757.963000,429.398000,9.859000,352.922000
17065,677.763000,370.382000,2.290000,279.772000
17066,675.754000,357.411000,2.450000,293.043000
17067,725.042000,399.500000,2.579000,306.754000
17068,780.371000,426.610000,2.640000,346.291000
17069,678.035000,365.132000,1.750000,285.003000
17070,831.430000,357.611000,6.209000,314.814000
17071,687.274000,349.272000,5.870000,349.712000
17072,782.862000,405.720000,4.989000,344.203000
17073,467.868000,232.775000,3.300000,214.035000
17074,766.351000,463.020000,1.690000,333.472000
17075,600.515000,311.064000,4.099000,251.615000
17076,716.352000,398.981000,2.800000,310.953000
17077,656.255000,367.000000,4.050000,316.102000
17078,697.923000,367.572000,8.370000,326.331000
17079,668.705000,339.083000,3.831000,318.272000
17080,922.317000,430.270000,3.229000,355.841000
17081,831.201000,452.679000,4.160000,364.211000
17082,779.151000,388.531000,10.620000,328.793000
17083,743.962000,402.180000,3.829000,323.801000
17084,678.773000,408.931000,2.060000,347.091000
17085,534.609000,334.851000,4.100000,287.234000
17086,691.594000,437.179000,2.009000,359.481000
17087,683.634000,412.990000,46.359000,364.041000
17088,683.015000,369.781000,1.770000,278.713000
17089,592.997000,302.602000,5.420000,260.004000
17090,761.632000,377.031000,2.421000,349.272000
17091,799.031000,434.640000,2.560000,362.721000
17092,743.183000,362.981000,4.021000,287.803000
17093,655.465000,381.212000,1.821000,324.193000
17094,748.953000,436.929000,1.120000,328.802000
17095,687.804000,366.462000,2.130000,301.723000
17096,626.035000,353.391000,1.870000,325.482000
17097,787.021000,462.279000,2.590000,355.481000
17098,662.304000,367.751000,4.830000,300.643000
17099,859.940000,472.488000,5.031000,361.661000
17100,561.098000,239.095000,4.250000,222.235000
17101,661.704000,305.133000,7.630000,320.502000
17102,832.291000,439.320000,2.590000,336.652000
17103,767.924000,434.050000,5.830000,338.352000
17104,734.872000,410.470000,5.520000,321.022000
17105,806.861000,384.991000,10.010000,336.853000
17106,886.349000,449.410000,3.529000,352.481000
17107,790.161000,395.211000,19.709000,347.792000
17108,584.646000,314.113000,4.320000,256.184000
17109,748.102000,437.360000,1.450000,346.772000
17110,694.143000,344.342000,2.120000,310.374000
17111,866.170000,448.069000,7.119000,326.313000
17112,675.424000,419.671000,2.391000,347.371000
17113,614.286000,350.922000,6.440000,286.234000
17114,835.151000,447.718000,17.990000,376.271000
17115,574.737000,334.082000,4.810000,297.243000
17116,675.313000,388.602000,2.560000,314.384000
17117,653.755000,366.931000,7.890000,308.293000
17118,807.430000,424.581000,13.560000,315.353000
17119,768.842000,458.479000,3.600000,367.871000
17120,777.690000,358.042000,9.960000,324.722000
17121,738.993000,346.082000,3.230000,292.682000
17122,583.587000,379.121000,5.060000,328.002000
17123,776.532000,448.979000,7.260000,428.370000
17124,681.365000,393.750000,2.469000,316.872000
17125,756.334000,426.821000,40.599000,354.871000
17126,485.618000,251.225000,4.739000,247.904000
17127,686.865000,367.042000,14.709000,312.043000
17128,427.110000,221.705000,2.880000,209.856000
17129,747.712000,393.211000,7.040000,313.013000
17130,764.852000,361.611000,2.700000,324.043000
17131,803.910000,384.011000,3.690000,351.422000
17132,722.493000,354.742000,3.530000,303.874000
17133,747.442000,439.290000,5.250000,384.311000
17134,787.641000,482.529000,1.870000,344.931000
17135,765.852000,429.200000,12.969000,378.351000
17136,671.705000,379.561000,4.980000,329.022000
17137,682.864000,369.611000,2.650000,291.383000
17138,837.080000,536.027000,3.850000,381.901000
17139,785.611000,434.540000,2.760000,331.083000
17140,695.544000,361.431000,3.779000,336.223000
17141,929.807000,459.899000,9.930000,378.561000
17142,628.265000,338.661000,2.339000,279.153000
17143,767.332000,484.050000,5.880000,327.752000
17144,820.861000,489.878000,1.630000,351.562000
17145,706.224000,386.581000,3.849000,296.693000
17146,713.863000,382.270000,1.940000,304.193000
17147,695.583000,428.100000,0.920000,328.523000
17148,701.814000,397.911000,14.510000,364.500000
17149,736.863000,443.019000,2.280000,345.792000
17150,681.025000,355.442000,2.330000,329.753000
17151,700.484000,339.542000,7.540000,319.122000
17152,651.315000,353.362000,5.469000,342.572000
17153,707.393000,422.221000,2.320000,315.461000
17154,894.950000,468.969000,17.580000,383.331000
17155,797.130000,441.380000,3.650000,358.661000
17156,692.924000,384.901000,2.440000,284.884000
17157,713.063000,459.539000,3.209000,389.842000
17158,645.564000,388.331000,4.240000,328.183000
17159,835.761000,532.537000,2.040000,379.181000
17160,529.739000,246.713000,1.710000,232.045000
17161,565.319000,276.953000,17.270000,265.804000
17162,689.843000,335.283000,3.350000,291.112000
17163,700.534000,439.080000,1.149000,328.682000
17164,627.906000,485.559000,1.400000,291.113000
17165,728.664000,414.680000,3.480000,329.202000
17166,640.745000,326.313000,2.510000,268.483000
17167,905.699000,497.499000,9.220000,410.451000
17168,756.271000,434.769000,4.979000,346.102000
17169,854.800000,486.728000,2.750000,355.172000
17170,574.416000,270.713000,2.840000,264.024000
17171,761.762000,407.170000,2.741000,354.100000
17172,839.330000,536.948000,12.430000,366.760000
17173,657.744000,359.172000,9.620000,317.302000
17174,703.824000,418.271000,2.151000,346.201000
17175,757.702000,414.290000,4.990000,334.852000
17176,829.529000,445.719000,8.680000,367.731000
17177,718.944000,394.971000,2.270000,309.762000
17178,803.173000,467.739000,4.019000,366.751000
17179,894.789000,510.809000,1.339000,336.291000
17180,736.133000,382.451000,1.690000,313.073000
17181,626.374000,306.674000,1.720000,267.683000
17182,863.699000,443.019000,6.960000,353.391000
17183,733.613000,398.490000,3.420000,334.842000
17184,778.062000,467.790000,3.690000,347.292000
17185,611.726000,333.212000,3.469000,267.863000
17186,762.343000,439.670000,1.659000,331.592000
17187,649.015000,348.932000,1.949000,280.213000
17188,672.144000,375.081000,1.870000,302.893000
17189,738.463000,402.430000,1.660000,348.041000
17190,665.294000,314.602000,6.250000,303.873000
17191,553.986000,249.925000,3.530000,232.705000
17192,763.002000,421.990000,3.010000,364.662000
17193,794.283000,425.610000,2.531000,303.463000
17194,700.774000,398.940000,56.918000,322.183000
17195,839.641000,469.809000,1.960000,401.451000
17196,648.175000,374.201000,1.280000,293.983000
17197,698.813000,385.021000,11.050000,326.092000
17198,627.385000,354.302000,3.309000,301.332000
17199,815.880000,489.849000,5.670000,383.461000
17200,651.143000,378.702000,3.230000,302.542000
17201,857.519000,440.409000,2.650000,362.812000
17202,846.921000,444.230000,2.880000,339.941000
17203,724.112000,365.353000,6.870000,294.113000
17204,744.323000,432.939000,6.360000,319.384000
17205,662.295000,297.462000,8.010000,280.363000
17206,662.163000,349.852000,5.209000,291.372000
17207,519.299000,248.485000,6.771000,218.714000
17208,739.033000,450.729000,2.560000,325.571000
17209,696.344000,385.011000,1.550000,313.842000
17210,582.797000,299.432000,1.731000,288.463000
17211,666.384000,334.663000,2.889000,315.462000
17212,806.561000,447.310000,2.880000,343.881000
17213,584.617000,347.081000,1.940000,284.683000
17214,772.092000,459.999000,1.660000,417.619000
17215,769.314000,423.501000,7.069000,411.971000
17216,637.614000,324.804000,5.149000,288.632000
17217,808.921000,454.519000,2.091000,349.321000
17218,689.994000,383.531000,1.720000,294.944000
17219,701.994000,378.321000,2.120000,286.944000
17220,575.666000,267.895000,1.859000,243.785000
17221,710.253000,341.222000,3.619000,307.462000
17222,789.871000,478.329000,1.600000,340.701000
17223,556.408000,325.902000,1.580000,287.734000
17224,666.393000,388.141000,10.369000,299.444000
17225,728.173000,440.810000,2.640000,333.032000
17226,738.813000,405.660000,14.050000,341.712000
17227,769.982000,421.461000,4.510000,365.211000
17228,911.598000,420.041000,19.480000,365.930000
17229,768.492000,425.620000,4.400000,356.772000
17230,743.462000,379.682000,4.630000,351.243000
17231,793.192000,376.061000,2.590000,356.031000
17232,623.545000,357.542000,7.479000,291.673000
17233,631.636000,352.942000,3.969000,306.243000
17234,695.023000,374.941000,2.590000,298.194000
17235,723.862000,429.340000,6.420000,349.462000
17236,762.731000,431.360000,4.010000,321.912000
17237,690.214000,427.080000,3.680000,343.122000
17238,736.572000,422.969000,1.580000,327.984000
17239,565.867000,306.972000,2.061000,248.715000
17240,615.365000,269.653000,2.970000,269.044000
17241,723.953000,355.382000,2.889000,329.182000
17242,773.592000,416.710000,5.530000,413.811000
17243,766.773000,449.538000,7.539000,385.331000
17244,805.011000,437.670000,3.560000,383.121000
17245,723.273000,380.541000,1.459000,321.702000
17246,787.692000,423.891000,3.230000,331.923000
17247,624.756000,333.241000,3.260000,265.074000
17248,604.086000,312.752000,6.960000,285.513000
17249,798.781000,455.829000,3.990000,345.641000
17250,783.681000,395.900000,4.640000,412.480000
17251,817.911000,329.103000,17.760000,315.102000
17252,631.445000,302.274000,4.270000,273.772000
17253,698.834000,379.541000,1.970000,345.051000
17254,805.431000,470.457000,3.139000,355.493000
17255,624.464000,364.732000,3.089000,349.122000
17256,836.890000,402.560000,16.259000,372.372000
17257,799.141000,474.070000,2.960000,347.961000
17258,728.933000,395.941000,1.380000,308.392000
17259,763.951000,447.870000,7.400000,349.222000
17260,734.442000,393.021000,5.729000,331.752000
17261,769.673000,410.750000,1.970000,336.392000
17262,597.106000,314.883000,19.469000,297.814000
17263,654.055000,399.650000,8.059000,317.413000
17264,473.339000,266.105000,2.200000,262.782000
17265,847.931000,420.101000,19.489000,332.052000
17266,752.913000,417.861000,7.690000,352.372000
17267,642.494000,316.571000,4.150000,269.723000
17268,827.711000,490.557000,3.200000,367.182000
17269,830.231000,445.699000,2.550000,367.722000
17270,770.461000,376.821000,2.090000,320.654000
17271,604.535000,293.022000,1.500000,340.823000
17272,700.762000,388.451000,5.180000,308.363000
17273,745.822000,456.279000,2.411000,358.052000
17274,690.715000,392.071000,2.339000,325.782000
17275,671.144000,396.020000,1.710000,311.414000
17276,660.065000,362.102000,2.120000,289.493000
17277,846.870000,467.759000,4.990000,340.702000
17278,707.254000,391.190000,3.080000,307.663000
17279,784.822000,447.148000,2.210000,339.772000
17280,792.010000,385.890000,1.981000,319.353000
17281,744.113000,386.830000,7.609000,356.441000
17282,849.800000,469.170000,8.430000,396.931000
17283,710.623000,407.050000,4.308000,314.893000
17284,645.215000,372.121000,4.830000,295.553000
17285,588.807000,338.112000,5.309000,324.212000
17286,804.791000,449.410000,8.860000,392.132000
17287,682.093000,356.831000,2.550000,283.444000
17288,585.246000,333.192000,4.411000,275.264000
17289,644.154000,347.352000,7.620000,292.444000
17290,802.161000,360.631000,6.670000,316.243000
17291,646.675000,316.962000,2.630000,278.934000
17292,812.672000,393.630000,2.160000,323.182000
17293,569.156000,301.984000,5.920000,261.994000
17294,731.852000,441.390000,2.320000,332.991000
17295,579.816000,277.424000,3.589000,243.225000
17296,636.405000,419.060000,3.689000,335.062000
17297,721.163000,404.910000,6.189000,312.862000
17298,780.311000,472.319000,2.299000,355.392000
17299,640.345000,356.212000,2.980000,275.303000
17300,792.491000,408.690000,4.260000,337.073000
17301,692.563000,367.052000,4.529000,328.173000
17302,794.602000,419.700000,2.650000,346.322000
17303,714.124000,406.850000,8.900000,355.292000
17304,683.484000,385.831000,3.109000,295.102000
17305,801.922000,459.418000,4.709000,364.221000
17306,803.472000,427.590000,5.080000,324.683000
17307,719.082000,429.620000,2.320000,316.493000
17308,764.073000,450.950000,1.400000,345.231000
17309,603.496000,330.392000,1.111000,303.993000
17310,505.219000,201.416000,1.619000,199.096000
17311,585.075000,272.514000,1.231000,239.863000
17312,578.317000,284.272000,1.190000,257.084000
17313,550.167000,302.123000,5.030000,267.183000
17314,498.869000,275.854000,10.280000,254.793000
17315,787.751000,487.159000,2.740000,336.612000
17316,703.765000,385.551000,4.940000,306.344000
17317,646.154000,342.262000,5.100000,324.013000
17318,757.212000,380.801000,3.061000,347.862000
17319,714.513000,396.931000,4.839000,352.732000
17320,578.656000,273.634000,3.990000,260.154000
17321,775.373000,400.231000,2.720000,349.962000
17322,721.192000,395.031000,8.070000,336.221000
17323,629.785000,362.131000,20.900000,300.622000
17324,819.511000,429.010000,10.680000,345.522000
17325,606.406000,369.402000,8.360000,328.301000
17326,671.374000,401.370000,3.101000,376.132000
17327,707.584000,391.421000,1.880000,305.772000
17328,521.098000,256.252000,3.530000,213.776000
17329,593.746000,341.642000,4.820000,270.543000
17330,764.473000,358.772000,4.101000,348.561000
17331,783.123000,420.110000,1.469000,338.312000
17332,621.086000,321.552000,2.259000,254.164000
17333,796.261000,480.189000,2.220000,358.511000
17334,876.280000,537.556000,1.339000,360.322000
17335,736.623000,397.381000,3.770000,320.683000
17336,668.455000,364.362000,15.110000,314.312000
17337,651.304000,343.773000,4.070000,279.173000
17338,536.689000,275.863000,9.630000,240.074000
17339,613.235000,338.902000,7.270000,321.102000
17340,871.810000,379.931000,18.130000,369.532000
17341,715.083000,348.792000,3.170000,310.973000
17342,594.976000,317.672000,1.690000,275.554000
17343,607.086000,371.650000,5.350000,347.942000
17344,565.506000,362.761000,7.160000,291.274000
17345,797.431000,491.338000,2.460000,439.040000
17346,742.703000,432.098000,1.501000,351.143000
17347,642.545000,349.692000,9.979000,305.402000
17348,422.220000,192.625000,6.630000,199.315000
17349,688.424000,416.180000,2.360000,349.232000
17350,659.634000,309.773000,1.560000,287.523000
17351,710.414000,360.481000,3.740000,333.162000
17352,712.374000,397.320000,1.560000,304.102000
17353,820.141000,472.119000,1.429000,564.226000
17354,711.344000,376.580000,0.760000,316.582000
17355,644.185000,345.413000,1.110000,292.642000
17356,547.387000,300.033000,1.600000,259.675000
17357,721.542000,420.761000,1.779000,301.593000
17358,438.589000,218.974000,4.210000,208.835000
17359,684.505000,386.231000,6.570000,302.173000
17360,809.230000,415.471000,3.590000,335.432000
17361,692.224000,313.964000,1.989000,272.503000
17362,973.376000,502.029000,8.550000,411.970000
17363,788.061000,408.330000,6.640000,339.231000
17364,699.814000,381.461000,3.850000,322.223000
17365,812.961000,464.319000,1.640000,362.701000
17366,722.863000,441.289000,5.499000,328.313000
17367,767.202000,466.259000,2.000000,338.811000
17368,668.504000,332.912000,3.000000,272.714000
17369,711.843000,407.950000,1.470000,313.083000
17370,679.564000,320.133000,3.360000,306.912000
17371,789.731000,384.601000,8.109000,326.913000
17372,691.353000,354.472000,5.970000,310.042000
17373,710.454000,439.019000,3.520000,339.423000
17374,537.608000,329.771000,1.600000,285.673000
17375,617.695000,358.371000,1.320000,279.423000
17376,783.392000,452.329000,2.540000,339.652000
17377,730.193000,414.770000,1.480000,310.492000
17378,715.103000,387.841000,1.230000,310.292000
17379,915.809000,574.907000,1.520000,385.421000
17380,701.512000,327.083000,6.399000,300.463000
17381,636.275000,302.073000,3.280000,271.073000
17382,683.345000,362.072000,1.320000,330.373000
17383,742.782000,394.090000,1.251000,299.514000
17384,809.861000,450.408000,4.190000,346.362000
17385,665.554000,344.663000,8.909000,311.072000
17386,734.544000,372.931000,4.140000,295.473000
17387,464.489000,239.544000,2.250000,223.345000
17388,644.145000,358.881000,2.289000,285.134000
17389,681.554000,380.391000,2.160000,302.712000
17390,781.951000,375.021000,5.240000,352.562000
17391,640.905000,334.262000,2.030000,291.772000
17392,932.418000,454.097000,5.080000,407.761000
17393,823.971000,464.539000,2.400000,390.701000
17394,622.966000,330.933000,22.638000,292.974000
17395,730.682000,446.060000,8.360000,366.682000
17396,730.803000,442.350000,2.120000,370.161000
17397,603.846000,345.851000,2.480000,279.614000
17398,664.755000,357.041000,2.310000,314.312000
17399,633.305000,372.461000,1.610000,301.574000
17400,614.596000,280.753000,2.430000,240.853000
17401,743.433000,404.460000,1.251000,363.340000
17402,627.686000,312.362000,4.100000,284.173000
17403,802.971000,467.589000,2.040000,349.532000
17404,690.144000,393.371000,2.710000,311.052000
17405,627.635000,341.971000,4.350000,264.624000
17406,799.491000,435.259000,2.661000,340.191000
17407,604.275000,300.034000,5.409000,256.775000
17408,747.413000,447.069000,3.200000,322.742000
17409,630.326000,339.353000,1.480000,272.093000
17410,769.141000,378.361000,4.010000,332.452000
17411,799.562000,385.430000,3.440000,333.272000
17412,1025.326000,378.092000,21.808000,318.342000
17413,643.305000,321.512000,6.769000,276.485000
17414,711.643000,369.831000,6.190000,336.343000
17415,503.228000,297.974000,2.390000,273.563000
17416,717.874000,399.001000,2.340000,319.142000
17417,735.163000,391.300000,19.651000,331.092000
17418,683.124000,397.021000,3.820000,319.103000
17419,658.446000,381.601000,1.739000,304.233000
17420,726.823000,365.921000,1.990000,325.962000
17421,737.944000,356.201000,19.470000,334.692000
17422,820.991000,506.078000,4.720000,367.072000
17423,801.210000,501.878000,2.280000,351.951000
17424,752.522000,422.860000,3.320000,335.742000
17425,945.518000,475.840000,9.430000,378.122000
17426,847.880000,472.669000,3.119000,336.143000
17427,739.553000,416.031000,2.301000,338.511000
17428,736.932000,430.640000,3.110000,325.332000
17429,711.092000,393.761000,1.840000,337.913000
17430,749.853000,395.380000,2.379000,355.632000
17431,662.405000,372.591000,2.061000,345.851000
17432,546.087000,307.703000,1.240000,292.273000
17433,604.117000,369.041000,1.210000,310.933000
17434,876.519000,457.639000,20.679000,344.952000
17435,560.156000,285.044000,2.989000,225.415000
17436,629.886000,333.092000,4.330000,277.643000
17437,842.519000,486.389000,2.149000,347.182000
17438,782.971000,432.030000,2.120000,306.793000
17439,708.842000,419.619000,1.690000,317.983000
17440,516.418000,226.955000,3.840000,221.415000
17441,818.051000,407.980000,2.260000,358.681000
17442,844.410000,424.861000,2.249000,354.902000
17443,754.772000,431.691000,18.059000,356.432000
17444,642.105000,378.250000,7.369000,313.373000
17445,693.135000,390.620000,4.190000,339.052000
17446,659.474000,351.831000,11.150000,309.182000
17447,753.362000,454.559000,3.969000,439.699000
17448,716.594000,354.451000,7.100000,298.483000
17449,1056.214000,428.910000,14.640000,335.043000
17450,939.486000,387.941000,7.760000,332.712000
17451,760.202000,372.621000,9.270000,341.663000
17452,986.947000,477.919000,2.400000,339.842000
17453,720.722000,389.401000,9.540000,316.294000
17454,654.074000,344.792000,8.720000,283.634000
17455,543.626000,318.862000,3.151000,276.653000
17456,780.741000,433.700000,2.000000,314.433000
17457,666.245000,342.061000,1.700000,298.673000
17458,483.179000,252.504000,2.440000,251.254000
17459,797.861000,465.169000,2.030000,361.591000
17460,789.621000,334.893000,5.500000,335.421000
17461,672.295000,330.332000,1.811000,331.011000
17462,853.009000,467.010000,2.380000,353.251000
17463,642.565000,386.011000,1.470000,304.183000
17464,650.804000,346.853000,1.120000,267.483000
17465,652.045000,394.071000,5.870000,305.384000
17466,685.323000,394.062000,5.250000,344.883000
17467,811.600000,447.919000,9.810000,361.281000
17468,725.992000,430.030000,2.570000,317.094000
17469,618.145000,339.592000,2.139000,267.124000
17470,752.403000,361.461000,4.261000,356.032000
17471,693.784000,336.911000,13.850000,315.952000
17472,704.384000,364.122000,4.429000,303.343000
17473,859.241000,511.467000,1.499000,362.853000
17474,568.807000,298.223000,10.520000,247.725000
17475,790.251000,497.139000,4.400000,358.121000
17476,319.253000,158.336000,6.800000,151.466000
17477,829.000000,437.410000,18.080000,362.121000
17478,678.603000,342.051000,4.460000,293.983000
17479,686.454000,442.120000,1.950000,335.011000
17480,840.580000,391.551000,6.420000,348.081000
17481,582.096000,321.553000,2.370000,291.673000
17482,616.056000,315.043000,2.929000,300.212000
17483,867.220000,471.159000,3.469000,340.302000
17484,947.707000,416.870000,8.130000,357.322000
17485,642.896000,278.904000,9.860000,250.024000
17486,675.443000,362.232000,2.111000,293.473000
17487,729.463000,423.280000,7.261000,333.772000
17488,844.849000,442.819000,2.300000,352.752000
17489,717.513000,375.921000,19.500000,299.024000
17490,664.455000,352.821000,4.910000,329.023000
17491,590.826000,282.274000,3.820000,260.683000
17492,565.217000,295.712000,9.809000,282.634000
17493,503.708000,250.893000,3.720000,229.725000
17494,563.116000,328.372000,6.069000,290.854000
17495,642.365000,279.193000,17.060000,236.444000
17496,769.343000,412.690000,12.190000,335.862000
17497,776.261000,426.070000,2.920000,313.663000
17498,694.493000,377.352000,1.709000,311.082000
17499,599.956000,306.103000,6.630000,272.502000
17500,736.432000,344.860000,15.139000,307.703000
17501,872.219000,459.049000,3.960000,347.652000
17502,615.995000,320.242000,1.860000,305.072000
17503,612.285000,331.652000,2.700000,265.285000
17504,817.181000,479.238000,7.930000,348.961000
17505,703.193000,339.532000,19.939000,283.974000
17506,706.993000,417.580000,6.050000,343.833000
17507,798.761000,472.809000,2.030000,335.743000
17508,741.883000,412.230000,4.690000,332.842000
17509,808.532000,431.299000,1.741000,340.162000
17510,416.460000,173.026000,1.730000,189.895000
17511,708.264000,368.332000,1.630000,311.362000
17512,526.847000,247.434000,2.819000,265.545000
17513,919.079000,514.027000,1.570000,360.611000
17514,839.500000,510.138000,3.920000,365.291000
17515,784.382000,386.071000,1.859000,287.044000
17516,804.950000,429.430000,3.880000,332.012000
17517,622.575000,371.731000,7.490000,355.492000
17518,827.661000,475.719000,2.631000,344.962000
17519,755.102000,441.250000,2.190000,336.811000
17520,780.851000,383.541000,2.190000,317.793000
17521,552.147000,244.934000,1.739000,226.235000
17522,621.605000,298.752000,1.720000,261.514000
17523,761.292000,360.711000,12.610000,311.692000
17524,557.947000,329.222000,2.980000,284.814000
17525,649.615000,369.692000,8.200000,290.554000
17526,780.041000,442.189000,2.620000,365.281000
17527,578.466000,287.184000,7.640000,243.513000
17528,748.433000,451.189000,2.580000,342.213000
17529,515.897000,250.135000,6.050000,237.154000
17530,599.516000,284.434000,6.350000,250.513000
17531,530.638000,260.245000,2.160000,264.492000
17532,651.735000,327.263000,4.840000,298.722000
17533,771.121000,424.450000,1.840000,326.804000
17534,616.456000,326.862000,1.541000,259.694000
17535,790.641000,458.899000,2.249000,390.001000
17536,538.687000,278.313000,11.699000,248.093000
17537,706.814000,368.781000,3.700000,297.103000
17538,527.587000,294.974000,2.710000,260.553000
17539,683.524000,370.351000,3.550000,305.144000
17540,747.491000,398.171000,2.390000,344.503000
17541,757.802000,363.232000,46.239000,329.183000
17542,609.125000,314.573000,5.329000,252.705000
17543,711.504000,406.670000,6.660000,331.383000
17544,597.305000,341.852000,2.200000,276.084000
17545,533.218000,293.623000,2.680000,269.844000
17546,665.934000,394.031000,1.900000,300.984000
17547,857.610000,444.388000,11.710000,343.543000
17548,646.605000,357.472000,2.990000,279.373000
17549,655.324000,381.860000,12.770000,333.472000
17550,734.044000,357.281000,7.710000,344.732000
17551,714.844000,340.862000,3.540000,324.303000
17552,825.510000,478.808000,1.569000,354.032000
17553,489.699000,234.444000,4.939000,207.975000
17554,811.681000,460.878000,2.400000,354.283000
17555,781.252000,396.101000,21.869000,344.692000
17556,707.264000,411.740000,3.920000,360.571000
17557,746.852000,399.310000,2.541000,305.283000
17558,690.703000,367.522000,2.799000,283.114000
17559,888.059000,462.688000,13.400000,375.962000
17560,643.785000,323.463000,3.769000,295.834000
17561,784.640000,364.442000,4.690000,310.833000
17562,566.077000,243.285000,6.910000,234.275000
17563,727.942000,418.580000,8.450000,329.502000
17564,593.715000,346.641000,2.430000,270.214000
17565,831.190000,475.090000,1.360000,359.261000
17566,710.022000,402.501000,51.059000,347.852000
17567,594.667000,315.173000,1.411000,266.964000
17568,388.591000,195.256000,7.750000,194.786000
17569,687.113000,365.692000,2.570000,274.713000
17570,806.661000,384.221000,2.230000,345.372000
17571,785.290000,399.350000,1.690000,353.081000
17572,743.803000,396.860000,9.900000,322.463000
17573,631.625000,317.142000,3.100000,264.924000
17574,645.954000,391.391000,1.580000,315.442000
17575,679.105000,378.571000,2.920000,302.573000
17576,834.780000,413.931000,2.130000,343.883000
17577,616.586000,335.942000,1.579000,312.383000
17578,751.112000,427.170000,2.830000,315.702000
17579,810.951000,471.600000,12.740000,382.682000
17580,628.786000,335.043000,5.030000,318.982000
17581,804.281000,394.970000,7.880000,362.842000
17582,548.098000,258.795000,4.259000,230.324000
17583,622.776000,351.152000,2.000000,273.813000
17584,840.591000,473.570000,3.480000,342.922000
17585,685.303000,370.771000,1.820000,304.853000
17586,665.904000,339.112000,1.209000,285.544000
17587,605.896000,319.312000,1.031000,294.993000
17588,722.283000,441.040000,1.160000,325.112000
17589,809.771000,465.020000,3.000000,342.871000
17590,790.022000,428.730000,3.009000,363.212000
17591,650.493000,269.855000,8.480000,250.074000
17592,793.061000,460.110000,2.600000,391.081000
17593,760.182000,430.780000,4.219000,334.462000
17594,701.164000,426.010000,8.440000,346.861000
17595,705.944000,369.472000,7.119000,302.252000
17596,568.286000,309.223000,3.360000,291.762000
17597,756.793000,417.480000,1.670000,320.803000
17598,866.111000,489.860000,8.799000,367.342000
17599,714.823000,353.401000,3.410000,278.074000
17600,691.315000,324.931000,21.420000,311.063000
17601,722.673000,378.010000,16.290000,404.480000
17602,803.621000,421.030000,7.550000,413.160000
17603,637.815000,333.552000,7.670000,294.303000
17604,776.792000,465.580000,2.811000,338.062000
17605,709.024000,363.641000,9.270000,305.573000
17606,783.092000,440.290000,2.520000,354.471000
17607,721.483000,373.622000,2.190000,293.892000
17608,785.761000,451.689000,7.000000,371.631000
17609,789.822000,436.870000,2.000000,304.323000
17610,756.322000,355.382000,2.510000,322.352000
17611,811.021000,376.061000,4.840000,354.941000
17612,684.194000,356.012000,1.980000,282.963000
17613,832.801000,473.740000,1.749000,350.802000
17614,669.624000,345.052000,1.220000,291.832000
17615,777.903000,393.090000,19.590000,312.542000
17616,683.134000,342.442000,3.900000,272.335000
17617,882.599000,460.730000,4.930000,344.482000
17618,706.694000,387.461000,1.919000,284.733000
17619,784.201000,428.430000,7.951000,325.072000
17620,708.313000,339.652000,2.680000,309.712000
17621,794.121000,396.670000,1.820000,331.462000
17622,671.224000,342.011000,3.240000,298.354000
17623,787.982000,453.099000,4.670000,362.183000
17624,770.782000,462.120000,13.270000,355.901000
17625,654.535000,352.972000,2.459000,265.525000
17626,732.502000,425.610000,3.040000,316.092000
17627,714.444000,398.371000,4.850000,303.023000
17628,661.184000,377.241000,1.830000,301.892000
17629,750.123000,432.000000,2.750000,339.932000
17630,674.215000,306.752000,2.060000,301.563000
17631,705.313000,400.500000,1.080000,313.744000
17632,569.537000,256.244000,6.510000,244.514000
17633,836.659000,453.070000,13.510000,403.390000
17634,728.233000,410.490000,2.140000,307.943000
17635,738.411000,418.110000,1.150000,339.342000
17636,741.653000,427.110000,1.840000,330.182000
17637,759.263000,444.660000,1.620000,343.801000
17638,608.186000,331.422000,1.209000,267.465000
17639,526.567000,280.364000,1.549000,256.464000
17640,723.313000,368.202000,3.259000,340.342000
17641,408.630000,167.327000,2.410000,172.406000
17642,837.360000,404.401000,9.190000,355.483000
17643,704.052000,377.840000,3.240000,324.513000
17644,792.081000,444.959000,1.920000,338.622000
17645,589.106000,295.314000,2.390000,270.694000
17646,798.092000,479.469000,2.231000,336.641000
17647,829.611000,445.689000,9.990000,336.693000
17648,634.245000,335.881000,4.231000,267.994000
17649,752.431000,446.230000,3.190000,346.722000
17650,788.902000,343.761000,3.920000,326.952000
17651,713.643000,357.561000,1.529000,309.664000
17652,712.692000,384.751000,1.750000,327.742000
17653,596.916000,277.662000,17.740000,235.184000
17654,622.326000,324.732000,2.950000,297.583000
17655,814.831000,408.000000,9.550000,322.712000
17656,1011.576000,505.918000,18.240000,428.079000
17657,657.074000,314.833000,5.910000,277.394000
17658,888.278000,526.167000,2.730000,409.630000
17659,856.109000,482.619000,13.060000,381.442000
17660,686.165000,321.053000,9.101000,309.223000
17661,729.672000,346.381000,4.720000,329.562000
17662,833.951000,472.858000,2.950000,414.350000
17663,834.080000,560.617000,1.880000,342.403000
17664,775.932000,435.120000,6.440000,370.781000
17665,794.361000,517.808000,1.741000,362.861000
17666,838.621000,439.740000,2.629000,331.573000
17667,720.312000,362.622000,3.820000,293.713000
17668,822.540000,447.490000,10.510000,382.611000
17669,508.998000,251.804000,6.340000,239.815000
17670,795.741000,377.021000,3.990000,325.762000
17671,744.903000,411.600000,2.251000,314.342000
17672,732.762000,384.671000,9.409000,341.602000
17673,715.392000,441.801000,3.010000,344.072000
17674,783.362000,473.299000,1.969000,327.643000
17675,723.792000,398.811000,1.520000,312.114000
17676,744.942000,411.410000,3.049000,332.941000
17677,654.795000,380.091000,3.180000,317.873000
17678,575.497000,360.951000,1.860000,315.763000
17679,740.102000,415.280000,44.010000,341.951000
17680,749.432000,373.060000,2.090000,323.703000
17681,650.995000,306.532000,2.890000,271.863000
17682,620.106000,355.402000,1.261000,303.713000
17683,799.411000,448.438000,1.219000,346.173000
17684,696.743000,433.451000,1.661000,358.332000
17685,651.365000,463.420000,1.870000,355.102000
17686,752.463000,448.429000,1.960000,317.623000
17687,670.813000,374.282000,2.960000,302.253000
17688,579.717000,283.483000,4.680000,244.454000
17689,652.324000,347.141000,6.120000,296.202000
17690,634.925000,282.154000,14.101000,283.603000
17691,806.302000,403.990000,4.550000,331.563000
17692,837.591000,446.089000,2.860000,386.551000
17693,773.641000,407.421000,2.710000,327.252000
17694,828.270000,490.918000,1.250000,330.022000
17695,641.605000,352.351000,2.769000,319.184000
17696,728.411000,444.561000,4.280000,322.033000
17697,739.603000,401.490000,1.710000,315.632000
17698,591.386000,301.904000,2.330000,241.865000
17699,835.010000,446.860000,3.200000,355.142000
17700,680.754000,354.081000,6.069000,330.662000
17701,790.782000,395.620000,1.950000,327.873000
17702,790.021000,440.840000,3.220000,361.631000
17703,699.424000,387.411000,1.650000,290.762000
17704,730.532000,401.630000,2.980000,330.772000
17705,826.330000,472.768000,2.429000,365.881000
17706,834.840000,381.341000,9.610000,323.312000
17707,731.303000,414.710000,4.150000,338.542000
17708,743.532000,427.050000,9.230000,345.902000
17709,795.042000,470.028000,3.680000,377.241000
17710,765.733000,444.300000,3.230000,378.911000
17711,730.032000,381.011000,6.230000,328.743000
17712,478.499000,230.884000,4.880000,209.695000
17713,660.145000,365.371000,2.130000,292.544000
17714,761.972000,459.360000,4.040000,366.811000
17715,829.731000,471.909000,2.419000,359.842000
17716,574.746000,288.044000,4.111000,263.942000
17717,634.926000,336.703000,10.640000,294.253000
17718,697.444000,329.222000,8.169000,288.283000
17719,779.612000,439.559000,1.979000,315.463000
17720,549.308000,252.814000,8.359000,245.745000
17721,718.623000,354.672000,4.200000,308.883000
17722,643.845000,342.463000,3.700000,295.023000
17723,619.226000,386.141000,2.090000,328.043000
17724,957.957000,570.516000,6.649000,438.150000
17725,785.931000,417.251000,3.859000,375.951000
17726,754.742000,418.230000,1.369000,323.044000
17727,587.216000,342.051000,1.200000,271.094000
17728,650.515000,327.992000,1.940000,247.854000
17729,770.712000,432.660000,3.371000,337.171000
17730,808.872000,388.860000,3.580000,319.293000
17731,844.930000,443.639000,1.329000,327.052000
17732,792.682000,449.969000,2.150000,365.012000
17733,741.762000,461.779000,9.659000,356.332000
17734,685.524000,400.310000,2.589000,355.532000
17735,733.422000,402.700000,3.829000,302.233000
17736,810.750000,472.368000,1.360000,355.582000
17737,743.952000,433.180000,2.160000,347.431000
17738,704.085000,420.960000,4.109000,345.592000
17739,690.624000,410.241000,2.560000,303.103000
17740,697.965000,329.862000,2.160000,326.862000
17741,768.213000,388.130000,1.230000,316.773000
17742,652.485000,354.192000,2.130000,305.533000
17743,775.752000,470.829000,1.590000,338.212000
17744,482.989000,233.514000,4.950000,224.654000
17745,866.669000,497.000000,2.299000,356.121000
17746,736.093000,413.360000,1.220000,336.883000
17747,545.997000,288.003000,7.440000,260.723000
17748,677.954000,362.751000,7.440000,290.474000
17749,819.861000,432.570000,2.221000,313.612000
17750,586.955000,259.765000,5.240000,256.154000
17751,805.421000,394.280000,2.030000,344.762000
17752,861.871000,477.160000,4.680000,355.651000
17753,530.648000,263.223000,1.830000,235.735000
17754,708.453000,354.171000,21.789000,306.183000
17755,646.625000,354.512000,4.309000,285.384000
17756,588.255000,285.654000,7.509000,262.145000
17757,603.286000,320.312000,4.620000,289.453000
17758,677.674000,358.941000,3.400000,283.274000
17759,694.595000,373.991000,15.331000,308.952000
17760,617.525000,273.973000,3.660000,275.824000
17761,916.008000,450.780000,8.400000,379.281000
17762,685.994000,371.801000,2.520000,315.603000
17763,749.962000,448.519000,1.350000,350.732000
17764,602.866000,342.561000,2.200000,279.463000
17765,813.751000,483.449000,1.900000,424.600000
17766,560.606000,310.412000,2.480000,297.673000
17767,796.031000,461.608000,3.040000,355.932000
17768,720.763000,396.810000,3.900000,316.303000
17769,761.952000,431.220000,3.760000,326.122000
17770,728.092000,379.721000,3.120000,345.202000
17771,680.204000,324.392000,5.300000,293.953000
17772,833.200000,466.470000,15.220000,383.121000
17773,745.394000,418.480000,3.610000,331.582000
17774,611.176000,376.611000,1.980000,314.462000
17775,558.137000,307.253000,2.960000,268.243000
17776,776.782000,414.050000,9.860000,348.431000
17777,590.056000,298.133000,11.030000,294.044000
17778,765.643000,380.271000,7.279000,302.884000
17779,715.632000,427.960000,3.100000,331.923000
17780,1071.925000,364.751000,22.090000,322.593000
17781,899.288000,428.580000,5.890000,347.383000
17782,860.688000,487.459000,1.650000,356.652000
17783,783.442000,436.921000,13.749000,332.932000
17784,654.195000,420.500000,2.840000,322.403000
17785,820.071000,459.488000,1.690000,346.093000
17786,706.282000,410.121000,1.189000,315.294000
17787,836.041000,478.738000,2.280000,383.381000
17788,723.874000,397.250000,1.990000,294.123000
17789,733.353000,398.981000,5.400000,361.602000
17790,780.552000,332.162000,9.410000,326.942000
17791,753.372000,364.573000,3.951000,322.382000
17792,684.965000,342.931000,2.619000,371.291000
17793,703.424000,383.861000,9.120000,335.923000
17794,663.475000,408.871000,2.261000,329.233000
17795,775.722000,475.469000,1.550000,350.721000
17796,599.126000,312.622000,1.360000,270.055000
17797,455.670000,215.255000,21.931000,324.242000
17798,728.023000,418.539000,1.720000,321.433000
17799,637.725000,349.731000,2.940000,280.734000
17800,648.335000,322.882000,5.080000,291.384000
17801,747.511000,370.222000,6.690000,316.284000
17802,715.983000,380.592000,2.510000,305.872000
17803,648.025000,357.210000,1.280000,258.955000
17804,743.792000,431.110000,1.330000,338.721000
17805,724.323000,383.941000,8.009000,316.912000
17806,783.482000,406.921000,6.770000,323.151000
17807,484.699000,270.283000,5.150000,255.645000
17808,531.178000,329.333000,2.250000,278.023000
17809,716.934000,394.950000,3.300000,311.203000
17810,673.404000,310.963000,2.260000,300.952000
17811,721.134000,367.941000,1.520000,344.802000
17812,711.273000,381.621000,3.710000,347.621000
17813,1072.744000,548.107000,15.960000,406.691000
17814,815.721000,436.830000,3.010000,324.362000
17815,736.063000,392.611000,6.990000,313.783000
17816,650.485000,356.293000,4.290000,305.062000
17817,912.059000,475.269000,1.530000,456.319000
17818,712.764000,388.491000,3.950000,321.462000
17819,812.241000,470.989000,2.510000,360.111000
17820,874.740000,393.860000,5.930000,364.711000
17821,820.500000,424.240000,18.319000,378.711000
17822,786.032000,412.800000,8.250000,325.212000
17823,546.337000,270.894000,35.209000,226.964000
17824,723.943000,431.070000,2.109000,313.362000
17825,729.553000,400.420000,9.350000,337.522000
17826,817.851000,436.560000,2.360000,315.851000
17827,812.552000,442.829000,5.460000,327.983000
17828,672.974000,379.811000,1.860000,311.114000
17829,730.733000,434.929000,0.981000,322.873000
17830,819.481000,407.920000,4.529000,370.451000
17831,779.682000,457.920000,2.680000,350.041000
17832,706.373000,368.482000,4.370000,314.312000
17833,644.545000,369.491000,3.530000,290.944000
17834,581.826000,332.102000,2.680000,270.664000
17835,809.911000,421.440000,19.860000,362.531000
17836,530.927000,326.822000,4.259000,308.052000
17837,876.529000,442.530000,18.650000,365.871000
17838,616.596000,319.062000,9.680000,294.873000
17839,842.310000,500.349000,41.448000,353.272000
17840,684.884000,339.971000,3.939000,297.564000
17841,661.884000,304.222000,4.410000,283.104000
17842,824.961000,455.129000,1.910000,365.723000
17843,590.436000,288.673000,8.630000,276.314000
17844,741.072000,421.730000,3.320000,317.803000
17845,643.985000,373.631000,1.500000,309.562000
17846,667.585000,334.032000,1.890000,279.734000
17847,834.401000,489.167000,1.491000,330.202000
17848,814.581000,447.690000,3.509000,342.301000
17849,715.502000,386.872000,1.969000,312.733000
17850,659.144000,296.232000,5.219000,262.514000
17851,692.045000,309.293000,6.840000,280.914000
17852,707.342000,379.402000,5.009000,326.423000
17853,644.235000,345.421000,21.390000,300.202000
17854,653.465000,362.393000,2.159000,274.693000
17855,813.481000,490.319000,5.110000,352.621000
17856,814.431000,413.260000,5.750000,342.852000
17857,692.904000,414.211000,2.220000,329.163000
17858,775.802000,464.319000,3.680000,377.591000
17859,853.300000,486.437000,4.350000,369.291000
17860,721.124000,341.791000,8.140000,322.243000
17861,657.433000,319.833000,2.360000,278.583000
17862,890.409000,445.380000,8.800000,387.480000
17863,859.921000,496.639000,3.189000,352.672000
17864,569.077000,292.583000,3.459000,237.294000
17865,604.666000,335.852000,5.120000,257.123000
17866,760.892000,449.349000,1.860000,344.373000
17867,799.141000,466.109000,4.400000,355.591000
17868,680.894000,369.072000,2.080000,305.292000
17869,819.741000,410.139000,8.150000,327.051000
17870,858.470000,414.319000,3.781000,359.171000
17871,686.734000,329.893000,2.530000,300.293000
17872,687.635000,374.960000,20.760000,345.661000
17873,483.980000,279.544000,3.380000,256.114000
17874,737.134000,390.202000,12.190000,317.812000
17875,455.090000,236.564000,11.120000,215.785000
17876,912.938000,503.898000,2.889000,360.851000
17877,839.191000,475.208000,10.679000,364.383000
17878,705.103000,402.250000,5.650000,362.793000
17879,806.821000,492.587000,3.560000,361.252000
17880,904.248000,479.329000,3.680000,362.242000
17881,848.041000,461.770000,5.590000,361.891000
17882,756.282000,440.039000,2.760000,326.932000
17883,707.245000,432.750000,2.390000,309.612000
17884,775.773000,477.258000,6.370000,338.992000
17885,845.900000,491.578000,3.609000,347.102000
17886,848.030000,516.778000,2.600000,347.642000
17887,887.589000,488.118000,1.900000,382.931000
17888,754.203000,458.518000,1.760000,358.202000
17889,827.210000,467.388000,1.821000,361.311000
17890,784.282000,366.441000,17.480000,343.941000
17891,739.734000,424.839000,4.770000,333.992000
17892,594.386000,331.452000,2.320000,308.173000
17893,698.733000,363.582000,2.229000,328.822000
17894,769.722000,467.639000,1.350000,341.172000
17895,661.664000,361.821000,4.410000,292.934000
17896,727.382000,411.281000,1.901000,340.182000
17897,804.122000,521.597000,2.170000,375.111000
17898,576.516000,283.504000,1.310000,269.264000
17899,681.053000,407.030000,1.329000,325.664000
17900,841.570000,408.980000,2.080000,380.921000
17901,713.233000,343.063000,3.309000,289.783000
17902,785.002000,400.520000,1.330000,332.684000
17903,694.603000,391.931000,1.360000,304.344000
17904,507.818000,269.664000,2.109000,244.206000
17905,757.202000,400.751000,21.670000,368.451000
17906,685.855000,395.731000,2.680000,320.442000
17907,599.635000,319.742000,1.219000,286.422000
17908,777.852000,436.930000,0.901000,330.772000
17909,566.657000,325.483000,1.740000,257.963000
17910,756.312000,351.142000,6.820000,304.033000
17911,726.422000,334.112000,6.849000,294.064000
17912,774.141000,411.251000,2.190000,333.783000
17913,684.963000,376.151000,3.650000,309.033000
17914,715.793000,430.009000,1.870000,331.552000
17915,716.622000,383.601000,2.390000,337.453000
17916,619.865000,346.052000,2.909000,274.143000
17917,801.562000,443.429000,2.910000,371.252000
17918,707.763000,401.950000,52.999000,303.892000
17919,773.532000,440.399000,3.510000,351.233000
17920,708.233000,346.752000,1.439000,314.493000
17921,787.941000,437.690000,4.380000,360.982000
17922,629.535000,341.713000,2.430000,279.902000
17923,553.729000,282.183000,3.460000,243.894000
17924,535.098000,291.394000,1.630000,243.695000
17925,710.522000,399.311000,1.619000,337.324000
17926,679.403000,345.532000,3.000000,304.803000
17927,836.180000,481.119000,6.760000,450.268000
17928,768.962000,432.880000,6.759000,342.112000
17929,698.372000,404.900000,1.919000,331.494000
17930,676.964000,322.174000,3.469000,315.241000
17931,766.912000,388.581000,6.460000,319.212000
17932,821.480000,451.580000,2.150000,341.712000
17933,641.815000,385.051000,1.349000,306.262000
17934,641.775000,362.211000,4.580000,294.743000
17935,749.952000,388.000000,20.099000,308.084000
17936,675.863000,351.483000,4.160000,285.153000
17937,722.324000,410.031000,4.039000,332.332000
17938,735.663000,400.920000,2.189000,334.222000
17939,794.792000,426.300000,7.770000,320.572000
17940,539.608000,234.134000,9.650000,231.885000
17941,572.687000,250.205000,4.340000,235.535000
17942,808.530000,446.921000,2.009000,357.891000
17943,638.425000,340.322000,6.320000,286.044000
17944,681.063000,376.211000,8.310000,297.214000
17945,539.867000,272.474000,14.250000,245.904000
17946,482.698000,263.625000,5.469000,232.315000
17947,843.261000,467.738000,3.669000,333.463000
17948,641.765000,335.122000,2.900000,306.142000
17949,715.934000,403.161000,2.730000,323.272000
17950,941.099000,463.678000,3.590000,367.040000
17951,842.161000,431.670000,4.970000,341.862000
17952,720.622000,400.451000,1.710000,329.022000
17953,781.002000,388.571000,19.660000,300.992000
17954,673.625000,383.001000,5.790000,311.023000
17955,750.903000,414.920000,2.510000,338.493000
17956,632.324000,341.861000,5.030000,317.663000
17957,815.791000,434.919000,1.930000,351.422000
17958,765.562000,466.510000,2.340000,363.201000
17959,746.003000,463.448000,1.840000,337.293000
17960,772.582000,343.312000,6.700000,311.003000
17961,846.640000,416.899000,2.861000,352.613000
17962,758.382000,459.260000,1.949000,342.611000
17963,782.962000,446.309000,1.280000,340.242000
17964,564.257000,258.374000,1.540000,218.465000
17965,739.532000,421.791000,1.269000,322.112000
17966,750.623000,414.251000,1.139000,337.082000
17967,730.414000,396.440000,10.650000,374.600000
17968,721.743000,392.051000,2.850000,310.133000
17969,723.893000,440.929000,4.680000,336.002000
17970,653.405000,341.313000,6.550000,347.382000
17971,715.413000,306.894000,9.140000,279.143000
17972,1005.857000,538.847000,3.330000,393.570000
17973,696.685000,378.600000,1.369000,314.483000
17974,746.403000,424.730000,4.729000,327.262000
17975,730.103000,434.609000,1.939000,361.871000
17976,798.581000,379.552000,8.348000,308.083000
17977,789.891000,453.280000,10.480000,381.520000
17978,679.744000,350.781000,3.600000,304.373000
17979,506.949000,249.634000,6.310000,219.465000
17980,800.621000,368.911000,3.099000,324.222000
17981,596.466000,282.213000,1.860000,325.972000
17982,781.011000,392.621000,21.700000,361.381000
17983,620.906000,333.513000,5.018000,278.863000
17984,543.848000,324.192000,1.369000,233.245000
17985,408.130000,227.524000,1.000000,207.355000
17986,801.391000,491.499000,1.300000,417.180000
17987,798.772000,409.610000,10.051000,333.362000
17988,847.240000,456.410000,8.809000,373.042000
17989,925.938000,471.800000,3.520000,352.752000
17990,752.722000,307.013000,10.919000,292.514000
17991,828.611000,409.711000,3.029000,368.032000
17992,675.676000,349.392000,3.650000,302.054000
17993,761.182000,421.801000,3.400000,312.572000
17994,638.665000,354.121000,9.810000,296.454000
17995,725.052000,417.000000,3.230000,377.360000
17996,721.544000,359.431000,12.140000,327.182000
17997,680.344000,377.491000,51.579000,315.032000
17998,794.733000,470.529000,1.370000,362.682000
17999,566.076000,311.122000,2366.925000,402.181000
18000,854.749000,489.090000,2.180000,390.641000
18001,721.793000,392.271000,1.429000,298.484000
18002,663.276000,376.791000,5.499000,296.502000
18003,739.214000,456.609000,2.080000,367.122000
18004,738.771000,408.381000,1.410000,309.083000
18005,797.371000,412.500000,1.470000,316.672000
18006,616.665000,315.223000,1.240000,292.083000
18007,758.994000,400.980000,14.600000,343.551000
18008,532.867000,291.584000,2.490000,260.514000
18009,506.727000,283.384000,4.120000,243.804000
18010,765.652000,367.832000,2.050000,333.193000
18011,637.565000,323.722000,1.059000,286.883000
18012,770.173000,397.590000,5.790000,358.911000
18013,771.202000,413.551000,4.379000,326.523000
18014,674.983000,384.090000,2.349000,330.492000
18015,580.426000,308.172000,6.630000,266.964000
18016,575.906000,343.172000,4.179000,312.124000
18017,645.225000,360.841000,3.760000,286.233000
18018,519.298000,248.125000,2.250000,222.434000
18019,723.532000,404.701000,2.230000,346.712000
18020,657.954000,286.203000,7.220000,280.454000
18021,841.511000,395.081000,1.570000,353.342000
18022,670.244000,389.021000,2.990000,338.842000
18023,703.023000,404.941000,2.350000,300.873000
18024,807.271000,476.469000,7.669000,354.601000
18025,768.533000,426.121000,3.229000,330.262000
18026,691.054000,337.762000,18.080000,283.674000
18027,642.255000,355.912000,3.009000,294.453000
18028,700.664000,385.941000,2.680000,300.153000
18029,592.665000,268.633000,16.599000,244.464000
18030,668.804000,320.472000,4.360000,299.743000
18031,797.462000,442.289000,2.151000,346.272000
18032,803.271000,434.590000,1.200000,324.141000
18033,717.933000,414.820000,2.068000,321.322000
18034,854.520000,505.787000,1.570000,348.302000
18035,774.372000,372.131000,17.800000,303.502000
18036,739.553000,374.951000,5.620000,319.232000
18037,781.253000,459.268000,4.489000,373.971000
18038,797.082000,432.519000,5.629000,324.533000
18039,791.071000,490.368000,5.230000,355.003000
18040,659.743000,317.862000,3.781000,273.914000
18041,766.841000,401.480000,14.611000,361.121000
18042,864.909000,462.860000,5.021000,376.671000
18043,616.555000,314.782000,17.949000,285.073000
18044,761.991000,437.739000,3.390000,328.272000
18045,517.588000,273.573000,2.760000,261.604000
18046,705.244000,366.401000,5.690000,289.863000
18047,652.745000,371.690000,1.891000,304.033000
18048,571.426000,306.353000,1.160000,249.665000
18049,627.855000,351.072000,2.200000,280.424000
18050,504.658000,257.994000,7.269000,235.874000
18051,699.143000,320.213000,11.430000,353.162000
18052,749.072000,382.301000,2.490000,344.363000
18053,675.023000,353.063000,7.580000,325.212000
18054,765.572000,444.940000,2.080000,330.923000
18055,597.846000,344.771000,5.539000,304.971000
18056,720.363000,421.571000,5.200000,325.243000
18057,870.870000,470.269000,9.690000,368.341000
18058,676.523000,339.982000,5.810000,282.523000
18059,726.024000,430.460000,2.080000,344.951000
18060,837.691000,421.990000,2.119000,441.750000
18061,912.429000,410.150000,9.430000,396.281000
18062,804.061000,440.319000,3.459000,330.961000
18063,757.472000,449.380000,1.669000,332.631000
18064,583.238000,337.662000,1.080000,278.313000
18065,470.990000,233.765000,3.619000,224.055000
18066,791.530000,438.180000,7.851000,317.622000
18067,645.425000,350.312000,4.270000,275.354000
18068,723.524000,426.389000,3.710000,353.503000
18069,761.431000,405.921000,4.510000,334.823000
18070,432.110000,186.505000,4.741000,193.485000
18071,631.135000,338.552000,1.671000,305.643000
18072,713.653000,339.764000,1.510000,304.263000
18073,811.471000,443.839000,15.490000,359.031000
18074,777.223000,439.829000,3.411000,330.242000
18075,732.962000,387.930000,1.670000,335.123000
18076,662.374000,376.642000,3.531000,314.072000
18077,748.502000,440.179000,3.260000,325.473000
18078,668.534000,384.680000,6.370000,297.894000
18079,764.702000,371.631000,5.699000,304.334000
18080,697.384000,329.412000,13.209000,346.732000
18081,815.921000,399.960000,3.941000,342.373000
18082,654.244000,342.482000,1.611000,321.213000
18083,813.911000,494.749000,1.140000,354.341000
18084,736.692000,420.891000,19.260000,341.383000
18085,792.781000,420.920000,9.050000,326.142000
18086,764.512000,419.590000,4.170000,345.031000
18087,702.344000,380.521000,7.800000,324.823000
18088,606.645000,315.263000,9.799000,275.434000
18089,816.751000,471.620000,2.709000,336.642000
18090,715.233000,328.043000,2.291000,314.861000
18091,683.984000,267.414000,9.568000,264.143000
18092,813.241000,423.329000,2.209000,342.372000
18093,652.005000,373.611000,3.000000,319.403000
18094,819.911000,471.820000,5.128000,339.762000
18095,797.112000,433.740000,2.260000,324.303000
18096,572.137000,300.104000,2.120000,257.644000
18097,822.671000,466.388000,2.100000,348.722000
18098,736.453000,340.161000,7.139000,293.643000
18099,731.062000,384.001000,7.350000,318.403000
18100,622.685000,307.823000,3.341000,271.203000
18101,781.223000,409.100000,2.000000,308.832000
18102,735.343000,411.791000,1.800000,346.092000
18103,647.065000,342.052000,3.480000,275.004000
18104,675.524000,387.151000,2.039000,313.224000
18105,688.853000,405.411000,5.399000,342.363000
18106,756.921000,402.381000,4.179000,337.012000
18107,783.032000,428.040000,1.880000,318.601000
18108,871.409000,438.180000,18.789000,347.942000
18109,701.023000,357.572000,5.899000,300.312000
18110,711.515000,326.742000,3.810000,303.184000
18111,443.239000,236.083000,9.620000,237.835000
18112,771.932000,397.931000,5.221000,340.903000
18113,713.673000,386.162000,5.959000,322.233000
18114,710.203000,391.661000,9.550000,307.363000
18115,566.347000,274.384000,3.950000,230.345000
18116,685.132000,381.520000,9.600000,316.513000
18117,692.703000,359.913000,3.800000,294.592000
18118,541.388000,274.903000,5.880000,298.864000
18119,547.537000,276.764000,2.670000,235.974000
18120,749.883000,360.451000,2.991000,337.052000
18121,766.953000,369.342000,5.331000,295.252000
18122,809.311000,439.150000,2.499000,326.713000
18123,769.412000,430.341000,1.640000,314.112000
18124,790.802000,499.739000,3.530000,361.571000
18125,634.305000,305.243000,19.390000,277.363000
18126,841.480000,494.938000,5.661000,399.161000
18127,689.654000,412.500000,1.830000,312.813000
18128,648.104000,362.052000,9.811000,310.042000
18129,722.643000,404.291000,7.520000,342.272000
18130,716.832000,347.232000,2.191000,296.402000
18131,819.001000,392.022000,8.611000,344.792000
18132,571.616000,259.284000,5.920000,287.392000
18133,706.624000,379.321000,7.399000,318.212000
18134,558.127000,266.085000,6.939000,295.192000
18135,777.452000,432.400000,2.100000,326.673000
18136,563.667000,250.745000,8.849000,251.213000
18137,788.873000,431.069000,5.870000,336.383000
18138,735.972000,391.171000,1.969000,310.353000
18139,802.760000,468.539000,1.181000,342.933000
18140,795.761000,376.132000,4.530000,341.181000
18141,600.856000,268.754000,1.580000,275.824000
18142,733.672000,373.381000,7.530000,322.343000
18143,945.097000,389.041000,19.600000,322.472000
18144,826.380000,437.520000,17.060000,334.832000
18145,826.931000,480.948000,4.840000,349.151000
18146,842.200000,490.530000,5.000000,358.571000
18147,751.612000,431.839000,1.929000,332.513000
18148,752.842000,412.529000,10.560000,335.262000
18149,695.754000,419.821000,4.500000,319.432000
18150,718.843000,342.152000,2.070000,301.603000
18151,677.974000,372.401000,3.840000,338.531000
18152,664.015000,333.491000,2.220000,290.183000
18153,726.072000,414.990000,4.430000,321.682000
18154,553.188000,264.942000,7.690000,222.724000
18155,624.216000,339.252000,2.220000,292.413000
18156,815.840000,494.998000,2.260000,355.292000
18157,872.020000,469.058000,3.520000,363.842000
18158,714.034000,394.541000,1.840000,320.123000
18159,634.215000,363.721000,2.900000,300.543000
18160,663.683000,345.353000,2.060000,300.702000
18161,933.578000,483.558000,5.069000,423.969000
18162,627.966000,306.413000,2.679000,263.094000
18163,728.784000,396.110000,2.320000,303.453000
18164,829.581000,467.150000,1.770000,347.782000
18165,748.092000,446.369000,7.070000,351.872000
18166,753.942000,466.658000,2.871000,368.631000
18167,813.031000,451.530000,6.260000,373.711000
18168,725.942000,415.690000,2.311000,315.503000
18169,702.223000,399.110000,3.460000,315.133000
18170,875.489000,388.901000,9.860000,386.161000
18171,770.261000,389.781000,2.470000,341.282000
18172,656.994000,254.313000,7.741000,231.485000
18173,754.683000,436.239000,2.720000,348.282000
18174,773.642000,423.830000,2.189000,329.792000
18175,781.732000,401.581000,8.360000,327.243000
18176,691.303000,401.221000,9.720000,339.713000
18177,766.362000,418.070000,12.020000,357.441000
18178,694.224000,397.910000,3.421000,365.631000
18179,725.272000,425.000000,5.129000,340.583000
18180,659.735000,295.203000,3.940000,282.863000
18181,763.631000,370.381000,2.200000,317.493000
18182,785.302000,431.050000,1.570000,388.020000
18183,795.441000,443.140000,1.720000,337.842000
18184,564.297000,292.742000,4.220000,243.904000
18185,746.302000,405.480000,5.429000,318.493000
18186,581.736000,304.132000,1.909000,267.165000
18187,403.360000,240.715000,1.480000,225.835000
18188,813.681000,452.390000,1.600000,365.951000
18189,710.273000,412.911000,2.941000,325.393000
18190,906.298000,446.879000,2.779000,391.561000
18191,893.069000,441.100000,2.910000,347.741000
18192,715.554000,399.301000,2.590000,319.133000
18193,683.963000,362.261000,2.150000,283.923000
18194,555.838000,345.523000,3.220000,307.152000
18195,616.125000,378.990000,2.250000,318.883000
18196,672.654000,345.822000,3.141000,294.363000
18197,703.163000,397.181000,1.380000,298.393000
18198,627.126000,377.681000,2.990000,351.813000
18199,745.042000,416.121000,17.240000,353.762000
18200,653.935000,298.832000,4.620000,295.544000
18201,688.583000,310.514000,5.630000,294.103000
18202,733.643000,390.282000,2.210000,313.862000
18203,766.512000,395.291000,8.360000,310.074000
18204,510.667000,284.473000,4.650000,255.294000
18205,558.217000,280.383000,6.730000,228.094000
18206,766.071000,448.020000,2.160000,339.442000
18207,683.644000,294.333000,7.611000,252.554000
18208,813.940000,463.199000,2.440000,344.241000
18209,731.683000,428.750000,2.739000,332.492000
18210,796.282000,411.190000,14.039000,393.920000
18211,603.376000,306.982000,3.929000,274.974000
18212,682.554000,399.641000,1.740000,310.703000
18213,775.341000,479.519000,2.209000,373.431000
18214,761.812000,448.380000,2.080000,338.782000
18215,599.505000,353.271000,5.729000,288.123000
18216,796.021000,470.530000,3.720000,347.742000
18217,717.903000,363.982000,5.280000,313.501000
18218,702.384000,340.631000,11.300000,276.154000
18219,787.441000,450.070000,3.028000,348.622000
18220,785.901000,411.710000,1.560000,343.753000
18221,732.732000,366.691000,1.369000,331.033000
18222,873.099000,465.480000,1.160000,355.412000
18223,691.273000,407.181000,7.570000,349.732000
18224,753.263000,420.620000,3.360000,362.733000
18225,723.643000,435.059000,1.650000,337.862000
18226,782.612000,431.360000,1.280000,337.553000
18227,671.214000,381.052000,1.680000,371.131000
18228,728.383000,334.793000,4.380000,279.782000
18229,905.460000,504.908000,7.920000,371.391000
18230,616.836000,272.243000,13.028000,269.964000
18231,871.160000,402.690000,10.670000,342.352000
18232,645.606000,335.873000,6.010000,317.752000
18233,643.225000,356.051000,4.240000,312.574000
18234,618.735000,362.011000,3.000000,313.832000
18235,645.134000,370.492000,3.259000,318.012000
18236,583.615000,352.392000,2.060000,292.563000
18237,610.956000,313.842000,6.570000,260.844000
18238,717.944000,426.009000,2.040000,356.332000
18239,713.043000,415.150000,1.810000,348.131000
18240,706.722000,365.132000,2.390000,317.972000
18241,664.284000,336.531000,1.090000,294.274000
18242,711.044000,349.492000,9.420000,333.513000
18243,560.736000,297.463000,3.620000,258.533000
18244,803.981000,456.650000,2.150000,335.111000
18245,763.922000,417.689000,5.030000,322.721000
18246,755.393000,428.609000,3.400000,340.723000
18247,816.122000,456.408000,2.380000,351.663000
18248,769.762000,448.810000,5.400000,353.321000
18249,562.926000,277.134000,2.530000,240.505000
18250,743.042000,352.142000,3.130000,329.823000
18251,798.701000,405.350000,3.580000,358.881000
18252,778.632000,417.930000,3.990000,333.382000
18253,763.351000,419.101000,5.400000,322.884000
18254,773.301000,445.520000,8.461000,356.602000
18255,662.554000,343.572000,3.190000,353.381000
18256,548.098000,250.904000,2.301000,230.095000
18257,846.921000,460.049000,3.181000,332.792000
18258,788.671000,442.070000,6.610000,348.602000
18259,633.744000,371.232000,2.140000,301.512000
18260,741.382000,332.153000,6.720000,291.442000
18261,748.293000,377.350000,3.340000,340.082000
18262,856.080000,460.930000,7.910000,389.680000
18263,689.303000,374.282000,3.578000,307.083000
18264,716.952000,414.331000,9.100000,320.053000
18265,769.582000,440.890000,3.200000,356.552000
18266,635.115000,347.681000,1.490000,257.055000
18267,497.639000,223.904000,1.781000,220.763000
18268,832.931000,449.840000,8.419000,382.370000
18269,713.014000,385.650000,7.061000,316.512000
18270,676.054000,294.734000,6.849000,268.692000
18271,699.544000,333.392000,17.010000,325.182000
18272,748.052000,399.421000,5.879000,328.632000
18273,876.069000,511.819000,9.239000,389.162000
18274,713.223000,378.672000,4.749000,347.842000
18275,780.032000,444.470000,4.490000,338.482000
18276,734.244000,389.261000,18.810000,318.922000
18277,605.236000,327.492000,4.760000,266.723000
18278,859.850000,458.490000,2.100000,347.612000
18279,968.767000,513.108000,7.379000,358.002000
18280,837.101000,438.940000,7.080000,393.621000
18281,762.801000,433.020000,1.759000,348.662000
18282,759.053000,448.370000,2.210000,365.701000
18283,712.312000,446.979000,2.440000,330.422000
18284,713.113000,452.329000,2.230000,329.632000
18285,488.008000,227.334000,5.890000,203.786000
18286,762.491000,411.771000,4.510000,329.682000
18287,705.373000,408.121000,3.889000,333.533000
18288,705.324000,385.971000,4.410000,310.182000
18289,1044.835000,498.889000,18.030000,387.120000
18290,764.073000,386.431000,4.821000,323.362000
18291,558.556000,260.454000,3.130000,245.314000
18292,607.995000,310.523000,2.400000,258.084000
18293,369.183000,235.503000,6.190000,230.854000
18294,661.825000,349.842000,1.890000,329.833000
18295,515.838000,307.674000,0.900000,229.094000
18296,812.632000,465.069000,3.950000,347.933000
18297,796.061000,448.229000,2.510000,334.161000
18298,736.113000,409.830000,3.840000,322.603000
18299,807.111000,454.950000,1.629000,334.683000
18300,667.854000,327.132000,2.700000,317.452000
18301,797.501000,418.070000,2.009000,323.164000
18302,859.800000,464.977000,1.491000,344.432000
18303,669.574000,373.082000,1.891000,325.493000
18304,909.539000,554.637000,2.950000,365.231000
18305,781.102000,449.129000,1.720000,327.871000
18306,795.771000,454.549000,2.140000,305.583000
18307,695.053000,388.141000,3.250000,303.363000
18308,759.902000,440.560000,3.270000,334.592000
18309,765.133000,425.220000,5.710000,345.952000
18310,711.204000,349.692000,2.150000,330.252000
18311,706.623000,369.481000,4.400000,345.363000
18312,546.927000,259.524000,2.610000,223.535000
18313,727.453000,387.780000,1.840000,305.633000
18314,758.172000,399.471000,2.640000,300.564000
18315,666.104000,380.801000,2.351000,320.332000
18316,704.155000,399.821000,1.650000,342.892000
18317,747.032000,386.291000,3.880000,292.313000
18318,755.391000,455.809000,3.560000,369.561000
18319,395.910000,196.346000,7.959000,178.557000
18320,747.812000,351.161000,3.120000,312.434000
18321,678.674000,399.430000,3.300000,333.513000
18322,761.401000,380.151000,7.211000,327.393000
18323,726.073000,443.610000,2.760000,340.112000
18324,738.313000,428.498000,20.439000,320.653000
18325,832.710000,617.955000,5.329000,389.191000
18326,644.886000,329.902000,9.250000,282.354000
18327,789.761000,447.599000,3.579000,326.562000
18328,715.554000,394.631000,3.000000,319.342000
18329,583.807000,285.054000,5.200000,243.094000
18330,766.261000,351.282000,3.271000,348.413000
18331,711.823000,298.873000,21.109000,310.942000
18332,784.501000,428.141000,3.369000,316.894000
18333,726.703000,426.390000,1.600000,344.172000
18334,825.169000,445.199000,6.089000,332.113000
18335,745.002000,391.130000,2.740000,341.773000
18336,605.536000,322.402000,1.570000,266.584000
18337,797.491000,471.249000,2.070000,370.733000
18338,699.212000,300.714000,10.240000,264.033000
18339,804.061000,432.331000,11.651000,337.213000
18340,841.400000,370.211000,5.880000,338.682000
18341,732.403000,374.222000,3.170000,329.462000
18342,766.511000,387.621000,3.140000,316.233000
18343,595.496000,383.321000,1.490000,367.731000
18344,759.022000,435.420000,6.611000,381.101000
18345,580.326000,349.951000,1.860000,298.052000
18346,719.974000,422.560000,1.380000,348.691000
18347,675.384000,423.160000,5.940000,298.202000
18348,638.935000,361.281000,9.931000,297.643000
18349,654.865000,372.211000,17.640000,318.681000
18350,646.345000,291.074000,4.760000,275.073000
18351,771.172000,387.181000,4.391000,339.672000
18352,681.695000,368.370000,7.770000,313.002000
18353,657.584000,357.171000,7.960000,296.023000
18354,590.826000,341.841000,2.150000,282.834000
18355,775.382000,411.540000,4.070000,333.353000
18356,753.542000,529.088000,3.180000,353.481000
18357,759.242000,467.559000,1.909000,370.171000
18358,627.025000,340.382000,6.830000,294.043000
18359,613.435000,374.901000,4.510000,319.813000
18360,784.271000,393.701000,4.570000,352.302000
18361,729.383000,352.202000,13.790000,337.321000
18362,820.851000,464.780000,2.900000,366.531000
18363,481.799000,215.256000,1.939000,195.055000
18364,712.303000,408.581000,1.501000,334.402000
18365,644.124000,371.451000,1.531000,306.843000
18366,654.074000,332.851000,2.520000,274.524000
18367,887.929000,486.959000,9.640000,381.751000
18368,540.108000,288.812000,7.120000,271.214000
18369,703.023000,414.911000,4.189000,366.112000
18370,746.533000,412.150000,2.760000,405.301000
18371,720.782000,401.890000,1.570000,324.052000
18372,545.348000,274.562000,3.960000,227.525000
18373,751.973000,424.980000,3.860000,331.352000
18374,722.643000,409.211000,2.560000,325.183000
18375,767.502000,457.889000,1.510000,343.971000
18376,770.543000,429.661000,9.411000,318.461000
18377,726.334000,414.030000,2.180000,311.601000
18378,584.357000,270.784000,5.200000,234.285000
18379,795.391000,499.748000,1.650000,358.882000
18380,543.716000,260.115000,8.280000,268.965000
18381,759.741000,398.990000,4.701000,346.921000
18382,791.512000,397.852000,1.880000,353.842000
18383,736.752000,420.320000,3.699000,420.481000
18384,596.626000,309.174000,5.100000,253.603000
18385,614.517000,332.763000,3.040000,266.973000
18386,752.123000,508.908000,3.240000,417.129000
18387,836.430000,501.929000,1.760000,358.591000
18388,769.481000,473.250000,1.420000,365.041000
18389,516.537000,256.184000,1.170000,213.536000
18390,734.123000,348.502000,6.649000,329.662000
18391,654.485000,340.292000,3.819000,285.764000
18392,701.894000,425.519000,5.880000,356.012000
18393,830.070000,472.048000,14.930000,403.980000
18394,659.834000,359.131000,4.810000,286.434000
18395,703.183000,384.871000,5.760000,316.771000
18396,577.286000,320.433000,5.320000,271.113000
18397,861.531000,487.509000,2.850000,369.881000
18398,738.152000,451.450000,2.080000,341.103000
18399,766.501000,430.910000,1.930000,369.581000
18400,749.434000,367.001000,2.129000,328.912000
18401,752.851000,401.591000,1.270000,316.923000
18402,605.136000,284.283000,8.550000,257.923000
18403,810.791000,502.149000,8.520000,381.290000
18404,472.530000,234.904000,3.460000,197.936000
18405,674.394000,369.921000,4.710000,305.633000
18406,602.276000,366.841000,9.950000,314.543000
18407,723.082000,411.051000,6.900000,326.842000
18408,671.174000,440.830000,1.790000,319.872000
18409,724.824000,433.220000,2.030000,362.551000
18410,694.804000,334.372000,3.800000,304.171000
18411,876.600000,523.688000,2.341000,400.930000
18412,714.074000,347.181000,5.380000,284.324000
18413,527.537000,275.094000,2.871000,247.644000
18414,810.781000,476.318000,17.990000,372.631000
18415,707.885000,395.150000,2.860000,323.142000
18416,712.164000,443.529000,1.480000,348.201000
18417,741.163000,444.759000,1.341000,352.902000
18418,848.870000,481.788000,2.150000,432.490000
18419,531.498000,249.915000,5.209000,217.655000
18420,735.073000,368.601000,2.849000,303.732000
18421,721.374000,391.890000,2.580000,335.411000
18422,679.034000,354.151000,2.200000,305.453000
18423,761.452000,450.260000,11.660000,340.582000
18424,726.183000,396.590000,7.809000,314.734000
18425,797.141000,421.400000,5.740000,337.131000
18426,951.288000,524.758000,10.389000,396.301000
18427,583.137000,301.944000,2.659000,268.844000
18428,773.763000,428.739000,17.489000,340.252000
18429,737.902000,421.260000,4.269000,347.612000
18430,727.614000,343.491000,3.400000,330.041000
18431,659.686000,309.303000,1.970000,273.242000
18432,567.647000,305.862000,7.900000,288.533000
18433,736.803000,417.301000,3.520000,321.792000
18434,821.990000,477.690000,2.291000,433.079000
18435,620.616000,290.732000,2.809000,249.065000
18436,670.814000,347.522000,3.299000,287.413000
18437,720.194000,329.491000,18.689000,292.612000
18438,789.322000,460.408000,17.329000,369.352000
18439,831.590000,477.289000,5.600000,337.903000
18440,762.462000,402.161000,3.000000,355.512000
18441,717.333000,365.131000,11.220000,329.113000
18442,689.113000,362.892000,2.350000,287.473000
18443,847.320000,485.789000,3.931000,434.870000
18444,761.912000,414.819000,4.059000,344.622000
18445,723.633000,370.361000,5.110000,297.662000
18446,691.384000,376.101000,7.820000,318.432000
18447,851.650000,474.490000,6.310000,371.011000
18448,754.762000,424.700000,19.390000,383.220000
18449,770.072000,465.128000,5.120000,358.482000
18450,797.511000,356.980000,2.659000,325.842000
18451,744.113000,340.432000,5.470000,321.173000
18452,868.940000,507.388000,3.320000,374.401000
18453,654.945000,371.241000,1.620000,293.884000
18454,632.804000,346.281000,2.131000,275.933000
18455,646.144000,409.681000,1.819000,303.294000
18456,750.733000,407.560000,1.720000,339.612000
18457,832.410000,569.277000,5.360000,367.341000
18458,738.393000,420.690000,6.600000,324.211000
18459,757.222000,428.790000,2.790000,340.313000
18460,632.684000,282.634000,2.520000,293.552000
18461,839.610000,294.774000,11.179000,262.894000
18462,831.321000,428.830000,3.320000,335.633000
18463,833.949000,464.360000,2.410000,355.702000
18464,718.334000,365.421000,4.549000,293.033000
18465,1001.196000,385.491000,21.280000,342.572000
18466,796.351000,436.590000,4.820000,367.291000
18467,849.260000,465.999000,2.240000,447.089000
18468,615.985000,321.323000,1.760000,273.815000
18469,703.282000,395.481000,8.960000,315.253000
18470,839.360000,382.741000,15.250000,340.182000
18471,691.173000,353.001000,3.590000,321.513000
18472,759.131000,444.650000,4.080000,352.982000
18473,589.666000,294.113000,1.320000,283.033000
18474,702.863000,408.181000,1.800000,329.732000
18475,771.622000,440.470000,1.631000,341.181000
18476,689.304000,345.232000,3.200000,278.984000
18477,704.912000,394.981000,2.261000,309.833000
18478,750.731000,435.970000,1.440000,333.862000
18479,683.883000,415.891000,2.150000,320.753000
18480,759.382000,377.681000,5.389000,336.621000
18481,583.847000,253.753000,4.090000,240.534000
18482,760.132000,371.232000,12.771000,342.462000
18483,503.227000,252.354000,3.260000,204.065000
18484,692.194000,414.940000,1.491000,354.820000
18485,743.241000,415.211000,1.300000,331.553000
18486,666.224000,334.943000,4.860000,315.302000
18487,861.480000,453.930000,7.931000,364.542000
18488,808.780000,465.490000,3.070000,347.562000
18489,527.407000,282.764000,3.240000,241.414000
18490,684.833000,363.722000,4.279000,311.612000
18491,631.925000,338.492000,2.690000,263.964000
18492,765.951000,392.922000,1.690000,339.433000
18493,677.523000,367.472000,3.810000,298.964000
18494,788.741000,457.879000,4.129000,348.682000
18495,774.551000,401.921000,3.019000,317.203000
18496,687.173000,379.622000,2.930000,311.552000
18497,910.409000,494.877000,2.491000,383.810000
18498,654.945000,407.071000,1.270000,319.743000
18499,680.474000,359.261000,9.459000,281.863000
18500,666.445000,297.863000,2.340000,311.323000
18501,691.123000,288.184000,20.651000,291.403000
18502,738.474000,324.982000,11.090000,287.713000
18503,761.642000,454.710000,6.691000,343.101000
18504,825.690000,513.898000,1.630000,361.331000
18505,735.333000,387.920000,18.160000,338.612000
18506,782.772000,455.900000,3.000000,336.702000
18507,756.282000,396.940000,6.740000,337.353000
18508,676.243000,389.720000,2.910000,345.163000
18509,799.911000,453.878000,2.710000,367.822000
18510,586.165000,250.025000,13.269000,255.814000
18511,845.591000,432.369000,4.770000,338.182000
18512,726.082000,390.821000,4.160000,339.802000
18513,742.902000,436.970000,2.829000,370.112000
18514,733.512000,422.141000,8.400000,361.463000
18515,691.203000,413.880000,4.350000,344.072000
18516,564.307000,286.352000,10.781000,280.873000
18517,649.485000,360.252000,4.749000,296.364000
18518,820.891000,481.368000,2.120000,348.212000
18519,691.923000,331.892000,20.680000,316.972000
18520,750.882000,376.532000,5.779000,329.482000
18521,1113.113000,468.709000,20.619000,418.651000
18522,841.839000,524.418000,4.680000,399.761000
18523,883.540000,511.107000,1.560000,333.091000
18524,542.818000,276.143000,2.480000,227.255000
18525,716.633000,415.920000,1.480000,333.961000
18526,734.233000,394.990000,2.650000,300.742000
18527,567.327000,298.253000,1.620000,254.005000
18528,536.128000,308.003000,8.980000,276.763000
18529,628.966000,364.131000,2.200000,282.254000
18530,683.484000,337.552000,1.670000,314.833000
18531,809.371000,442.720000,1.050000,364.182000
18532,499.529000,236.563000,7.291000,225.974000
18533,805.481000,458.560000,3.160000,373.111000
18534,1013.186000,470.739000,21.639000,412.641000
18535,766.311000,438.781000,4.240000,311.102000
18536,609.505000,334.523000,1.020000,274.713000
18537,697.704000,376.911000,1.990000,293.104000
18538,777.961000,467.020000,4.080000,350.452000
18539,701.943000,409.592000,1.879000,309.174000
18540,826.712000,415.231000,2.049000,357.142000
18541,674.065000,358.952000,20.829000,347.652000
18542,642.905000,345.381000,3.651000,290.534000
18543,534.937000,293.263000,2.360000,270.773000
18544,716.494000,428.550000,3.420000,319.782000
18545,658.915000,368.772000,1.920000,287.873000
18546,665.054000,372.123000,1.869000,301.053000
18547,645.555000,348.021000,4.520000,273.855000
18548,746.312000,443.369000,1.700000,335.022000
18549,743.843000,443.390000,1.470000,312.412000
18550,662.714000,341.092000,1.950000,285.254000
18551,706.624000,346.502000,1.360000,296.433000
18552,745.252000,414.741000,2.840000,334.782000
18553,824.420000,410.091000,6.179000,309.423000
18554,754.572000,426.770000,2.620000,355.442000
18555,636.644000,333.363000,2.130000,286.793000
18556,580.306000,361.162000,1.600000,283.862000
18557,705.333000,410.650000,8.790000,361.232000
18558,659.034000,354.481000,2.520000,274.634000
18559,705.593000,418.411000,6.519000,299.763000
18560,684.674000,339.683000,6.809000,295.234000
18561,736.442000,396.761000,2.220000,313.512000
18562,751.152000,414.480000,3.550000,334.683000
18563,489.778000,293.493000,2.230000,261.674000
18564,605.506000,329.102000,1.460000,239.675000
18565,772.932000,450.339000,3.870000,333.573000
18566,945.587000,475.989000,20.899000,365.902000
18567,853.530000,484.389000,22.870000,371.471000
18568,723.113000,407.481000,3.020000,350.712000
18569,667.904000,371.412000,6.440000,321.762000
18570,752.311000,325.313000,7.821000,282.732000
18571,876.049000,446.460000,5.799000,391.661000
18572,723.142000,447.010000,3.170000,343.942000
18573,775.621000,432.230000,2.630000,314.722000
18574,734.732000,426.780000,4.350000,333.013000
18575,571.267000,279.233000,1.240000,245.373000
18576,653.185000,306.134000,8.409000,257.003000
18577,785.963000,432.759000,4.790000,372.582000
18578,536.697000,271.624000,2.691000,241.183000
18579,491.628000,250.484000,1.900000,205.195000
18580,743.842000,366.022000,4.170000,324.632000
18581,601.806000,274.884000,4.899000,257.834000
18582,809.211000,382.461000,5.230000,336.612000
18583,814.271000,511.078000,2.250000,358.302000
18584,668.395000,368.541000,1.500000,300.293000
18585,704.444000,374.850000,2.120000,292.354000
18586,738.432000,427.210000,1.630000,332.523000
18587,681.443000,375.971000,7.200000,290.143000
18588,684.325000,380.351000,3.729000,307.693000
18589,698.024000,384.850000,5.830000,315.403000
18590,753.001000,397.011000,2.849000,332.021000
18591,691.642000,359.882000,2.450000,298.522000
18592,595.076000,307.084000,2.360000,255.205000
18593,539.688000,339.262000,4.390000,286.584000
18594,716.612000,382.880000,2.840000,305.583000
18595,558.996000,298.424000,1.809000,270.283000
18596,762.063000,448.690000,4.858000,343.153000
18597,813.441000,463.060000,6.580000,374.621000
18598,698.032000,363.392000,3.279000,278.544000
18599,720.504000,396.141000,2.450000,308.051000
18600,574.926000,243.364000,13.531000,275.113000
18601,775.202000,438.359000,2.890000,341.212000
18602,720.953000,373.810000,2.600000,318.953000
18603,608.886000,371.161000,3.100000,309.422000
18604,800.661000,428.530000,20.290000,356.473000
18605,697.823000,386.180000,6.960000,307.913000
18606,677.203000,371.813000,8.160000,336.451000
18607,807.271000,457.419000,2.591000,342.381000
18608,648.955000,351.462000,3.830000,280.624000
18609,659.114000,405.241000,3.249000,322.473000
18610,806.061000,414.920000,10.620000,333.372000
18611,792.191000,439.060000,2.470000,358.201000
18612,779.322000,429.070000,5.140000,368.842000
18613,459.499000,199.856000,3.579000,203.435000
18614,706.175000,414.210000,1.470000,335.361000
18615,748.573000,429.539000,1.389000,337.633000
18616,772.971000,440.859000,3.701000,395.400000
18617,767.603000,412.510000,3.111000,316.972000
18618,794.171000,477.289000,1.390000,409.320000
18619,722.684000,407.181000,2.960000,318.611000
18620,723.843000,356.922000,2.061000,343.482000
18621,734.023000,351.652000,4.419000,305.244000
18622,759.923000,377.871000,10.089000,326.763000
18623,768.872000,457.459000,2.751000,361.871000
18624,724.842000,374.872000,3.640000,306.513000
18625,602.826000,328.653000,6.219000,285.452000
18626,536.037000,302.732000,6.731000,277.834000
18627,825.241000,452.319000,5.249000,342.083000
18628,783.261000,457.370000,1.930000,331.151000
18629,729.453000,432.119000,2.659000,323.534000
18630,779.431000,389.530000,6.580000,360.943000
18631,587.186000,255.464000,4.789000,214.775000
18632,777.282000,419.460000,3.739000,331.803000
18633,668.535000,390.431000,1.680000,297.541000
18634,747.253000,414.570000,4.910000,327.682000
18635,879.290000,463.579000,4.739000,360.183000
18636,621.165000,303.141000,10.110000,271.413000
18637,806.990000,488.778000,11.670000,406.000000
18638,708.163000,445.520000,2.620000,328.002000
18639,633.374000,353.422000,1.490000,264.294000
18640,623.015000,349.021000,2.790000,298.783000
18641,689.444000,320.771000,3.370000,284.384000
18642,559.946000,293.683000,3.260000,253.035000
18643,603.356000,277.254000,2.140000,217.955000
18644,876.879000,464.458000,19.718000,402.902000
18645,752.222000,420.140000,2.660000,320.132000
18646,829.851000,477.529000,0.940000,360.732000
18647,727.583000,385.132000,3.280000,307.082000
18648,598.345000,314.494000,1.699000,234.845000
18649,484.069000,279.843000,2.490000,266.803000
18650,742.673000,356.902000,5.680000,333.971000
18651,692.104000,353.932000,2.399000,316.433000
18652,618.715000,307.973000,1.339000,251.195000
18653,652.105000,404.510000,2.840000,322.912000
18654,464.289000,281.914000,1.810000,265.803000
18655,643.235000,365.901000,3.130000,281.614000
18656,772.121000,415.451000,2.040000,314.673000
18657,707.253000,386.790000,6.291000,321.723000
18658,763.752000,416.430000,2.490000,353.431000
18659,706.515000,461.348000,4.429000,344.653000
18660,681.274000,291.314000,12.070000,281.252000
18661,560.027000,254.334000,4.560000,233.914000
18662,616.855000,339.462000,2.050000,280.014000
18663,800.261000,465.139000,1.720000,328.972000
18664,744.593000,470.139000,1.440000,336.022000
18665,608.385000,334.161000,1.290000,300.134000
18666,677.855000,394.890000,1.640000,323.472000
18667,803.450000,430.750000,3.909000,321.902000
18668,547.487000,247.405000,10.219000,201.355000
18669,721.262000,399.631000,4.240000,327.973000
18670,811.381000,384.751000,6.310000,353.451000
18671,852.339000,446.570000,2.471000,354.992000
18672,772.631000,420.040000,2.210000,350.272000
18673,780.701000,427.301000,21.149000,352.632000
18674,755.644000,416.250000,3.600000,317.214000
18675,659.344000,342.742000,1.080000,256.624000
18676,756.102000,435.080000,2.030000,330.552000
18677,619.485000,321.923000,7.760000,275.073000
18678,857.190000,394.241000,21.959000,324.882000
18679,515.848000,283.004000,4.021000,234.944000
18680,739.782000,345.322000,2.720000,300.432000
18681,703.104000,347.332000,1.890000,305.953000
18682,625.695000,295.332000,6.100000,247.665000
18683,622.065000,318.712000,3.759000,269.184000
18684,634.945000,379.560000,6.600000,309.302000
18685,509.578000,252.075000,2.339000,207.496000
18686,850.240000,489.199000,15.540000,383.851000
18687,800.431000,456.898000,4.579000,331.573000
18688,721.232000,378.032000,3.930000,317.343000
18689,726.213000,389.791000,2.120000,319.233000
18690,734.112000,377.951000,1.409000,370.092000
18691,588.896000,295.674000,8.240000,271.614000
18692,745.502000,367.221000,3.180000,289.783000
18693,850.449000,513.877000,3.410000,379.071000
18694,583.736000,310.403000,2.150000,244.105000
18695,773.982000,442.090000,2.070000,338.962000
18696,713.593000,400.162000,13.479000,340.582000
18697,598.546000,301.913000,9.060000,246.045000
18698,887.770000,526.358000,4.500000,375.151000
18699,616.165000,375.021000,1.840000,311.402000
18700,749.033000,388.861000,1.680000,343.872000
18701,839.531000,405.830000,18.439000,381.501000
18702,597.245000,368.401000,2.900000,307.033000
18703,598.875000,313.152000,1.950000,263.123000
18704,689.844000,397.911000,6.269000,353.171000
18705,720.792000,394.740000,2.461000,317.894000
18706,676.214000,363.592000,1.000000,294.234000
18707,659.873000,376.042000,1.610000,324.561000
18708,777.450000,419.980000,16.060000,322.744000
18709,827.380000,486.429000,4.020000,389.001000
18710,662.764000,298.572000,4.060000,258.574000
18711,698.184000,350.252000,1.749000,303.172000
18712,872.890000,424.990000,17.990000,371.612000
18713,714.393000,396.291000,3.360000,297.712000
18714,697.014000,373.481000,0.930000,286.624000
18715,676.114000,394.230000,1.731000,290.863000
18716,790.871000,441.160000,1.230000,340.722000
18717,735.083000,443.358000,1.379000,321.233000
18718,810.402000,412.120000,10.750000,323.232000
18719,783.531000,419.900000,3.690000,319.993000
18720,610.066000,274.433000,3.380000,247.234000
18721,788.892000,394.991000,12.579000,331.042000
18722,847.400000,459.359000,5.550000,431.270000
18723,753.091000,418.759000,3.580000,335.742000
18724,591.106000,336.351000,2.100000,275.683000
18725,556.337000,269.194000,1.240000,291.872000
18726,794.461000,463.759000,1.730000,349.252000
18727,707.085000,368.671000,3.459000,299.034000
18728,661.615000,352.100000,6.120000,293.032000
18729,643.564000,312.403000,9.900000,276.474000
18730,745.082000,331.073000,3.170000,355.241000
18731,872.589000,390.400000,2.400000,333.842000
18732,640.845000,371.501000,2.730000,342.302000
18733,805.871000,434.140000,1.579000,334.722000
18734,779.142000,441.340000,3.470000,306.581000
18735,637.404000,366.881000,1.860000,296.693000
18736,704.713000,412.579000,1.251000,326.972000
18737,784.812000,431.241000,5.930000,354.521000
18738,745.272000,430.980000,4.750000,338.912000
18739,715.913000,500.209000,2.661000,298.902000
18740,800.861000,424.430000,47.058000,388.271000
18741,615.835000,307.363000,3.869000,291.333000
18742,624.595000,275.565000,9.059000,244.045000
18743,665.185000,382.711000,2.160000,296.052000
18744,887.900000,468.919000,10.719000,354.382000
18745,766.651000,382.691000,14.159000,340.401000
18746,714.284000,344.072000,9.650000,315.294000
18747,526.207000,318.123000,4.259000,298.512000
18748,756.682000,434.700000,2.791000,323.072000
18749,751.351000,427.459000,2.189000,333.693000
18750,718.953000,350.372000,1.631000,314.414000
18751,710.283000,330.713000,4.930000,300.352000
18752,698.154000,325.531000,19.150000,285.424000
18753,665.584000,347.183000,3.150000,278.552000
18754,697.005000,408.061000,1.480000,301.913000
18755,812.871000,452.830000,5.400000,376.821000
18756,724.964000,385.631000,3.970000,306.582000
18757,815.911000,474.949000,2.000000,341.982000
18758,469.328000,214.425000,14.829000,182.695000
18759,813.661000,468.829000,4.690000,336.472000
18760,820.351000,384.852000,4.741000,354.281000
18761,647.676000,328.502000,2.341000,298.483000
18762,679.513000,350.413000,3.560000,288.383000
18763,723.064000,404.890000,3.680000,322.012000
18764,741.112000,487.289000,11.770000,355.461000
18765,775.292000,448.939000,2.331000,336.823000
18766,702.263000,374.942000,1.300000,294.862000
18767,701.124000,377.941000,4.230000,329.242000
18768,856.330000,442.250000,18.990000,371.611000
18769,753.533000,466.918000,3.550000,363.991000
18770,685.094000,327.912000,3.811000,292.763000
18771,752.102000,380.061000,1.271000,323.944000
18772,819.990000,433.690000,2.080000,378.481000
18773,764.502000,432.860000,1.760000,324.502000
18774,742.444000,428.440000,1.050000,341.852000
18775,646.715000,363.071000,1.341000,295.173000
18776,709.452000,401.922000,4.470000,301.854000
18777,780.601000,437.930000,5.440000,342.851000
18778,641.155000,361.271000,2.311000,317.832000
18779,767.952000,480.628000,2.340000,352.542000
18780,695.423000,307.073000,3.970000,293.734000
18781,524.378000,243.084000,3.050000,200.236000
18782,704.352000,363.002000,1.301000,340.531000
18783,432.580000,210.375000,0.960000,185.296000
18784,673.975000,373.151000,1.020000,331.971000
18785,795.921000,472.129000,2.180000,345.292000
18786,741.554000,406.130000,3.140000,304.073000
18787,692.994000,341.492000,3.010000,277.414000
18788,781.513000,429.981000,9.160000,356.292000
18789,592.506000,311.793000,9.099000,251.903000
18790,853.499000,362.642000,6.560000,333.192000
18791,703.833000,342.592000,3.230000,288.483000
18792,643.156000,312.993000,4.970000,275.913000
18793,760.482000,372.691000,13.950000,313.402000
18794,654.975000,396.581000,2.400000,328.942000
18795,725.034000,442.161000,1.249000,331.822000
18796,708.434000,374.541000,2.439000,346.812000
18797,681.085000,365.471000,2.969000,322.983000
18798,700.144000,387.560000,2.071000,296.873000
18799,576.027000,311.112000,3.660000,268.864000
18800,806.891000,388.911000,5.300000,350.511000
18801,705.304000,341.622000,5.690000,306.792000
18802,677.964000,329.452000,2.340000,263.725000
18803,721.644000,409.861000,2.720000,317.641000
18804,618.115000,373.921000,2.109000,313.422000
18805,740.992000,400.840000,3.759000,319.802000
18806,376.152000,174.256000,1.550000,146.616000
18807,288.944000,165.536000,2.340000,171.556000
18808,881.289000,543.587000,2.580000,378.021000
18809,724.014000,339.531000,1.710000,286.323000
18810,472.939000,238.395000,11.480000,248.513000
18811,753.493000,364.621000,10.270000,325.062000
18812,774.133000,402.541000,2.260000,351.171000
18813,756.052000,415.440000,1.370000,317.153000
18814,708.083000,374.921000,12.390000,300.693000
18815,724.283000,397.710000,3.030000,344.552000
18816,656.885000,351.443000,3.180000,276.643000
18817,916.399000,479.038000,16.389000,381.201000
18818,637.834000,333.293000,4.200000,289.533000
18819,689.224000,392.960000,3.249000,296.793000
18820,746.473000,368.371000,2.300000,366.631000
18821,644.755000,338.112000,3.340000,289.583000
18822,723.183000,391.911000,2.371000,300.993000
18823,619.015000,347.691000,3.409000,281.814000
18824,800.642000,428.180000,4.800000,346.141000
18825,808.930000,466.090000,1.770000,362.911000
18826,806.110000,460.179000,4.941000,356.942000
18827,815.360000,474.369000,1.609000,335.013000
18828,774.592000,372.652000,8.460000,309.682000
18829,679.835000,351.362000,6.129000,295.803000
18830,673.304000,315.632000,3.820000,272.404000
18831,735.102000,353.312000,1.650000,314.451000
18832,662.765000,319.322000,9.950000,269.084000
18833,709.624000,404.251000,4.880000,352.962000
18834,805.320000,484.968000,7.261000,349.063000
18835,805.231000,454.750000,2.250000,328.462000
18836,659.064000,367.391000,4.529000,267.983000
18837,744.611000,407.900000,2.350000,307.042000
18838,771.732000,389.970000,1.750000,337.781000
18839,788.352000,492.109000,2.489000,337.632000
18840,804.201000,400.831000,1.760000,344.462000
18841,904.318000,449.700000,2.949000,384.700000
18842,823.621000,457.309000,12.330000,441.210000
18843,751.982000,426.850000,3.350000,339.302000
18844,791.982000,460.119000,6.020000,356.421000
18845,716.814000,383.130000,2.510000,333.142000
18846,727.574000,403.780000,2.200000,367.191000
18847,727.254000,442.390000,16.198000,336.833000
18848,701.244000,461.148000,5.100000,343.003000
18849,725.932000,398.241000,2.059000,300.334000
18850,896.788000,421.590000,6.510000,363.532000
18851,665.276000,309.163000,4.760000,275.214000
18852,631.505000,306.873000,4.660000,260.614000
18853,625.625000,357.642000,7.810000,290.414000
18854,401.080000,189.936000,5.120000,171.897000
18855,795.910000,421.941000,3.379000,304.583000
18856,428.860000,198.675000,6.040000,197.756000
18857,296.623000,162.745000,3.830000,163.867000
18858,664.243000,366.442000,1.440000,294.882000
18859,678.254000,376.341000,1.890000,299.093000
18860,653.484000,334.702000,4.419000,256.284000
18861,538.627000,315.463000,3.189000,289.363000
18862,593.866000,307.824000,9.999000,274.723000
18863,562.558000,288.542000,7.390000,248.525000
18864,762.331000,401.339000,6.551000,332.873000
18865,848.989000,473.399000,6.560000,354.771000
18866,654.025000,314.783000,5.450000,261.213000
18867,654.335000,303.664000,5.740000,248.513000
18868,792.942000,470.238000,5.031000,357.823000
18869,785.931000,434.160000,10.020000,340.681000
18870,819.992000,415.080000,3.870000,335.212000
18871,652.925000,323.912000,2.630000,299.014000
18872,738.862000,415.081000,2.050000,417.760000
18873,609.275000,327.392000,2.491000,252.703000
18874,792.381000,466.649000,1.760000,366.621000
18875,702.974000,524.967000,2.940000,382.231000
18876,794.591000,431.330000,3.070000,355.842000
18877,573.697000,293.632000,1.270000,261.355000
18878,834.271000,551.236000,5.730000,370.120000
18879,770.173000,403.570000,3.640000,309.272000
18880,688.424000,340.182000,5.080000,305.673000
18881,712.934000,339.251000,2.560000,291.814000
18882,593.746000,300.993000,3.280000,269.473000
18883,745.143000,418.580000,6.319000,318.773000
18884,822.831000,493.837000,4.869000,354.502000
18885,590.406000,287.942000,6.120000,248.535000
18886,738.574000,402.931000,2.270000,345.992000
18887,758.021000,345.841000,2.731000,279.353000
18888,790.761000,445.830000,3.180000,342.813000
18889,683.643000,335.251000,4.760000,332.523000
18890,751.783000,336.601000,2.130000,391.451000
18891,791.582000,408.171000,2.130000,361.450000
18892,799.190000,425.489000,1.370000,360.301000
18893,808.661000,424.150000,11.300000,324.502000
18894,667.384000,373.931000,6.669000,314.443000
18895,770.992000,509.517000,2.249000,384.782000
18896,790.751000,429.890000,1.400000,324.013000
18897,716.084000,419.269000,5.940000,366.542000
18898,727.763000,419.531000,3.800000,346.291000
18899,806.391000,470.889000,1.750000,350.231000
18900,853.799000,387.892000,4.280000,339.461000
18901,765.092000,409.961000,2.200000,341.262000
18902,637.395000,316.053000,1.240000,252.555000
18903,779.172000,441.690000,2.120000,350.201000
18904,729.143000,426.450000,2.200000,325.342000
18905,798.161000,464.407000,1.971000,332.044000
18906,775.351000,474.419000,2.310000,337.161000
18907,598.506000,278.634000,2.589000,228.125000
18908,680.993000,374.101000,2.430000,313.924000
18909,888.370000,533.617000,1.911000,358.592000
18910,649.525000,288.174000,1.179000,257.154000
18911,766.371000,350.822000,1.920000,322.033000
18912,505.808000,269.274000,1.691000,240.564000
18913,705.623000,435.960000,1.171000,316.221000
18914,591.836000,300.683000,5.680000,249.794000
18915,800.391000,474.969000,2.350000,371.511000
18916,685.993000,333.903000,7.340000,279.313000
18917,793.431000,446.799000,3.971000,363.161000
18918,724.843000,388.541000,4.200000,307.592000
18919,692.224000,406.651000,1.750000,306.664000
18920,709.833000,340.191000,5.170000,325.093000
18921,855.399000,477.578000,2.440000,336.911000
18922,712.954000,379.321000,5.530000,326.072000
18923,548.618000,308.221000,5.160000,290.023000
18924,730.192000,441.060000,5.210000,342.122000
18925,842.530000,474.729000,3.480000,338.832000
18926,707.634000,369.132000,2.011000,309.152000
18927,805.090000,463.119000,2.130000,394.391000
18928,732.473000,407.761000,1.440000,336.752000
18929,728.273000,368.810000,18.400000,302.622000
18930,763.232000,391.101000,4.960000,369.441000
18931,710.965000,344.451000,2.540000,308.734000
18932,720.023000,386.131000,4.640000,335.962000
18933,673.403000,373.762000,5.120000,309.073000
18934,764.671000,418.450000,2.110000,324.193000
18935,754.091000,447.760000,2.470000,344.702000
18936,807.930000,482.608000,1.310000,328.181000
18937,854.601000,464.248000,2.660000,353.941000
18938,731.823000,423.121000,2.629000,331.633000
18939,621.305000,336.811000,21.470000,304.192000
18940,634.375000,291.164000,4.649000,293.553000
18941,691.144000,349.372000,1.599000,307.514000
18942,674.253000,331.433000,42.740000,272.724000
18943,755.943000,396.531000,2.450000,320.952000
18944,586.855000,339.633000,1.211000,274.752000
18945,742.904000,422.771000,0.969000,362.651000
18946,694.474000,399.201000,0.940000,323.043000
18947,790.421000,427.679000,4.860000,318.161000
18948,723.393000,414.361000,2.930000,323.223000
18949,824.642000,465.097000,4.511000,349.793000
18950,665.703000,306.893000,2.851000,289.042000
18951,932.788000,369.191000,19.900000,335.011000
18952,690.374000,310.283000,5.450000,256.204000
18953,705.875000,375.172000,8.560000,328.672000
18954,615.605000,396.091000,2.290000,316.643000
18955,771.822000,387.761000,19.969000,318.732000
18956,707.524000,389.401000,6.309000,313.402000
18957,616.256000,357.752000,1.770000,295.172000
18958,727.553000,451.438000,1.200000,355.402000
18959,962.457000,489.629000,18.430000,375.931000
18960,754.133000,345.911000,6.290000,314.613000
18961,607.935000,302.503000,4.720000,281.963000
18962,635.225000,315.253000,7.640000,282.912000
18963,719.075000,420.820000,2.191000,320.672000
18964,661.115000,326.982000,4.950000,295.005000
18965,733.062000,431.790000,2.341000,388.421000
18966,542.398000,271.673000,3.800000,222.965000
18967,632.606000,343.832000,7.000000,281.373000
18968,717.624000,425.950000,2.930000,335.342000
18969,619.235000,349.281000,3.020000,288.033000
18970,796.412000,448.749000,1.700000,381.291000
18971,809.000000,426.390000,1.149000,364.872000
18972,702.954000,376.122000,5.910000,325.602000
18973,719.453000,418.860000,1.751000,335.561000
18974,582.886000,352.282000,5.049000,327.472000
18975,770.122000,440.830000,11.570000,348.862000
18976,563.367000,312.582000,4.171000,275.493000
18977,634.635000,328.321000,2.210000,273.994000
18978,686.014000,384.210000,0.930000,288.644000
18979,901.139000,449.278000,11.600000,351.443000
18980,675.893000,349.702000,4.220000,307.843000
18981,797.781000,397.710000,6.010000,350.622000
18982,731.024000,441.259000,3.950000,374.772000
18983,636.843000,375.372000,12.010000,299.983000
18984,655.545000,375.892000,4.759000,310.824000
18985,736.163000,410.461000,3.120000,313.873000
18986,630.455000,327.703000,1.060000,315.462000
18987,399.820000,182.016000,1.080000,156.616000
18988,699.155000,391.050000,1.670000,364.581000
18989,775.783000,435.738000,1.280000,365.682000
18990,754.512000,409.711000,1.049000,347.782000
18991,633.135000,340.162000,1.800000,320.923000
18992,769.802000,420.969000,1.549000,328.382000
18993,730.143000,413.750000,1.520000,323.092000
18994,658.424000,348.791000,1.520000,274.674000
18995,728.722000,464.390000,1.690000,361.751000
18996,735.573000,423.260000,8.470000,347.612000
18997,723.442000,362.322000,12.800000,299.193000
18998,725.824000,400.241000,2.949000,308.023000
18999,642.726000,289.813000,2348.315000,372.031000
19000,807.172000,394.091000,4.680000,337.373000
19001,607.356000,329.161000,2.630000,322.883000
19002,610.646000,301.633000,3.870000,244.344000
19003,802.400000,475.658000,3.720000,339.661000
19004,718.712000,401.451000,6.640000,316.384000
19005,604.656000,314.882000,9.860000,280.634000
19006,661.664000,361.911000,3.200000,286.623000
19007,685.955000,395.570000,2.750000,302.213000
19008,682.374000,387.933000,12.990000,322.212000
19009,714.904000,388.532000,3.211000,296.563000
19010,741.992000,378.142000,1.910000,315.263000
19011,797.711000,449.690000,1.430000,347.552000
19012,829.640000,467.699000,3.040000,365.701000
19013,768.922000,489.609000,2.180000,345.821000
19014,669.205000,367.501000,3.360000,287.483000
19015,687.753000,394.100000,4.350000,321.084000
19016,697.653000,404.121000,1.931000,309.653000
19017,614.846000,341.502000,1.450000,276.863000
19018,797.530000,447.999000,1.199000,331.232000
19019,659.875000,387.770000,2.490000,334.321000
19020,725.412000,349.083000,3.150000,365.011000
19021,871.149000,525.699000,4.380000,386.961000
19022,798.791000,384.550000,3.440000,320.493000
19023,728.393000,400.021000,3.830000,299.263000
19024,662.983000,397.981000,2.130000,293.723000
19025,679.604000,383.601000,2.291000,292.202000
19026,774.512000,431.280000,5.769000,349.482000
19027,627.076000,347.762000,7.160000,282.524000
19028,904.068000,516.259000,4.740000,395.101000
19029,701.464000,381.471000,2.390000,297.442000
19030,666.335000,322.861000,1.780000,295.443000
19031,660.804000,332.971000,2.221000,275.535000
19032,604.626000,323.082000,1.530000,285.043000
19033,700.623000,400.340000,1.250000,316.164000
19034,655.425000,327.682000,12.720000,277.372000
19035,681.375000,375.800000,2.929000,313.374000
19036,739.442000,439.930000,1.411000,351.561000
19037,734.323000,405.101000,15.470000,351.241000
19038,712.003000,417.480000,2.830000,302.423000
19039,733.042000,427.969000,3.181000,328.273000
19040,612.036000,248.695000,9.549000,234.884000
19041,626.115000,323.192000,3.090000,278.925000
19042,800.732000,414.960000,1.440000,370.640000
19043,758.671000,399.951000,1.340000,310.793000
19044,588.996000,309.712000,5.309000,257.144000
19045,683.373000,365.811000,2.560000,296.593000
19046,751.252000,361.991000,9.970000,295.184000
19047,617.176000,316.482000,5.980000,269.824000
19048,788.221000,442.090000,2.900000,363.571000
19049,660.155000,378.502000,2.939000,302.073000
19050,822.501000,388.160000,11.200000,388.991000
19051,804.291000,367.871000,2.920000,324.683000
19052,691.613000,377.941000,2.080000,302.083000
19053,752.711000,455.310000,1.509000,336.422000
19054,777.432000,428.961000,9.219000,344.172000
19055,638.175000,366.151000,3.240000,295.313000
19056,656.134000,369.241000,5.210000,298.414000
19057,675.874000,428.900000,7.219000,356.822000
19058,761.502000,427.460000,2.651000,352.392000
19059,719.584000,405.780000,1.571000,295.772000
19060,486.999000,226.343000,8.240000,209.825000
19061,652.245000,317.344000,3.620000,293.183000
19062,758.722000,391.832000,4.580000,343.002000
19063,785.731000,396.311000,11.300000,341.871000
19064,732.344000,439.620000,3.499000,355.882000
19065,786.572000,454.490000,1.049000,348.392000
19066,766.871000,503.539000,4.210000,403.770000
19067,634.994000,357.921000,1.920000,275.153000
19068,614.355000,329.191000,2.300000,276.204000
19069,617.557000,349.211000,4.621000,285.023000
19070,740.183000,337.552000,7.160000,298.982000
19071,835.110000,447.770000,3.219000,367.321000
19072,760.692000,434.740000,1.459000,332.762000
19073,721.052000,450.940000,1.560000,379.511000
19074,827.521000,462.779000,21.959000,392.120000
19075,632.316000,384.011000,8.459000,349.752000
19076,717.173000,410.000000,2.250000,309.964000
19077,710.232000,406.330000,1.440000,313.893000
19078,681.353000,387.460000,1.680000,315.843000
19079,650.225000,361.741000,4.020000,290.734000
19080,684.384000,304.932000,24.070000,279.224000
19081,890.340000,493.387000,5.141000,372.370000
19082,807.642000,437.081000,2.989000,311.973000
19083,703.922000,409.571000,3.830000,345.833000
19084,771.331000,488.449000,1.890000,357.352000
19085,799.392000,354.552000,8.749000,281.063000
19086,752.142000,530.646000,6.840000,379.661000
19087,775.972000,414.310000,20.129000,376.622000
19088,631.295000,335.272000,5.459000,263.504000
19089,696.922000,402.832000,2.098000,319.033000
19090,804.760000,400.530000,5.910000,359.261000
19091,744.792000,377.462000,13.789000,322.623000
19092,799.231000,438.660000,3.470000,340.253000
19093,494.449000,260.733000,1.440000,209.326000
19094,663.405000,405.111000,2.760000,345.832000
19095,738.533000,430.730000,2.341000,340.732000
19096,906.240000,395.690000,15.469000,320.221000
19097,870.279000,490.488000,4.050000,352.803000
19098,738.512000,348.401000,14.740000,323.023000
19099,777.652000,398.761000,15.830000,330.542000
19100,671.915000,316.242000,2.981000,276.243000
19101,861.550000,430.419000,10.520000,391.461000
19102,744.762000,432.889000,3.300000,369.981000
19103,578.236000,315.763000,2.190000,246.473000
19104,798.932000,509.009000,2.340000,366.991000
19105,532.587000,299.024000,3.470000,252.463000
19106,745.562000,448.389000,1.750000,369.302000
19107,800.990000,472.099000,2.339000,330.643000
19108,689.085000,378.090000,1.610000,268.234000
19109,733.761000,409.202000,4.700000,315.062000
19110,674.704000,323.921000,1.940000,286.734000
19111,596.946000,279.263000,10.891000,276.053000
19112,700.534000,381.461000,2.440000,305.302000
19113,814.711000,428.820000,2.520000,314.514000
19114,635.545000,396.121000,2.099000,304.073000
19115,606.495000,373.483000,1.609000,306.993000
19116,686.124000,365.511000,1.180000,291.303000
19117,592.516000,388.661000,1.290000,338.471000
19118,544.247000,283.123000,2.741000,216.364000
19119,765.031000,395.821000,4.181000,292.683000
19120,800.422000,408.089000,12.848000,358.013000
19121,384.562000,157.145000,7.580000,150.476000
19122,744.073000,375.910000,4.101000,318.902000
19123,616.635000,317.164000,2.080000,248.024000
19124,696.104000,438.361000,3.770000,323.281000
19125,719.384000,430.570000,1.960000,333.801000
19126,580.567000,330.873000,0.950000,271.022000
19127,816.331000,467.740000,2.781000,355.171000
19128,874.951000,454.529000,2.000000,349.462000
19129,771.971000,432.470000,2.300000,367.312000
19130,733.262000,362.060000,5.800000,320.113000
19131,818.731000,451.858000,2.400000,356.432000
19132,523.897000,250.285000,1.480000,263.464000
19133,751.462000,400.361000,11.300000,331.483000
19134,777.754000,475.158000,2.979000,344.543000
19135,556.726000,337.391000,3.670000,273.614000
19136,631.815000,341.812000,2.301000,262.934000
19137,919.617000,485.509000,4.050000,336.211000
19138,828.220000,482.419000,2.680000,383.560000
19139,724.093000,414.750000,3.610000,335.882000
19140,708.844000,345.961000,1.870000,316.703000
19141,827.150000,420.420000,3.160000,352.312000
19142,614.626000,369.181000,2.500000,314.554000
19143,584.696000,253.694000,3.741000,202.294000
19144,873.389000,484.198000,9.860000,401.541000
19145,824.731000,424.099000,2.590000,357.852000
19146,672.135000,398.251000,1.510000,341.751000
19147,774.382000,474.900000,2.190000,351.851000
19148,719.654000,395.960000,1.539000,309.814000
19149,535.927000,287.703000,15.278000,271.054000
19150,786.231000,368.472000,3.190000,313.152000
19151,869.959000,480.488000,3.630000,375.212000
19152,746.362000,413.671000,3.080000,320.802000
19153,657.885000,365.241000,3.059000,295.824000
19154,649.006000,330.432000,4.080000,257.304000
19155,569.647000,316.972000,5.030000,317.603000
19156,571.356000,304.422000,1.800000,243.474000
19157,709.343000,401.160000,9.090000,325.452000
19158,781.612000,450.429000,4.990000,384.130000
19159,673.474000,365.181000,4.860000,307.393000
19160,593.406000,287.063000,11.880000,277.333000
19161,744.062000,336.033000,11.069000,316.103000
19162,689.044000,335.482000,9.939000,342.351000
19163,803.081000,475.299000,6.110000,368.001000
19164,641.965000,362.391000,1.859000,288.774000
19165,648.795000,375.491000,2.770000,302.353000
19166,639.545000,343.293000,4.750000,296.053000
19167,810.141000,448.039000,3.251000,350.821000
19168,795.502000,427.500000,7.030000,347.122000
19169,747.961000,463.349000,1.150000,347.562000
19170,773.323000,396.991000,1.290000,341.801000
19171,852.950000,446.090000,9.180000,352.752000
19172,690.763000,434.150000,2.410000,332.753000
19173,659.364000,341.952000,4.560000,297.033000
19174,627.245000,360.641000,7.890000,283.484000
19175,735.632000,401.231000,4.439000,305.424000
19176,756.111000,444.100000,2.529000,357.952000
19177,565.967000,287.503000,3.470000,237.934000
19178,723.362000,417.120000,5.630000,336.023000
19179,484.598000,232.934000,2.540000,197.345000
19180,1019.776000,495.237000,10.300000,365.513000
19181,674.154000,313.033000,6.449000,316.102000
19182,738.084000,379.591000,2.680000,308.082000
19183,894.280000,452.050000,15.460000,372.612000
19184,588.525000,282.013000,7.160000,251.935000
19185,822.681000,493.289000,11.690000,379.581000
19186,687.583000,342.962000,5.531000,277.033000
19187,582.347000,299.353000,1.800000,352.411000
19188,558.478000,289.572000,3.620000,247.305000
19189,511.017000,293.253000,2.101000,254.194000
19190,800.162000,454.158000,3.010000,363.371000
19191,739.752000,345.073000,2.490000,326.742000
19192,693.314000,330.882000,3.580000,278.434000
19193,744.902000,392.670000,4.709000,297.373000
19194,800.993000,505.757000,4.700000,360.421000
19195,836.721000,480.419000,2.310000,362.591000
19196,713.013000,372.122000,4.651000,295.383000
19197,640.655000,325.483000,2.600000,263.993000
19198,538.408000,253.803000,4.869000,211.974000
19199,781.821000,423.880000,4.520000,335.272000
19200,848.290000,405.641000,2.560000,336.181000
19201,859.870000,452.099000,2.090000,363.652000
19202,585.266000,263.084000,2.270000,216.835000
19203,614.795000,332.031000,3.480000,272.744000
19204,585.146000,294.423000,3.609000,225.415000
19205,814.021000,463.489000,2.291000,339.331000
19206,865.960000,498.718000,1.609000,377.931000
19207,729.493000,374.041000,1.061000,289.104000
19208,601.525000,261.254000,5.970000,225.235000
19209,776.181000,446.879000,2.630000,322.962000
19210,831.461000,378.431000,6.529000,389.741000
19211,768.332000,391.240000,1.920000,343.212000
19212,800.831000,443.750000,2.919000,362.422000
19213,667.825000,367.961000,4.000000,324.971000
19214,368.730000,158.416000,8.010000,142.897000
19215,729.442000,394.490000,2.581000,305.914000
19216,762.241000,385.181000,10.489000,319.823000
19217,772.532000,406.920000,5.720000,339.272000
19218,794.641000,440.590000,12.310000,336.752000
19219,728.683000,368.892000,5.560000,305.064000
19220,858.630000,405.511000,14.879000,356.942000
19221,912.090000,467.038000,2.920000,377.622000
19222,613.736000,268.923000,1.760000,228.615000
19223,817.950000,441.320000,5.220000,329.562000
19224,886.850000,478.469000,5.021000,342.331000
19225,872.569000,493.558000,1.989000,356.192000
19226,819.390000,428.420000,3.021000,326.864000
19227,682.784000,397.622000,4.120000,333.491000
19228,839.861000,480.138000,5.120000,358.722000
19229,805.471000,434.890000,4.910000,345.971000
19230,821.111000,371.351000,6.100000,347.723000
19231,755.142000,343.442000,5.059000,310.173000
19232,681.583000,334.473000,2.320000,269.263000
19233,423.920000,209.735000,21.150000,199.725000
19234,808.630000,480.939000,4.060000,330.222000
19235,681.304000,413.030000,1.530000,364.311000
19236,623.955000,326.534000,2.980000,261.484000
19237,595.506000,341.172000,4.090000,289.052000
19238,713.094000,403.631000,2.869000,294.632000
19239,572.897000,305.584000,1.400000,247.125000
19240,633.545000,287.694000,5.050000,277.423000
19241,829.141000,407.260000,2.080000,396.170000
19242,708.454000,374.131000,2.830000,342.012000
19243,776.681000,444.970000,10.740000,361.101000
19244,763.633000,407.010000,11.310000,357.811000
19245,789.671000,448.999000,4.240000,364.291000
19246,666.484000,356.771000,18.570000,290.504000
19247,790.332000,454.879000,3.880000,333.203000
19248,553.226000,312.694000,1.259000,257.524000
19249,595.328000,326.041000,1.171000,255.484000
19250,688.654000,309.892000,9.230000,288.304000
19251,745.342000,350.951000,5.390000,317.243000
19252,825.380000,433.579000,6.319000,362.192000
19253,714.553000,347.132000,11.670000,268.684000
19254,533.627000,287.674000,7.520000,270.164000
19255,782.841000,438.959000,5.741000,340.391000
19256,881.120000,471.108000,2.420000,334.082000
19257,643.634000,314.903000,1.480000,271.954000
19258,849.751000,408.601000,14.189000,327.222000
19259,602.865000,304.412000,5.901000,268.804000
19260,658.124000,299.723000,2.301000,269.572000
19261,524.839000,233.814000,1.810000,209.545000
19262,778.361000,402.651000,2.090000,384.851000
19263,851.170000,479.209000,2.239000,353.953000
19264,752.672000,412.780000,3.309000,320.952000
19265,587.677000,314.153000,9.291000,265.464000
19266,1019.776000,446.418000,19.300000,381.791000
19267,792.702000,451.298000,14.569000,372.032000
19268,761.992000,404.960000,2.790000,323.543000
19269,731.492000,401.451000,1.340000,331.122000
19270,703.464000,303.202000,1.899000,272.615000
19271,830.641000,390.090000,2.290000,327.254000
19272,726.033000,406.121000,3.950000,358.181000
19273,683.465000,399.551000,6.260000,344.072000
19274,685.443000,381.612000,2.739000,301.484000
19275,772.511000,464.179000,3.320000,333.692000
19276,632.605000,380.030000,2.050000,329.843000
19277,751.114000,443.359000,5.030000,370.012000
19278,732.612000,392.391000,1.920000,370.491000
19279,732.954000,373.221000,3.259000,284.033000
19280,886.459000,391.960000,2.430000,326.062000
19281,773.062000,353.412000,9.799000,326.663000
19282,726.652000,379.571000,3.100000,328.652000
19283,622.046000,325.572000,6.449000,261.785000
19284,733.272000,426.460000,6.380000,339.972000
19285,712.983000,425.981000,3.329000,344.142000
19286,729.833000,346.871000,10.300000,280.663000
19287,744.362000,379.251000,2.691000,314.501000
19288,746.423000,413.459000,2.270000,349.261000
19289,693.305000,377.491000,1.470000,292.634000
19290,870.439000,390.681000,3.960000,373.712000
19291,699.893000,317.503000,1.960000,284.752000
19292,739.613000,371.921000,1.380000,324.042000
19293,716.043000,414.961000,1.149000,319.153000
19294,803.080000,475.899000,1.310000,329.872000
19295,705.485000,420.579000,1.280000,334.982000
19296,775.801000,431.160000,2.070000,357.961000
19297,795.621000,433.959000,1.590000,452.199000
19298,670.045000,334.382000,5.000000,261.775000
19299,731.202000,409.270000,2.581000,344.862000
19300,731.352000,334.284000,8.520000,309.723000
19301,753.692000,383.852000,3.709000,370.002000
19302,755.803000,393.861000,1.610000,342.762000
19303,696.033000,360.521000,4.680000,282.024000
19304,541.317000,258.314000,4.070000,227.365000
19305,716.983000,398.261000,4.550000,325.043000
19306,752.522000,420.700000,2.440000,353.231000
19307,743.693000,447.958000,2.500000,349.492000
19308,730.232000,406.890000,1.280000,289.713000
19309,747.942000,431.430000,6.390000,350.382000
19310,617.325000,287.912000,3.330000,252.445000
19311,745.292000,345.262000,4.149000,309.774000
19312,774.742000,395.891000,3.699000,336.482000
19313,685.652000,382.771000,2.120000,311.943000
19314,669.565000,452.278000,1.230000,338.272000
19315,773.602000,498.418000,3.860000,338.883000
19316,843.980000,391.201000,16.080000,334.022000
19317,548.126000,255.914000,6.140000,220.024000
19318,528.177000,286.394000,3.270000,250.274000
19319,545.607000,252.555000,2.560000,211.175000
19320,804.501000,390.081000,4.410000,328.972000
19321,875.911000,446.399000,2.630000,347.062000
19322,579.097000,282.923000,2.870000,247.545000
19323,618.435000,343.352000,2.050000,289.153000
19324,613.215000,358.661000,1.890000,299.723000
19325,683.524000,383.341000,3.269000,316.094000
19326,582.697000,303.442000,1.200000,297.323000
19327,748.361000,439.950000,1.120000,330.271000
19328,774.163000,458.949000,1.329000,323.873000
19329,709.844000,401.490000,1.400000,302.712000
19330,740.614000,345.541000,3.879000,307.033000
19331,833.761000,431.469000,2.229000,345.072000
19332,610.926000,297.963000,1.230000,253.684000
19333,674.034000,395.681000,3.200000,331.802000
19334,689.194000,370.821000,2.140000,285.554000
19335,754.682000,465.249000,16.379000,384.012000
19336,557.947000,299.373000,3.860000,249.604000
19337,816.411000,419.110000,8.080000,336.901000
19338,679.985000,355.661000,7.280000,301.983000
19339,519.967000,249.885000,17.849000,215.046000
19340,838.411000,335.252000,17.120000,314.533000
19341,733.084000,375.271000,3.409000,316.552000
19342,723.934000,390.841000,1.190000,315.922000
19343,711.703000,385.950000,2.411000,314.632000
19344,791.471000,459.599000,4.000000,418.470000
19345,695.594000,429.170000,1.400000,333.022000
19346,836.540000,459.999000,17.109000,364.291000
19347,643.495000,355.221000,5.170000,295.173000
19348,651.396000,386.980000,49.199000,339.362000
19349,857.539000,564.018000,2.360000,376.761000
19350,623.905000,266.522000,2.450000,237.764000
19351,707.264000,298.382000,7.350000,278.594000
19352,618.646000,284.903000,1.910000,239.794000
19353,752.881000,381.562000,18.219000,343.193000
19354,726.742000,388.240000,3.150000,289.194000
19355,709.573000,398.081000,2.411000,314.811000
19356,803.651000,543.647000,2.800000,432.611000
19357,659.125000,355.931000,3.930000,316.513000
19358,756.992000,399.771000,9.110000,345.252000
19359,555.538000,283.113000,4.240000,233.745000
19360,559.367000,250.935000,13.820000,269.333000
19361,778.151000,411.581000,3.880000,361.383000
19362,627.135000,303.622000,1.991000,265.704000
19363,647.585000,333.112000,1.550000,279.204000
19364,725.862000,424.260000,1.210000,294.973000
19365,668.184000,346.562000,3.680000,307.722000
19366,794.792000,424.239000,3.350000,347.792000
19367,610.095000,290.993000,1.920000,244.714000
19368,595.857000,352.251000,1.290000,259.763000
19369,565.817000,334.213000,3.240000,297.412000
19370,668.625000,307.083000,4.649000,265.834000
19371,761.692000,458.300000,3.029000,367.941000
19372,792.642000,463.088000,6.360000,346.563000
19373,659.224000,364.162000,2.779000,304.243000
19374,825.230000,470.349000,7.030000,371.751000
19375,848.390000,464.698000,6.759000,404.130000
19376,601.235000,264.054000,5.440000,223.044000
19377,702.044000,370.411000,5.360000,342.731000
19378,786.811000,453.889000,5.419000,362.421000
19379,767.392000,418.150000,4.549000,337.613000
19380,762.191000,374.842000,3.050000,328.792000
19381,721.972000,374.471000,1.789000,320.604000
19382,759.652000,420.251000,2.019000,325.552000
19383,694.994000,389.591000,3.360000,325.922000
19384,770.172000,453.648000,3.820000,330.873000
19385,548.107000,294.804000,15.140000,255.063000
19386,621.555000,367.832000,2.890000,306.122000
19387,558.417000,285.284000,3.490000,247.474000
19388,588.786000,322.293000,2.030000,267.894000
19389,799.671000,454.740000,1.300000,313.923000
19390,873.260000,431.570000,1.091000,403.750000
19391,812.211000,395.570000,11.970000,347.620000
19392,769.803000,429.119000,2.670000,328.094000
19393,726.993000,364.902000,14.651000,296.653000
19394,711.163000,393.210000,5.049000,344.913000
19395,618.735000,321.812000,2.830000,256.775000
19396,651.843000,341.952000,1.480000,263.824000
19397,747.983000,410.930000,1.170000,341.412000
19398,513.668000,283.763000,1.510000,236.855000
19399,844.901000,532.536000,3.190000,359.522000
19400,635.215000,277.324000,8.340000,307.812000
19401,588.616000,303.743000,2.301000,274.492000
19402,847.390000,446.770000,3.440000,341.472000
19403,625.406000,352.302000,5.340000,296.262000
19404,766.951000,446.980000,2.520000,343.372000
19405,506.818000,291.483000,2.970000,264.513000
19406,769.302000,482.689000,1.850000,384.380000
19407,548.178000,264.944000,5.070000,222.294000
19408,525.748000,235.233000,6.370000,247.814000
19409,750.183000,424.601000,4.429000,332.742000
19410,790.822000,366.161000,2.320000,328.631000
19411,629.246000,336.462000,3.320000,287.673000
19412,705.134000,357.211000,6.920000,397.921000
19413,808.391000,439.589000,2.400000,338.992000
19414,638.755000,419.150000,2.010000,344.342000
19415,741.593000,427.770000,1.520000,329.783000
19416,633.585000,386.960000,12.741000,340.622000
19417,714.184000,394.270000,6.850000,330.352000
19418,553.267000,270.564000,6.080000,221.305000
19419,676.765000,381.480000,2.210000,325.432000
19420,788.822000,363.933000,9.230000,357.382000
19421,562.126000,255.265000,1.760000,237.454000
19422,613.945000,316.771000,1.151000,250.384000
19423,641.266000,353.322000,3.700000,294.432000
19424,781.482000,451.359000,3.400000,324.363000
19425,758.601000,464.098000,4.700000,341.481000
19426,586.397000,292.154000,1.870000,247.914000
19427,914.028000,538.858000,1.300000,363.271000
19428,709.933000,352.892000,11.939000,291.992000
19429,640.185000,353.021000,4.480000,280.904000
19430,770.891000,350.502000,2.849000,300.954000
19431,675.994000,324.143000,1.260000,333.142000
19432,737.993000,363.891000,8.000000,311.712000
19433,683.855000,363.801000,18.080000,330.662000
19434,546.537000,313.433000,8.249000,274.384000
19435,667.484000,376.000000,2.470000,312.103000
19436,775.052000,412.620000,5.979000,358.682000
19437,593.156000,327.331000,2.000000,280.884000
19438,773.912000,434.839000,2.160000,330.502000
19439,763.253000,414.431000,2.360000,314.172000
19440,772.641000,407.891000,6.190000,352.461000
19441,669.855000,317.142000,3.170000,281.444000
19442,648.735000,329.923000,13.990000,298.913000
19443,611.686000,323.192000,3.030000,254.664000
19444,665.804000,403.840000,3.291000,320.912000
19445,663.215000,353.621000,1.901000,315.673000
19446,723.543000,423.580000,2.990000,374.311000
19447,762.243000,438.930000,13.000000,380.451000
19448,598.216000,324.492000,3.050000,267.504000
19449,528.777000,265.054000,1.670000,210.335000
19450,904.160000,410.680000,13.049000,381.201000
19451,788.211000,373.911000,4.930000,384.450000
19452,601.266000,254.685000,19.510000,249.383000
19453,768.381000,611.486000,4.469000,421.931000
19454,592.916000,334.532000,1.649000,272.244000
19455,627.456000,389.600000,1.240000,310.313000
19456,582.526000,306.202000,5.100000,244.344000
19457,490.240000,260.593000,5.650000,235.825000
19458,805.291000,458.820000,2.400000,344.472000
19459,890.049000,541.557000,6.230000,409.160000
19460,756.723000,352.161000,3.419000,335.032000
19461,713.534000,339.883000,2.580000,282.243000
19462,624.875000,320.383000,2.649000,273.514000
19463,733.363000,429.209000,1.291000,350.521000
19464,774.852000,418.849000,15.040000,352.651000
19465,672.564000,336.532000,8.290000,282.124000
19466,661.784000,310.443000,10.170000,271.243000
19467,744.993000,445.819000,2.120000,348.242000
19468,550.147000,304.984000,2.389000,255.713000
19469,857.900000,519.739000,1.829000,366.782000
19470,527.427000,226.425000,1.590000,214.044000
19471,680.235000,368.851000,3.760000,329.562000
19472,830.290000,404.641000,4.650000,335.383000
19473,763.482000,415.721000,2.609000,312.103000
19474,637.556000,347.093000,2.040000,255.923000
19475,454.510000,236.454000,2.061000,206.574000
19476,764.102000,414.641000,2.179000,314.814000
19477,706.772000,391.471000,4.419000,318.593000
19478,751.193000,425.920000,2.130000,315.312000
19479,792.021000,428.630000,3.700000,340.743000
19480,620.596000,333.602000,1.929000,322.024000
19481,785.901000,393.061000,4.710000,341.842000
19482,776.972000,436.170000,2.631000,349.531000
19483,697.833000,413.621000,10.930000,340.352000
19484,640.576000,355.471000,2.650000,282.673000
19485,712.413000,328.632000,1.490000,269.484000
19486,649.264000,327.823000,4.200000,288.623000
19487,681.215000,356.730000,3.200000,297.074000
19488,532.997000,291.233000,3.340000,245.944000
19489,684.834000,396.412000,1.959000,297.063000
19490,642.036000,314.593000,3.671000,288.823000
19491,821.311000,404.070000,1.950000,336.763000
19492,739.612000,439.670000,1.430000,380.531000
19493,664.525000,324.441000,2.230000,271.764000
19494,674.045000,429.698000,2.720000,351.522000
19495,561.197000,281.354000,4.869000,235.233000
19496,749.922000,412.691000,2.640000,309.112000
19497,834.110000,480.799000,2.420000,350.442000
19498,646.655000,312.112000,4.329000,261.655000
19499,651.584000,382.751000,7.269000,334.872000
19500,894.658000,403.082000,5.490000,347.412000
19501,561.358000,267.083000,1.380000,255.714000
19502,808.821000,436.470000,2.170000,375.061000
19503,636.605000,312.923000,1.360000,248.873000
19504,652.774000,344.472000,9.270000,340.492000
19505,753.431000,386.231000,4.080000,327.133000
19506,615.185000,326.562000,1.849000,285.784000
19507,821.919000,496.378000,1.701000,346.201000
19508,576.597000,303.232000,1.330000,248.065000
19509,631.175000,372.401000,1.970000,307.273000
19510,1207.502000,431.179000,21.150000,368.881000
19511,692.475000,390.230000,4.530000,357.151000
19512,790.141000,454.609000,2.070000,360.742000
19513,783.401000,467.140000,2.010000,354.341000
19514,781.561000,449.150000,1.600000,367.031000
19515,770.813000,454.398000,16.379000,363.331000
19516,755.441000,437.830000,2.930000,339.562000
19517,759.281000,413.881000,5.649000,335.773000
19518,675.284000,405.560000,1.500000,347.173000
19519,796.021000,515.438000,2.950000,354.562000
19520,545.747000,243.634000,3.219000,214.376000
19521,491.219000,258.483000,2.191000,244.084000
19522,799.161000,412.160000,2.019000,343.853000
19523,762.622000,424.049000,1.189000,355.232000
19524,574.316000,286.314000,2.670000,239.984000
19525,651.365000,339.262000,1.920000,292.743000
19526,761.083000,446.409000,1.120000,335.734000
19527,482.909000,232.634000,1.790000,203.155000
19528,770.253000,443.321000,5.080000,380.191000
19529,662.835000,334.021000,2.240000,270.114000
19530,578.196000,292.304000,2.740000,293.932000
19531,742.493000,376.982000,5.479000,324.962000
19532,695.164000,384.951000,5.420000,313.352000
19533,802.302000,454.618000,13.509000,377.581000
19534,666.065000,370.021000,12.660000,323.943000
19535,740.133000,446.869000,3.000000,337.522000
19536,627.895000,357.512000,2.960000,303.153000
19537,661.095000,360.241000,2.270000,258.874000
19538,721.133000,395.641000,1.380000,307.963000
19539,708.993000,378.000000,2.780000,311.173000
19540,674.895000,343.711000,1.860000,335.213000
19541,756.162000,451.439000,2.569000,359.041000
19542,735.734000,408.210000,1.541000,349.641000
19543,689.443000,410.230000,4.460000,379.332000
19544,639.904000,321.133000,4.220000,264.384000
19545,667.874000,376.901000,1.570000,332.313000
19546,725.222000,374.151000,1.511000,318.962000
19547,752.911000,380.120000,5.810000,312.664000
19548,752.791000,392.700000,15.849000,331.213000
19549,974.817000,467.329000,21.249000,376.860000
19550,723.214000,373.221000,7.869000,318.273000
19551,735.412000,422.960000,3.371000,342.761000
19552,816.600000,432.110000,13.600000,338.181000
19553,684.674000,445.700000,5.630000,329.562000
19554,746.972000,432.050000,6.920000,359.052000
19555,774.543000,391.471000,8.890000,324.442000
19556,723.863000,422.080000,5.960000,317.134000
19557,818.990000,476.510000,6.579000,383.790000
19558,704.963000,361.891000,4.650000,307.553000
19559,660.184000,336.162000,4.620000,270.563000
19560,725.043000,354.792000,2.100000,314.213000
19561,907.728000,470.430000,1.400000,384.201000
19562,733.142000,401.561000,2.830000,345.953000
19563,609.976000,362.121000,2.370000,305.183000
19564,724.134000,440.240000,4.640000,339.671000
19565,708.934000,403.460000,3.120000,316.773000
19566,788.290000,445.721000,1.280000,342.133000
19567,850.299000,477.259000,13.830000,359.801000
19568,627.055000,364.513000,3.701000,318.792000
19569,642.936000,351.431000,4.700000,276.334000
19570,751.202000,362.321000,2.861000,322.642000
19571,793.002000,416.750000,2.820000,344.282000
19572,747.113000,417.061000,1.581000,380.181000
19573,709.174000,398.281000,6.260000,338.411000
19574,713.802000,374.542000,9.260000,302.222000
19575,791.421000,433.310000,4.580000,359.970000
19576,714.534000,391.551000,1.730000,306.572000
19577,693.954000,359.191000,4.240000,292.513000
19578,818.510000,523.486000,1.880000,349.801000
19579,952.158000,574.666000,2.330000,406.230000
19580,736.534000,371.262000,2.209000,352.092000
19581,730.783000,360.961000,1.821000,341.331000
19582,654.665000,394.881000,2.179000,347.452000
19583,964.888000,494.737000,19.880000,382.891000
19584,831.920000,516.308000,4.410000,353.411000
19585,639.484000,358.002000,4.050000,293.224000
19586,634.005000,405.301000,2.211000,328.602000
19587,713.644000,395.881000,2.930000,350.163000
19588,738.732000,438.959000,1.780000,358.273000
19589,651.943000,327.953000,8.480000,263.833000
19590,544.858000,261.673000,10.480000,236.685000
19591,517.618000,232.005000,4.539000,215.205000
19592,652.984000,338.973000,20.399000,312.223000
19593,807.871000,431.430000,3.340000,350.291000
19594,600.756000,350.331000,10.200000,273.804000
19595,731.703000,417.980000,3.760000,314.713000
19596,785.171000,393.161000,2.120000,315.404000
19597,782.121000,439.590000,3.010000,422.320000
19598,714.083000,374.071000,1.670000,306.223000
19599,515.108000,263.484000,5.141000,206.765000
19600,710.643000,321.532000,5.200000,294.474000
19601,784.061000,401.071000,3.790000,339.582000
19602,748.093000,392.351000,2.000000,339.581000
19603,734.641000,414.820000,1.720000,363.982000
19604,766.451000,451.399000,2.800000,364.140000
19605,642.315000,347.572000,8.810000,296.583000
19606,653.025000,376.171000,7.160000,295.292000
19607,706.653000,378.971000,2.720000,293.434000
19608,738.292000,376.660000,2.461000,297.643000
19609,611.915000,373.351000,1.630000,275.594000
19610,459.029000,236.495000,2.070000,210.075000
19611,710.414000,354.881000,1.590000,316.152000
19612,785.783000,435.589000,12.679000,349.433000
19613,783.381000,519.237000,3.390000,380.100000
19614,678.545000,412.080000,5.411000,307.053000
19615,734.361000,484.189000,2.491000,344.411000
19616,707.633000,391.222000,5.008000,289.173000
19617,785.181000,455.660000,7.380000,429.430000
19618,570.236000,287.003000,4.780000,236.703000
19619,460.449000,221.554000,5.381000,254.274000
19620,758.092000,380.973000,6.180000,344.903000
19621,592.426000,281.704000,4.399000,303.262000
19622,712.744000,403.390000,1.490000,339.852000
19623,614.226000,307.102000,4.550000,279.014000
19624,648.065000,338.972000,3.400000,355.981000
19625,643.344000,365.583000,1.500000,275.142000
19626,748.694000,428.590000,3.909000,334.283000
19627,818.831000,399.720000,3.160000,315.772000
19628,567.507000,266.144000,1.870000,202.295000
19629,651.664000,344.602000,5.270000,280.263000
19630,705.974000,351.321000,3.590000,326.043000
19631,758.262000,377.411000,4.859000,356.971000
19632,984.078000,384.191000,16.820000,340.792000
19633,774.241000,444.960000,4.120000,325.202000
19634,633.385000,310.324000,6.999000,254.893000
19635,762.192000,439.870000,3.040000,352.552000
19636,651.545000,365.732000,1.269000,260.024000
19637,721.312000,381.631000,1.749000,386.252000
19638,780.252000,418.040000,1.690000,380.801000
19639,709.603000,415.051000,1.380000,345.322000
19640,689.834000,357.842000,3.760000,301.452000
19641,766.853000,441.639000,3.010000,335.732000
19642,625.505000,330.582000,2.301000,238.534000
19643,401.421000,252.104000,3.021000,215.625000
19644,952.338000,627.375000,1.730000,415.760000
19645,907.729000,551.397000,16.750000,452.579000
19646,719.993000,435.910000,6.901000,329.494000
19647,772.662000,447.629000,4.200000,335.601000
19648,823.160000,483.650000,1.860000,348.501000
19649,855.600000,478.488000,3.989000,334.992000
19650,764.192000,370.891000,6.580000,327.833000
19651,725.763000,372.191000,7.510000,339.143000
19652,911.748000,518.408000,2.500000,358.861000
19653,634.735000,330.181000,2.460000,246.955000
19654,531.827000,304.893000,1.500000,266.434000
19655,378.991000,235.194000,0.931000,216.046000
19656,591.916000,324.422000,1.920000,266.944000
19657,658.705000,312.612000,16.259000,271.104000
19658,952.917000,546.107000,5.291000,366.802000
19659,512.098000,242.114000,4.209000,216.255000
19660,749.211000,410.421000,2.700000,330.982000
19661,705.863000,348.292000,2.200000,292.853000
19662,712.102000,412.299000,1.530000,326.273000
19663,695.144000,436.369000,1.080000,314.083000
19664,780.071000,439.439000,3.259000,334.743000
19665,762.832000,415.750000,4.400000,368.991000
19666,713.943000,416.580000,10.260000,327.293000
19667,713.492000,413.841000,2.600000,317.753000
19668,769.782000,353.791000,9.640000,284.204000
19669,659.535000,342.181000,6.600000,304.282000
19670,717.284000,330.851000,4.779000,281.455000
19671,716.162000,355.711000,3.380000,313.064000
19672,900.609000,487.209000,2.050000,365.671000
19673,704.334000,402.611000,4.009000,300.913000
19674,695.294000,392.971000,6.131000,368.700000
19675,911.919000,535.618000,5.409000,383.660000
19676,800.221000,434.721000,1.711000,317.193000
19677,775.642000,415.910000,1.520000,306.342000
19678,807.661000,438.729000,16.090000,342.582000
19679,768.373000,448.850000,2.871000,353.052000
19680,789.831000,354.662000,4.829000,321.062000
19681,932.328000,518.379000,4.101000,408.941000
19682,696.233000,378.041000,1.840000,298.882000
19683,820.530000,492.010000,1.411000,387.391000
19684,713.184000,403.480000,3.849000,310.482000
19685,713.254000,359.451000,3.419000,291.143000
19686,704.795000,395.701000,1.830000,323.302000
19687,579.607000,307.923000,8.381000,290.123000
19688,690.123000,411.520000,3.310000,327.483000
19689,708.403000,370.221000,10.170000,283.213000
19690,887.629000,396.930000,3.830000,345.881000
19691,774.693000,411.800000,1.429000,302.283000
19692,768.091000,419.500000,1.960000,318.253000
19693,840.130000,520.608000,18.211000,381.221000
19694,743.812000,402.691000,2.760000,309.883000
19695,687.334000,351.661000,2.560000,271.704000
19696,545.988000,249.114000,1.409000,193.956000
19697,1000.697000,529.977000,1.740000,366.852000
19698,786.471000,415.200000,2.450000,319.162000
19699,845.631000,407.690000,10.660000,321.242000
19700,824.811000,399.781000,4.939000,393.241000
19701,724.024000,351.661000,1.400000,307.123000
19702,727.902000,393.521000,1.371000,289.142000
19703,734.842000,396.361000,1.040000,305.824000
19704,558.047000,271.613000,12.250000,239.135000
19705,700.773000,397.410000,6.470000,327.673000
19706,723.152000,398.621000,2.530000,330.943000
19707,534.177000,251.934000,2.140000,212.435000
19708,842.070000,449.319000,17.370000,359.551000
19709,630.466000,317.803000,3.910000,245.294000
19710,773.291000,376.142000,1.759000,327.224000
19711,747.382000,409.350000,1.480000,345.072000
19712,788.162000,435.550000,3.889000,335.593000
19713,851.059000,473.790000,1.790000,431.199000
19714,815.501000,505.198000,2.571000,360.001000
19715,715.273000,353.793000,18.879000,298.083000
19716,715.763000,409.111000,5.830000,343.573000
19717,691.452000,393.491000,1.540000,307.134000
19718,638.006000,280.122000,3.080000,228.165000
19719,723.634000,426.610000,3.810000,347.831000
19720,717.944000,349.681000,2.350000,306.542000
19721,525.199000,257.414000,2.540000,232.324000
19722,603.086000,337.252000,2.340000,300.503000
19723,532.617000,287.714000,4.320000,257.313000
19724,583.966000,345.703000,1.889000,304.353000
19725,754.013000,482.977000,1.200000,336.023000
19726,792.362000,426.119000,15.211000,356.032000
19727,502.817000,237.954000,2.630000,202.205000
19728,676.605000,413.531000,4.290000,335.262000
19729,695.643000,392.921000,2.130000,300.503000
19730,791.160000,366.741000,6.440000,352.933000
19731,684.953000,365.662000,5.760000,314.513000
19732,613.345000,345.752000,3.360000,301.823000
19733,586.196000,315.912000,1.280000,240.865000
19734,641.145000,384.390000,1.110000,309.762000
19735,743.244000,406.470000,2.820000,326.492000
19736,765.512000,383.401000,5.221000,302.572000
19737,776.332000,442.530000,4.210000,345.563000
19738,813.971000,482.129000,1.510000,348.751000
19739,623.715000,314.503000,1.690000,247.044000
19740,626.195000,268.834000,14.530000,299.633000
19741,765.143000,383.761000,12.790000,345.052000
19742,805.241000,427.350000,3.390000,335.613000
19743,742.643000,421.990000,1.530000,332.973000
19744,750.252000,427.440000,3.179000,330.443000
19745,652.095000,301.193000,5.920000,240.794000
19746,534.198000,295.812000,7.661000,260.684000
19747,767.741000,475.590000,13.510000,354.721000
19748,662.005000,369.851000,2.740000,307.082000
19749,779.712000,452.298000,1.140000,335.853000
19750,868.121000,442.030000,2.070000,337.671000
19751,765.473000,390.741000,8.370000,364.301000
19752,469.340000,260.284000,14.080000,269.433000
19753,743.503000,433.170000,4.970000,334.652000
19754,826.081000,451.340000,11.120000,358.531000
19755,742.022000,400.941000,2.840000,322.172000
19756,661.364000,332.862000,4.400000,258.944000
19757,583.396000,319.772000,2.099000,253.784000
19758,841.249000,490.958000,2.309000,389.091000
19759,544.118000,288.893000,2.120000,238.055000
19760,836.450000,382.792000,4.749000,362.952000
19761,707.493000,359.912000,1.940000,312.863000
19762,663.435000,378.791000,1.490000,297.463000
19763,715.203000,400.311000,1.430000,301.824000
19764,535.206000,246.434000,8.750000,295.483000
19765,651.345000,338.733000,9.510000,268.503000
19766,647.114000,334.892000,2.231000,265.683000
19767,672.754000,358.941000,2.390000,304.144000
19768,634.856000,336.122000,8.430000,277.913000
19769,641.955000,321.454000,13.320000,274.362000
19770,536.058000,281.593000,3.150000,292.932000
19771,761.613000,380.600000,2.259000,344.532000
19772,939.848000,599.046000,1.800000,425.529000
19773,694.384000,386.661000,1.510000,286.044000
19774,818.611000,476.819000,3.949000,352.492000
19775,783.572000,431.280000,5.450000,341.741000
19776,628.645000,346.101000,4.850000,273.014000
19777,778.971000,435.579000,1.990000,340.652000
19778,740.643000,439.630000,5.040000,314.432000
19779,704.814000,415.669000,3.510000,318.593000
19780,927.098000,358.111000,18.039000,320.852000
19781,803.891000,395.672000,3.649000,341.931000
19782,804.411000,423.680000,1.320000,335.112000
19783,677.565000,340.002000,3.540000,275.314000
19784,677.294000,410.450000,2.021000,331.101000
19785,774.162000,450.539000,0.951000,332.761000
19786,740.453000,424.550000,1.160000,316.932000
19787,748.412000,455.760000,1.649000,309.354000
19788,802.801000,472.298000,3.160000,370.452000
19789,575.486000,283.353000,13.840000,260.804000
19790,658.374000,302.073000,4.819000,259.302000
19791,578.358000,250.503000,2.150000,253.764000
19792,739.473000,345.921000,2.440000,276.603000
19793,710.264000,402.860000,2.300000,312.232000
19794,617.045000,375.691000,2.370000,310.062000
19795,646.745000,363.391000,1.930000,290.413000
19796,859.048000,509.389000,1.500000,347.022000
19797,771.753000,435.849000,1.880000,337.123000
19798,658.813000,375.682000,1.610000,303.112000
19799,784.712000,481.869000,1.590000,343.452000
19800,643.455000,303.533000,7.770000,276.723000
19801,813.152000,408.230000,2.060000,329.963000
19802,716.563000,350.661000,10.650000,292.513000
19803,635.415000,375.351000,2.340000,340.702000
19804,768.152000,435.681000,3.350000,339.902000
19805,764.271000,451.060000,3.400000,374.451000
19806,729.523000,381.000000,6.140000,293.972000
19807,763.012000,417.171000,4.769000,317.524000
19808,657.236000,379.171000,2.741000,275.573000
19809,765.513000,430.440000,6.920000,355.841000
19810,678.854000,354.153000,9.639000,328.372000
19811,589.915000,323.672000,3.370000,306.123000
19812,762.121000,401.571000,1.789000,325.204000
19813,699.032000,407.561000,4.490000,341.161000
19814,726.113000,423.120000,1.910000,356.182000
19815,816.301000,448.539000,5.570000,312.682000
19816,791.551000,470.899000,3.450000,332.673000
19817,666.954000,362.580000,1.331000,321.323000
19818,641.305000,346.451000,2.870000,301.083000
19819,756.431000,409.920000,2.751000,325.902000
19820,770.823000,368.001000,4.779000,319.341000
19821,668.764000,373.181000,2.080000,334.502000
19822,707.073000,434.670000,3.409000,371.102000
19823,792.482000,451.869000,5.480000,364.891000
19824,676.904000,397.341000,6.490000,354.311000
19825,847.860000,474.690000,2.231000,345.671000
19826,728.693000,409.120000,7.720000,340.652000
19827,636.555000,348.052000,2.230000,275.794000
19828,723.812000,341.531000,10.459000,289.333000
19829,802.331000,419.920000,20.480000,343.011000
19830,781.681000,422.561000,14.589000,362.921000
19831,540.607000,283.854000,6.529000,262.784000
19832,707.583000,367.892000,3.340000,314.982000
19833,846.910000,525.318000,1.861000,341.822000
19834,638.674000,365.922000,14.719000,295.962000
19835,645.665000,366.232000,4.130000,283.953000
19836,700.273000,558.408000,2.490000,384.781000
19837,357.602000,154.827000,4.311000,143.597000
19838,709.594000,400.851000,2.249000,318.361000
19839,994.698000,415.881000,17.199000,317.432000
19840,710.354000,346.032000,3.840000,302.004000
19841,666.744000,298.594000,21.309000,261.674000
19842,842.201000,425.159000,8.000000,334.113000
19843,713.403000,390.471000,5.509000,314.033000
19844,756.891000,443.349000,19.069000,363.821000
19845,520.298000,251.445000,2.620000,207.215000
19846,844.550000,490.539000,1.420000,374.381000
19847,857.960000,471.518000,19.049000,393.471000
19848,750.684000,421.459000,7.880000,368.242000
19849,721.953000,419.710000,2.300000,324.453000
19850,689.593000,342.882000,1.450000,315.262000
19851,702.214000,308.142000,4.999000,291.994000
19852,753.991000,362.942000,10.570000,315.603000
19853,647.134000,320.764000,2.710000,341.723000
19854,693.364000,419.550000,1.600000,297.343000
19855,755.423000,381.661000,1.421000,322.512000
19856,544.046000,264.424000,1.290000,226.485000
19857,565.916000,302.673000,1.440000,243.654000
19858,738.352000,418.059000,4.510000,318.483000
19859,798.112000,466.849000,2.680000,372.801000
19860,887.439000,388.991000,10.790000,378.071000
19861,725.212000,355.153000,6.629000,317.032000
19862,789.661000,475.180000,3.960000,348.582000
19863,689.214000,404.091000,2.240000,325.982000
19864,612.035000,322.542000,1.960000,249.653000
19865,726.313000,410.410000,1.540000,343.242000
19866,696.304000,391.680000,9.990000,330.312000
19867,845.210000,444.640000,5.950000,334.992000
19868,827.530000,469.509000,2.130000,344.012000
19869,627.515000,361.881000,3.390000,297.643000
19870,781.553000,396.640000,4.710000,337.372000
19871,738.731000,403.610000,2.670000,372.081000
19872,757.313000,449.620000,2.191000,340.661000
19873,714.933000,379.821000,19.768000,326.003000
19874,804.451000,464.079000,5.979000,368.981000
19875,685.804000,370.441000,4.700000,322.621000
19876,760.083000,427.441000,5.160000,345.511000
19877,802.711000,447.030000,1.811000,332.832000
19878,655.255000,390.710000,1.110000,323.282000
19879,751.182000,442.370000,1.610000,350.862000
19880,755.952000,397.151000,5.020000,366.801000
19881,802.482000,410.409000,2.701000,349.231000
19882,688.364000,415.430000,1.720000,340.722000
19883,620.585000,352.822000,2.080000,260.004000
19884,721.504000,424.090000,1.600000,363.933000
19885,567.967000,281.593000,4.690000,223.014000
19886,685.444000,367.721000,8.660000,322.974000
19887,683.884000,361.911000,3.370000,301.324000
19888,816.430000,444.560000,2.620000,342.641000
19889,688.095000,393.710000,4.130000,309.072000
19890,705.793000,329.062000,2.090000,337.132000
19891,909.559000,405.550000,12.680000,360.401000
19892,616.416000,335.311000,3.980000,275.863000
19893,598.206000,376.201000,1.250000,305.033000
19894,961.017000,625.055000,1.520000,420.910000
19895,637.965000,358.351000,3.870000,330.263000
19896,587.125000,290.333000,4.659000,272.923000
19897,752.703000,415.200000,5.670000,310.523000
19898,680.175000,402.900000,3.450000,320.402000
19899,738.412000,409.281000,5.421000,316.692000
19900,675.714000,356.371000,2.630000,293.784000
19901,565.517000,265.594000,2.020000,228.345000
19902,701.953000,357.072000,3.390000,309.303000
19903,696.004000,420.660000,3.269000,308.974000
19904,821.491000,476.859000,5.650000,353.842000
19905,785.072000,438.060000,2.381000,341.201000
19906,580.356000,253.055000,3.290000,209.936000
19907,678.344000,404.170000,5.900000,302.821000
19908,841.231000,515.618000,3.100000,368.131000
19909,747.792000,393.021000,1.190000,311.283000
19910,818.291000,381.791000,2.059000,319.934000
19911,731.983000,320.163000,4.380000,296.173000
19912,691.184000,359.340000,1.899000,283.304000
19913,802.021000,499.148000,5.020000,389.860000
19914,705.654000,388.521000,2.490000,306.204000
19915,818.611000,466.499000,3.100000,341.822000
19916,891.220000,553.466000,1.960000,343.372000
19917,731.663000,370.131000,2.100000,279.712000
19918,641.795000,343.092000,1.880000,264.993000
19919,862.390000,491.159000,2.190000,355.911000
19920,826.290000,349.621000,8.730000,295.603000
19921,539.866000,266.144000,2.150000,248.124000
19922,475.318000,203.696000,2.280000,250.204000
19923,831.601000,435.120000,2.909000,351.163000
19924,725.323000,392.861000,4.780000,345.082000
19925,781.062000,433.349000,1.840000,315.442000
19926,885.170000,523.897000,2.159000,379.832000
19927,879.048000,506.539000,3.150000,431.300000
19928,734.932000,356.821000,6.190000,286.704000
19929,797.341000,424.270000,6.080000,343.522000
19930,592.375000,230.385000,2.421000,212.974000
19931,758.802000,386.401000,4.940000,350.871000
19932,806.931000,425.999000,3.870000,349.161000
19933,806.230000,476.109000,1.931000,329.611000
19934,733.094000,401.351000,1.511000,317.322000
19935,635.985000,331.512000,8.769000,271.214000
19936,857.010000,454.720000,3.019000,348.221000
19937,957.247000,451.760000,17.729000,386.011000
19938,673.775000,384.781000,4.821000,318.932000
19939,512.068000,252.325000,15.489000,249.125000
19940,788.161000,368.631000,5.330000,338.502000
19941,822.720000,407.650000,3.250000,384.410000
19942,658.455000,367.511000,2.141000,301.072000
19943,801.041000,467.609000,5.420000,378.951000
19944,701.744000,432.350000,3.280000,324.472000
19945,730.923000,410.250000,3.780000,325.681000
19946,788.981000,443.640000,9.010000,352.411000
19947,640.014000,358.082000,5.140000,287.784000
19948,723.792000,423.190000,2.010000,347.452000
19949,747.753000,438.109000,3.250000,367.891000
19950,674.794000,304.393000,3.649000,289.904000
19951,680.384000,315.653000,7.900000,277.494000
19952,702.432000,348.222000,4.740000,326.342000
19953,736.392000,398.662000,15.498000,339.262000
19954,865.800000,503.157000,2.710000,379.440000
19955,976.917000,514.888000,18.499000,404.440000
19956,696.214000,359.432000,5.430000,304.562000
19957,741.203000,446.829000,2.080000,320.603000
19958,606.816000,330.083000,5.350000,256.554000
19959,590.855000,362.281000,3.611000,325.692000
19960,811.021000,421.500000,2.429000,340.723000
19961,690.194000,338.252000,1.290000,281.904000
19962,653.785000,320.303000,4.750000,260.973000
19963,1043.705000,593.556000,2.970000,374.861000
19964,771.071000,434.091000,3.511000,299.424000
19965,655.203000,380.901000,1.680000,310.483000
19966,579.436000,307.073000,3.300000,262.643000
19967,683.574000,383.221000,11.110000,306.194000
19968,716.983000,404.310000,17.889000,328.731000
19969,649.295000,366.051000,2.400000,300.733000
19970,772.332000,369.301000,8.070000,338.653000
19971,540.478000,244.123000,4.539000,216.705000
19972,501.279000,284.723000,3.209000,265.244000
19973,725.173000,410.950000,1.790000,381.840000
19974,728.593000,391.701000,2.160000,306.263000
19975,605.465000,328.572000,6.100000,275.554000
19976,609.906000,360.210000,3.160000,305.763000
19977,775.951000,419.941000,4.800000,344.512000
19978,660.555000,321.012000,2.490000,278.573000
19979,853.269000,477.419000,1.981000,358.052000
19980,737.752000,351.052000,2.120000,312.362000
19981,675.915000,322.202000,1.750000,271.234000
19982,784.322000,413.690000,3.910000,347.912000
19983,754.503000,443.499000,1.780000,354.482000
19984,516.917000,271.594000,2.419000,202.995000
19985,780.031000,436.740000,16.119000,345.261000
19986,782.292000,419.500000,9.230000,345.911000
19987,637.564000,320.934000,4.240000,271.183000
19988,657.345000,332.882000,4.100000,278.143000
19989,727.874000,383.151000,2.939000,326.941000
19990,835.091000,367.992000,10.059000,345.061000
19991,708.984000,375.151000,4.360000,305.744000
19992,657.505000,426.008000,2.400000,316.524000
19993,649.484000,368.622000,8.459000,293.412000
19994,577.237000,308.872000,2.711000,232.595000
19995,666.944000,384.381000,3.009000,319.863000
19996,868.909000,491.889000,1.400000,358.731000
19997,586.706000,282.844000,1.989000,226.485000
19998,679.714000,347.841000,4.941000,278.973000
19999,571.767000,305.414000,2434.823000,376.871000
